[{"id_message": 7742161195, "message": "Seguramente ser\u00e1 una pregunta muy tonta porque hay nivel aqu\u00ed XD", "date": "2022-10-16 19:21:48"}, {"id_message": 96330261048, "message": "Alguien conoce alguna app o p\u00e1g web que te haga rutinas y que te ense\u00f1e a comer bien y esas cosas para empezar", "date": "2022-10-16 19:22:33"}, {"id_message": 37079920214, "message": "He ido 2-3 meses solo imitando a los dem\u00e1s y eso", "date": "2022-10-16 19:43:30"}, {"id_message": 38113684678, "message": "Porque lo dices ? Como es lo correcto ?", "date": "2022-10-16 19:43:49"}, {"id_message": 45970598522, "message": "Vale pero entiendo que el h\u00e1bito empieza por una rutina y eso", "date": "2022-10-16 19:45:44"}, {"id_message": 33739944025, "message": "Hazte una idea 183 80-77 kg", "date": "2022-10-16 19:46:43"}, {"id_message": 58768944643, "message": "Soy delgado y me cuesta mucho ganar peso", "date": "2022-10-16 19:47:08"}, {"id_message": 75534177136, "message": "Pero no es en plan comer . Es comer bien y hacer ejercicio correctamente", "date": "2022-10-16 19:47:53"}, {"id_message": 44677505711, "message": "Es lo que quiero", "date": "2022-10-16 19:47:56"}, {"id_message": 46934971671, "message": "Una especie de gu\u00eda que me ayude a evolucionar", "date": "2022-10-16 19:48:05"}, {"id_message": 32851567583, "message": "Por eso preguntaba si conocen alguna p\u00e1gina o App que me recomienden", "date": "2022-10-16 19:48:19"}]