[{"id_message": 41589342559, "message": "mica , soy ana y actualmente peso 64 , tengo 17 y en dos meses 18", "date": "2020-04-15 08:48:28"}, {"id_message": 81103126916, "message": "una pregunta :( ustedes sienten que desde que regularon sus calorias estan bajando de peso ?", "date": "2020-04-15 08:49:23"}, {"id_message": 40337974557, "message": "perd\u00f3n que consulte soy bastante nueva en esto", "date": "2020-04-15 08:49:31"}, {"id_message": 59471893532, "message": "le\u00ed varios articulos y me quede asustada", "date": "2020-04-15 08:50:17"}, {"id_message": 32463819504, "message": "dicen q si consumis menos d las calorias necesarias ( alrededor de 1200 ) tu metabolismo se hace m\u00e1s lento y tardas m\u00e1s a\u00fan en bajar", "date": "2020-04-15 08:50:55"}, {"id_message": 59327922293, "message": "pero no creo poder consumir m\u00e1s de 1200 al d\u00eda :/ me parece much\u00edsimo ( en mi caso )", "date": "2020-04-15 08:51:20"}, {"id_message": 60152203822, "message": "las de las piernas cortitas :( ajajaj", "date": "2020-04-15 08:51:59"}, {"id_message": 425693035, "message": "claro , el tema es super confuso :(", "date": "2020-04-15 08:52:51"}, {"id_message": 41274050162, "message": "osea tampoco me quiero desordwnar todo el metabolismo y quedsrme estancada", "date": "2020-04-15 08:53:04"}, {"id_message": 49065785669, "message": "pero siento que consumiendo tantas calorias voy a subir y me aterra", "date": "2020-04-15 08:53:16"}, {"id_message": 9419744639, "message": "de \u00faltima usar algunos tips para acelerar el metabolismo supongo", "date": "2020-04-15 08:53:38"}, {"id_message": 85797067446, "message": "ponele un dia 500 , al otro 600 y al otro 400 ? y asi ?", "date": "2020-04-15 08:54:07"}, {"id_message": 14799471864, "message": "okis voy a seguir tu consejo <3 gracias", "date": "2020-04-15 08:54:35"}, {"id_message": 30585850819, "message": "le\u00ed que es bueno consumir jengibre con tu infusi\u00f3n diaria porque eso hace q tu metabolismo sea m\u00e1s r\u00e1pido", "date": "2020-04-15 08:55:09"}]