[{"id_message": 7742140093, "message": "Me iba a unir a un grupo anterior pero veo que hubo problemas ... Quiero comenzar a bajar de peso ... Estoy en confianza con ustedes ?", "date": "2022-09-07 01:54:17"}, {"id_message": 84470446061, "message": "Bueno les cuento un poco ... Peso 70 kg pero ... Sub\u00ed mucho de peso", "date": "2022-09-07 01:57:15"}, {"id_message": 99381299412, "message": "La ansiedad no me deja , comer sano y de verdad necesito , apoyo", "date": "2022-09-07 01:57:26"}, {"id_message": 59308181445, "message": "Bueno , tengo problemas de ansiedad desde ni\u00f1a", "date": "2022-09-07 02:02:43"}, {"id_message": 14207719483, "message": "Pero esta vez de verdad quiero hacerlo , me siento muy mal ... Porque quiero estar sana", "date": "2022-09-07 02:03:08"}, {"id_message": 66992318147, "message": "Ten\u00eda y tengo algunos problemitas jaja psicologicos", "date": "2022-09-07 03:09:09"}, {"id_message": 74160255252, "message": "A todos , cuanta conmigo", "date": "2022-09-07 03:42:05"}, {"id_message": 4470337165, "message": "Cuentan * disculpen mi ortograf\u00eda", "date": "2022-09-07 03:42:15"}, {"id_message": 8858013871, "message": "Hola , hola ... Otra vez yo , quiero ver si me podr\u00edan decir que ejercicios hacen ...", "date": "2022-09-07 05:33:25"}, {"id_message": 60300122975, "message": "Es que de verdad no tengo uses hace mucho que no me muevo", "date": "2022-09-07 05:33:34"}, {"id_message": 54858396775, "message": "Interesante informaci\u00f3n , hmmm Sofi , y puedo preguntar como vas con tu proceso ? Y como te sientes ?", "date": "2022-09-07 05:36:41"}, {"id_message": 94053840896, "message": "No soy muy social , hace ya a\u00f1os que no me relaciono con casi nadie , y no soy de amigos . Solo que en momentos \" cr\u00edticos \" me siento muy sola .", "date": "2022-09-07 05:44:12"}, {"id_message": 59589336054, "message": "Gracias .. Se nota que adem\u00e1s de perseverante eres una gran persona", "date": "2022-09-07 05:45:01"}, {"id_message": 62073641086, "message": "Bueno , los dejo dormir , no se a que hora sue\u00f1an descansar .. Por cierto , me llamo Neo .. Un gusto a todos", "date": "2022-09-07 05:46:14"}, {"id_message": 73889501903, "message": "Buen d\u00eda , muchas gracias : 3", "date": "2022-09-07 16:11:50"}, {"id_message": 68594782123, "message": "Felicidades , por cierto \u2728", "date": "2022-09-07 16:34:03"}, {"id_message": 72062325391, "message": "Aaahh chicos hoy fue mi primer d\u00eda haciendo ejercicio ajja", "date": "2022-09-08 02:57:59"}, {"id_message": 31418092535, "message": "Me sent\u00ed feliz despu\u00e9s de ello", "date": "2022-09-08 04:39:36"}, {"id_message": 88602229133, "message": "Aah pues espero eee verdad no detenerme ... La voluntad no es mi fuerte", "date": "2022-09-08 04:40:38"}, {"id_message": 67560083006, "message": "Hola , volv\u00ed : 3 .. desinstale Telegram unos dias", "date": "2022-09-13 06:24:31"}, {"id_message": 91929361495, "message": "Esoo .. La cosa es seguir", "date": "2022-09-13 16:14:59"}, {"id_message": 4372194194, "message": "Ve con la nutriologa anterior ... En donde te sientas m\u00e1s c\u00f3moda , Sofis . Pero no te exijas de mas , estas invirtiendo mucha energ\u00eda en lo de tu papa .. Tranquila si no puedes hacer ejercisio pero con la comida .. Esa nutriologa no es buena desde el hecho en que no te escucha .", "date": "2022-09-13 21:38:50"}, {"id_message": 24442235190, "message": "Si me permites expresar .. Te sugiero que , intentes , no saturar te demasiado , de por s\u00ed tu ya has hecho un logro enorme al bajar de peso y no es f\u00e1cil .. Claro que frustra cuando las cosas no van tan bien", "date": "2022-09-13 21:40:54"}, {"id_message": 58548600767, "message": "Pero ya ver\u00e1s que mejorar\u00e1 , solo , tranquila", "date": "2022-09-13 21:41:01"}]