[{"id_message": 13961753853, "message": "acabo de entrar despues d evarios dias y lo primero que leo es \u201c paja \u201d \ud83e\udd23 digo s\u00ed que ha cambiado esto", "date": "2022-10-23 01:27:30"}, {"id_message": 30732427499, "message": "debe ser la hora hahah", "date": "2022-10-23 01:29:17"}, {"id_message": 55830794141, "message": "alguien sabe algun grupo de entrenos en casa ?", "date": "2022-10-26 20:26:13"}, {"id_message": 99743360567, "message": "lo dec\u00eda para tener un grupo de gente igual que yo", "date": "2022-10-26 20:47:12"}, {"id_message": 54702896221, "message": "lo s\u00e9 \ud83d\ude04 gracias", "date": "2022-10-26 20:49:17"}, {"id_message": 3814326705, "message": "estoy en epoca de poca motivaci\u00f3n e inspiraci\u00f3n y pensaba que si encontraba comunidad peque\u00f1a de entrenos en casa igual me ir\u00eda bien", "date": "2022-10-26 21:22:09"}, {"id_message": 33776220271, "message": "sois muy buenos grupo !", "date": "2022-10-26 21:29:30"}, {"id_message": 50612880400, "message": "y a dormir ? haha", "date": "2022-10-26 22:42:17"}, {"id_message": 83185181400, "message": "para acercarme a tu colacao digo jaha", "date": "2022-10-26 22:48:53"}, {"id_message": 89867898988, "message": "me sentir\u00eda fatal de noche", "date": "2022-10-26 22:51:31"}, {"id_message": 50335250030, "message": "vaya tela . ayer a m\u00ed me lleg\u00f3 la de prozis", "date": "2022-10-27 07:40:28"}, {"id_message": 82753674799, "message": "puedes hacer una carga de muchos gramos para llenar los dep\u00f3sitos r\u00e1pidamente pero no s\u00e9 si en tu casa tiene sentido", "date": "2022-11-01 19:58:23"}, {"id_message": 94552069089, "message": "6g al d\u00eda constante y a entrenar", "date": "2022-11-01 19:58:54"}, {"id_message": 76701957410, "message": "mira calidad Creapure , no s\u00e9 la birdman esta", "date": "2022-11-01 19:59:54"}, {"id_message": 13100724873, "message": "ya que te metes algo en el est\u00f3mago m\u00edratelo un poco haha", "date": "2022-11-01 20:01:18"}, {"id_message": 34972163832, "message": "yo las que llevan edulcorantes me sientan fatal , por ejemplo . cada uno se va conociendo", "date": "2022-11-01 20:02:07"}, {"id_message": 5070383604, "message": "ir aprendiendo de youtube no est\u00e1 mal . ! pero sin quedarte en copiar la rutina y punto . mejor ir aprendiendo por qu\u00e9 haces cada cosa y al final eres capaz de crearte tus mini circuitos", "date": "2022-11-01 20:04:25"}, {"id_message": 62646969355, "message": "y ya sabes si alguna rutina te parece guai , ! comparte ;) no siempre uno est\u00e1 inspirado", "date": "2022-11-01 20:06:19"}, {"id_message": 13296350504, "message": "el zumo drenante de por la ma\u00f1ana haha", "date": "2022-11-01 20:28:37"}, {"id_message": 80260732968, "message": "si claro de toda la vida las bebidas vegetales solo se hacen para ciertas orientaciones \u2026", "date": "2022-11-02 19:32:39"}, {"id_message": 47521670379, "message": "necesitas el finde ya hahaha", "date": "2022-11-02 20:21:04"}, {"id_message": 13062951403, "message": "la rutina con la que te pusiste fuerte no ? haha", "date": "2022-11-02 21:18:32"}, {"id_message": 57644438712, "message": "pero en qu\u00e9 momento metes tanta leche ? yo no encontrar\u00eda rato", "date": "2022-11-02 21:53:29"}, {"id_message": 76954733125, "message": "sustituyes el agua en algun momento . o yo bebo demasiada agua", "date": "2022-11-02 21:57:33"}, {"id_message": 59001191453, "message": "me est\u00e1 mirando el cart\u00f3n de leche con ojitos", "date": "2022-11-02 22:02:56"}, {"id_message": 93029327531, "message": "qu\u00e9 antojo de sushi aaai", "date": "2022-11-09 21:57:46"}, {"id_message": 39200176330, "message": "yo aun con agujetas del martes hahah", "date": "2022-12-01 08:18:25"}, {"id_message": 5348572793, "message": "unos shorts se llevan facil . animoo", "date": "2022-12-04 21:06:05"}, {"id_message": 24319960582, "message": "entiendo . siempre quedaran las flexiones en casa haha", "date": "2022-12-04 21:08:13"}, {"id_message": 38225781180, "message": "para no verse en un campo de naboa basicamente", "date": "2022-12-15 23:07:12"}, {"id_message": 61547066025, "message": "est\u00e1s empezando ahora volumen ? o ya quieres secarte ?", "date": "2022-12-19 21:56:48"}, {"id_message": 37851354395, "message": "si has crecido mucho te va a pesar eh haha", "date": "2022-12-19 22:01:13"}, {"id_message": 72672274051, "message": "a enfundarse las mallas entonces , dale", "date": "2022-12-19 22:04:48"}, {"id_message": 9333393814, "message": "ya sabes mejor bellota haha", "date": "2022-12-20 22:46:38"}, {"id_message": 16352562606, "message": "invitanos a unos cuantos que te lo terminamos", "date": "2022-12-21 00:02:28"}, {"id_message": 29996561734, "message": "entonces solo vienes a restregarnoslo ?", "date": "2022-12-21 00:03:41"}]