[{"id_message": 12529045493, "message": "Aprovecha ejercicios del hombro para darle mas tension al trapecio", "date": "2018-10-11 16:38:03"}, {"id_message": 82639157026, "message": "El trapecio , con una barra fija guiada por ejes , o rodillos , cojiendola de espaldas y mantener la tension controlando la respiracion y al bajar erguirte estirandote hacia arriba , extiramiento en cada serie", "date": "2018-10-11 16:55:38"}, {"id_message": 33051467307, "message": "A mi meda un resultado de la hostia", "date": "2018-10-11 16:56:20"}, {"id_message": 90672863819, "message": "Y de pecho yo con 85 kg series con cien kilos la primera prueba . Pres banka , que medio por gravar 24 repeticiones tocando pecho , y al mes siguiente 35 repeticiones me mame el record de espa\u00f1a y por mucho , con mi peso esta en 26 repeticiones", "date": "2018-10-11 17:00:59"}, {"id_message": 54194771838, "message": "Y a hora a empezar", "date": "2018-10-11 17:01:52"}, {"id_message": 85204299264, "message": "A ver si busc\u00f3 el video que lo tengo en la memoria del anterior movil , que se quedo en casa de la ex", "date": "2018-10-11 17:02:55"}, {"id_message": 68931514111, "message": "Que pitera moze , yo siempre concentro , el musculo lo tensiono y aguanto , menos series no machaco las articulaciones y me da un resultado de fuerza y bolumen", "date": "2018-10-11 17:05:33"}, {"id_message": 46454335768, "message": "Equipo adarle fuerte que los cuerpos de verano se cultivan en invierno", "date": "2018-10-11 17:51:28"}, {"id_message": 63599568356, "message": "Ese levantamiento de peso muerto , cuidadin , cuidadin , lesiones a porrillo , la espalda v\u00e9rtebras crussskkk ,", "date": "2018-10-12 23:33:52"}, {"id_message": 52996075899, "message": ", , , te refieres al subir las mancuernas a la vez que subes", "date": "2018-10-15 00:55:06"}, {"id_message": 22195242410, "message": "Que lla hera hora , de que marca dolche gabana", "date": "2018-10-15 00:56:21"}, {"id_message": 96145015466, "message": "En un princio son los dos ejercicios y guales lo que cambia es la estabilidad de la precisi\u00f3n al ejercer el ejercicio , si notas que subes correctamente con las mancuernas dale , pero yo te recomiendo que practiques con barra es mas exigente y con menos riesgos de lesiones", "date": "2018-10-15 01:01:24"}, {"id_message": 71084567679, "message": "Con mancuernas no creo que le puedas dar mucha ca\u00f1a a las piernas , cuanto heres capaz ze levantar con las mancuernas . ?", "date": "2018-10-15 01:04:14"}, {"id_message": 7837615240, "message": "No se si me entiendes", "date": "2018-10-15 01:04:40"}, {"id_message": 39502975527, "message": "Para calentar esta bien", "date": "2018-10-15 01:05:03"}, {"id_message": 5806809461, "message": "Tambi\u00e9n depende de lo que quieras conseguir ,", "date": "2018-10-15 01:06:20"}, {"id_message": 59840329220, "message": "Yo no se mucho la verdad , uso mucho la l\u00f3gica", "date": "2018-10-15 01:07:50"}, {"id_message": 30350268033, "message": "Lo mas importante es concentrar bien lo que quieres fortalezer no hace falta mucho peso , tu sin tener mancuenas en las manos para hacer b\u00edceps , si concentras la fuerza y la tensi\u00f3n adecuadamente funciona igual", "date": "2018-10-15 01:11:19"}, {"id_message": 76889276701, "message": "Yo hace mucho tiempo que no voy y encima iba a un gim que no te ense\u00f1aba nadie", "date": "2018-10-15 01:13:59"}, {"id_message": 33074409351, "message": "Mira yo conoci a un chaval que realizaba todos los ejercios del cuerpo en casa y de pie", "date": "2018-10-15 01:16:17"}, {"id_message": 26154240973, "message": "Ose realizaba movimientos parecidos al Tai Chi pero tensionando y el tio estaba furte y fibroso de cojones", "date": "2018-10-15 01:17:38"}, {"id_message": 31424634928, "message": "Al final el cuerpo es savio tienes que saber hasta donde puedes llegar ese dia , si levantas mas de lo que tu cuerpo puede en ese momento no es bueno", "date": "2018-10-15 01:20:26"}, {"id_message": 9231493375, "message": "Yo lo aprend\u00ed haciendo burradas que luego pasan factura", "date": "2018-10-15 01:21:34"}, {"id_message": 58025903161, "message": "Un buen culturista no le hace falta echarle un pulSo al peso", "date": "2018-10-15 01:22:42"}, {"id_message": 68653091603, "message": "Yo me apunt\u00e9 al gim hace tres dias y puse una foto , aun no he ido por que primero te tienen que llamar y tedan una vuelta expmicando , normativas , istamaciones , y tabla", "date": "2018-10-15 01:25:25"}, {"id_message": 60949773063, "message": "Pero en poco tiempo obtendre resultados sin anabolizantes ni mierdas", "date": "2018-10-15 01:26:36"}, {"id_message": 48134788288, "message": "Comer bien descansar y tranquilidad en el coco fuera extres ,", "date": "2018-10-15 01:28:27"}, {"id_message": 33155405682, "message": "Tu te riges por una rutina no , , ,", "date": "2018-10-15 01:31:37"}, {"id_message": 57650483322, "message": "Pues yo no pienso asi", "date": "2018-10-15 01:31:59"}, {"id_message": 60608868035, "message": "Y si ese dia que bas al gim sin energias que haces", "date": "2018-10-15 01:32:36"}, {"id_message": 77724734737, "message": "Tetienes que marcar objetivos , de acuerdo es bueno .", "date": "2018-10-15 01:34:15"}, {"id_message": 22956310709, "message": "Pero las rutinas del dia a dia depende de muchos factores , estado de animo , energia , vitalidad ,", "date": "2018-10-15 01:35:34"}, {"id_message": 87838376617, "message": "Hay que saber sentir la sensaci\u00f3n qu\u00e9 puedes aportar en tu entrenamiento diario , unos dias daras mas y otros menos pero si te pasas de dar mas , mal , y si das menos , tambi\u00e9n ,", "date": "2018-10-15 01:38:11"}, {"id_message": 84198900791, "message": "Concentraci\u00f3n en lo que haces", "date": "2018-10-15 01:38:53"}, {"id_message": 92804777821, "message": "Conocerse bien fisicamente y ser realista con lo que hay , si estoy flojo descanso mas y me alimento mejor y pruebas ,", "date": "2018-10-15 01:41:20"}, {"id_message": 59173124749, "message": "El que entra de mas no quiere decir que consiga mejores resultados", "date": "2018-10-15 01:42:23"}, {"id_message": 60734459307, "message": "Si tesientes bie y ves resultados sigue , pero atenta que vendra un cambio", "date": "2018-10-15 01:44:02"}, {"id_message": 93491831674, "message": "Perdona heres cica no", "date": "2018-10-15 01:45:36"}, {"id_message": 47474490201, "message": "Me voy a dormir que ma\u00f1ana tengo un d\u00eda movidito .", "date": "2018-10-15 01:47:33"}, {"id_message": 78115751452, "message": "Y tu a descansar tambi\u00e9n", "date": "2018-10-15 01:48:22"}, {"id_message": 97608053010, "message": "Muy bien esplicado , la tecnica se nota que lees mucho", "date": "2018-10-15 09:55:43"}, {"id_message": 78706162161, "message": "Las noticias culturismo en Euskadi de 23 participantes se escapan cuando Iv\u00e1n a realizar controles antidopi", "date": "2018-10-16 15:41:49"}, {"id_message": 45726693764, "message": "Esto me jode por que yo cuando me pongo fuerte todo el dia poensa que me dopo", "date": "2018-10-16 15:42:44"}, {"id_message": 49476862951, "message": "Lla pero como se presentan a concursos haciendo trampa", "date": "2018-10-16 15:44:40"}, {"id_message": 85263595061, "message": "Cada uno que se meta lo que quiera pero si vas a competir qu\u00e9 sea limpi\u00f3", "date": "2018-10-16 15:45:48"}, {"id_message": 82539925851, "message": "Sino donde veamos a parar", "date": "2018-10-16 15:46:07"}, {"id_message": 48695633416, "message": "Se promociona mas el conseguir resultados pronto que con esfuerzo y dedicaci\u00f3n , puto consumismo este mundo esta podrido", "date": "2018-10-16 15:48:36"}, {"id_message": 4589901111, "message": "\u00bf Qu\u00e9 te parece ? URL", "date": "2018-10-22 13:21:46"}, {"id_message": 23999775469, "message": "Yo necesito cocinera no me da tiempo para maS", "date": "2018-10-23 12:31:00"}, {"id_message": 80710664175, "message": "Cascorro me dejaste preocupao , con lo del chico con los dientes por no usarlos , joder tio pues a mi se me va a caer la polla por no usarla la ostiaaa", "date": "2018-11-29 02:51:35"}]