[{"id_message": 62797565935, "message": "Cuantoa kilos sr puede bajar vomitando ?", "date": "2022-05-14 01:44:39"}, {"id_message": 16295871174, "message": "Ya voy vomitando 3 dias y baje 3 kilos", "date": "2022-05-14 01:46:38"}, {"id_message": 6886291045, "message": "Sip me peso ante de vomitar y despues de vomitar", "date": "2022-05-14 01:55:17"}, {"id_message": 17271632642, "message": "Las personas q ah vomitado", "date": "2022-05-21 01:53:50"}, {"id_message": 85412398431, "message": "En cuanto bajaron de peso ?", "date": "2022-05-21 01:53:58"}, {"id_message": 45408627787, "message": "Asu yo baje 6 kilos en 1 semana vomitando", "date": "2022-05-21 03:47:32"}, {"id_message": 26451502289, "message": "Osea solo comia una comida al dia", "date": "2022-05-21 04:03:52"}, {"id_message": 44274649567, "message": "No comia ni el desayuno y el almuerzo", "date": "2022-05-21 04:04:17"}, {"id_message": 63693774428, "message": "Y lo uncio q comia", "date": "2022-05-21 04:04:20"}, {"id_message": 3833259067, "message": "Y eso lo vomitaba", "date": "2022-05-21 04:04:39"}, {"id_message": 15877230291, "message": "Si tenia hambre solo tomaba leche y agua", "date": "2022-05-21 04:04:51"}, {"id_message": 2809106420, "message": "Soy de peru x ejemplo ayer comi pollo asado con arroz y platano", "date": "2022-05-21 04:19:14"}, {"id_message": 86784553900, "message": "Y tomaba mucha agua asi sale mas rapido", "date": "2022-05-21 04:19:25"}, {"id_message": 87793558758, "message": "Ante no tomaba agua cuando almorzaba xq pensaba q seria mas dificil pero al contrario , cuando vomitaba se demoraba", "date": "2022-05-21 04:20:00"}, {"id_message": 63532379202, "message": "Ahora ya no es mas facil si tomas agua", "date": "2022-05-21 04:20:12"}, {"id_message": 94185207952, "message": "Tmb es tener fuerza de voluntad", "date": "2022-05-21 04:20:25"}, {"id_message": 13676622195, "message": "Algun consejo la primera semana baje 6 kilos vomitando ya estoy en mi 2 semana pero ya no bajo", "date": "2022-05-25 04:57:43"}, {"id_message": 48956247784, "message": "Alguien sabe xq tmb estoy haciendo ejercicio todos los dias", "date": "2022-05-25 04:58:11"}, {"id_message": 86493717943, "message": "Vomito todo mi almuerzo", "date": "2022-05-25 04:58:19"}, {"id_message": 82157960051, "message": "Pero peso 90 y mido 1.50", "date": "2022-05-25 05:01:31"}, {"id_message": 5741113203, "message": "Vomitando siento todo mas facil", "date": "2022-05-25 05:01:52"}, {"id_message": 29924042356, "message": "Hago ejericio 2 horas todos los dias", "date": "2022-05-25 05:03:52"}, {"id_message": 32133696505, "message": "Solo como una comida al dia", "date": "2022-05-25 05:04:12"}, {"id_message": 60403330435, "message": "Tengo 6 meses para bajar de peso", "date": "2022-05-25 05:04:23"}, {"id_message": 59943935797, "message": "Mi meta es 60 o 50", "date": "2022-05-25 05:04:29"}, {"id_message": 90926123439, "message": "Una pregunta vomito todos los dias pero no bajo de peso , tmb hago ejercicio todos los dias . Pero si eh bajado grasa me quedan grande mis jeans pero no veo cambio en la balanza", "date": "2022-05-27 01:02:33"}, {"id_message": 89062144634, "message": "Cago pesas piernas y brazos", "date": "2022-05-27 01:50:37"}]