[{"id_message": 93677798925, "message": "En ello tamos jajajajja", "date": "2018-07-17 15:33:32"}, {"id_message": 70905027202, "message": "Jajajaja so suena a mulya", "date": "2018-07-17 15:53:53"}, {"id_message": 71481044524, "message": "Tu das miedo Lu rn esa foto", "date": "2018-07-17 16:15:56"}, {"id_message": 12444529821, "message": "Lu vaya pepino de moto too", "date": "2018-07-17 17:34:40"}, {"id_message": 28853793973, "message": "Bueno pero que no lo he hecho torando la ca\u00f1a ehh", "date": "2018-07-17 17:59:11"}, {"id_message": 41794371849, "message": "Pero mancantao la moto", "date": "2018-07-17 18:00:39"}, {"id_message": 8170080589, "message": "Jajajajjaa aunque soy mas de una tia en harley y con chupa de cuero", "date": "2018-07-17 18:00:51"}, {"id_message": 73595348176, "message": "Jajajajjaa yo me lo sacare el a\u00f1o que viene", "date": "2018-07-17 18:03:05"}, {"id_message": 86405461747, "message": "Kawasaki es mi prefe o la mt fe yamaha", "date": "2018-07-17 18:03:58"}, {"id_message": 77309488005, "message": "Tu si ke molas", "date": "2018-07-17 18:20:46"}, {"id_message": 81912880281, "message": "Yo tengo barriga asi que no mando foto", "date": "2018-07-17 18:34:00"}, {"id_message": 8863818006, "message": "Jajaja y eos que mas dsra jajajjaja", "date": "2018-07-17 18:38:40"}, {"id_message": 45965247196, "message": "Bueno yo me exijo mucho", "date": "2018-07-17 18:44:42"}, {"id_message": 68805936306, "message": "Yo los doy que te cagas jajaja sobreto el de pies", "date": "2018-07-18 00:03:33"}, {"id_message": 39543108199, "message": "Queva los fetiches pa las mujeres pa el seria rollo profesional", "date": "2018-07-18 00:08:15"}, {"id_message": 63948860004, "message": "Para que vale el somatoline", "date": "2018-07-18 00:10:58"}, {"id_message": 22156047510, "message": "Si , confluyen todos los nervios", "date": "2018-07-18 00:12:05"}, {"id_message": 93593364089, "message": "A ver yo la tengo pero", "date": "2018-07-18 00:13:55"}, {"id_message": 90479577956, "message": "Hazte un eliquid con eso", "date": "2018-07-18 00:32:27"}, {"id_message": 7924383866, "message": "A ver a que sabe", "date": "2018-07-18 00:32:30"}, {"id_message": 37368341723, "message": "Si tu quiere shisa", "date": "2018-07-18 00:36:08"}, {"id_message": 6719522316, "message": "Quien esta en madrid", "date": "2018-07-18 01:05:16"}, {"id_message": 33107448734, "message": "Madrid mola tela antes iba mucho", "date": "2018-07-18 01:05:55"}, {"id_message": 46786306323, "message": "Yo iba antes y me rncantaba", "date": "2018-07-18 01:06:44"}, {"id_message": 78808324594, "message": "Yo salia de tatde y mola", "date": "2018-07-18 01:07:23"}, {"id_message": 44684984428, "message": "Un par de locales que me molan", "date": "2018-07-18 01:07:30"}, {"id_message": 9167585967, "message": "Mi msnfiestas eran distintas pero mola", "date": "2018-07-18 01:08:24"}, {"id_message": 40482675389, "message": "De madrid tenia que ser", "date": "2018-07-18 01:11:17"}, {"id_message": 77084102319, "message": "Tiooo se os va jajaja", "date": "2018-07-18 01:12:04"}, {"id_message": 26871975923, "message": "A mi tb jajaja soy masoca jajajajajjajajajajajajajjaa", "date": "2018-07-18 01:22:56"}, {"id_message": 92454568475, "message": "Porque si es sadica y yo masoca no oega", "date": "2018-07-18 01:24:18"}, {"id_message": 39693717792, "message": "John smith de las bambaa", "date": "2018-07-18 01:24:56"}, {"id_message": 9391349234, "message": "Soy antonio de cadiz rsidente en bcn MJ", "date": "2018-07-18 08:40:22"}, {"id_message": 23414101055, "message": "Jajajja MJ que es Mistress Jennifer ?", "date": "2018-07-18 17:55:38"}, {"id_message": 17120219692, "message": "siis el pijama monisimo", "date": "2018-07-20 12:40:13"}, {"id_message": 96744708745, "message": "Mmm eso mola jajajjajajaja", "date": "2018-07-20 14:52:00"}, {"id_message": 36095954419, "message": "Y despues de eso la malavida", "date": "2018-07-20 17:29:03"}, {"id_message": 34194973236, "message": "Dios es megan markle", "date": "2018-07-20 20:43:28"}, {"id_message": 59459617360, "message": "Famili me va mal el movil he de irme volvere cuando me envien el nuevo , abrazos", "date": "2018-07-21 14:48:47"}, {"id_message": 93707084614, "message": "Buenas , antonio gaditano , saludos a tod @s", "date": "2019-02-09 17:44:47"}, {"id_message": 17373292812, "message": "Aunque en un mes de 88,6 a 80,2", "date": "2019-02-09 19:06:03"}, {"id_message": 37453811080, "message": "Yo me estoy tomando animal cuts", "date": "2019-02-11 14:42:29"}, {"id_message": 47175326562, "message": "Alguna rutinita pa pasar a un principiante de definicion ? jajajjajajaa", "date": "2019-02-11 15:02:48"}, {"id_message": 30107507603, "message": "Uste perdone es que en otros man llamao pesao ajajjA", "date": "2019-02-11 15:13:19"}, {"id_message": 70709208038, "message": "Ea po entonse jJjJ ayuda al novato jajajajjaa", "date": "2019-02-11 15:15:03"}, {"id_message": 718411408, "message": "Buenas noches perdonarme que oarticipe poco llevo un par de meses muy liao entre curro y problemas familiares , volvere pronto", "date": "2019-03-12 22:13:31"}, {"id_message": 32705410547, "message": "Hracias guapi y a tod @s", "date": "2019-03-12 22:14:18"}, {"id_message": 92675073574, "message": "Frank castle ha entrado al grupo", "date": "2019-03-24 13:55:10"}, {"id_message": 15911018927, "message": "Yaya jajjaa conosco sevilla soy de cadi", "date": "2019-03-24 13:59:23"}, {"id_message": 72701638074, "message": "De donde sale esa equipacion del espanyol ? jajajjaa", "date": "2019-04-12 14:47:29"}]