[{"id_message": 60007968840, "message": "Bien y ustedes como est\u00e1n ?", "date": "2020-04-07 15:37:19"}, {"id_message": 44314814081, "message": "Gracias Pero por que estas haci ?", "date": "2020-04-07 15:45:58"}, {"id_message": 16260361824, "message": "\u2764 \ufe0f", "date": "2020-04-07 17:35:04"}, {"id_message": 23011585830, "message": "Te entiendo a mi varias veces me pasaba . Por lo que ahora lo tomo con calma porque pasa de que bajas de peso y lo vuelves a subir despu\u00e9s de la dieta haci que es mas un estilo de vida . Pero no te preocupes poco a poco lograras lo que quieras pero tienes que esforzarte", "date": "2020-04-07 20:19:48"}, {"id_message": 93071165024, "message": "Cualquier ayuda que quieras solo escribe las", "date": "2020-04-07 20:20:18"}, {"id_message": 37902823529, "message": "Yo antes solo desayunaba en en vacaciones y era aveces Manzanilla o te verde . Pero ahora es muy dife :|", "date": "2020-04-07 23:03:43"}, {"id_message": 14925594117, "message": "Si no quieres que sospeche llevate los a otra parte y vota los si puedes", "date": "2020-04-07 23:58:14"}, {"id_message": 88923061031, "message": "Si que es grande", "date": "2020-04-07 23:59:28"}, {"id_message": 21553418455, "message": "Hola como se encuentran ?", "date": "2020-04-10 18:46:01"}, {"id_message": 61928504094, "message": "Yo me estoy manteniendo ocupada", "date": "2020-04-10 18:47:14"}, {"id_message": 39360478476, "message": "\ud83d\ude03", "date": "2020-04-10 20:00:10"}, {"id_message": 14327267289, "message": "Que bueno que est\u00e9s bien yo estoy esperando que mi familia termine de comer para vomitar", "date": "2020-04-19 21:55:22"}, {"id_message": 58088823881, "message": "Igual se escuchar\u00eda x eso espero que terminen de comer para que se vallan a su cuartos", "date": "2020-04-19 21:58:04"}, {"id_message": 53249046867, "message": "Lo que dice es muy cierto", "date": "2020-04-20 00:04:24"}, {"id_message": 32155492711, "message": "Estoy en eso pero a pasado tanto tiempo", "date": "2020-07-15 21:08:30"}, {"id_message": 36719364133, "message": "Y tu que tal como te va todo ?", "date": "2020-07-15 22:48:10"}]