[{"id_message": 92913849455, "message": "Buenas cabllleros y damas , tengo un problemilla , cuando hago press de pierna y squats cuando llego a cierta altura si paso de ahi la rodilla como que un tendon salta y se siente muy incomodo , no me duele pero noto como si fuera debil o se fuera a romper , tambien me suelen crujir siempre que me agacho , y muy fuerte . Sufro pies planos valgos . Alguien sabe algo ? Gracias ...", "date": "2022-11-03 22:55:58"}, {"id_message": 34060779316, "message": "Mi molestia empezo principalmente cuando un dia hize un estiramiento y deje de sentir la rodilla se inflamo un poco pero funcionaba bien se prodria decir .", "date": "2022-11-03 22:56:50"}, {"id_message": 19421479550, "message": "Por suerte controlo mis bajadas teniendo mis manos en las rodillas por si acaso .", "date": "2022-11-03 22:58:57"}, {"id_message": 78930241595, "message": "Pero si no Suena muy bien , pero no me duelen nunca , eso es lo raro", "date": "2022-11-03 22:59:21"}, {"id_message": 80603114374, "message": "Lo tipico \ud83d\ude2d", "date": "2022-11-03 23:00:23"}, {"id_message": 2654034618, "message": "Ya llevo varios meses sin gym", "date": "2022-11-03 23:01:20"}, {"id_message": 23540799253, "message": "Pero sigue desde hace medio a\u00f1o", "date": "2022-11-03 23:01:33"}, {"id_message": 72520783463, "message": "Curioso quizas sea una rotura de algun ligamento", "date": "2022-11-03 23:03:01"}, {"id_message": 75183115191, "message": "A ver si alguien sabe de que podria padecer", "date": "2022-11-03 23:03:24"}, {"id_message": 45951773433, "message": "Ahora mismo no dispongo de medicos asi que a esperar", "date": "2022-11-03 23:03:42"}, {"id_message": 82467658258, "message": "Hm no realmente , a ver cuando hago unas pocas se siente menos peligroso , pero la sensacion esta ah\u00ed", "date": "2022-11-03 23:15:12"}, {"id_message": 50273294519, "message": "Asi que si pero no", "date": "2022-11-03 23:15:20"}, {"id_message": 13851533420, "message": "Pues si una persona ha tenido el mismo problema como yo lo describo y esta recuperado es mas facil de diagnosticar !", "date": "2022-11-03 23:16:24"}, {"id_message": 92288310435, "message": "O como aqui el compa\u00f1ero que el doctor le dijo que no tenia nada", "date": "2022-11-03 23:16:40"}, {"id_message": 66891843931, "message": "Si lo hace si paso del rango de movimiento", "date": "2022-11-03 23:17:15"}, {"id_message": 59777367704, "message": "Basicamente mas de 90 \u00b0", "date": "2022-11-03 23:17:24"}, {"id_message": 8567209187, "message": "Cuando \" calienta \" lo hace menos pero de 8 repes 1/2", "date": "2022-11-03 23:18:14"}, {"id_message": 71503930611, "message": "Tambien intento balancear el movimiento con otros musculos para evitar el chasquido", "date": "2022-11-03 23:18:54"}, {"id_message": 9613637402, "message": "Si es como una trampa", "date": "2022-11-03 23:19:55"}, {"id_message": 88290875794, "message": "Eso solo lo hago cuando tengo muy muy poco peso para intentar localizar lo que salta , si no paso de 90 \u00b0 es bastante seguro , me ajusto la maquina y ya esta , y si sale mal estan mis manos a la espera", "date": "2022-11-03 23:21:12"}, {"id_message": 83985036054, "message": "Si estabilizo mi rodilla con las manos es casi inexistente tambien", "date": "2022-11-03 23:21:41"}, {"id_message": 66156504334, "message": "Ni lo habia pensado", "date": "2022-11-03 23:22:25"}, {"id_message": 9359082091, "message": "Genial muchisimas gracias por la info", "date": "2022-11-03 23:26:09"}, {"id_message": 9558888369, "message": "Sisi por eso no paso de los 90 , si hago 100 me molesta", "date": "2022-11-03 23:30:06"}, {"id_message": 50909504851, "message": "Parece que puede ser condromalacia", "date": "2022-11-03 23:30:21"}, {"id_message": 59700671290, "message": "Intentare checkear los sintomas", "date": "2022-11-03 23:30:35"}]