[{"id_message": 11355909194, "message": "Hola , soy cherry \ud83d\udc9b , soy Ana , no se exactamente cuanto mido creo que 1,58 y peso 50,5 kg", "date": "2020-04-13 05:21:31"}, {"id_message": 58329450728, "message": "Mi meta por ahora es 45-44 kg", "date": "2020-04-13 05:21:48"}, {"id_message": 42032355877, "message": "Gracias \ud83d\udc9b \ud83d\udc9b", "date": "2020-04-13 05:21:59"}, {"id_message": 92000234660, "message": "Chicas me siento super culpable porque hoy como era pascua me hicieron comer : c", "date": "2020-04-13 07:10:47"}, {"id_message": 30327579013, "message": "No puedo dejar de pensar en que com\u00ed m\u00e1s de lo que suelo hacer", "date": "2020-04-13 07:11:06"}, {"id_message": 38148731375, "message": "Sisi , desde ma\u00f1ana como solo el almuerzo como siempre", "date": "2020-04-13 07:14:53"}, {"id_message": 66706762409, "message": "Hoy tambi\u00e9n hice ejercicio", "date": "2020-04-13 07:15:00"}, {"id_message": 42853522390, "message": "Para quemar todo lo que pod\u00eda", "date": "2020-04-13 07:15:06"}, {"id_message": 1406792924, "message": "Pero no puedo evitar sentir culpa cuando como un poco : c ojala mi familia lo entendiera", "date": "2020-04-13 07:15:24"}, {"id_message": 14589958270, "message": "Mi hermana peque\u00f1a acaba de hacer cositas dulces y me est\u00e1n haciendo cenar \ud83d\ude14", "date": "2020-04-14 03:19:11"}, {"id_message": 36481663989, "message": "Maldita sea ah , si les digo que no me retan y me llaman exagerada", "date": "2020-04-14 03:19:33"}, {"id_message": 55926585638, "message": "Iba a tomar un t\u00e9 nomas y mi abuela me dijo media enojada \" no vas a comer acaso ? ? \" y tuve que comer porque me sent\u00ed intimidada KADBAKSBA", "date": "2020-04-14 03:45:53"}, {"id_message": 37697008606, "message": "Pero com\u00ed poquito y voy a hacer ejercicio", "date": "2020-04-14 03:45:53"}, {"id_message": 36377663872, "message": "Al menos algo vomitaste , eso es bueno \ud83d\udc9b", "date": "2020-04-15 07:19:17"}, {"id_message": 37474610499, "message": "Alguien conoce una app de ayuno buena ?", "date": "2020-04-15 07:19:43"}, {"id_message": 12554642785, "message": "Yo creo que si , si ya no segu\u00edas vomitando nada por mas que te esforzaras es probable que ya no te quedara nada por vomitar", "date": "2020-04-15 07:21:58"}, {"id_message": 90867011341, "message": "Graciass \ud83d\udc9b \ud83d\udc9b", "date": "2020-04-15 07:30:08"}, {"id_message": 78508369105, "message": "Hola \u263a \ufe0f , mi mam\u00e1 hizo frutillas con az\u00facar para todos y yo de verdad no quiero comer entonces me dije que yo no quer\u00eda gracias y me mir\u00f3 feo ah", "date": "2020-04-16 03:57:29"}, {"id_message": 61572202076, "message": "Me sent\u00ed super mal pero es que saben que mas encima no como az\u00facar", "date": "2020-04-16 03:57:44"}, {"id_message": 56748092300, "message": "A mi me fue bastante bien , solo almorc\u00e9 como siempre pero me dieron un huevito de chocolate peque\u00f1o y me lo tuve que comer : c", "date": "2020-04-18 04:01:34"}, {"id_message": 15077699622, "message": "Cuantas calor\u00edas puede tener un huevo peque\u00f1o de chocolate ?", "date": "2020-04-18 04:01:48"}, {"id_message": 19901280793, "message": "Es que es re chiquito el huevo , seg\u00fan Google debe tener max unas 26 calor\u00edas", "date": "2020-04-18 04:37:32"}, {"id_message": 71278593878, "message": "Voy a entrenar y voy a hacer el doble de ejercicio , as\u00ed no me quedo con las dudas y quemo todo", "date": "2020-04-18 04:38:05"}, {"id_message": 72129994753, "message": "Por supuesto linda \u2764 \ufe0f", "date": "2020-04-18 04:48:11"}, {"id_message": 50279828565, "message": "Mira , mi familia igual me obliga a comer , lo que yo hago es comer solo al almuerzo , es mi \u00fanica comida del d\u00eda y as\u00ed evit\u00f3 que mi familia sospeche , cuando tengas ganas de comer por aburrimiento toma agua , a mi me sirvi\u00f3 mucho para controlarme", "date": "2020-04-18 04:57:05"}, {"id_message": 86978309114, "message": "O mastica chicle sin az\u00facar , tambi\u00e9n me sirvi\u00f3", "date": "2020-04-18 04:57:21"}, {"id_message": 70184883634, "message": "Ve bajando si quieres tu raci\u00f3n del almuerzo de a poco para que tu familia no lo note", "date": "2020-04-18 04:57:47"}, {"id_message": 37086564948, "message": "Y si vas a \" comer \" a tu cuarto ?", "date": "2020-04-18 05:05:32"}, {"id_message": 48479625890, "message": "Uff eso si que no lo s\u00e9 , creo que es posible con ayunos y mucho ejercicio", "date": "2020-04-18 05:15:58"}, {"id_message": 71520303394, "message": "Quiz\u00e1 podr\u00edas llegar a bajar unos 4 o 5 kg , creo , lo importante es que si estas empezando reci\u00e9n no te fuerces demasiado o te puedes sentir realmente mal", "date": "2020-04-18 05:22:43"}, {"id_message": 47220196650, "message": "Yo una vez casi me desmayo en clases JSJS", "date": "2020-04-18 05:22:57"}, {"id_message": 25596536255, "message": "Ah\u00ed no sabria bien que recomendarte , mi \" \" dieta \" \" es b\u00e1sicamente comer puras cosas como vegetales , ensaladas , y como s\u00f3lo al almuerzo , tengo la ventaja de que soy vegetariana por lo que a mi familia no le resulta extra\u00f1o que no coma ciertas cosas", "date": "2020-04-18 05:29:42"}, {"id_message": 49366503365, "message": "Creo que hay apps buenas para ayuno", "date": "2020-04-18 05:29:59"}, {"id_message": 68245985549, "message": "Un consejo que me dieron en otro grupo hace tiempo es que si tengo muchas ganas de comer algo , por ejemplo unas galletas , las coma pero no las trague , me ha servido mucho", "date": "2020-04-18 05:57:32"}, {"id_message": 32380016558, "message": "Holi , se que tengo que ser activa pero apenas puedo escribir porque al parecer me esta saliendo un quiste sinovial en la mano y esta en reposo : c puxa", "date": "2020-04-23 04:47:29"}, {"id_message": 53617933520, "message": "Hola chicas , como les va ?", "date": "2020-04-27 04:52:21"}, {"id_message": 64474937132, "message": "Una pregunta , es normal pesar mas despu\u00e9s de tomar mucha agua ?", "date": "2020-06-14 05:57:56"}, {"id_message": 78910337586, "message": "Por ejemplo si tomo mucha agua durante el d\u00eda y despu\u00e9s me peso es normal pesar mas ? ? ?", "date": "2020-06-14 05:58:22"}, {"id_message": 19210795627, "message": "Y si tomo 2 litros de agua cuanto podr\u00eda subir ? ? Perd\u00f3n por ser tan preguntona sjsjs \ud83d\udc9b \ud83d\udc9b", "date": "2020-06-14 06:10:42"}]