[{"id_message": 29727953794, "message": "Por otra parte cu\u00e1nto se podr\u00eda considerar poco peso para este ejercicio ?", "date": "2018-11-28 23:03:46"}, {"id_message": 97102799354, "message": "Trato de hacerlo con la mejor t\u00e9cnica posible seg\u00fan me ense\u00f1aron . Hoy no he calentado bien y me he hecho un poco de da\u00f1o . Lo m\u00e1s probable es que sea muscular pero me han vuelto a surgir las dudas", "date": "2018-11-28 23:08:53"}, {"id_message": 14985335267, "message": "Seg\u00fan un fisioterapeuta con qui\u00e9n hable me dijo que la postura y la ejecuci\u00f3n eran m\u00e1s importantes que el peso", "date": "2018-11-28 23:09:39"}, {"id_message": 4286250219, "message": "Pero a\u00fan as\u00ed a veces pienso en evitar este ejercicio", "date": "2018-11-28 23:09:59"}, {"id_message": 41432759889, "message": "Le tengo bastante miedo la verdad", "date": "2018-11-28 23:10:07"}, {"id_message": 64594995971, "message": "Hoy me he confiado con el calentamiento", "date": "2018-11-28 23:11:08"}, {"id_message": 90981110928, "message": "Para este ejercicio cual ser\u00eda una carga baja", "date": "2018-11-28 23:13:36"}, {"id_message": 83136159600, "message": "Menos carga y m\u00e1s repeticiones ?", "date": "2018-11-28 23:13:55"}, {"id_message": 31992221452, "message": "Hago 4 series de 10 normalmente", "date": "2018-11-28 23:15:48"}, {"id_message": 6474025005, "message": "Voy subiendo peso gradualmente", "date": "2018-11-28 23:16:02"}, {"id_message": 36976767503, "message": "No m\u00e1s de10 kg entre series", "date": "2018-11-28 23:16:24"}, {"id_message": 34156918460, "message": "48 repeticiones lentas ? Me acabas de matar jejeje", "date": "2018-11-28 23:17:03"}, {"id_message": 95383646622, "message": "C\u00f3mo puedo saber si el peso es el adecuado ? Si estoy cargando poco o mucho ? No s\u00e9 determinarlo . En peso muerto mi m\u00e1ximo est\u00e1 en 120 kg . Es demasiado no ?", "date": "2018-11-28 23:20:43"}, {"id_message": 81506401171, "message": "Con ese peso llego a 8 f\u00e1cilmente", "date": "2018-11-28 23:22:34"}, {"id_message": 32249683457, "message": "Entonces bajo a 90 por ejemplo ?", "date": "2018-11-28 23:23:17"}, {"id_message": 14445189188, "message": "Comprendo . Por ejemplo con 70 no noto gran esfuerzo . A partir de los 100 si noto algo de tensi\u00f3n por encima del gluteo", "date": "2018-11-28 23:25:44"}, {"id_message": 60512457150, "message": "Seguir\u00e9 tu consejo . Si haci\u00e9ndolo lento no notase fatiga deber\u00eda subir peso ?", "date": "2018-11-28 23:30:16"}, {"id_message": 25506000685, "message": "Lo \u00faltimo que has dicho", "date": "2018-11-28 23:33:12"}, {"id_message": 8545104386, "message": "Si . Te refieres al presa banca ?", "date": "2018-11-28 23:33:53"}, {"id_message": 69215288298, "message": "No s\u00e9 en qu\u00e9 consiste lo del 21", "date": "2018-11-28 23:34:41"}, {"id_message": 28345279499, "message": "Quiz\u00e1 lo pruebe a ver . Aqu\u00ed s\u00ed que tendr\u00e9 que bajar peso de veras", "date": "2018-11-28 23:40:07"}, {"id_message": 96623196893, "message": "Gracias por tus consejos Kaske . Los pondr\u00e9 en pr\u00e1ctica", "date": "2018-11-28 23:40:32"}, {"id_message": 69327250377, "message": "Empezar\u00e9 por muy bajo peso para coger la t\u00e9cnica y a ver qu\u00e9 pasa", "date": "2018-11-28 23:41:39"}, {"id_message": 65517596563, "message": "Tanto en peso muerto como en el 21", "date": "2018-11-28 23:41:55"}, {"id_message": 76983336657, "message": "Si . Porque hoy no le he dedicado tiempo y como nunca pasa nada ... Pues zasca jjj", "date": "2018-11-28 23:42:56"}, {"id_message": 87338591221, "message": "Por suerte es una molestia leve", "date": "2018-11-28 23:43:37"}, {"id_message": 67324606531, "message": "Solo me duele en determinados movimiento", "date": "2018-11-28 23:43:54"}, {"id_message": 26654556546, "message": "Creo que me recuperar\u00e9 pronto", "date": "2018-11-28 23:44:16"}, {"id_message": 63564333658, "message": "Hab\u00eda o\u00eddo algo de eso . Un gel para el calentamiento y otro despu\u00e9s de estirar", "date": "2018-11-28 23:45:17"}, {"id_message": 25884071217, "message": "Pero no los he probado a\u00fan", "date": "2018-11-28 23:45:24"}, {"id_message": 63492786605, "message": "Ok echar\u00e9 un vistazo a ver", "date": "2018-11-28 23:47:40"}, {"id_message": 48723647167, "message": "Me surge una \u00faltima duda . Es aconsejable hacer peso muerto con cintur\u00f3n !", "date": "2018-11-28 23:52:07"}, {"id_message": 62922014774, "message": "Pues tambi\u00e9n te har\u00e9 caso", "date": "2018-11-28 23:53:28"}, {"id_message": 54771802962, "message": "Bienvenidos Javi y Mart\u00edn", "date": "2018-11-29 09:11:21"}, {"id_message": 81299198422, "message": "Buenos d\u00edas . Buen juernes casi viernes a todos jjj", "date": "2018-11-29 09:14:58"}, {"id_message": 7578180307, "message": "C\u00f3mo se llama esa app ?", "date": "2018-11-29 15:07:36"}, {"id_message": 49144645762, "message": "Bienvenidos Alex y Adri\u00e1n", "date": "2018-11-29 15:47:28"}, {"id_message": 73428520699, "message": "Te cambia hasta de pa\u00eds jejeje", "date": "2018-12-03 22:52:49"}, {"id_message": 68595456357, "message": "Ese necesita una barra de press banca jajaja", "date": "2018-12-03 23:00:07"}, {"id_message": 89069600536, "message": "Esto ya lo inventaron los martes y trece jjjj", "date": "2018-12-03 23:06:51"}, {"id_message": 69116332881, "message": "Bienvenido y buenos d\u00edas a tod @s", "date": "2018-12-05 08:18:58"}, {"id_message": 38505878756, "message": "Desde que empec\u00e9 una dieta de 3500 kcal he perdido casi un kilo ... O bien la dieta no est\u00e1 bien planteada o yo voy al rev\u00e9s del mundo jjj Voy a subir a 4000 a ver qu\u00e9 pasa", "date": "2018-12-05 11:42:58"}, {"id_message": 93759802045, "message": "Buenas tengo una duda . Sab\u00e9is algo de un suplemento llamado gana ( \u00e1cido gamma-aminobutirico ) ?", "date": "2018-12-16 22:08:45"}, {"id_message": 41744310899, "message": "No me lo recuerdes que ayer me marqu\u00e9 150 ...", "date": "2018-12-16 22:22:46"}, {"id_message": 36553098103, "message": "Adri espero que te recuperes pronto", "date": "2018-12-17 15:19:32"}, {"id_message": 24514367424, "message": "Bienvenidos ! Buenos d\u00edas tod @s !", "date": "2018-12-22 09:20:56"}, {"id_message": 19891463295, "message": "Felices fiestas a tod @s no os pas\u00e9is con los turrones", "date": "2018-12-24 11:09:32"}, {"id_message": 68328768808, "message": "Esperemos que tenga mucha salud y que no vuelva a tenerlo nunca m\u00e1s", "date": "2018-12-30 12:20:06"}, {"id_message": 80076373638, "message": "Lo entend\u00ed mal . Disculpadme", "date": "2018-12-30 12:21:17"}, {"id_message": 37623201223, "message": "Bienvenido Rub\u00e9n . Buenos d\u00edas a tod @s", "date": "2019-01-12 10:07:47"}]