[{"id_message": 68529381353, "message": "Hola A\u00fan no se que soy , pero hace unos a\u00f1os optaba m\u00e1s por Ana 68k 60 kilos 20 a\u00f1os", "date": "2022-05-24 02:07:18"}, {"id_message": 15579595878, "message": "Yo hice un tiempo ayuno , pero luego vinieron los atracones", "date": "2022-05-24 02:07:37"}, {"id_message": 81621570566, "message": "Hay rutinas de ejercicios en Youtube , hay un entrenador creo que se llama Fausto o algo as\u00ed , es muy bueno Un tiempo estuve haciendo con \u00e9l y baj\u00e9 , pero volv\u00ed a engordar", "date": "2022-05-24 02:08:39"}, {"id_message": 88070190818, "message": "Podr\u00edas intentar tambi\u00e9n con los ayunos", "date": "2022-05-24 02:11:36"}, {"id_message": 70821256823, "message": "He le\u00eddo y dicen que si , pero que tambi\u00e9n te da gastritis Hay algunas personas que dicen que si y otras que no", "date": "2022-05-24 02:12:56"}, {"id_message": 27416985638, "message": "Yo hice una vez una receta que dec\u00eda que pon\u00edas a hervir 1 litro de agua y 5 limones , lo partes por la mitad y lo metes con todo y c\u00e1scara", "date": "2022-05-24 02:13:29"}, {"id_message": 15831054270, "message": "Si me sirvi\u00f3 , pero luego lo dej\u00e9", "date": "2022-05-24 02:13:49"}, {"id_message": 68377527079, "message": "Creo que se toma solo por 1 semana y luego se descansa 2 semana o algo as\u00ed", "date": "2022-05-24 02:14:03"}, {"id_message": 32462337167, "message": "Lo hice hace a\u00f1os", "date": "2022-05-24 02:14:14"}, {"id_message": 55554824032, "message": "A mi me da miedo ponerme ese implante porque he visto que a muchas chicas les hace engordar", "date": "2022-05-24 02:14:50"}, {"id_message": 79305726936, "message": "No recuerdo muy bien , buscar\u00e9 en Tiktok a ver si vuelvo a encontrarlo", "date": "2022-05-24 02:16:03"}]