[{"id_message": 24916873514, "message": "Era iron\u00eda shur , depender\u00e1 de las calorias y macros totales , haz las que te sea m\u00e1s comodo", "date": "2022-11-01 12:37:04"}, {"id_message": 79956359378, "message": "Yo en volumen hacia 4", "date": "2022-11-01 12:37:08"}, {"id_message": 29088906574, "message": "Pero depende de cada persona", "date": "2022-11-01 12:37:21"}, {"id_message": 80702355748, "message": "Pues es m\u00e1s c\u00f3modo hacer 4-5", "date": "2022-11-01 12:37:46"}, {"id_message": 1936145405, "message": "Hacer m\u00e1s de 5 no le veo mucho sentido a noser q te cueste comer", "date": "2022-11-01 12:38:07"}, {"id_message": 50328541270, "message": "Mentira xke ? Xd yo prefiero hacer menos comidas si tengo menos calorias que ingerir", "date": "2022-11-01 12:38:29"}, {"id_message": 96657551649, "message": "Me gusta hacer comidas grandes y quedar saciado", "date": "2022-11-01 12:38:35"}, {"id_message": 42774971147, "message": "Pero por poder puedes hacer 5 tambi\u00e9n xd y comer como un p\u00e1jaro en cada una", "date": "2022-11-01 12:39:18"}, {"id_message": 65128491989, "message": "A mi me pasaba al contrario", "date": "2022-11-01 12:42:55"}, {"id_message": 2913166020, "message": "Depende de la persona shur xD", "date": "2022-11-01 12:43:12"}, {"id_message": 28440990299, "message": "Parece mentira que a\u00fan estemos con esos mitos", "date": "2022-11-01 12:43:19"}, {"id_message": 5866929332, "message": "Pero qui\u00e9n te dijo que no ? Xdd si es lo q te estoy diciendo", "date": "2022-11-01 12:44:41"}, {"id_message": 15296308113, "message": "Pero si q es un mito lo de que haya que hacer 5 comidas", "date": "2022-11-01 12:44:56"}, {"id_message": 67877744678, "message": "O que sea lo mejor", "date": "2022-11-01 12:45:01"}, {"id_message": 86223942847, "message": "No hay evidencia cient\u00edfica que lo respalde , por ende lo mejor es lo que le resulte m\u00e1s adherible a cada uno en funci\u00f3n de sus objetivos", "date": "2022-11-01 12:45:30"}, {"id_message": 70411962582, "message": "Es frustrante hasta que lo asumes y lo vas entendiendo que no todos somos iguales xD", "date": "2022-11-01 13:06:03"}, {"id_message": 49256662835, "message": "Son tonterias en las q no hay q entrar xD mis amigos igual", "date": "2022-11-01 13:20:37"}, {"id_message": 41021847460, "message": "Pero alguien que va al gimnasio y ni caliente no merece mi atenci\u00f3n", "date": "2022-11-01 13:20:54"}, {"id_message": 86384091323, "message": "Esque el rendimiento f\u00edsico \u00f3ptimo no se . Entiende sin masa muscular", "date": "2022-11-01 13:21:15"}, {"id_message": 10332120071, "message": "A mi no me mola el rollo culturismo sino el entrenamiento m\u00e1s funcional , pero sin ganancia de un m\u00ednimo muscular jodido el tema de la coordinaci\u00f3n velocidad explosividad etc", "date": "2022-11-01 13:22:20"}, {"id_message": 27711909452, "message": "Pues los t\u00edpicos que corren para mejorar tiempos y dem\u00e1s y solo van al gim a correr en la cinta o a hacer 30 repes", "date": "2022-11-01 13:22:55"}, {"id_message": 70733204517, "message": "Y no se centran nada en ganar fuerza", "date": "2022-11-01 13:23:01"}, {"id_message": 55398770759, "message": "Joder xD yo hago mvilidad , elevaci\u00f3n de la temperatura , balisticos , series de aproximaci\u00f3n \u2026", "date": "2022-11-01 13:23:31"}, {"id_message": 24378925040, "message": "Para no lesionarse es lo mejor", "date": "2022-11-01 13:23:46"}, {"id_message": 51689071696, "message": "Yo tampoco calentaba al ppio y as\u00ed me fue", "date": "2022-11-01 13:24:36"}, {"id_message": 89615113624, "message": "Lesiones cada dos x tres", "date": "2022-11-01 13:24:45"}, {"id_message": 36874318569, "message": "Ellos tienen la masa muscular \u00f3ptima para lo suyo lo cual es muy espec\u00edfico , resistencia en exclusiva \u2026 Pero si hablas de rendimiento f\u00edsico funcional global como ser humano y no hablando de algo tan concreto como eso , que es a lo que me refiero ( velocidad , agilidad , fuerza , resistencia .. ) es as\u00ed", "date": "2022-11-01 14:08:55"}]