[{"id_message": 9931412267, "message": "Solo cachimba de vez en cuando", "date": "2019-06-16 00:44:45"}, {"id_message": 6045766323, "message": "Pues no s\u00e9 la vd", "date": "2019-06-16 00:45:07"}, {"id_message": 81337849912, "message": "Nunca he pesado las partes de mi cuerpo por separado xd", "date": "2019-06-16 00:45:25"}, {"id_message": 6635219973, "message": "No necesita esa informaci\u00f3n", "date": "2019-06-16 00:45:55"}, {"id_message": 55609860661, "message": "Gente con complejos que se tiene que re\u00edr de otras para sentirse superiorn", "date": "2019-06-16 00:47:05"}, {"id_message": 9787776765, "message": "Un buen prentreno para estudiar \ud83d\ude02", "date": "2019-06-16 15:09:24"}, {"id_message": 77972062970, "message": "Esta semana he pesado cero cosas , con los ex\u00e1menes", "date": "2019-06-17 09:32:45"}, {"id_message": 39659148408, "message": "Hasta arriba de estudios", "date": "2019-06-17 09:33:01"}, {"id_message": 97537577138, "message": "En mi gimnasio hay gente que hace sentadillas y peso muerto descalzo", "date": "2019-06-17 13:48:29"}, {"id_message": 33965438442, "message": "Que ha pasado aqu\u00ed ?", "date": "2019-06-17 18:00:26"}, {"id_message": 8069365391, "message": "Y despu\u00e9s me dec\u00edas a m\u00ed que hiciese volumen", "date": "2019-06-17 18:04:04"}, {"id_message": 62592236519, "message": "Y ten\u00eda m\u00e1s grasa", "date": "2019-06-17 18:04:17"}, {"id_message": 80053830859, "message": "Yo te veo bastante limpio para hacer volumen \ud83d\udc4c", "date": "2019-06-17 18:04:27"}, {"id_message": 42907848279, "message": "Por si alguno no se hab\u00eda dado cuenta que estaba haciendo una foto jajajajaja", "date": "2019-06-17 20:28:10"}, {"id_message": 65589612281, "message": "Pues yo miro el m\u00f3vil en los descansos a veces", "date": "2019-06-17 22:32:33"}, {"id_message": 65360183904, "message": "Pero no descanso m\u00e1s de lo necesario", "date": "2019-06-17 22:32:57"}, {"id_message": 13227950152, "message": "Osea iba a descansar lo mismo con el m\u00f3vil que sin \u00e9l jajaja", "date": "2019-06-17 22:33:20"}, {"id_message": 44563229161, "message": "Yo es que me pongo el Spotify", "date": "2019-06-17 22:34:47"}, {"id_message": 92254517810, "message": "Pero vamos \u00faltimamente estoy haciendo biseries", "date": "2019-06-17 22:35:05"}, {"id_message": 42750944267, "message": "Y ni tiempo tengo para cambiar de canci\u00f3n \ud83d\ude02", "date": "2019-06-17 22:35:19"}, {"id_message": 71075934699, "message": "Me mola hacer biseries", "date": "2019-06-17 22:37:45"}, {"id_message": 53464275933, "message": "Lo que pasa que estoy haciendo fullbody y me cuesta compaginar algunos ejercicios", "date": "2019-06-17 22:38:05"}, {"id_message": 48535989168, "message": "Yo el ayuno lo hago de unas 16 horas", "date": "2019-06-18 12:46:54"}, {"id_message": 63245811482, "message": "Con un caf\u00e9 entre medio", "date": "2019-06-18 12:47:05"}, {"id_message": 44706015475, "message": "A m\u00ed no me hace efecto la vd", "date": "2019-06-18 12:48:35"}, {"id_message": 76844348132, "message": "Ya lo tomo por darme un descanso de estudiar", "date": "2019-06-18 12:49:05"}, {"id_message": 95188436852, "message": "Solo lo tomo en \u00e9poca de ex\u00e1menes y no noto efecto jajaja", "date": "2019-06-18 13:10:19"}, {"id_message": 70893890756, "message": "Yo hab\u00eda escuchado por si que si entrenas antes de una anal\u00edtica pueden variar algunos resultados", "date": "2019-06-18 22:35:25"}, {"id_message": 1486375088, "message": "Pero el entreno es despu\u00e9s , cero problema", "date": "2019-06-18 22:35:45"}, {"id_message": 74677304926, "message": "He mirado su funci\u00f3n por internet , porque no recordaba cual era", "date": "2019-06-18 22:36:42"}, {"id_message": 88130998034, "message": "Y si puede ser", "date": "2019-06-18 22:36:45"}, {"id_message": 66324080070, "message": "A ver yo dir\u00eda por el nombre y localizaci\u00f3n", "date": "2019-06-18 22:45:30"}, {"id_message": 42098207628, "message": "Que se usa en la generaci\u00f3n de ATP", "date": "2019-06-18 22:45:38"}, {"id_message": 3791893637, "message": "Pasando de creatina a fosfocreatina", "date": "2019-06-18 22:45:59"}, {"id_message": 20048206745, "message": "Y luego est\u00e1 entrar\u00e1 en alguna ruta metab\u00f3lica", "date": "2019-06-18 22:46:26"}, {"id_message": 49212545328, "message": "Pero desconozco si tiene m\u00e1s funciones o isoformas en otros tejidos", "date": "2019-06-18 22:46:47"}, {"id_message": 50331280741, "message": "Pues esa ya ni idea", "date": "2019-06-18 22:57:02"}, {"id_message": 48412214379, "message": "Para mi la PCR es una t\u00e9cnica para la amplificaci\u00f3n del ADN", "date": "2019-06-18 22:57:30"}, {"id_message": 4833849716, "message": "Ya veo que en este grupo hay varios que se dedican a la investigaci\u00f3n y dem\u00e1s", "date": "2019-06-18 23:03:20"}, {"id_message": 50197840277, "message": "Pues est\u00e1 bastante bien", "date": "2019-06-18 23:09:50"}, {"id_message": 70149514318, "message": "Yo quiero investigaci\u00f3n , pero la nota me echa para atr\u00e1s \ud83d\ude02", "date": "2019-06-18 23:10:03"}, {"id_message": 43784085912, "message": "Esos temas son los que m\u00e1s me atraen", "date": "2019-06-18 23:16:35"}, {"id_message": 38656743818, "message": "Dice que se ha equivocado de nombre despu\u00e9s", "date": "2019-06-18 23:19:40"}, {"id_message": 91174052916, "message": "Pilla un pan sin gluten y prueba a ver qu\u00e9 tal", "date": "2019-06-19 07:59:55"}, {"id_message": 57028446955, "message": "Pero eso est\u00e1 en las afueras jajaja", "date": "2019-06-27 21:49:05"}, {"id_message": 75282700579, "message": "Yo estoy en bami", "date": "2019-06-27 21:49:08"}, {"id_message": 88003223972, "message": "Al lado del virgen del Roc\u00edo", "date": "2019-06-27 21:49:14"}, {"id_message": 27943224643, "message": "Yo lo ped\u00ed el domingo y se supone que llega hoy , y soy de un pueblo de Huelva perdido de la mano de Dios \ud83d\ude02", "date": "2019-07-30 15:49:43"}, {"id_message": 27497741704, "message": "Me han enviado un mensaje que dice que llega el d\u00eda 30", "date": "2019-07-30 15:50:32"}, {"id_message": 79175133733, "message": "Pues que raro jajaja", "date": "2019-07-30 15:52:29"}]