[{"id_message": 33424561140, "message": "holaa soy Natalia Ana Peso 55 Peso meta 47 tengo 21 a\u00f1os", "date": "2022-04-16 01:07:16"}, {"id_message": 20837443032, "message": "chicas necesito ayuda urgente , alguna toma suplementos de calcio ? he visto que hay dos tipos y no s\u00e9 cu\u00e1l es mejor", "date": "2022-04-19 12:12:59"}, {"id_message": 61530283996, "message": "tengo los huesos , dientes y u\u00f1as casi al limiteee , y claro no puedo tomar leche", "date": "2022-04-19 12:14:32"}, {"id_message": 68795318196, "message": "me sienta muy maaal , seguramente sea intolerante a la lactosa , porque los yogures me pasa igual", "date": "2022-04-19 12:30:56"}, {"id_message": 54119140102, "message": "eso es verdad , lo que os he dicho antes del calcio , llevo con ana muchos a\u00f1os sin cuidar las vitaminas y tal , y ahora tengo much\u00edsimos problemas de salud", "date": "2022-04-19 19:51:40"}, {"id_message": 52028944952, "message": "intentad comer lo m\u00ednimo obvio pero s\u00faper natural y a\u00fan as\u00ed tomad vitaminas si podeisss", "date": "2022-04-19 19:52:31"}, {"id_message": 28996200323, "message": "de vd que es horrible ver c\u00f3mo se cae el pelo los dientes s\u00faper d\u00e9biles y taaal", "date": "2022-04-19 19:52:52"}, {"id_message": 86208894368, "message": "chicass esto no tiene mucho que ver , pero mis padres son lo m\u00e1s restrictivo que existe se fijan en absolutamente todo , no les gusta que salga mucho y tal , no s\u00e9 si alguna tiene consejos para esto , como hacer que los padres dejen de ser tan sobre protectores es que tengo 21 a\u00f1os hahaha y no puedo ni tener novio", "date": "2022-04-20 23:39:22"}, {"id_message": 88799697034, "message": "bueno me alegra saber que no soy la \u00fanicaaaa :)", "date": "2022-04-20 23:40:36"}, {"id_message": 93809138208, "message": "buah que envidiaaa , tendr\u00e9 que echarle dos huevos hahahah", "date": "2022-04-21 11:05:37"}, {"id_message": 48757600108, "message": "jo que envidia ! ! te ves geniaaal", "date": "2022-04-21 18:27:42"}, {"id_message": 47269355403, "message": "bebe mucha agua y as\u00ed aguantasss", "date": "2022-04-23 19:55:08"}, {"id_message": 50568258532, "message": "por ciertooo para el fr\u00edo , alg\u00fan truco ? que aunque lleve 3 calcetines tengo fr\u00edo \ud83e\udd76", "date": "2022-04-23 20:53:50"}, {"id_message": 77221918156, "message": "la gente es s\u00faper envidiosa a veces , p\u00eddele a alg\u00fan familiar de confianza de verdad que te diga como te ves si tienes muchas dudas , igualmente lo importante es que t\u00fa est\u00e9s bien contigo misma", "date": "2022-04-24 10:21:42"}, {"id_message": 68671122790, "message": "y si la gente te pregunta demasiado si que eres intolerante al gluten y te lo han detectado hace nada o algo as\u00ed , y que por eso has adelgazado tanto , al dejar el pan y procesados", "date": "2022-04-24 10:23:28"}, {"id_message": 70500725207, "message": "una pregunta a alguna que vaya al psic\u00f3logo , no s\u00e9 si ir , por otra cosa ( o sea no por ana ) pero me da miedo que descubra que soy ana y me ponga en tratamiento", "date": "2022-04-27 12:43:33"}, {"id_message": 51062816248, "message": "en plan se le puede pedir a un psic\u00f3logo que no se meta en eso ?", "date": "2022-04-27 12:43:47"}, {"id_message": 70082985723, "message": "esque no s\u00e9 si alguna alguna vez ha tenido despersonalizaci\u00f3n y cada vez me da m\u00e1s y me preocupa bastanteee", "date": "2022-04-27 17:39:59"}, {"id_message": 15148450418, "message": "en plan me siento fuera de mi siempreee", "date": "2022-04-27 17:40:18"}, {"id_message": 21850807607, "message": "sii soy mayor de edad , pero vivo en un pueblo medio peque\u00f1o y al final los psic\u00f3logos hablan y me da miedo que mis padres se acaben enterando", "date": "2022-04-29 03:20:30"}, {"id_message": 14263187768, "message": "o sea ya me pillaron ana hace 4 a\u00f1os y tuve que parar una temporada , y la verdad es que nunca lo pase tan mal", "date": "2022-04-29 03:21:24"}, {"id_message": 60615674089, "message": "es que no s\u00e9 si os pasa pero si no soy ana siento que no soy nadie , o sea dejo de hacer cosas que me gustan y no me siento yo con el est\u00f3mago lleno \ud83e\udd26\ud83c\udffc\u200d\u2640 \ufe0f", "date": "2022-04-29 03:22:06"}, {"id_message": 74510607714, "message": "sab\u00e9is que bebidas aparte del agua no rompen el ayuno ? tipo nestea zero , o cocacola zero ? que ma\u00f1ana voy a un bar con amigos y si solo bebo agua es un poco raro \ud83d\ude05", "date": "2022-05-05 23:04:50"}, {"id_message": 67884870269, "message": "okaayy graciasss coca cola zero entonces", "date": "2022-05-05 23:53:10"}, {"id_message": 53960067852, "message": "jo pero porque est\u00e1s maaal ?", "date": "2022-05-05 23:54:05"}, {"id_message": 34489479793, "message": "piensa en tu objetivo y que si sigues as\u00ed lo vas cumplir , no est\u00e9is deprimidas :(", "date": "2022-05-05 23:55:17"}, {"id_message": 57109786868, "message": "ufff bueno te entiendo , mi madre es exactamente igual , suuuuper narcisista", "date": "2022-05-05 23:56:16"}, {"id_message": 61307374658, "message": "el truco que tengo con ella es hacerle mucho la pelota y luego encerrarme en la habitaci\u00f3n para no discutir , y hacer dinero para irme de casa pronto \ud83d\ude05", "date": "2022-05-05 23:57:06"}, {"id_message": 35769697887, "message": "jolinnn ! ! pobree , si necesitas ayuda aqu\u00ed nos tienesss", "date": "2022-05-05 23:57:40"}, {"id_message": 98449056478, "message": "es que las madres as\u00ed la vd es de lo peor , nunca entender\u00e9 como tienes hijos si luego eres as\u00ed con ellos :(", "date": "2022-05-05 23:58:31"}, {"id_message": 37816500247, "message": "que lastima que estes pasando por eso \ud83d\ude22 mucho \u00e1nimo y ojal\u00e1 puedas irte de esa casa lo m\u00e1s pronto posiblee", "date": "2022-05-06 00:50:07"}, {"id_message": 47105862416, "message": "y se que es dif\u00edcil pero intenta que no te depriman sus comentarios , tr\u00e1tala como si estuviera loca o mal y que no sabe lo que dicee", "date": "2022-05-06 00:51:07"}, {"id_message": 55388424026, "message": "esta app esta geniaal", "date": "2022-05-07 12:58:05"}, {"id_message": 56989310475, "message": "es para llevar bien la cuenta de las calor\u00edas , hidratos y grasas", "date": "2022-05-07 18:16:13"}, {"id_message": 90686410783, "message": "y es la \u00fanica creo en la que puedes poner como meta diaria por debajo de 1000 calor\u00edas", "date": "2022-05-07 18:16:50"}, {"id_message": 8152237630, "message": "intenta que te vean s\u00faper animada y con mucha energ\u00eda , y un truco es ir a la nevera y sacar comida o preparar un s\u00e1ndwich ( qu\u00e9 te vean hacerlo ) y te lo llevas como para \u201c com\u00e9rtelo \u201d pero en vez de eso lo escondes", "date": "2022-05-08 13:22:46"}, {"id_message": 38365027179, "message": "o sea diles que ten\u00edan raz\u00f3n que te has dado cuenta y vas a cambiar , y a partir de ahora hazlo todo con mucho cuidadooo", "date": "2022-05-08 13:23:21"}, {"id_message": 79620525557, "message": "igualmente diles que has adelgazado tanto haciendo deportee", "date": "2022-05-08 13:23:48"}, {"id_message": 1160344362, "message": "bueno comp\u00e9nsalo estos d\u00edas , no te sientas mal , que en vd los atracones nos dan a todas de vez en cuandoo", "date": "2022-05-16 02:28:48"}, {"id_message": 59927262361, "message": "por cierto el alcohol de vd tiene calor\u00edas ? por ejemplo si bebo vodka solo ? es que \u00faltimamente con amigos salgo y bebo y estoy adelgazando igual que si ni bebiese , aunque con un vasito ya voy en modo avi\u00f3n \ud83d\ude05 \ud83d\ude02 \ud83d\ude02", "date": "2022-05-16 02:30:16"}, {"id_message": 87974752351, "message": "pienso iguaal ! as\u00ed me siento mejor \ud83d\ude05", "date": "2022-05-16 11:37:52"}, {"id_message": 53149969266, "message": "cuando est\u00e9n todos vete un rato al ba\u00f1o y cuando vuelvas di que acabas de ir a por un s\u00e1ndwich o algo y ya te lo has comido", "date": "2022-05-24 14:56:38"}, {"id_message": 44770018327, "message": "o sea que sepan que \u201c comes \u201d pero sin que te tengan que ver", "date": "2022-05-24 14:56:55"}, {"id_message": 79396614509, "message": "o si que te acabas de tomar una pastilla de algo y no puedes comer", "date": "2022-05-24 14:57:49"}, {"id_message": 66936560265, "message": "chicas por cierto os pasa alguna que cuando com\u00e9is algo despu\u00e9s de mucho ayuno os dan flemas y tos ?", "date": "2022-05-24 15:56:49"}, {"id_message": 54977044554, "message": "perd\u00f3n que siempre estoy preguntando cosas de salud \ud83d\ude05 pero si le cuento estas cosas al m\u00e9dico me internan seguro", "date": "2022-05-24 15:57:20"}, {"id_message": 75640633821, "message": "y como se puede calmar o pararlooo ?", "date": "2022-05-24 15:57:40"}, {"id_message": 49330752507, "message": "okaay graciass preguntar\u00e9 en la farmacia", "date": "2022-05-24 15:58:41"}]