[{"id_message": 7896472983, "message": "C\u00f3mi muy mal y me siento mal", "date": "2022-02-08 04:04:46"}, {"id_message": 89565415008, "message": "Y nos\u00e9 con qui\u00e9n hablar jsjs", "date": "2022-02-08 04:04:51"}, {"id_message": 19649961592, "message": "Siento que no llegue al atrac\u00f3n igual", "date": "2022-02-08 04:05:51"}, {"id_message": 53343347609, "message": "Pero me siento muy gorda", "date": "2022-02-08 04:06:15"}, {"id_message": 91715019959, "message": "Yo tamb pero me controle hoy", "date": "2022-02-08 04:06:41"}, {"id_message": 35765188437, "message": "Yo voy a empezar a comer saludable creo", "date": "2022-02-08 04:07:12"}, {"id_message": 6762501769, "message": "Pero siempre que intento termino en un atrac\u00f3n", "date": "2022-02-08 04:07:25"}, {"id_message": 99794035613, "message": "A m\u00ed tamb porfa", "date": "2022-02-08 19:16:15"}, {"id_message": 71229151347, "message": "No creo que haga muy bien eso", "date": "2022-02-09 18:58:34"}, {"id_message": 32011319261, "message": "Bicarbonato no se , el lim\u00f3n puede ser", "date": "2022-02-09 18:58:51"}, {"id_message": 38100060125, "message": "Y queda como limonada", "date": "2022-02-09 18:58:57"}, {"id_message": 15604803452, "message": "Es mejor que disfrutes el viaje no vas a engordar por eso , quedate tranquila linda", "date": "2022-02-10 04:31:43"}]