[{"id_message": 20386102370, "message": "Sab\u00e9is d\u00f3nde puedo conseguir trembolona ?", "date": "2019-05-15 12:09:00"}, {"id_message": 88243797905, "message": "Ya he borrado perd\u00f3n", "date": "2019-05-15 15:36:09"}, {"id_message": 90135325639, "message": "Quiz\u00e1s no todo el mundo sepa de hipopresivos", "date": "2019-05-15 15:40:01"}, {"id_message": 27270316822, "message": "Los realiz\u00f3 cada ma\u00f1ana nada m\u00e1s despertar", "date": "2019-05-15 15:40:16"}, {"id_message": 19330573671, "message": "Es mi aportaci\u00f3n al grupo", "date": "2019-05-15 15:42:30"}, {"id_message": 55813098211, "message": "Cada d\u00eda aportare algo", "date": "2019-05-15 15:42:35"}, {"id_message": 52004249600, "message": "Nos pondremos rocosos todos", "date": "2019-05-15 15:42:41"}, {"id_message": 19989637452, "message": "Me mantendr\u00e9 a la sombra", "date": "2019-05-15 15:44:01"}, {"id_message": 5590424429, "message": "Cada palabra que digo es un corte", "date": "2019-05-15 15:44:15"}, {"id_message": 4000364234, "message": "Que las manden los 160 y pico", "date": "2019-05-15 15:44:43"}, {"id_message": 56262717093, "message": "De pasar fotos aqu\u00ed", "date": "2019-05-15 15:44:56"}, {"id_message": 96052557148, "message": "Y oxa y clem", "date": "2019-05-15 15:45:19"}, {"id_message": 37842940770, "message": "Cada sustancia es de una marca", "date": "2019-05-15 15:47:27"}, {"id_message": 16918318458, "message": "Clem uso de vademecum", "date": "2019-05-15 15:47:34"}, {"id_message": 43190897690, "message": "El chaval seguro que eres t\u00fa", "date": "2019-05-15 16:01:14"}, {"id_message": 6631317333, "message": "Eso no tiene nada que veer ... Conozco muchos que se meten media farmacia y no se les nota", "date": "2019-05-15 16:05:15"}, {"id_message": 89314350119, "message": "Lo mejor es ponerse en manos de un buen profesional", "date": "2019-05-15 16:10:59"}, {"id_message": 3168947035, "message": "\ud83d\udc4f\ud83c\udffc \ud83d\udc4f\ud83c\udffc \ud83d\udc4f\ud83c\udffc \ud83d\udc4f\ud83c\udffc", "date": "2019-05-15 21:04:53"}, {"id_message": 61194712077, "message": "Un compa\u00f1ero lo ha puesto en sus historias de IG , no se el verdadero autor", "date": "2019-05-15 21:20:39"}, {"id_message": 98313528180, "message": "Se desnuda por la cam", "date": "2019-05-15 23:52:53"}, {"id_message": 6594453096, "message": "Quien use o le guste aprender , lo acaba de subir cultura de gym est\u00e1 muy bien", "date": "2019-05-16 12:41:39"}, {"id_message": 77830152649, "message": "Algunos cursos solo buscan dinero", "date": "2019-05-16 12:43:07"}, {"id_message": 57562784780, "message": "El curso m\u00e1s completo que yo conozco es el de la nsca", "date": "2019-05-16 12:49:39"}, {"id_message": 88912212068, "message": "Modas . Quien le gusta entrenar y hacer deporte suele comer bien", "date": "2019-05-16 14:36:31"}, {"id_message": 62420400537, "message": "Llevo comiendo bien desde que me apunt\u00e9 al gimnasio hace ya 10 a\u00f1os", "date": "2019-05-16 14:36:53"}]