[{"id_message": 19727132877, "message": "Buenas busco consejo , ya que he encontrado este aparato , y unos amigos me dicen que les va al pelo para la hipertrofia", "date": "2019-03-29 21:59:15"}, {"id_message": 1297515978, "message": "Tiene para b\u00edceps , abdominales , gl\u00fateo y cuadriceps", "date": "2019-03-29 21:59:41"}, {"id_message": 84913533888, "message": "Igual para complementar mi rutina con la dieta viene genial \ud83e\udd37", "date": "2019-03-29 22:00:04"}, {"id_message": 10492407389, "message": "Pues es un electroestimulador", "date": "2019-03-29 22:01:26"}, {"id_message": 85116426433, "message": "Digamos que simula la acci\u00f3n de hacer ejercicio", "date": "2019-03-29 22:01:43"}, {"id_message": 55289885369, "message": "Pero se usa para aumentar la eficiencia en el entrenamiento", "date": "2019-03-29 22:01:55"}, {"id_message": 18907376442, "message": "Ya que aumenta la rotura de fibras digamos", "date": "2019-03-29 22:02:05"}, {"id_message": 44764052239, "message": "Sale hasta el cristiano penaldo sin camiseta haha", "date": "2019-03-29 22:02:25"}, {"id_message": 72687248690, "message": "Claro , pero imag\u00ednate digamos alternar ambos entrenamientos", "date": "2019-03-29 22:03:42"}, {"id_message": 92686707541, "message": "El desarrollo muscular ser\u00eda mayor ya que es como cambiar de rutina digamos", "date": "2019-03-29 22:03:52"}, {"id_message": 4271007972, "message": "La barra esta genial pero hay que variar de ejercicios para evitar que se acostumbre el m\u00fasculo y que sea m\u00e1s efectivo", "date": "2019-03-29 22:04:24"}, {"id_message": 11332204603, "message": "Eso sumado a la rutina y la alimentaci\u00f3n", "date": "2019-03-29 22:04:34"}, {"id_message": 28014548010, "message": "Obviamente con eso solo sentado en el sof\u00e1 no hace nada", "date": "2019-03-29 22:04:45"}, {"id_message": 7165870607, "message": "Pero mi prop\u00f3sito era mejorar la efectividad de las rutinas", "date": "2019-03-29 22:05:00"}]