[{"id_message": 67350930213, "message": "Ese se\u00f1or es Dios", "date": "2019-06-25 23:02:26"}, {"id_message": 89428155093, "message": "Te est\u00e1s comiendo eso ?", "date": "2019-06-25 23:14:58"}, {"id_message": 4399895274, "message": "Ya no te paso m\u00e1s rutinas de pata", "date": "2019-06-25 23:16:12"}, {"id_message": 30507608648, "message": "Espero q no las chupe", "date": "2019-06-25 23:17:08"}, {"id_message": 36278515540, "message": "Crecen si o si", "date": "2019-06-25 23:17:20"}, {"id_message": 33025933236, "message": "Los meto otro dia", "date": "2019-06-25 23:19:53"}, {"id_message": 72108859050, "message": "El d\u00eda de peso muerto", "date": "2019-06-25 23:19:56"}, {"id_message": 11204715659, "message": "Meto peso muerto de la progresion , PMR y ca\u00eddas nordicas", "date": "2019-06-25 23:23:26"}, {"id_message": 56576925032, "message": "Sii ? Habr\u00eda q verlo", "date": "2019-06-25 23:24:50"}, {"id_message": 15394403304, "message": "Las hago en GHD", "date": "2019-06-25 23:28:56"}, {"id_message": 84241664679, "message": "Y guay la vd", "date": "2019-06-25 23:29:16"}, {"id_message": 77421793133, "message": "Pues yo voy a pillar", "date": "2019-06-27 22:21:07"}, {"id_message": 10896311442, "message": "Donde est\u00e1 el 2x1 ?", "date": "2019-06-27 23:13:37"}, {"id_message": 67268251391, "message": "Joder eso no mola", "date": "2019-06-27 23:19:58"}, {"id_message": 10918179657, "message": "O en polea alta con cuerda", "date": "2019-06-28 13:33:48"}, {"id_message": 96009224471, "message": "Pero estoy un poco tapadi", "date": "2019-06-29 00:45:45"}, {"id_message": 54462631464, "message": "En la polla tengo bastante grasa tambi\u00e9n", "date": "2019-06-29 00:47:14"}, {"id_message": 85140671009, "message": "Cuando quieras te la ense\u00f1o Carlos", "date": "2019-06-29 00:47:47"}, {"id_message": 77731858041, "message": "Para q le des el visto bueno", "date": "2019-06-29 00:47:51"}, {"id_message": 7326095642, "message": "Que lastima q ya no sea admin", "date": "2019-06-29 00:51:19"}, {"id_message": 96483081928, "message": "Una cosa es cagarse en su puta madre mia", "date": "2019-06-29 00:55:33"}, {"id_message": 17489633267, "message": "Solo torso y cara", "date": "2019-06-29 00:57:20"}, {"id_message": 87008243386, "message": "Y tapalas por encimq", "date": "2019-06-29 11:32:33"}, {"id_message": 1913285508, "message": "Ya ver\u00e1s q te salen top", "date": "2019-06-29 11:56:23"}, {"id_message": 13567499837, "message": "Vengo a informaros de que hace calor", "date": "2019-06-29 12:04:21"}, {"id_message": 61852621145, "message": "Por si no os hab\u00e9is dado cuenta", "date": "2019-06-29 12:04:28"}, {"id_message": 46081674186, "message": "Ve a horas buenas", "date": "2019-06-29 12:13:31"}, {"id_message": 99121648921, "message": "Si vas a las 14 pues no te lo aconsejo", "date": "2019-06-29 12:20:11"}, {"id_message": 94955263200, "message": "Tempranito o tarde noche", "date": "2019-06-29 12:20:17"}, {"id_message": 86552112797, "message": "En el m\u00edo directamente ni hay", "date": "2019-06-29 12:27:42"}, {"id_message": 92114410609, "message": "En el box de crossfit", "date": "2019-06-29 12:27:45"}, {"id_message": 81912022966, "message": "Lo bueno esq puedes estar sin camiseta", "date": "2019-06-29 12:27:59"}, {"id_message": 10057584579, "message": "Y ma\u00f1ana carrera en granada", "date": "2019-06-29 13:15:21"}, {"id_message": 35208241229, "message": "Q le den por culo a esta gente", "date": "2019-06-30 19:47:14"}, {"id_message": 18121854424, "message": "Tu zezeas , otros ponen fotos w no son suyas", "date": "2019-06-30 19:48:04"}, {"id_message": 32067698666, "message": "No lo dec\u00eda por ella", "date": "2019-06-30 19:48:30"}, {"id_message": 41030946988, "message": "Hahahaha esq me part\u00ed el culo", "date": "2019-07-02 10:36:56"}, {"id_message": 74705597119, "message": "Es t\u00edpica foto q te pasa tu madre", "date": "2019-07-02 10:37:01"}, {"id_message": 33492853841, "message": "El mk es elq te dejaba ciego no ?", "date": "2019-07-02 16:42:29"}, {"id_message": 92867405048, "message": "Perdias un poco la vista", "date": "2019-07-02 16:42:39"}, {"id_message": 52855189926, "message": "Lo q s\u00e9 de roids", "date": "2019-07-02 16:45:17"}, {"id_message": 73769603068, "message": "Haciendo el tonto despu\u00e9s de entrenar", "date": "2019-07-05 11:49:01"}, {"id_message": 62006144870, "message": "As\u00ed estoy yo tio", "date": "2019-07-10 18:17:37"}, {"id_message": 52055257517, "message": "Hay q echarle un par", "date": "2019-07-10 18:17:43"}, {"id_message": 67272349230, "message": "Eso es , que haga un super\u00e1vit cal\u00f3rico para aumentar su % de masa magra", "date": "2019-07-10 19:42:30"}, {"id_message": 71662752115, "message": "Aunq % grasa siempre se coge", "date": "2019-07-10 19:42:39"}, {"id_message": 72673078017, "message": "Y qu\u00e9 m\u00e1s da cohone", "date": "2019-07-12 00:49:40"}, {"id_message": 78514877540, "message": "Al principio meter\u00eda defi lineal", "date": "2019-07-14 00:03:53"}, {"id_message": 72297787429, "message": "Pero estuvimos hablando el otro d\u00eda de que ibas a empezar con un superavit", "date": "2019-07-14 00:04:05"}, {"id_message": 45045317379, "message": "Hahahaha buenas chanclas sisi", "date": "2019-07-14 17:50:56"}]