[{"id_message": 64868384183, "message": "Jajajaja a mi me han recomendado el grupo", "date": "2018-12-24 23:00:01"}, {"id_message": 94516778775, "message": "Soy opositor a policia nacional , algunos consejos me vendran bien", "date": "2018-12-24 23:00:16"}, {"id_message": 4091134836, "message": "Yo en principio quise ser infante de marina pero la nota de corte era demasiado alta , por lo que pense opositar a pn", "date": "2018-12-24 23:28:25"}, {"id_message": 3156894527, "message": "Aunque este a\u00f1o tb me presentare a gc", "date": "2018-12-24 23:28:32"}, {"id_message": 71526866243, "message": "Yo suspendi la teorica , saque un 49", "date": "2018-12-24 23:29:58"}, {"id_message": 22482047002, "message": "De lo mejor que tenemos en Espa\u00f1a", "date": "2018-12-29 20:05:31"}, {"id_message": 76955017679, "message": "Tienenque tener muchos problemas de espalda", "date": "2018-12-29 20:21:11"}, {"id_message": 40784205860, "message": "Jejeje dejemos la politica", "date": "2018-12-29 20:26:24"}, {"id_message": 49495592652, "message": "Ha sido un peque\u00f1o offtopic", "date": "2018-12-29 20:28:19"}, {"id_message": 74292503172, "message": "Jejeje uniros al grupo de vox si quereis", "date": "2018-12-29 20:29:46"}, {"id_message": 26088485789, "message": "Perdon por el spam", "date": "2018-12-29 20:29:50"}, {"id_message": 8516466548, "message": "A mi me han recomendado este desde alli", "date": "2018-12-29 20:30:11"}, {"id_message": 79957979419, "message": "Os lo pso en un minuto por privado", "date": "2018-12-29 20:31:23"}, {"id_message": 4180553905, "message": "Ha sido un peque\u00f1o offtopic que ya esta cerrado", "date": "2018-12-29 20:35:06"}, {"id_message": 93860258924, "message": "En megadede podeis verlo me imagino", "date": "2019-01-01 16:25:05"}, {"id_message": 4255513080, "message": "Te va a doler al hacer fuerza donde te pincharon", "date": "2019-01-02 19:57:59"}, {"id_message": 22645097315, "message": "Lo digo por experiencia propia", "date": "2019-01-02 19:58:07"}, {"id_message": 19177152763, "message": "A mi me resulto imposible", "date": "2019-01-02 19:58:23"}, {"id_message": 36048209333, "message": "Ser\u00e9 un cag\u00f3n entonces \ud83d\ude02 \ud83d\ude02 \ud83d\ude02", "date": "2019-01-02 20:07:40"}, {"id_message": 51497619633, "message": "Pues a ello \ud83d\ude01", "date": "2019-01-02 20:09:03"}, {"id_message": 42752434952, "message": "Yo como tortilla francesa para desayunar ... \ud83d\ude43", "date": "2019-01-02 20:10:31"}, {"id_message": 17833891910, "message": "E ir luego al gimnasio", "date": "2019-01-02 20:10:46"}, {"id_message": 49343339918, "message": "Sano no se , masokista si", "date": "2019-01-07 22:50:33"}, {"id_message": 75781007916, "message": "JAJAJAJA eso si es una buena feminista . Todo lo demas es tonter\u00eda", "date": "2019-01-22 18:43:50"}, {"id_message": 33749808779, "message": "Pues que prefiero este comolemento", "date": "2019-02-04 14:58:56"}]