[{"id_message": 46931381763, "message": "Holaa , soy de espa\u00f1a y soy nueva en este tipo de chats", "date": "2022-01-14 23:58:03"}, {"id_message": 19019910572, "message": "He visto que recomend\u00e1is dietas extremas y much @s de ir de vomitar , pero com\u00e9is saludable y hac\u00e9is ejercicio", "date": "2022-01-14 23:59:02"}, {"id_message": 96038037180, "message": "Yo tambien , pero tengo ansiedad y como dices me doy atracones y no quiero estar asi", "date": "2022-01-15 00:04:13"}, {"id_message": 12646186705, "message": "Estoy gorda , mido 1,62 y peso 80 kilos", "date": "2022-01-15 00:04:39"}, {"id_message": 68893177618, "message": "Me doy asco cuando me miro al espejo", "date": "2022-01-15 00:04:50"}, {"id_message": 79558161464, "message": "Y no quiero eso", "date": "2022-01-15 00:04:54"}, {"id_message": 25933595410, "message": "Y donde las has comprado ?", "date": "2022-01-15 00:09:26"}, {"id_message": 59403467017, "message": "A mi no me recetan pastillas para adelgazar", "date": "2022-01-15 00:10:36"}, {"id_message": 61678760715, "message": "Los medicos suelen decirte dieta y ejercicio nada de medicaci\u00f3n", "date": "2022-01-15 00:10:51"}, {"id_message": 97244389819, "message": "Y la fluroxetima te sirvio ?", "date": "2022-01-15 00:13:17"}, {"id_message": 45937745109, "message": "Yo tambn tengo depresi\u00f3n y insomnio", "date": "2022-01-15 00:13:46"}, {"id_message": 67862318424, "message": "Pero no sabia q las pastillas para eso te ayudan tambn a adelgazar", "date": "2022-01-15 00:14:12"}, {"id_message": 51368640308, "message": "Ha mi me han recetado unas patillas para la depresi\u00f3n pero me han dicho que pueden engordar o adelgazar y no me fio de que me engorden asiq aun no las he tomado", "date": "2022-01-15 00:16:24"}, {"id_message": 65285696782, "message": "Pero eso no son tranquilizantes ?", "date": "2022-01-15 00:16:52"}, {"id_message": 50182455855, "message": "Y no has probado a vomitar ?", "date": "2022-01-15 00:17:43"}, {"id_message": 33701673845, "message": "Yo lo he intentado alguna vez , pero lo he acabado dejando y hoy he empezado , no puedo verme asi mas tiempo me doy asco y quiero hacer lo posible para ser como antes", "date": "2022-01-15 00:18:52"}, {"id_message": 78385327742, "message": "Pues le preguntare al medico a ver q me dicen", "date": "2022-01-15 00:19:18"}, {"id_message": 89796449312, "message": "Y no sabes de alguna que te quite el apetito totalmente", "date": "2022-01-15 00:19:38"}, {"id_message": 5685771862, "message": "Jajajaja vas cogiendo experiencia", "date": "2022-01-15 00:19:47"}, {"id_message": 17313673666, "message": "Me han recetado heipram", "date": "2022-01-15 00:21:54"}, {"id_message": 63436879537, "message": "Bupropion te quita el apetito ?", "date": "2022-01-15 00:22:12"}, {"id_message": 81583816649, "message": "Le voy a decir tus efectos secundarios para que me recete otro", "date": "2022-01-15 00:23:45"}, {"id_message": 49077067929, "message": "Y a cual tengo que llegar ? Que medicamento es el mejor ?", "date": "2022-01-15 00:24:04"}, {"id_message": 43051311645, "message": "Vale y con esa te ha ido mejor ?", "date": "2022-01-15 00:25:22"}, {"id_message": 67124637959, "message": "Y no te puedes tomar la pastilla entera ?", "date": "2022-01-15 00:26:15"}, {"id_message": 69798116836, "message": "Eso sin paranoias , puedes adelgazar por estar estresada por hacer deporte , no est\u00e1n contigo todo el d\u00eda", "date": "2022-01-15 00:55:12"}, {"id_message": 43061748865, "message": "Jajajaja si q est\u00e1s obsesionada", "date": "2022-01-15 00:55:36"}, {"id_message": 64913756595, "message": "Yo prefiero verme vieja a gorda", "date": "2022-01-15 00:56:01"}, {"id_message": 67082579428, "message": "Jajaja descansa cielo un placer", "date": "2022-01-15 00:58:09"}, {"id_message": 59445747202, "message": "Lo importante es que estes bien tu", "date": "2022-01-16 00:40:35"}, {"id_message": 92905888156, "message": "Y tiene q entenderlo", "date": "2022-01-16 00:40:43"}, {"id_message": 54173835547, "message": "De que parte de espa\u00f1a eres ?", "date": "2022-01-16 00:55:00"}, {"id_message": 34650637918, "message": "Supongo que ahora lo ves todo muy negro , pero todo pasa", "date": "2022-01-16 00:55:46"}, {"id_message": 53115462437, "message": "Joo si estuvieras cerca aun podr\u00edamos quedar y hablarlo", "date": "2022-01-16 00:56:08"}, {"id_message": 26113205634, "message": "Ten en cuenta que a veces los amtidepresivos te hacen ver todo mas negativo ya sabes como funcionan", "date": "2022-01-16 00:56:34"}, {"id_message": 73711577521, "message": "Date unos dias si encima no consigues adelgazar con ellos dejalos", "date": "2022-01-16 00:56:55"}, {"id_message": 61442151209, "message": "Y centrate un poco en ti en intentar sentirte bien contigo m\u00e1s all\u00e1 de la apariencia", "date": "2022-01-16 00:57:14"}, {"id_message": 58752311572, "message": "Si dejas las pastillas durante un tiempo y aun sigues viendo todo igual tendrias que plantearte la relaci\u00f3n", "date": "2022-01-16 00:57:40"}, {"id_message": 78456947623, "message": "Pero piensa que puede ser un efecto secundario que ahora te sientas asi", "date": "2022-01-16 00:57:55"}, {"id_message": 45894721880, "message": "Cuanto tiempo llevas con tu pareja ? ?", "date": "2022-01-16 00:58:03"}, {"id_message": 54154022320, "message": "Y siempre ha sido as\u00ed ?", "date": "2022-01-16 00:59:08"}, {"id_message": 81960398376, "message": "Te has sentido asi toda la relaci\u00f3n ?", "date": "2022-01-16 00:59:28"}, {"id_message": 51233306233, "message": "Si pero sabes que a veces tienen el efecto contrario", "date": "2022-01-16 00:59:53"}, {"id_message": 43437078413, "message": "Me refiero que si siempre has pensado que tu pareja te quiere por eso", "date": "2022-01-16 01:00:47"}, {"id_message": 83483281755, "message": "Aunq tu tambn hayas sido muy activa eso se nota", "date": "2022-01-16 01:00:57"}, {"id_message": 38338975433, "message": "Ademas estar 3 a\u00f1os de relacion no suele ser solo pa follar", "date": "2022-01-16 01:01:11"}, {"id_message": 33800093389, "message": "Yo que llevo 2 a\u00f1os con la mia , tengo claro que follaria mas soltera que con alguienn", "date": "2022-01-16 01:01:37"}, {"id_message": 44722830701, "message": "Jajaja f por el", "date": "2022-01-16 01:03:25"}, {"id_message": 11724056545, "message": "Tu vete a dormir y ya veras como m\u00f1n ves todo mejor", "date": "2022-01-16 01:03:43"}, {"id_message": 4671241118, "message": "Y sino aqu\u00ed estoy", "date": "2022-01-16 01:03:54"}]