[{"id_message": 17707538443, "message": "holaap soy jaqueline , m\u00eda mi peso actual es de 44 mi meta es 39", "date": "2022-04-21 02:21:39"}, {"id_message": 69386506514, "message": "alguien sabe como bajar 6 kilos de aqu\u00ed como al 10 de mayo ? es que voy a ir a la playa y no quiero verme mal \ud83d\ude3f \ud83d\ude3f", "date": "2022-04-21 05:26:43"}, {"id_message": 41702045688, "message": "toma mucha agua y de principio no te saltes tantas comidas en lo que te acostumbras solo baja las porciones <3 3", "date": "2022-04-21 05:55:58"}, {"id_message": 58373094695, "message": "yo no sabr\u00eda decirte pq yo vi que los laxantes solo eliminaban l\u00edquido y no era la grasa en si y lo vi en mi y por eso dej\u00e9 de usarlos \ud83d\ude3f", "date": "2022-04-21 07:17:51"}, {"id_message": 19496021413, "message": "te entiendo \ud83d\ude3f", "date": "2022-04-21 16:58:49"}, {"id_message": 90577179675, "message": "se siente tan desesperante", "date": "2022-04-21 18:57:09"}, {"id_message": 23733508825, "message": "pero que comes en el d\u00eda ?", "date": "2022-04-21 18:57:14"}, {"id_message": 17939306177, "message": "haz un poco de yoga y toma agua pero fr\u00eda", "date": "2022-04-21 19:25:44"}, {"id_message": 27661756645, "message": "as\u00ed a mi se me quitan las ganas de un atracon", "date": "2022-04-21 19:25:55"}, {"id_message": 89174019255, "message": "te vez linda \ud83d\udc9d", "date": "2022-04-21 19:26:34"}, {"id_message": 1242952796, "message": "sii yo igual perd\u00f3n es que me quitaron mi celular por que vieron las marcas que me hice con el list\u00f3n en la cintura \ud83d\ude22", "date": "2022-04-23 07:12:46"}, {"id_message": 99947390265, "message": "las que son ana como le hacen ? es que a mi me cuesta mucho trabajo y no se que hacer \ud83d\ude3f", "date": "2022-04-23 07:13:29"}, {"id_message": 36796298046, "message": "alguien sabe como se me puede hacer m\u00e1s f\u00e1cil saltar comidas ? \ud83d\ude3f", "date": "2022-04-23 19:46:24"}, {"id_message": 87034593901, "message": "si es lo que intento", "date": "2022-04-23 20:51:17"}, {"id_message": 5350832598, "message": "ag\u00e1chate pero sin doblar las rodillas", "date": "2022-04-24 00:35:26"}, {"id_message": 67548374362, "message": "para que el esfuerzo quede en el abdomen", "date": "2022-04-24 00:35:37"}, {"id_message": 2859659719, "message": "saben como quitar las marcas del liston ?", "date": "2022-04-24 01:07:49"}, {"id_message": 47186294757, "message": "es que lit me deje morado y se dieron cuenta en mi casa \ud83d\ude3f", "date": "2022-04-24 01:08:11"}, {"id_message": 11867528552, "message": "es que la tengo desde el mi\u00e9rcoles y se quit\u00f3 un poco pero no tanto", "date": "2022-04-24 01:29:18"}, {"id_message": 95351702780, "message": "no esta bieen d hecho yo estuve pensado lo mismo y creo que ni me funciona \ud83d\ude22", "date": "2022-04-24 01:43:06"}, {"id_message": 71713166315, "message": "me ah funcionado m\u00e1s los masaje pero del liston creo que solo me eh lastimado y no quiero lastimarme tanto \ud83d\ude3f", "date": "2022-04-24 01:46:34"}, {"id_message": 98907764992, "message": "no ya no muchas gracias <3 3", "date": "2022-04-24 02:06:30"}, {"id_message": 21430448748, "message": "no te esfuerces mucho al hacerlo pq te puedes lastimar mejor cena algo ligero como fruta y poco", "date": "2022-04-25 08:10:40"}, {"id_message": 72385415915, "message": "y tmb ayuda al cuerpo pq es mejor cenar poco sip", "date": "2022-04-25 08:10:51"}, {"id_message": 53488971363, "message": "a mi si y aun no me ponen en tratamiento pero hay que tener cuidafo", "date": "2022-04-27 19:29:37"}, {"id_message": 80502490796, "message": "como le hiciste , felicidades Bonita", "date": "2022-04-30 18:21:39"}]