[{"id_message": 25534083434, "message": "Bueno , ha pasado 2 a\u00f1os desde que le vi por \u00faltima vez , pero me ha sorprendido much\u00edsimo", "date": "2019-01-02 08:00:14"}, {"id_message": 33153529119, "message": "Soy un amigo de mierda . Me corroe la envidia \ud83d\ude05", "date": "2019-01-02 08:42:16"}, {"id_message": 55429584126, "message": "Pregunta : almendras en dietas de adelgazamiento bien o prohibidas ? Y si bien , cu\u00e1ntas al d\u00eda ?", "date": "2019-01-02 08:55:11"}, {"id_message": 40346051019, "message": "Es para m\u00ed hermano , que ahora se queja de los excesos \ud83d\ude02", "date": "2019-01-02 08:56:48"}, {"id_message": 24659897944, "message": "Media taza al dia", "date": "2019-01-02 09:00:13"}, {"id_message": 87214314474, "message": "Mmmm , en ese caso ... Necesito desayunos bajo en calor\u00edas , la avena no s\u00e9 si me convence", "date": "2019-01-02 09:03:25"}, {"id_message": 86846312322, "message": "Yo uso los post its \ud83d\ude02", "date": "2019-01-02 15:53:55"}, {"id_message": 48322907912, "message": "M\u00e1s preguntas : \u00bf Yogur griego para merendar ? He visto que tiene 170 kcal , me parece una burrada", "date": "2019-01-02 16:49:45"}, {"id_message": 28618446604, "message": "Pero para adelgazar tambi\u00e9n ?", "date": "2019-01-02 16:50:52"}, {"id_message": 63121157129, "message": "Porque voy a ingredientes y lo primero que veo es Az\u00facar", "date": "2019-01-02 16:51:10"}, {"id_message": 96191200335, "message": "En realidad es natural pero tiene un poco de caramelo . Tambi\u00e9n los hay con trocitos de frutas", "date": "2019-01-02 17:28:29"}, {"id_message": 91999432406, "message": "Jajajaja no que me matas", "date": "2019-01-02 17:29:14"}, {"id_message": 37285492023, "message": "Pa mi la de Vegeta jajajaja", "date": "2019-01-05 00:33:33"}, {"id_message": 74616490933, "message": "Hoy he hecho b\u00edceps y espalda y me siento como dios", "date": "2019-01-05 00:52:59"}, {"id_message": 29778286780, "message": "Veremos el lunes \ud83d\ude02", "date": "2019-01-05 00:53:15"}, {"id_message": 52341621213, "message": "Me levanto prontito . Gym y opos . A por todas ! ! \ud83d\udcaa \ud83d\udc4a", "date": "2019-01-07 07:31:47"}, {"id_message": 68510681075, "message": "Vale , pues ya estoy .", "date": "2019-01-07 09:00:53"}, {"id_message": 46631341928, "message": "Muerto , quiero decir \ud83d\ude05", "date": "2019-01-07 09:01:03"}, {"id_message": 61825406382, "message": "Lo mejor es que el gym estaba vac\u00edo", "date": "2019-01-07 09:01:45"}, {"id_message": 24985444401, "message": "Esas fotos de antes / despu\u00e9s motivan un huevo \ud83d\udcaa \ud83d\udc4a", "date": "2019-01-07 13:35:51"}, {"id_message": 36282986410, "message": "Buenos d\u00edas desde clase . A estudiar leyes absurdas para sacar la oposici\u00f3n ! ! !", "date": "2019-01-09 09:53:37"}, {"id_message": 63518625188, "message": "De qui\u00e9n es esa pechonalidad ? \ud83d\ude32", "date": "2019-01-16 23:46:14"}, {"id_message": 3560583381, "message": "Llevo 3 d\u00edas con unas agujetas incre\u00edbles . \ud83d\ude2b", "date": "2019-01-19 15:22:41"}, {"id_message": 88933231409, "message": "Iba a ir ayer al gym pero es que no iba a poder levantar ni la barra", "date": "2019-01-19 15:23:34"}, {"id_message": 81253575839, "message": "Prefiero el antes la verdad", "date": "2019-01-19 15:26:34"}, {"id_message": 45775594195, "message": "A saber la de mierdas que habr\u00e1 tomado", "date": "2019-01-19 15:27:06"}, {"id_message": 10223118814, "message": "Lo pagar\u00e1 por dentro", "date": "2019-01-19 15:28:52"}, {"id_message": 40105345739, "message": "El cuerpo de la izquierda es m\u00e1s natural , pero ni siquiera estoy seguro de que sea 100 % natural", "date": "2019-01-19 15:34:45"}, {"id_message": 35529298108, "message": "Donde los pillaste ? Precio ? Estoy buscando unos as\u00ed desde hace tiempo pero no me acaba de convencer ninguno ... Entrenar con auriculares con cable es una mierda ...", "date": "2019-01-22 09:51:22"}, {"id_message": 8782548475, "message": "Si puedes p\u00e1same enlace porfa", "date": "2019-01-22 09:51:39"}, {"id_message": 11806682809, "message": "Y se escuchan bien y eso ? He o\u00eddo que son una mierda las copias est\u00e1s ...", "date": "2019-01-22 09:54:55"}, {"id_message": 3759002027, "message": "Ok gracias t\u00edo \ud83d\udc4d", "date": "2019-01-22 09:57:57"}, {"id_message": 97299533893, "message": "Anteayer hice brazo + pecho y me muero de agujetas . Espero que no vaya a m\u00e1s porque me est\u00e1 jodiendo la rutina", "date": "2019-01-23 17:04:19"}, {"id_message": 91039939702, "message": "Joder , yo creo que tardar\u00e9 a\u00f1os solo en acercarme a algo parecido \ud83d\ude05", "date": "2019-01-26 16:29:44"}, {"id_message": 29329930709, "message": "Yo en un rato me subo a la est\u00e1tica", "date": "2019-01-27 17:50:29"}, {"id_message": 2522119355, "message": "Y ma\u00f1ana al templo , que ya se me pasaron las agujetas \ud83d\udcaa", "date": "2019-01-27 17:50:54"}, {"id_message": 66031281517, "message": "Ninguno . La mayor\u00eda me parecen una estafa que intentar\u00e1n , en \u00faltima instancia , venderte algo", "date": "2019-01-28 16:38:29"}, {"id_message": 36018293169, "message": "Qu\u00e9 raro . Desde que empec\u00e9 el gym he notado que he engordado , y no he variado la dieta . Espero que sea m\u00fasculo , porque aun tengo grasa que quiero eliminar ... Pensaba que con los entrenamientos de fuerza se adelgazaba , o al menos eso ten\u00eda entendido ...", "date": "2019-01-29 09:29:47"}, {"id_message": 856076311, "message": "He eliminado todo lo que lleve grasa de palma , he reducido al m\u00ednimo el az\u00facar , tomo todo light , 0 % , desnatado o bajo en grasa , hago cardio 2 d\u00edas a la semana ( 1 hora aproximadamente de bici est\u00e1tica a ritmo moderado ... ) . Y he pasado de 82 a 84 en unos meses .", "date": "2019-01-29 09:32:53"}, {"id_message": 47177490591, "message": "Y se supone que deber\u00eda estar en unos 75 o as\u00ed seg\u00fan mi altura y complexi\u00f3n", "date": "2019-01-29 09:33:35"}, {"id_message": 94541170977, "message": "Hab\u00e9is empezado ya la operaci\u00f3n bikini ? XD", "date": "2019-02-06 14:14:10"}, {"id_message": 26017242304, "message": "Jajajajajajajajaja \ud83d\ude02 \ud83d\ude02 \ud83d\ude02", "date": "2019-02-07 20:12:27"}, {"id_message": 65378228690, "message": "Qu\u00e9 puto fraude y qu\u00e9 pena de gente", "date": "2019-02-07 20:12:40"}, {"id_message": 89593867936, "message": "Y como ese , muchos", "date": "2019-02-07 20:12:54"}, {"id_message": 94758908486, "message": "Yo conozco unos cuantos casos , no solo en el campo del fitness", "date": "2019-02-07 20:13:15"}, {"id_message": 43154439406, "message": "Fuera colas , cada vez hay m\u00e1s empresas en las que trabajas 4 d\u00edas y descansas 3", "date": "2019-02-10 16:00:32"}, {"id_message": 99894532224, "message": "Brazaco \ud83d\udcaa", "date": "2019-02-12 13:37:59"}, {"id_message": 27423727845, "message": "Me parece un flipao de playa", "date": "2019-02-12 15:41:25"}, {"id_message": 47768336462, "message": "Sin fotos no me creo na de na \ud83d\ude02", "date": "2019-02-18 16:19:45"}, {"id_message": 46778679351, "message": "Me gusta Pok\u00e9mon , qu\u00e9 se le va a hacer \ud83d\ude2c", "date": "2019-02-18 16:28:51"}]