[{"id_message": 39393368427, "message": "\u00bf Y 3 a la semana ser\u00eda mucho o es mejor 2 ?", "date": "2018-11-20 12:23:32"}, {"id_message": 42324224517, "message": "No os preocup\u00e9is , es ella , enserio", "date": "2018-11-23 13:09:16"}, {"id_message": 92968940978, "message": "Buenas d\u00edas chic @s , en la web de Decathlon est\u00e1 el env\u00edo gratis hasta el d\u00eda 28 y cosas de fin de temporada bastante baratas ... por si a alguien le interesa", "date": "2018-11-26 11:15:26"}, {"id_message": 41869648409, "message": "Yo la duda que tengo es como saber que cemento necesito para mis ladrillos , porque hay muchos tipos y muchas marcas pero segun tu experiencia que \u00bf marca es la mejor ? Prozis , myprotein enga\u00f1an pero \u00bf cual de todas es la que menos ?", "date": "2019-03-09 21:10:32"}, {"id_message": 99986933104, "message": "Claro , yo la necesito en momentos puntuales ya que con la comida casi que llego a las proteinas necesarias . Y ya que me meto miera pues me meto la mejor \ud83d\ude02", "date": "2019-03-09 21:14:52"}, {"id_message": 22216901716, "message": "me qued\u00f3 claro , gracias \ud83d\ude04", "date": "2019-03-09 21:23:14"}, {"id_message": 96193970978, "message": "te queria preguntar otra cosa , hace un par de a\u00f1os me hice una analitica y me dijeron que expulsaba demasiada proteina por la orina , me pregunt\u00f3 que si hacia deporte y le dije que si . Me coment\u00f3 el medico que me tomara un aquarius o un platano antes del ejercicio . No tengo diabetes ni ningun tipo de problema . \u00bf sabes el porque ocurre eso y si lo que me recomendo tiene sentido ?", "date": "2019-03-09 21:26:46"}, {"id_message": 40589297117, "message": "M\u00fasculo sin cabeza no vale pa na \ud83d\udcaa \ud83e\udde0", "date": "2019-03-12 14:37:55"}, {"id_message": 6273924866, "message": "ve mirandote este , ya que no vas a tener problemas en Madrid a demas tiene pedales para hacer \ud83c\udf51 \ud83d\ude02 \ud83d\ude02", "date": "2019-03-20 10:20:37"}, {"id_message": 46434910950, "message": "Te habr\u00e1n dado ya la \" L \" de Lu no ?", "date": "2019-04-10 12:51:36"}, {"id_message": 17900340998, "message": "yo los tengo pero todav\u00eda no los he leido", "date": "2019-04-27 11:43:22"}, {"id_message": 2951287158, "message": "Eso me pas\u00f3 algunas veces por usar demasiado el tal\u00f3n", "date": "2019-05-06 19:11:16"}, {"id_message": 34015712124, "message": "El peso lo da perfecto , pero lo dem\u00e1s no .", "date": "2019-05-08 21:47:24"}, {"id_message": 18183338467, "message": "alguien me puede recomendar alguna bascula para pesar alimentos que sea exacta ?", "date": "2019-05-08 22:18:53"}, {"id_message": 90227416752, "message": "gramos pero para alimentos", "date": "2019-05-08 22:21:45"}, {"id_message": 69937187408, "message": "No se si alguno esta viendo el programa de cuatro , pero est\u00e1n diciendo que pintan los pollos de color amarillo para que parezcan camperos \ud83d\ude02 , lo que faltaba por ver ... hdp", "date": "2019-05-08 23:11:14"}, {"id_message": 80318309275, "message": "No la conoc\u00eda , acabo de ver el trailer y tiene buena pinta", "date": "2019-05-08 23:36:18"}, {"id_message": 17140492765, "message": "exacto y son personas movi\u00e9ndose \ud83d\ude02", "date": "2019-05-22 10:28:10"}, {"id_message": 99407020555, "message": "Tienen solo un 3 % de almendras", "date": "2019-05-23 12:58:10"}, {"id_message": 35681300160, "message": "yo creo que lo unico que tiene es agua y alguna cosa mas", "date": "2019-05-23 13:01:09"}, {"id_message": 53845767834, "message": "\ud83d\udcaa Ser rico es estar vivo ! ! \ud83d\udcaa", "date": "2019-05-27 21:07:02"}, {"id_message": 71242114581, "message": "Buenas , seg\u00fan le\u00ed hace tiempo produc\u00edan nerviosismo , agresividad y alteraciones en la personalidad . No se si producir\u00e1n algunos mas ...", "date": "2019-07-02 17:57:58"}]