[{"id_message": 30444966624, "message": "Hola soy camila , Ana generalmente , peso actual 58 kilos Estatura : 1,53 m meta 45 kilos edad 21 a\u00f1os estatura", "date": "2022-05-23 18:18:11"}, {"id_message": 35526828509, "message": "Cu\u00e1nto deber\u00eda esperar para vomitar despu\u00e9s de un atrac\u00f3n", "date": "2022-05-25 06:47:22"}, {"id_message": 39582932798, "message": "O cu\u00e1nto es lo m\u00e1ximo", "date": "2022-05-25 06:47:36"}, {"id_message": 70781520295, "message": "Vale , entonces todo bien hay pasado como 10 y lo saqu\u00e9 creo que todo", "date": "2022-05-25 07:16:56"}, {"id_message": 19056525154, "message": "Y tomar t\u00e9 \ud83d\ude05", "date": "2022-05-25 07:17:15"}, {"id_message": 2801811161, "message": "Jajaja yo no s\u00e9 fumar", "date": "2022-05-25 07:17:41"}, {"id_message": 35654595126, "message": "Solo lo hac\u00eda cuando tomaba alcohol y ahora ya no tom\u00f3", "date": "2022-05-25 07:17:58"}, {"id_message": 13840511409, "message": "Vomitar arruina horrible la garganta por eso lo dej\u00e9 por mucho tiempo", "date": "2022-05-25 07:18:22"}, {"id_message": 8581179317, "message": "Jajaja a mi me calma la ansiedad el ejercicio o dormir", "date": "2022-05-25 07:18:53"}, {"id_message": 59616396012, "message": "Depende si hago ejercicio Hasta 900", "date": "2022-05-25 07:24:27"}, {"id_message": 64733458024, "message": "Algunos d\u00edas de ayuno completo", "date": "2022-05-25 07:24:41"}]