[{"id_message": 46981141185, "message": "M\u00eda , peso 51kg , meta 45kg , 21 a\u00f1os", "date": "2022-04-27 22:20:32"}, {"id_message": 59770039939, "message": "Eres muy fuerte , yo le hubiera contestado eso quiz\u00e1 jajaja", "date": "2022-04-28 04:27:57"}, {"id_message": 83520157896, "message": "Pero no ser\u00eda nada bueno para mis e igual lo callar\u00eda", "date": "2022-04-28 04:28:18"}, {"id_message": 69054520557, "message": "Aunque tambi\u00e9n es cierto , pero eso es lo que no es bueno , guarde las cosas que en verdad se deber\u00edan hablar , teniendo en cuenta que siempre lo beneficien a uno y a las metas que uno quiere", "date": "2022-04-28 04:31:16"}, {"id_message": 60926710197, "message": "No es bueno hablar de la comida , porque intentar\u00edan acabar el h\u00e1bito y las metas que tenemos", "date": "2022-04-28 04:31:37"}, {"id_message": 56105156506, "message": "Pero es bueno hablar indirectamente de como nos sentimos", "date": "2022-04-28 04:31:47"}, {"id_message": 11530393976, "message": "Me pasa que muchas veces me da ansiedad lo de Ana , pero la reprimo para poder lograrlo , solo que eso me desenvuelve f\u00e1cil la depresi\u00f3n y normal , se puede hablar de la ansiedad y estas cosas sin mencionar la comida", "date": "2022-04-28 04:33:11"}, {"id_message": 87141320291, "message": "Con todaaa \ud83e\udd7a", "date": "2022-05-02 07:45:25"}, {"id_message": 44380320623, "message": "Holaa Bien y t\u00fa ?", "date": "2022-05-03 03:19:17"}, {"id_message": 80762845780, "message": "Hierve la c\u00e1scara de la pi\u00f1a y toma mucha aguita de esa durante el d\u00eda", "date": "2022-05-06 22:21:34"}, {"id_message": 19193963285, "message": "Y solo come una vez al d\u00eda antes de las 5pm", "date": "2022-05-06 22:21:52"}, {"id_message": 57225146544, "message": "Y no comas nada m\u00e1s , solo esa ag\u00fcita , funciona mucho para casos urgentes", "date": "2022-05-06 22:22:11"}, {"id_message": 85338090169, "message": "Y una comida al d\u00eda . Antes de las 5:00 pm", "date": "2022-05-06 22:24:57"}]