[{"id_message": 42861354787, "message": "Oh pues me parece muy bien \ud83d\udda4 \ud83e\udeb1", "date": "2021-08-09 03:27:50"}, {"id_message": 68143821367, "message": "S\u00e9 que es as\u00ed , pero no s\u00e9 si hacer una dieta adecuada sea loas indicado si tienes catarro fuerte", "date": "2021-08-09 03:30:39"}, {"id_message": 50455459683, "message": "Gracias , muchas gracias x esa explicaci\u00f3n", "date": "2021-08-10 22:23:21"}, {"id_message": 51797769700, "message": "\ud83d\udda4 \ud83e\udeb1", "date": "2021-08-10 22:23:24"}, {"id_message": 25753202973, "message": "Joder , mucha gracias . Cuanta gente haci\u00e9ndose da\u00f1os al cuerpo sin saber lo q en realidad est\u00e1n consumiendo", "date": "2021-08-10 22:24:56"}, {"id_message": 16514805975, "message": "Oh me hice una mascarilla pero de aguacate con una cucharada de miel y oliva . D\u00e9jame decirles que es un perfecto acondicionador . \ud83d\udda4 \ud83e\udeb1", "date": "2021-08-12 03:53:05"}, {"id_message": 38789560958, "message": "Gracias x los consejos y x preocuparte x nosotras", "date": "2021-08-12 03:53:33"}, {"id_message": 50747410573, "message": "Hola ... mmm ayer romp\u00ed la dieta , ya llevaba varios d\u00edas , pero de pronto me entr\u00f3 una ansiedad que no pude controlar . Ni si quiera lo pude vomitar . Esos ataque de ansiedad ocurrir\u00e1n siempre ? No se calmaba y siento q todo lo que hab\u00eda logrado fue tirado a la basura", "date": "2021-08-15 17:28:53"}, {"id_message": 39273022107, "message": "Muy linda esa agenda . Y una gran idea de motivaci\u00f3n \u2764 \ufe0f", "date": "2022-03-21 16:55:01"}, {"id_message": 33624666453, "message": "Pero bueno , uno no puede andar as\u00ed x la vida pidiendo ayuda a otras personas sin conocerlas si quiera . Que gente m\u00e1s impertinente , de veras . Y encima se molesta , yo lo flipo", "date": "2022-03-28 23:20:31"}, {"id_message": 52130102035, "message": "Me dieron una receta para perder peso de un jugo natural de pi\u00f1a junto con el de frutabomba ( papaya ) , as\u00ed todo batido , pero no estoy segura de que si es cierto dado lo dulce de las frutas .", "date": "2022-03-28 23:47:56"}, {"id_message": 57416619948, "message": "Donde encontrabas audios subliminales ? De veras funcionan ? O es solo un enga\u00f1o que te hacen creer ?", "date": "2022-03-31 16:48:05"}]