[{"id_message": 58457785229, "message": "Holaa me llamo maria y soy ana ( pronto tambien mia ) peso 69 y el peso meta es 50 , edad 15", "date": "2020-04-23 03:13:12"}, {"id_message": 99216374286, "message": "tambi\u00e9n mido eso , pero soy mas gorda \ud83d\ude14", "date": "2020-04-24 05:58:57"}, {"id_message": 69528131467, "message": "graciaas \ud83d\udc95", "date": "2020-04-24 06:00:04"}, {"id_message": 70356847331, "message": "asi me siento yo , y algunas veces me lo digo para motivarme si", "date": "2020-04-24 06:00:55"}, {"id_message": 63226611459, "message": "para que no lo tomen a mal :(", "date": "2020-04-24 06:01:04"}, {"id_message": 97547481452, "message": "hay que motivarnos todes para que lo consigamos", "date": "2020-04-24 06:01:58"}, {"id_message": 93119690983, "message": "espero poder ser asi de perfecta :(", "date": "2020-04-24 06:03:50"}, {"id_message": 87321099392, "message": "\ud83d\udc95 \ud83d\udc95", "date": "2020-04-24 06:05:24"}, {"id_message": 38885858064, "message": "podrias hacerlo por instagram , como historia solo que la descargas y no la subes , em no se si me explico : %", "date": "2020-04-24 06:16:02"}, {"id_message": 10312348678, "message": "si pero te lo guarda como video o gif una cosa asi una vez lo hice por eso", "date": "2020-04-24 06:21:10"}, {"id_message": 47819702646, "message": "y siempre edito mis fotos por insta \ud83d\ude14", "date": "2020-04-24 06:21:21"}]