[{"id_message": 92380780049, "message": "Pero qu\u00e9 ha pasado ?", "date": "2019-06-30 20:44:19"}, {"id_message": 7310749159, "message": "Tanta paranoia no es bueno", "date": "2019-06-30 20:44:56"}, {"id_message": 91171518530, "message": "AS\u00cd ME VOY A PONERRR", "date": "2019-06-30 20:47:36"}, {"id_message": 40523246432, "message": "Voy a borrar la carpeta de Telegram", "date": "2019-07-01 00:17:07"}, {"id_message": 32323070068, "message": "Una puta locura de gente", "date": "2019-07-01 00:19:12"}, {"id_message": 72939978720, "message": "Me haces preguntas cual si fuera sospechoso", "date": "2019-07-01 01:40:21"}, {"id_message": 56295274295, "message": "Llevo aqu\u00ed mucho tiempo", "date": "2019-07-01 01:40:32"}, {"id_message": 20527024759, "message": "Y es para aprender", "date": "2019-07-01 01:40:38"}, {"id_message": 22989331137, "message": "No para la historia que te hayas montado", "date": "2019-07-01 01:40:55"}, {"id_message": 93146987681, "message": "Vas a volar un edificio ?", "date": "2019-07-01 10:28:01"}, {"id_message": 19602179773, "message": "No me entero de nada", "date": "2019-07-03 14:14:26"}, {"id_message": 94056988479, "message": "Y por qu\u00e9 no se ha informado como es debido ?", "date": "2019-07-03 14:14:48"}, {"id_message": 3709896487, "message": "Por lo que al final es por un cabreo entre personas", "date": "2019-07-03 14:39:54"}, {"id_message": 16027575789, "message": "\ud83d\udc49\ud83c\udfff Facebook , Instagram and other platforms experiencing issues worldwide \ud83d\udc49\ud83c\udfff Calling e-cigarettes drugs , Centre all set to ban them \ud83d\udc49\ud83c\udfff Facebook and WhatsApp hit by photo glitch \ud83d\udc49\ud83c\udfff Samsung Galaxy Note 10 , Note 10 + launch on August 7 \ud83d\udc49\ud83c\udfff Apple \u2019 s iOS 13 update will make FaceTime eye contact way easier \ud83d\udc49\ud83c\udfff WhatsApp for Android could soon allow sharing contact via QR Code \ud83d\udc49\ud83c\udfff Amazon confirms it keeps your Alexa recordings basically forever \ud83d\udc49\ud83c\udfff Mobvoi teases TicWatch for July 10th launch @USER INI_HASHTAG news END_HASHTAG", "date": "2019-07-03 23:13:30"}, {"id_message": 1297786670, "message": "Lo digo en co\u00f1a", "date": "2019-07-04 14:01:32"}, {"id_message": 30376322294, "message": "S\u00f3lo para poner este rap", "date": "2019-07-04 14:01:44"}, {"id_message": 43890617027, "message": "Y como hablan de barcos pues mejor que mejor", "date": "2019-07-04 14:02:01"}, {"id_message": 25352201229, "message": "Ser feliz no s\u00e9 basa en cosas", "date": "2019-07-04 14:02:39"}, {"id_message": 61306431197, "message": "Se basa en el interior", "date": "2019-07-04 14:02:58"}, {"id_message": 3348489504, "message": "Puedes no tener nada y ser m\u00e1s feliz que cualquier millonario", "date": "2019-07-04 14:03:18"}, {"id_message": 41369283552, "message": "Conduciendo el mejor coche", "date": "2019-07-04 14:03:29"}, {"id_message": 86460870388, "message": "Suena a secta de gel", "date": "2019-07-04 15:11:42"}, {"id_message": 31754920273, "message": "La industria farmac\u00e9utica se forra con los enfermos", "date": "2019-07-04 15:12:16"}, {"id_message": 80862961991, "message": "Para el precio que tiene haber pillao m\u00e1s", "date": "2019-07-05 19:05:27"}, {"id_message": 29729023036, "message": "El siguiente paso es f\u00edsica cu\u00e1ntica", "date": "2019-07-06 17:03:52"}, {"id_message": 27046685258, "message": "No a las drogas , zumitos", "date": "2019-07-11 11:38:47"}, {"id_message": 56343039349, "message": "Podr\u00eda decir algo pero lo dejo como est\u00e1", "date": "2019-07-14 22:09:53"}, {"id_message": 17810293330, "message": "Yo tambi\u00e9n me lo guardo", "date": "2019-07-15 23:26:53"}]