[{"id_message": 82534691177, "message": "Liz que quieres subir", "date": "2019-06-19 12:32:13"}, {"id_message": 58961261522, "message": "Que pasa lu por aqu\u00ed jaja que madre m\u00eda me despisto un poco es imposible", "date": "2019-06-19 18:34:07"}, {"id_message": 55008619487, "message": "Pues hoy me toca pizza y nacflurry", "date": "2019-06-19 19:05:53"}, {"id_message": 75596405077, "message": "Me hace falta una carga ya", "date": "2019-06-19 19:06:19"}, {"id_message": 67480085011, "message": "Jajja mas buenos estaba ayer el macflurry \ud83d\ude1b 3 extras", "date": "2019-06-20 11:06:25"}, {"id_message": 68983272426, "message": "Y la pizza con los bordes relleno de queso", "date": "2019-06-20 11:07:26"}, {"id_message": 20802374936, "message": "Me he tirado un mes a full eh sin saltarme la dieta", "date": "2019-06-20 11:08:31"}, {"id_message": 74833139674, "message": "Imag\u00ednate me sab\u00eda a gloria ya si puedo una vez ala semana ir salt\u00e1ndomela", "date": "2019-06-20 11:08:48"}, {"id_message": 38502071278, "message": "Jajaja no quieres \ud83d\ude08 \ud83d\ude08 \ud83d\ude0c \ud83d\ude0c \ud83d\ude0c", "date": "2019-06-20 11:09:12"}, {"id_message": 63170809813, "message": "A es verda que lastima jue", "date": "2019-06-20 11:20:02"}, {"id_message": 13448454508, "message": "Tomas crear\u00edan en definici\u00f3n ? ?", "date": "2019-06-20 14:55:01"}, {"id_message": 82244485744, "message": "Jaja que no le ve\u00eda sentido", "date": "2019-06-20 14:56:09"}, {"id_message": 63387052762, "message": "Retiene m\u00e1s l\u00edquido comprobado", "date": "2019-06-20 14:56:28"}, {"id_message": 40850737324, "message": "La primera vez que escucho eso", "date": "2019-06-20 14:57:49"}, {"id_message": 34410355293, "message": "Lu no se queda atr\u00e1s ! !", "date": "2019-06-22 21:11:00"}, {"id_message": 40545135266, "message": "Me nos es nada mientras te lleve", "date": "2019-06-22 21:13:54"}, {"id_message": 8186453670, "message": "Juli\u00e1n desde que va sacando tipin va de xuleta \ud83d\udc79 \ud83d\udc79 \ud83d\udc79", "date": "2019-06-22 21:14:42"}, {"id_message": 95836593206, "message": "Jaja \ud83d\ude06 t\u00fa tambi\u00e9n con guasa", "date": "2019-06-22 21:15:48"}, {"id_message": 3280900786, "message": "Las gana que tengo de comerme otra pizza lu", "date": "2019-06-22 21:18:53"}, {"id_message": 36939826696, "message": "Jajja \ud83e\udd22 \ud83e\udd22 \ud83e\udd2e", "date": "2019-06-22 21:28:11"}, {"id_message": 12516707245, "message": "Una polla dulce que asco", "date": "2019-06-22 21:28:33"}, {"id_message": 61852207217, "message": "No podr\u00eda decirlo por que nunca lo he probado pero algo que me crea rechazo", "date": "2019-06-22 21:29:02"}, {"id_message": 20901307531, "message": "Joder es como si te lo pinto as\u00ed", "date": "2019-06-22 21:29:49"}, {"id_message": 62217612314, "message": "Eso tiene m\u00e1s buena pinta pero el nombre ...", "date": "2019-06-22 21:30:12"}, {"id_message": 54235356015, "message": "La verdad que pens\u00e9 que le pasa a lu con la palabra polla que no s\u00e9 la quita de la boca jajjaa", "date": "2019-06-22 21:33:53"}, {"id_message": 4420767738, "message": "Joder Juli\u00e1n como te has puesto", "date": "2019-06-22 21:36:32"}, {"id_message": 41364520170, "message": "Prefiero otra cosa mariposa", "date": "2019-06-22 21:39:51"}, {"id_message": 32151870279, "message": "Si quieres algo xd", "date": "2019-06-22 21:47:24"}, {"id_message": 81450590632, "message": "que buena vida te metes", "date": "2019-06-23 14:43:00"}, {"id_message": 74944307391, "message": "jajaja esajerada ! ! ! si estoy trabajando : 0", "date": "2019-06-23 14:50:54"}, {"id_message": 44256450534, "message": "ya me falta 10 minu voy palla", "date": "2019-06-23 14:51:53"}, {"id_message": 37781966297, "message": "jajaj que mala lo hago por comparti", "date": "2019-06-23 14:52:14"}, {"id_message": 42605117460, "message": "dios se nos va se nos va", "date": "2019-06-23 14:52:32"}, {"id_message": 32150561846, "message": "ni que se fuera a meter en el grupo", "date": "2019-06-23 14:53:59"}, {"id_message": 61657396623, "message": "de aqui a media hora no llega", "date": "2019-06-23 14:54:04"}, {"id_message": 97818117575, "message": "si eso es cierto", "date": "2019-06-23 14:54:19"}, {"id_message": 68170934740, "message": "todo lo que se envia es una bomba de relojeria", "date": "2019-06-23 14:54:34"}, {"id_message": 28561452591, "message": "una amiga lo ha pasado fatal", "date": "2019-06-23 14:54:38"}, {"id_message": 38610280720, "message": "por que al sunormal del exnovio no tubo otra cosa que hacer", "date": "2019-06-23 14:54:57"}, {"id_message": 62095263499, "message": "eso para matarlo yo que tengo mi hermana le hacen eso", "date": "2019-06-23 14:57:00"}, {"id_message": 70632102590, "message": "y todo por venganza", "date": "2019-06-23 14:57:22"}, {"id_message": 859736732, "message": "lu con decir que el no ha sido", "date": "2019-06-23 14:57:38"}, {"id_message": 20873129502, "message": "una misma tarjeta sin dni sin rastreo", "date": "2019-06-23 14:57:47"}, {"id_message": 33861003815, "message": "la pasa a cualquier cana x", "date": "2019-06-23 14:57:55"}, {"id_message": 35537090700, "message": "y ya esteas metida en la mierda", "date": "2019-06-23 14:57:59"}, {"id_message": 1079980799, "message": "Lo mejor yo se lo digo amigas que sale ense\u00f1ando m\u00e1s de la cuenta", "date": "2019-06-23 15:03:23"}, {"id_message": 88805389961, "message": "Hoy de descanso y aqu\u00ed nublado", "date": "2019-06-27 11:09:00"}, {"id_message": 21235239417, "message": "\ud83e\udd74 \ud83e\udd74 \ud83e\udd74", "date": "2019-06-27 11:09:08"}, {"id_message": 37552683981, "message": "Yo entrene esta ma\u00f1ana ya alas 6", "date": "2019-06-27 11:09:21"}, {"id_message": 45448507729, "message": "Se entrena puf perfecto anoche me puse fino", "date": "2019-06-27 11:15:34"}]