[{"id_message": 87400584643, "message": "X si a alguien le puede servir de ayuda", "date": "2019-04-17 10:17:29"}, {"id_message": 79825867234, "message": "A mi me pasa lo mismo , lo he intentado , pero entre k me gusta mucho comer de todo , y mi metabolismo no me ayuda , quemo m\u00e1s de lo k como . Y yo me conozco y empezar directamente con una dieta con pesos de comida me voy a cansar y aburrir r\u00e1pido , X eso buscaba algo k no fuera muy estricto para ir acostumbrandome", "date": "2019-04-17 10:19:31"}, {"id_message": 74439063868, "message": "Yo entiendo a ambos , pero la verdad es k donde vivo tmp tengo muchas opciones jajajaj", "date": "2019-04-17 10:25:21"}, {"id_message": 15508271275, "message": "A mi me gustar\u00eda subir de masa muscular y definir", "date": "2019-04-17 10:31:34"}, {"id_message": 94831147721, "message": "Si por supuesto ! Tmb he cambiado much\u00edsimo la forma de comer , antes no sab\u00eda comer y ahora estoy aprendiendo y cambiando h\u00e1bitos !", "date": "2019-04-17 10:33:53"}, {"id_message": 70056682416, "message": "Tienes t\u00edtulo exacto y autor ?", "date": "2019-04-17 10:37:40"}, {"id_message": 1836756916, "message": "Es un libro o alguna p\u00e1gina ?", "date": "2019-04-17 10:38:33"}, {"id_message": 53667248735, "message": "Pero creo k eso es como todo ... el libro estar\u00e1 escrito de una forma y lo k interprete la gente ser\u00e1 otra , es como X ejemplo los drone , ahora dices k son peligrosos , k los usan para llevar drogas vigilar etc etc , alguno a visto alguna vez una noticia en la tele de que un drone sirvi\u00f3 para encontrar a unos ba\u00f1istas desaparecidos ? ? Y noto\u00f1icias buenas y productivas de drone ? ? ? Pues imagino k con esto lo mismo", "date": "2019-04-17 10:47:22"}, {"id_message": 33977336730, "message": "X sibalguien lo kiere ... yo le voy a ojear estos d\u00edas libres", "date": "2019-04-17 10:51:24"}, {"id_message": 92660130649, "message": "Varios grupos de libros", "date": "2019-04-17 10:52:26"}, {"id_message": 64789216076, "message": "A ver si me lo pasan ! ! !", "date": "2019-04-17 11:18:29"}, {"id_message": 6660215185, "message": "Alguna web o algo donde poder encontrar rutinas efectivas ?", "date": "2019-04-22 15:12:11"}, {"id_message": 90857197478, "message": "Alg\u00fan canal onplaylist de YouTube con fitness en exterior pra poner en una sala o gym ?", "date": "2019-04-24 21:10:47"}, {"id_message": 40548338167, "message": "Espero k a @USER no le moleste la revista ... me pareci\u00f3 k estar\u00eda bien compartirla !", "date": "2019-04-25 08:43:07"}, {"id_message": 9052965972, "message": "No se si eso te dice algo de como esta ! ! !", "date": "2019-04-25 09:14:35"}, {"id_message": 10597424134, "message": "Si el jefe me lo permite mando el enlace !", "date": "2019-04-25 09:21:35"}, {"id_message": 29848189854, "message": "Para no haber disputas ... ya esta la revista borrada si a alguien le interesa k me la pida o lo a\u00f1ado al grupo ! ! ! Perd\u00f3n la molestia", "date": "2019-04-25 12:14:39"}, {"id_message": 14531223075, "message": "El @USER si quiere que borre los libros o los borro yo y se acabo el p ` roblema", "date": "2019-04-25 12:20:55"}, {"id_message": 58250053988, "message": "Lo mismo ... algo entiend", "date": "2019-04-25 16:55:52"}, {"id_message": 26558930788, "message": "A veces ... la l\u00f3gica no es lo primero k se aplica !", "date": "2019-04-29 09:00:25"}, {"id_message": 35470136125, "message": "Puedo mandar una rutina a ver k les parece ? ? ?", "date": "2019-05-08 18:27:00"}, {"id_message": 10244329563, "message": "Tu k me recomendar\u00edas ? Lu ... @USERmdrunk", "date": "2019-05-08 19:03:20"}, {"id_message": 8650155740, "message": "Bueno ... a ver si los mencionados me dicen algo o recomiendas algo", "date": "2019-05-08 19:07:43"}, {"id_message": 53718932989, "message": "Gracias a todos , acepto todo lo k me dig\u00e1is , me gustar\u00eda aumentar bien , hacerlo bien y adem\u00e1s la alimentaci\u00f3n pero se k eso es m\u00e1s complicado ...", "date": "2019-05-08 19:12:15"}, {"id_message": 94780180120, "message": "Normalmente 4 a veces 3 a la semana", "date": "2019-05-08 19:13:40"}, {"id_message": 28741841184, "message": "Y as\u00ed estoy ahora mismo", "date": "2019-05-08 19:19:25"}, {"id_message": 10226785484, "message": "Me podr\u00edan recomendar una tabla a seguir ?", "date": "2019-05-08 19:26:28"}, {"id_message": 92118151465, "message": "Tengo tmb una \" dieta \" k no se como la ven ...", "date": "2019-05-08 19:26:43"}, {"id_message": 15155586845, "message": "K app es esa para mirarla ?", "date": "2019-05-08 21:31:40"}, {"id_message": 8061617142, "message": "Para k es esa app ?", "date": "2019-05-08 21:40:07"}, {"id_message": 38031698249, "message": "X si os interesa \ud83d\udc46 \ud83d\udc46 \ud83d\udcaa", "date": "2019-05-09 00:50:34"}, {"id_message": 24144680988, "message": "X si es \u00fatil para alguien ! \ud83d\udc46", "date": "2019-05-10 15:18:24"}, {"id_message": 26731862325, "message": "\ud83d\udc46 \ud83d\udc46", "date": "2019-05-10 15:19:30"}, {"id_message": 10901573069, "message": "Ya tienes la gratis instalada ? ? ? Borrala e instala esta", "date": "2019-05-10 18:24:46"}, {"id_message": 21800041251, "message": "Vale ... entonces tomarla antes o despu\u00e9s de entrenar es lo mismo ... y cuando aconsej\u00e1is tomarla ?", "date": "2019-05-14 14:31:06"}, {"id_message": 36719606501, "message": "@USER de que cursos hablabas ? ? ? Tmb estar\u00eda interesado para lo mismo que tu ... aprender", "date": "2019-05-15 16:11:16"}, {"id_message": 22556228285, "message": "Pero si no vas a hacer nada m\u00e1s k hacerlo para aprender no para lucrarse no creo k este mal ... son presenciales o a distancia ? ? ? Me puedes pasar enlace ?", "date": "2019-05-15 16:22:05"}, {"id_message": 13634423360, "message": "Si pero lo k decimos ... X leer , estudiar algo y aprender no eres m\u00e1s k nadie ... les pongo un ejemplo , mi pareja ha perdido 25 kilos , aprendiendo a comer , leyendo , y \" haciendo \" sus dietas es decir ha le\u00eddo mil cosas y entre unas y otras , este bien o este mal hecho , ha unido usado cosas de un sitio y de otro , ha adaptado unas dietas a sus gustos , y apuntada al gym y otras personas que pagan a un nutricionista en el mismo tiempo no han bajado ni 10 kg ...", "date": "2019-05-15 16:26:06"}, {"id_message": 71257994426, "message": "Pues X eso mismo ...", "date": "2019-05-15 16:27:40"}, {"id_message": 93273704596, "message": "Si claro pero se supone k este hace eso ... yo consegu\u00ed una de esas dietas , y esa misma dieta , modificada en algunos alimentos xk a mi pareja no le gusta , o te\u00f3ricamente ese alimento se supone k X la noche no es bueno y el lo manda ... ha conseguido mejores resultados", "date": "2019-05-15 16:31:40"}, {"id_message": 88085385600, "message": "Si si ... aqu\u00ed tod @s con tipito ... y yo sigo igual ! ! ! Jajajaja", "date": "2019-05-15 16:42:49"}, {"id_message": 51210902474, "message": "Jajaja les dar\u00e1 verg\u00fcenza !", "date": "2019-05-15 18:04:49"}, {"id_message": 74600574227, "message": "Nutrici\u00f3n y diet\u00e9tica en hosteler\u00eda ( TELEFORMACI\u00d3N ) URL", "date": "2019-05-16 12:41:37"}, {"id_message": 39898632490, "message": "Chicos que opinan de ese curso ? ? ?", "date": "2019-05-16 12:41:53"}, {"id_message": 86420864372, "message": "Lo que habl\u00e1bamos ayer , formarme y saber no para dedicarme a ello", "date": "2019-05-16 12:42:11"}, {"id_message": 35680716422, "message": "\ud83c\udd93", "date": "2019-05-16 12:43:37"}, {"id_message": 20490211030, "message": "Ya pero como es gratis y tmb es para informarme y tener algo m\u00e1s de idea ...", "date": "2019-05-16 12:59:08"}, {"id_message": 98897117553, "message": "Todas las que puedas hacer", "date": "2019-05-17 17:41:02"}, {"id_message": 98978159433, "message": "Hoy comienzo con nueva rutina ... a ver k les parece ...", "date": "2019-06-06 14:10:34"}, {"id_message": 20392367891, "message": "Tmb depender\u00e1 de la constituci\u00f3n de cada uno como todo no ? ? ?", "date": "2019-06-06 18:02:18"}]