[{"id_message": 6173177127, "message": "Recomend\u00e1is alg\u00fan momento m\u00e1s del d\u00eda para tomar prote\u00ednas en polvo adem\u00e1s de justo despu\u00e9s del entrenamiento ?", "date": "2018-12-16 21:42:30"}, {"id_message": 61692563017, "message": "Tipo whey sin aislar", "date": "2018-12-16 21:45:56"}, {"id_message": 57701804614, "message": "Lleva un poco de bcca y glutamina", "date": "2018-12-16 21:47:07"}, {"id_message": 1493588664, "message": "Adem\u00e1s del desayuno , o exclusivamente el batido ?", "date": "2018-12-16 21:47:41"}, {"id_message": 20532150478, "message": "Entonces si entrenas el CrossFit en soledad no es adictivo", "date": "2018-12-17 21:48:26"}, {"id_message": 6269385076, "message": "Alguna receta para queso batido ?", "date": "2018-12-19 15:29:36"}, {"id_message": 76291279122, "message": "Alg\u00fan motivo por elcual me duelen los lumbares al hacer abdominales ?", "date": "2019-01-27 14:11:17"}, {"id_message": 37764083662, "message": "Si , eso puede ser", "date": "2019-01-27 14:20:42"}, {"id_message": 83149360237, "message": "En un banco inclinado normalmente", "date": "2019-01-27 14:20:57"}, {"id_message": 33692828462, "message": "Despu\u00e9s de correr tb es recomendable tomar prote\u00ednas o solo despu\u00e9s de gimnasio ?", "date": "2019-02-05 21:04:36"}, {"id_message": 89466499798, "message": "Los batidos de prote\u00ednas despu\u00e9s de un entrenamiento aer\u00f3bico sirve para algo ? O es solo para anaer\u00f3bicos ?", "date": "2019-02-11 19:17:24"}, {"id_message": 57888202699, "message": "Dios entonces voy ahora mismo", "date": "2019-02-11 19:20:10"}, {"id_message": 32410186152, "message": "Dejando las tonter\u00edas de un lado , por si alguien tiene la misma duda , ah\u00ed dejo eso", "date": "2019-02-11 19:26:34"}, {"id_message": 13380485596, "message": "Y que sigan dando", "date": "2019-02-13 17:27:07"}]