[{"id_message": 69392542586, "message": "Hola mi apodo es Noni , peso 47 kl y mi meta es bajar noce espec\u00edficamente cu\u00e1nto pero si no quiero dejar de hacerlo hasta llegar al peso justo . Mido 1 ; 55 . Antes de empezar a trabajar pesaba 42 , aproximadamente un a\u00f1o . Asiaue sobre todo volver a mi vida normal y con k fuerza de voluntad", "date": "2020-04-13 16:27:02"}, {"id_message": 67840747129, "message": "Me falro aclarar que soy Ana y m\u00eda , m\u00eda recurro a veces pero por los atracones", "date": "2020-04-13 17:02:16"}, {"id_message": 29227168164, "message": "Ami no , se me dificulta vomitar mi hermana me est\u00e1 mucho tiempo ensima .", "date": "2020-04-13 17:04:47"}, {"id_message": 74137697950, "message": "Las nuece son muy cal\u00f3ricas", "date": "2020-04-13 18:23:02"}, {"id_message": 18408712367, "message": "Entre los dos huevos tendr\u00e1s 160 calor\u00edas", "date": "2020-04-13 18:23:20"}, {"id_message": 64236549957, "message": "Si no le pusiste micha aceite", "date": "2020-04-13 18:23:27"}, {"id_message": 31477945283, "message": "Las zanahorias seas 120 calor\u00edas cada dos", "date": "2020-04-13 18:23:39"}, {"id_message": 74028943940, "message": "Tienen un aporte de calor\u00edas las cuales la mitad son buenas", "date": "2020-04-13 18:24:43"}, {"id_message": 37895940415, "message": "Variando el peso y por la cantidad de cm", "date": "2020-04-13 18:25:09"}, {"id_message": 51869167767, "message": "Si ten\u00e9s balanza pesta\u00f1as", "date": "2020-04-13 18:26:33"}, {"id_message": 53297566504, "message": "Repito , es muy relativo", "date": "2020-04-13 18:26:55"}, {"id_message": 1375003372, "message": "Seung las caracter\u00edsticas que vos diste", "date": "2020-04-13 18:27:16"}, {"id_message": 20973793163, "message": "Igual la aplicaci\u00f3n te di\u00f3 muy elevado", "date": "2020-04-13 18:27:31"}, {"id_message": 66210051913, "message": "Quiz\u00e1s por qu\u00e9 es como digo , la aproximaci\u00f3n seg\u00fan lo que la aplicaci\u00f3n estima", "date": "2020-04-13 18:28:01"}, {"id_message": 8582880937, "message": "La naranja cada 100 gr por ejemplo tiene m\u00e1s de 40", "date": "2020-04-13 18:29:09"}, {"id_message": 57793631425, "message": "Y ah\u00ed dice que una naranja tiene 40", "date": "2020-04-13 18:29:49"}, {"id_message": 73944419360, "message": "Noce yo lo digo en base a lo que peso en casa con la balanza", "date": "2020-04-13 18:33:42"}, {"id_message": 60812049790, "message": "En el coraz\u00f3n \ud83d\ude22", "date": "2020-04-14 05:49:06"}, {"id_message": 5068789237, "message": "Yo tambi\u00e9n ma\u00f1ana arranco esta dieta me encant\u00f3", "date": "2020-04-14 08:40:45"}, {"id_message": 50857043040, "message": "Pod\u00e9s comer lo que quieras contando calor\u00edas nada m\u00e1s", "date": "2020-04-14 08:40:58"}, {"id_message": 8711126412, "message": "Yo me restrinjo mucho", "date": "2020-04-14 08:41:07"}, {"id_message": 59851304056, "message": "Pero esa me gust\u00f3", "date": "2020-04-14 08:41:21"}, {"id_message": 22102989594, "message": "Y a verduras no m\u00e1s se me retraso mucho el metabolismo", "date": "2020-04-14 09:02:20"}, {"id_message": 62645609600, "message": "Acelga , xappallo ; berenjena sobre todo", "date": "2020-04-14 09:22:50"}, {"id_message": 45620796430, "message": "Tomate poco u nada mucho no me gusta", "date": "2020-04-14 09:22:58"}, {"id_message": 15618675472, "message": "Mmm no ni idea", "date": "2020-04-14 19:38:24"}, {"id_message": 50933519242, "message": "Perd\u00f3n no anduve bien estos d\u00edas estoy pasando un momento dif\u00edcil y no ten\u00eda muchas ganas de hablar porque soy media cortante", "date": "2020-04-16 22:51:58"}, {"id_message": 83285153423, "message": "Me aisl\u00f3 cuando es asi", "date": "2020-04-16 22:52:17"}, {"id_message": 13221580446, "message": "Mis viejos est\u00e1n lejos por la cuarentena , me siento muy sola ... Tengo una vida de mierda y lastimo siempre las personas que amo", "date": "2020-04-17 10:25:19"}, {"id_message": 47136771965, "message": "\u00daltimamente se me est\u00e1 viniendo el mundo abajo", "date": "2020-04-17 10:25:31"}, {"id_message": 79078855646, "message": "Y noce que hacer", "date": "2020-04-17 10:25:34"}, {"id_message": 43444946145, "message": "M\u00e1s largo y m\u00e1s mierda , pero no quiero aburrir", "date": "2020-04-17 10:25:57"}, {"id_message": 33917155527, "message": "Gracias por el intento", "date": "2020-04-17 16:27:40"}, {"id_message": 81627256510, "message": "Hoy c\u00f3mo andan ustedes ?", "date": "2020-04-17 16:27:46"}, {"id_message": 70610609534, "message": "Alguien tiene m\u00e1s dietas para experimentar ?", "date": "2020-04-21 03:22:06"}, {"id_message": 18405644514, "message": "Si ya te las respond\u00ed", "date": "2020-04-21 06:43:45"}, {"id_message": 8479138533, "message": "No lose \ud83d\ude36", "date": "2020-04-21 06:44:56"}]