[{"id_message": 2018002390, "message": "\u00bf Alguien desea ser mi mentor o mentora ?", "date": "2022-05-24 18:26:12"}, {"id_message": 99438629925, "message": "Pero si desea puede usar splenda o Estevia", "date": "2022-05-24 18:35:24"}, {"id_message": 39265736539, "message": "X2 \ud83e\udd7a", "date": "2022-05-24 19:06:36"}, {"id_message": 30972134559, "message": "Todo esto es super dif\u00edcil me imagino", "date": "2022-05-24 19:20:55"}, {"id_message": 9224378502, "message": "Oh si me imagino :(", "date": "2022-05-24 19:26:28"}, {"id_message": 2269794307, "message": "Yo empec\u00e9 a los 17 con Ana y logre bajar casi llegada a mi meta cuando comenz\u00f3 con la depresi\u00f3n por ser abusada y entonces comenze a comer como loca y subi un mont\u00f3n", "date": "2022-05-24 19:28:23"}, {"id_message": 98625897366, "message": "Y ahora tengo trastorno por atrac\u00f3n", "date": "2022-05-24 19:28:44"}, {"id_message": 7633090968, "message": "Y estoy recuperandome de eso deseo ser Mia", "date": "2022-05-24 19:29:29"}, {"id_message": 40997626543, "message": "Y cuanto pesas ahorita ?", "date": "2022-05-24 19:33:19"}, {"id_message": 57897099910, "message": "Ou ! Estamos igual yo tengo 85", "date": "2022-05-24 19:34:03"}, {"id_message": 3852310635, "message": "Yo pese 60 y mirame ahora", "date": "2022-05-24 19:35:05"}, {"id_message": 78878457335, "message": "Oh ya quisiera yoooooo", "date": "2022-05-24 19:36:24"}, {"id_message": 39738268028, "message": "Oh ya entiendo es que mientras crecemos nuestra vida es m\u00e1s dif\u00edcil", "date": "2022-05-24 19:43:35"}, {"id_message": 32940344915, "message": "Dios mio \ud83d\ude02", "date": "2022-05-24 19:43:52"}, {"id_message": 92951850738, "message": "Es como comer = a no comer", "date": "2022-05-24 19:44:40"}, {"id_message": 84861645922, "message": "Ese es el desayuno de una princesa", "date": "2022-05-24 19:45:07"}, {"id_message": 47957543378, "message": "Es la verdad nenitaaaaa", "date": "2022-05-24 19:45:55"}, {"id_message": 51466654961, "message": "Llevar la comida al tu habitaci\u00f3n y luego votarla", "date": "2022-05-24 19:46:41"}, {"id_message": 28095185074, "message": "Tambi\u00e9n fingir masticar y echarla en la cerbilletas", "date": "2022-05-24 19:47:45"}]