[{"id_message": 26778083241, "message": "C\u00f3mo van esos entrenamientos", "date": "2022-10-18 19:10:52"}, {"id_message": 65246615041, "message": "C\u00f3mo van esas m\u00e1quinas del Gym", "date": "2022-10-21 11:54:10"}, {"id_message": 96346859993, "message": "Qu\u00e9 tal van sus resultados entrenado ?", "date": "2022-10-25 11:34:04"}, {"id_message": 30222951281, "message": "Ustedes entrenan de manera cl\u00e1sica de 4 series de 10-12 repeticiones ?", "date": "2022-10-25 13:46:53"}, {"id_message": 58165642109, "message": "Jajajajajja meti\u00e9ndole cada d\u00eda ! !", "date": "2022-10-28 02:14:04"}, {"id_message": 13076027488, "message": "Amigo c\u00f3mo comentario , el error es que est\u00e1s llevando hacia atr\u00e1s la Mancuerna , es un erro habitual , la Mancuerna debe subir hacia las costillas , es como un jal\u00f3n , la espalda jam\u00e1s recta en 180 grados , siempre debe estar levemente hacia arriba . Anda alternando con remo con barra y dominadas y tendr\u00e1s buenos resultados", "date": "2022-10-28 22:15:36"}, {"id_message": 64962690351, "message": "Y t\u00fa cuantas series haces por ejercicio por d\u00eda ?", "date": "2022-10-30 14:54:06"}, {"id_message": 94940132708, "message": "JAM\u00c1S consumas quemadores , pastillas m\u00e1gicas etc", "date": "2022-11-01 12:38:53"}, {"id_message": 20363843880, "message": "Ideal 6 comidas al d\u00eda Desayuno Merienda Almuerzo Merienda Once merienda", "date": "2022-11-01 12:40:03"}, {"id_message": 54163082945, "message": "Otro cl\u00e1sico \u2026 para que las mujeres logren tener uno gl\u00fateos fuertes , grandes y formados \u2026 que se debe hacer \u2026 Hay muchas formas de lograrlo pero depender\u00e1 de cada persona la Manera en c\u00f3mo aplicar Es por eso que las rutinas de otros no siento sirven , pueden servir como pauta , no como biblia", "date": "2022-11-01 12:59:02"}, {"id_message": 78302585204, "message": "Cuando entiendas eso ir\u00e1s por mejor camino", "date": "2022-11-01 13:12:03"}, {"id_message": 98903177284, "message": "Yo siempre quise tener mejor rendimiento f\u00edsico y eso me llevo a ir desarrollando m\u00fasculo", "date": "2022-11-01 13:13:01"}, {"id_message": 5058531777, "message": "Ahora la verdad me siento s\u00faper bien", "date": "2022-11-01 13:13:11"}, {"id_message": 83771343120, "message": "Me gusta como estoy", "date": "2022-11-01 13:13:31"}, {"id_message": 56264243382, "message": "Unos amigos me Dicen porque no tomo batidos de prote\u00ednas o similares , y la verdad no me interesa", "date": "2022-11-01 13:14:09"}, {"id_message": 60910706387, "message": "No entend\u00ed qu\u00e9 quisiste decir", "date": "2022-11-01 13:21:57"}, {"id_message": 77351195378, "message": "Yo solo movilidad articular y entro en calor con cada ejercicios", "date": "2022-11-01 13:33:51"}, {"id_message": 82616109662, "message": "Es una forma de decir pero la Verdad da igual cual sea , si uno mas u otro menos , hay que entrenar duro ! !", "date": "2022-11-01 22:21:34"}, {"id_message": 41386595545, "message": "Qu\u00e9 se entreno hoy ?", "date": "2022-11-03 02:12:24"}, {"id_message": 51365414406, "message": "Reci\u00e9n me hice 6 huevos revueltos", "date": "2022-11-05 02:48:56"}, {"id_message": 95066260073, "message": "Y avena con yogurt", "date": "2022-11-05 02:49:02"}, {"id_message": 57081950158, "message": "No es lo mismo amigo , son cosas diferentes", "date": "2022-11-09 05:31:04"}]