[{"id_message": 86738192931, "message": "Hola soy nueva ... q opinais de herbalife ?", "date": "2019-03-12 21:56:02"}, {"id_message": 90815644126, "message": "A ver es q estoy pensando en hacer un programa con herbalife pero queria saber donde me meto y si merece la pena ...", "date": "2019-03-12 21:59:21"}, {"id_message": 45985058472, "message": "No no lo decia por lo del spam ... a ver q solo pregunto", "date": "2019-03-12 22:00:52"}, {"id_message": 9981170517, "message": "Voy a hacer una dieta y ejercicios , me hablaron de herbalife pero no me convence porque yo y los batidos ... casi q no pero parece q tienes q tomarlos para adelgazar y tonificar ...", "date": "2019-03-12 22:03:13"}, {"id_message": 78076250120, "message": "A ver no estoy gorda pero me gustaria perder 4-5 kg", "date": "2019-03-12 22:06:32"}, {"id_message": 29499865156, "message": "Ya ... teniendo hijos es dificil resistirte al chocolate q se dejan y chuches ...", "date": "2019-03-12 22:08:07"}, {"id_message": 71407990465, "message": "Ya ... a ver , hare alguna dieta completa pero baja en calorias ... me pierde la pasta y el arroz pero habra q restringir", "date": "2019-03-12 22:09:22"}, {"id_message": 58036703579, "message": "Ya ... bueno iremos informando \ud83d\udcaa\ud83c\udffb \ud83d\udcaa\ud83c\udffb \ud83d\udcaa\ud83c\udffb \ud83d\udcaa\ud83c\udffb", "date": "2019-03-12 22:12:11"}, {"id_message": 63725502045, "message": "Dejo operacion bikini para el a\u00f1o q viene ...", "date": "2019-05-12 23:00:19"}, {"id_message": 49064694438, "message": "Dejo operacion bikini porque estoy pre\u00f1aa \ud83e\udd30\ud83c\udffb \ud83e\udd30\ud83c\udffb", "date": "2019-05-19 21:19:52"}, {"id_message": 58463793681, "message": "Ahora a cuidarme y engordar ... madremia ...", "date": "2019-05-19 21:20:25"}, {"id_message": 51936228540, "message": "Si si eso esperamos ! ! Da igual macho o hembra ...", "date": "2019-05-19 21:21:10"}, {"id_message": 46460996097, "message": "Algo de ejercicio hare ... montaba a caballo \ud83d\ude2d \ud83d\ude2d \ud83d\ude2d", "date": "2019-05-19 23:38:27"}, {"id_message": 98466599097, "message": "Y ahora hasta febrero no podre ... \ud83e\udd26\u200d\u2640 \ufe0f", "date": "2019-05-19 23:38:44"}, {"id_message": 17938788574, "message": "En fin caminar y lumbares q ya me tiraban con mi otra hija ...", "date": "2019-05-19 23:39:08"}, {"id_message": 15166791043, "message": "Lo q pasa es q esta vez estoy como 3 veces mas agotada q con la anterior ...", "date": "2019-05-19 23:39:46"}]