[{"id_message": 63698155385, "message": "Holaa , porfin un grupo de esto lo eh buscado por a\u00f1os , antes era bul\u00edmica , despu\u00e9s deje de vivir con mi familia ahora sub\u00ed de peso los \u00faltimos 5 a\u00f1os sub\u00ed hasta 60kg ahorita de nuevo estoy en proceso de ok que nunca termine , todos los d\u00edas hago ayuno intermitente y no ceno y en comida solo trato de servirme en un plato peque\u00f1o y agua mi objetivo 48kg peso actual 56", "date": "2020-04-19 17:12:19"}, {"id_message": 31744066819, "message": "Algo que me recomienden para hacerlo m\u00e1s r\u00e1pido ?", "date": "2020-04-19 17:12:38"}, {"id_message": 65124981118, "message": "Muchas gracias me servir\u00e1 mucho", "date": "2020-04-19 17:20:23"}, {"id_message": 75191412112, "message": "Y cuando rompen la dieta ?", "date": "2020-04-19 17:21:06"}, {"id_message": 22742133463, "message": "Aveces me obligan a desayunar", "date": "2020-04-19 17:21:29"}, {"id_message": 70595406439, "message": "Al principio es un martirio el ayuno pero despu\u00e9s tu cuerpo se acostumbra", "date": "2020-04-19 17:27:15"}, {"id_message": 66206823848, "message": "El ayuno ya tengo mucho haci\u00e9ndolo", "date": "2020-04-19 17:27:45"}, {"id_message": 69474579926, "message": "Y c\u00f3mo la est\u00e1s pasando ?", "date": "2020-04-19 17:28:25"}, {"id_message": 8544211681, "message": "Ayer igual cen\u00e9 pizza y hoy me siento mal pero no puedo vomitar estoy acompa\u00f1ada todo el tiempo", "date": "2020-04-19 17:36:09"}, {"id_message": 86703593401, "message": "Jaja \ud83d\ude13", "date": "2020-04-19 17:37:03"}, {"id_message": 91492396185, "message": "A qu\u00e9 hora se har\u00e1n las preguntas ? ?", "date": "2020-04-20 16:02:43"}]