[{"id_message": 76922888025, "message": "\ud83d\udc4f\ud83c\udffb \ud83d\udc4f\ud83c\udffb \ud83d\udc4f\ud83c\udffb", "date": "2021-02-01 16:34:22"}, {"id_message": 27880046082, "message": "Cierto que por all\u00e1 est\u00e1n en la comida , pues compartirla tambi\u00e9n \ud83d\udc4d\ud83c\udffc", "date": "2021-02-01 16:36:10"}, {"id_message": 46826131423, "message": "\ud83d\udc4f\ud83c\udffb \ud83d\udc4f\ud83c\udffb \ud83d\udc4f\ud83c\udffb \ud83d\udc4f\ud83c\udffb \ud83d\ude0b \ud83d\ude0b \ud83d\ude0b", "date": "2021-02-05 17:47:56"}, {"id_message": 58818052062, "message": "A mi me gust\u00f3 el del aguacate , por que nunca se cuando est\u00e1n buenos para comprar jejejeje \ud83d\ude04", "date": "2021-02-08 19:27:09"}, {"id_message": 88971988242, "message": "\ud83d\udc4f\ud83c\udffb \ud83d\udc4f\ud83c\udffb \ud83d\udc4f\ud83c\udffb \ud83d\udc4f\ud83c\udffb", "date": "2021-02-13 19:25:26"}, {"id_message": 17328322573, "message": "Genial ! ! ! gracias por compartirlo \ud83d\ude18 \ud83d\ude18 \ud83d\ude18 \ud83d\udc4f\ud83c\udffb \ud83d\udc4f\ud83c\udffb \ud83d\udc4f\ud83c\udffb", "date": "2021-02-15 17:19:39"}, {"id_message": 83478715898, "message": "\ud83d\ude02 \ud83d\ude02 \ud83d\ude02 a tomar agua entonces jajajaja", "date": "2021-02-16 19:16:07"}, {"id_message": 86174311287, "message": "Si , a ver si puedo compartir el enlace de Youtube \ud83d\udc4d\ud83c\udffc", "date": "2021-03-19 18:14:35"}, {"id_message": 87180657667, "message": "Dato importante \ud83d\udc4d\ud83c\udffb", "date": "2021-03-23 08:32:51"}, {"id_message": 94211671462, "message": "\ud83d\udc4f\ud83c\udffb \ud83d\udc4f\ud83c\udffb \ud83d\udc4f\ud83c\udffb \ud83d\udc4f\ud83c\udffb \ud83d\ude18", "date": "2021-05-08 14:57:14"}, {"id_message": 45612671566, "message": "Aqu\u00ed estamos y la que no se anime a escribir en el chat , puede escribirme por privado , que para eso estamos , para ayudarnos a tener mejor salud \ud83d\ude09 \ud83d\ude18", "date": "2021-05-08 14:58:54"}, {"id_message": 20796376395, "message": "Mi reina , el t\u00e9 verde lo puedes comprar en cualquier herbolario , o en los supermercados \ud83d\udc4d\ud83c\udffb yo uso en hebras por que sabe m\u00e1s rico que el que viene en saquitos \u263a \ufe0f \ud83d\ude09", "date": "2021-05-14 19:42:13"}, {"id_message": 43394613503, "message": "Es un pan a la taza , con harina de almendra , pero se puede hacer con harina de coco tambi\u00e9n . En una taza de boca ancha o un bowl para microondas , poner 2 huevos , una cucharadita de polvo Royal , dos o tres cucharadas de harina de almendra , escencia de vainilla y stevia a gusto , mezclar todo y llevarlo al microondas 3 min o 3min y medio , depende cada micro y listo , a disfrutar \ud83d\ude0b \ud83d\ude0b \ud83d\ude0b Por encima le echo mermelada de fresa casera sin az\u00facar \ud83d\udc4f\ud83c\udffb \ud83d\udc4f\ud83c\udffb \ud83d\udc4f\ud83c\udffb", "date": "2021-05-20 19:56:44"}, {"id_message": 60927965909, "message": "Gracias mi Shelly \ud83d\ude18", "date": "2021-05-21 17:02:07"}, {"id_message": 94581699753, "message": "Gracias por preguntar Lili \ud83d\ude18", "date": "2021-06-07 19:03:04"}, {"id_message": 40292322984, "message": "Espero que ma\u00f1ana me acompa\u00f1en ! ! ! as\u00ed charlamos de cositas varias sobre esta nueva alimentaci\u00f3n \ud83d\udcaa\ud83c\udffb \ud83d\udcaa\ud83c\udffb \ud83d\ude18", "date": "2021-06-07 19:03:33"}, {"id_message": 97496970671, "message": "Los acabo de hacer con salchichas dentro y est\u00e1n RIQU\u00cdSIMOS ! ! ! super r\u00e1pido y f\u00e1ciles , mis hijos me est\u00e1n pidiendo m\u00e1s jejejeje \ud83d\ude01 \ud83d\ude02", "date": "2021-06-14 21:28:46"}, {"id_message": 79714416220, "message": "\ud83d\ude01 \ud83d\ude18", "date": "2021-06-25 22:00:34"}, {"id_message": 52268327444, "message": "\ud83d\ude18 \ud83d\ude18 \ud83d\ude18", "date": "2021-06-28 21:02:57"}, {"id_message": 13881257939, "message": "Te escribo por privado \ud83d\udc4d\ud83c\udffc", "date": "2021-07-04 04:41:41"}, {"id_message": 39613793831, "message": "Muy buen\u00edsimos d\u00edas ! ! ! \ud83d\ude04 Vamos a mover esos cuerpos ! ! ! \ud83d\udc83 \ud83d\udd7a \ud83c\udfc3\u200d\u2642 \ud83c\udfc3\u200d\u2640", "date": "2021-07-14 09:10:43"}, {"id_message": 89137785140, "message": "Genial Noris , te mando en un rato por privado , la lista de la compra , y los men\u00fa de los 3 d\u00edas \ud83d\ude09", "date": "2021-07-17 13:48:30"}, {"id_message": 95392097066, "message": "Noris escr\u00edbeme por mi diretc de Instagram , que por aqu\u00ed no me deja mand\u00e1rtelo \ud83d\udc4d Estoy como @USERle \ud83d\ude09", "date": "2021-07-17 18:53:16"}, {"id_message": 58914562866, "message": "Voy \ud83d\udc4d\ud83c\udffc", "date": "2021-07-23 13:28:53"}, {"id_message": 65002273590, "message": "La mermelada de manzana es para que mis hijos no coman las procesadas \u261d \ufe0f\ud83c\udffc \u263a \ufe0f \ud83d\ude0b \ud83d\ude18 \ud83c\udf53 \ud83c\udf52", "date": "2021-07-30 14:35:46"}, {"id_message": 72915977791, "message": "\ud83d\ude18 \ud83c\udf53 \ud83c\udf52", "date": "2021-07-30 16:58:21"}, {"id_message": 83259349408, "message": "Gracias Sonia , valoro much\u00edsimo cuando ustedes se conectan a los directos , besos y a seguir adelante \ud83d\udcaa\ud83c\udffb \ud83d\udcaa\ud83c\udffb \ud83d\udcaa\ud83c\udffb \ud83d\ude18 \ud83c\udf53 \ud83c\udf52", "date": "2021-08-04 22:33:08"}, {"id_message": 35500312256, "message": "Gracias loca \ud83d\ude18 vos ten\u00e9s mucho que ve , sin duda , y Adry \ud83d\ude18 \ud83c\udf53 \ud83c\udf52", "date": "2021-08-05 01:28:51"}, {"id_message": 10541056205, "message": "Que nunca falten \u261d \ufe0f\ud83c\udffc \ud83d\udc4f\ud83c\udffb \ud83d\udc4f\ud83c\udffb", "date": "2021-09-02 15:55:36"}, {"id_message": 47211976475, "message": "Quien la haga , mande fotos y comparta \ud83d\udc4f\ud83c\udffb \ud83d\udc4f\ud83c\udffb \ud83d\udc4f\ud83c\udffb \ud83d\ude18", "date": "2021-09-23 13:09:06"}, {"id_message": 71482802797, "message": "Hola chicas , empezamos el lunes 27 , les pasar\u00eda un enlace para que se unan a un grupo , s\u00f3lo para este reto de 5 d\u00edas y cada d\u00eda mandar\u00e9 un enlace de Youtube con una rutina a ese grupo .", "date": "2021-09-25 00:29:29"}, {"id_message": 32185585731, "message": "Si se quieren unir , basta con darle click al enlace que mande \ud83d\ude09", "date": "2021-09-25 00:29:54"}, {"id_message": 78231817975, "message": "Bravo Shelly ! ! ! \ud83e\udd73 \ud83d\udc4f\ud83c\udffb \ud83d\udc4f\ud83c\udffb \ud83d\udc4f\ud83c\udffb", "date": "2021-09-27 20:04:52"}, {"id_message": 19153698213, "message": "\ud83d\udc4f\ud83c\udffb \ud83d\udc4f\ud83c\udffb \ud83d\udc4f\ud83c\udffb \ud83d\ude18", "date": "2022-01-18 00:14:47"}, {"id_message": 48355919208, "message": "Hola Bety , lechuga con huevo si , pero de noche mejor no , por que la lechuga es muy Inflamatoria , y por la noche suele dar sensaci\u00f3n de hinchaz\u00f3n . Aceite de ma\u00edz , mejor no , otras opciones como el Aceite de oliva , girasol o el de coco , son mejores . Y la mayonesa si es casera si se puede , el que no la sepa hacer , hay un videito m\u00edo por ah\u00ed , haci\u00e9ndola jeje y si viven en Europa , la marca Musa , que venden en el supermercado , no trae az\u00facar \ud83d\ude09", "date": "2022-01-27 10:11:47"}, {"id_message": 71178954479, "message": "Recuerden que todo lo que tiene trigo , arroz , avena y ma\u00edz , es altamente inflamatorio , cada uno sabe que y cu\u00e1nto consumir , obviamente esto es un consejo , cada cuerpo es un mundo \ud83d\ude0a \ud83d\ude09 \ud83d\ude18", "date": "2022-01-27 10:13:01"}, {"id_message": 78981027044, "message": "Interesante \ud83d\udc46\ud83c\udffb y nos la venden como la mejor \ud83e\udd26\ud83c\udffb\u200d\u2640 \ufe0f", "date": "2022-02-15 09:36:35"}, {"id_message": 76147577475, "message": "Al mortero donde est\u00e1n los ajos , agregamos las almendras , unos granos de comino ( cuidado con excederse , puede amargar la comida ) , y machacamos o majamos bien , luego podemos agregar un chorrito de agua , removemos y a\u00f1adimos a la sart\u00e9n . Tapamos bien la sart\u00e9n y conservamos el fuego a fuego medio alto 30 a 35 minutos , revolviento de tanto en tanto .", "date": "2022-02-18 19:24:21"}, {"id_message": 41140166604, "message": "A la yema del huevo que hervimos , la vamos a aplastar con un tenedor , le a\u00f1adimos perejil fresco picado , un chorrito de caldo y mezclamos . Finalmente a\u00f1afimos l pollo y dejamos sin tapar , hasta que el caldo se consuma a menos de la mitad y quede convertido en una salsa cremosa .", "date": "2022-02-18 19:24:32"}, {"id_message": 24415574929, "message": "Ante usar otro con m\u00e1s az\u00facar , si se puede . Aunque si el objetivo es bajar de peso , mejor al principio no usar nada o de \u00faltima instancia , uno de 90 % o 100 % mejor , que lo puedes endulzar o rebajar un poquito con eritritol \ud83d\ude09 \ud83d\ude0b \ud83d\ude18", "date": "2022-02-21 13:23:05"}, {"id_message": 11578449296, "message": "Hola Lucero , todo depende que tipo de alimentaci\u00f3n est\u00e1s haciendo , si haces la est\u00e1ndar que recomienda el sistema nutricional son 5 comidas al d\u00eda , aunque en este canal no lo recomendamos . Obviamente cada uno es libre de hacer con su cuerpo lo que quiera jejejeje . Si haces una alimentaci\u00f3n baja en carbohidratos , seguramente no comas m\u00e1s de 3 veces al d\u00eda y ya si haces alimentaci\u00f3n cetogenica , pues con una o dos veces te ser\u00e1 suficiente . Pero , repito , todo depende que Alimentaci\u00f3n est\u00e9s haciendo \ud83d\udc4d\ud83c\udffc", "date": "2022-02-24 01:42:05"}, {"id_message": 23069728953, "message": "Por el tema de la materia prima se que es complicado , pero si hablamos de alimentaci\u00f3n cetogenica , no es muy complicado conseguir carne , queso , huevos y verduras de hojas verdes , por las grasas saludables , pues s\u00ed que es complicado conseguir algunas cosas , pero no es imposible \ud83d\udc4d\ud83c\udffc", "date": "2022-02-24 02:19:52"}, {"id_message": 19721468555, "message": "Para el tema de ideas en el grupo espec\u00edfico de KetoLocas se comparten durante la Semana , a veces dulces , a veces salada , pero si las pides por ah\u00ed , seguro algo te comparten \ud83d\udc4d\ud83c\udffc Hoy compartieron una crema de calabaza casera riqu\u00edsima \ud83d\ude0b", "date": "2022-02-24 02:23:52"}, {"id_message": 41886171282, "message": "Siiiii es buen\u00edsimo para resetear el metabolismo , pero tiene que estar acompa\u00f1ado de una alimentaci\u00f3n saludable , no significa que en las horas que comes , le dar\u00e1s a tu cuerpo cualquier cosa \ud83d\ude09 \ud83d\udc4d\ud83c\udffc", "date": "2022-02-24 15:12:01"}, {"id_message": 64563967469, "message": "Si quieres un seguimiento personalizado escr\u00edbeme por IG @USERle \ud83d\ude09 \ud83d\ude18", "date": "2022-02-24 15:12:49"}, {"id_message": 800340361, "message": "As\u00ed es ! ! ! peque\u00f1os cambios que nos llevan al gran cambio que necesitamos \ud83d\udcaa\ud83c\udffc \ud83d\udcaa\ud83c\udffc \ud83d\udcaa\ud83c\udffc \ud83d\udcaa\ud83c\udffc \ud83d\udc4f\ud83c\udffb \ud83d\udc4f\ud83c\udffb \ud83d\udc4f\ud83c\udffb \ud83d\udc4f\ud83c\udffb \ud83d\udc4f\ud83c\udffb", "date": "2022-03-01 21:37:30"}, {"id_message": 99225560313, "message": "\ud83d\ude09 \ud83d\udc4d\ud83c\udffc", "date": "2022-03-24 00:45:06"}]