[{"id_message": 77195229985, "message": "Y cuando me refiero al az\u00facar de fruta no me refiero a fructosa a\u00f1adida aparte \" la fructosa tb est\u00e1 en otros alimentos que no son frutas \" me refiero al az\u00facar que ya tiene el tipo de fruta que se utilice", "date": "2019-03-04 14:07:18"}, {"id_message": 77989453715, "message": "Es de buena calidad", "date": "2019-03-04 14:08:48"}, {"id_message": 62402729690, "message": "Ah y sobre la canela no interfiere como podr\u00e9is deducir", "date": "2019-03-04 14:16:11"}, {"id_message": 17517055925, "message": "por fin ya termin\u00e9 este jodido video", "date": "2019-03-05 15:08:36"}, {"id_message": 54730311759, "message": "me ha costado horrores terminarlo por falta de tiempo", "date": "2019-03-05 15:08:44"}, {"id_message": 99616060543, "message": "pues ten\u00eda algo de reparo que no fuese demasiada chapa para un suplemento", "date": "2019-03-05 22:11:22"}, {"id_message": 61322109899, "message": "gracias me alegra mucho que te guste", "date": "2019-03-05 22:11:50"}, {"id_message": 50104079483, "message": "adem\u00e1s que el col\u00e1geno el magnesio y si se le a\u00f1ade vitamina C hace que todav\u00eda sea m\u00e1s f\u00e1cilmente absorbible", "date": "2019-03-05 22:16:23"}, {"id_message": 46803078339, "message": "ya sab\u00e9is cuando tom\u00e9is col\u00e1geno siempre que sea con Vit C", "date": "2019-03-05 22:19:36"}, {"id_message": 15030806025, "message": "Toca pasar por la cocina", "date": "2019-03-06 22:00:39"}, {"id_message": 90658262517, "message": "y por qu\u00e9 crees que es", "date": "2019-03-09 18:19:04"}, {"id_message": 42022776594, "message": "a mi enfrentamientos no me mola", "date": "2019-03-10 11:03:34"}, {"id_message": 32272136807, "message": "que si alguien tiene dudas de lo que digo yo lo demuestro sin problemas", "date": "2019-03-10 11:03:51"}, {"id_message": 30584818063, "message": "a partir de la p\u00e1gina 17 lo pod\u00e9is comprobar", "date": "2019-03-10 11:10:23"}, {"id_message": 29493815208, "message": "bueno , vuelvo al redil de estudio", "date": "2019-03-17 13:50:18"}, {"id_message": 72775351252, "message": "nada Liz dale ca\u00f1a a esa tabla", "date": "2019-03-17 13:50:40"}, {"id_message": 53522083036, "message": "Los indios son la ca\u00f1a", "date": "2019-03-17 17:22:33"}, {"id_message": 51616069150, "message": "Ten ojo con los aductores suelen dar muchos problemas no dudes en ir a que te den un buen repaso , mientras haz ejercicios para el suelo pelvico . Te ayudar\u00e1", "date": "2019-03-19 17:28:41"}, {"id_message": 39483362041, "message": "Lo que me flipan las torrijas", "date": "2019-03-23 14:17:18"}, {"id_message": 8770835845, "message": "Pero ah\u00ed faltan las de fumar", "date": "2019-03-23 16:26:41"}, {"id_message": 85743483216, "message": "Camela - Sue\u00f1o contigo \" lo m\u00e1s motivante \"", "date": "2019-04-24 21:04:44"}, {"id_message": 64991315116, "message": "cuidado que luego se puede hipertrofiar", "date": "2019-04-25 18:04:15"}, {"id_message": 10172712002, "message": "yo prefiero hacerlas hasta que se caigan los brazos , tener hipoglucemias y romper la m\u00e1quina del gimnasio", "date": "2019-04-26 12:31:09"}, {"id_message": 65609230014, "message": "a mi me pas\u00f3 haciendo antebrazo una vez", "date": "2019-04-26 12:31:52"}, {"id_message": 30938853352, "message": "esta , es la teor\u00eda que m\u00e1s se acepta a d\u00eda de hoy", "date": "2019-04-28 12:48:23"}, {"id_message": 26222654729, "message": "di que si ! la San Miguel que no falte", "date": "2019-04-28 13:34:52"}, {"id_message": 17187736105, "message": "las otras dos pel\u00edculas , ten\u00edan ritmo , gracia , y aunque hab\u00edan momentos as\u00ed un poco cuchi dramas , eran m\u00e1s pasables", "date": "2019-05-12 17:10:04"}, {"id_message": 49165918984, "message": "lo acabo de ver", "date": "2019-05-12 17:36:53"}, {"id_message": 80638130499, "message": "tiene pinta de divertida", "date": "2019-05-12 17:37:13"}, {"id_message": 17387963371, "message": "aunque lo han advertido", "date": "2019-05-12 17:37:35"}, {"id_message": 95924236356, "message": "Es m\u00e1s , intenta aplicar estos ejercicios que te voy a poner a esa m\u00e1quina , ser\u00edan derivados de bosu y otros", "date": "2019-05-24 17:47:49"}, {"id_message": 69737049591, "message": "A mi naturo me gust\u00f3 , no s\u00e9 cu\u00e1ntos a\u00f1os estuve leyendo el manga pero han sido unos cuantos , y conforme avanzaba me gustaba m\u00e1s", "date": "2019-05-29 20:57:43"}, {"id_message": 81566512815, "message": "cuando se me cierren los ojos vuelvo", "date": "2019-06-06 00:51:30"}, {"id_message": 64964657370, "message": "Un az\u00facar no deja de ser un az\u00facar , y lo que tapa no es la leche en s\u00ed , es que lleva una cantidad importante de az\u00facares y grasas , pero como alimento para cuadrar macros en dietas con gente que no tenga problemas a la lactosa y sabiendo integrarla bien no debe", "date": "2022-11-03 12:27:15"}, {"id_message": 65683385442, "message": "Ni debe de haber ning\u00fan tipo de problema con a\u00f1adir leche y a\u00fan menos derivados de la leche ya que estos tienen componentes tan importantes como el calcio mucho m\u00e1s biodisponibles que la leche", "date": "2022-11-03 12:28:07"}, {"id_message": 77208036976, "message": "Todo tiene un contexto , y hay momentos en los que se necesitan az\u00facares con m\u00e1s IG y otros momentos con menos , pero no significa que por llevarlos sean malos", "date": "2022-11-03 14:32:17"}, {"id_message": 4433622050, "message": "eso fue en extremadura", "date": "2022-11-19 20:00:10"}, {"id_message": 12187469963, "message": "Pero preg\u00fantate tb a ti mismo si has hecho algo para cambiar las cosas que no ves justas", "date": "2022-11-20 14:46:33"}, {"id_message": 8375444859, "message": "Por eso no prospera nada", "date": "2022-11-20 14:46:56"}, {"id_message": 9109467038, "message": "Porque tenemos reparos por lo que piensen ?", "date": "2022-11-20 14:47:09"}, {"id_message": 71404822485, "message": "As\u00ed que en vez de quejarnos , hay que ponerse manos a la obra para cambiarlo", "date": "2022-11-20 14:47:44"}, {"id_message": 24020646227, "message": "por eso le hice este v\u00eddeo", "date": "2022-11-21 18:33:06"}, {"id_message": 45984700282, "message": "pero Clarida no veo que lo tenga en la parte inferior del pecho", "date": "2022-12-21 20:39:37"}, {"id_message": 66712547620, "message": "lo explico en el v\u00eddeo", "date": "2022-12-21 20:39:41"}, {"id_message": 47726708595, "message": "Lo de Mens physique me parece casi igual que wellness o bikini", "date": "2022-12-21 20:44:25"}, {"id_message": 90204595938, "message": "estaban puntuando a gente muy musculada y ahora , \u00a1 zas ! ya es otro criterio", "date": "2022-12-21 20:44:57"}, {"id_message": 91407894563, "message": "as\u00ed que mientras no clarifiquen eso , es una loter\u00eda", "date": "2022-12-21 20:45:08"}, {"id_message": 48513845773, "message": "en la normativa de classic tienen un margen dependiendo de la altura", "date": "2022-12-21 20:52:42"}, {"id_message": 6520989210, "message": "a m\u00e1s altura m\u00e1s margen de kg", "date": "2022-12-21 20:52:47"}, {"id_message": 63540713669, "message": "y si te fijas en el pesaje , ni siquiera le aprietan el pelo", "date": "2022-12-21 20:53:01"}]