[{"id_message": 4984908774, "message": "Yo adelgazo abdomen , piernas , cara , espalda etc , pero mis brazos siguen estando gordos . Hago ejercicios para afinarlos , pero siento que despues de que subi de peso , ahora me van a quedar con piel sobrante siempre T_T por qu\u00e9 me descuid\u00e9 .", "date": "2022-03-19 12:19:09"}, {"id_message": 52149915424, "message": "Imaginate tener esa cintura", "date": "2022-03-21 03:12:39"}, {"id_message": 66792779419, "message": "Solo decirles que esta es mi 7ma semana sin atracones y hoy me compre unos pantalones una talla menos . Ahora m\u00e1s que nunca debo seguir para que todo me quede grande y no volver nunca atr\u00e1s", "date": "2022-03-24 22:38:22"}, {"id_message": 1879051236, "message": "No ha sido f\u00e1cil , pero el \u00e9xito no es f\u00e1cil", "date": "2022-03-24 22:38:54"}, {"id_message": 24292886862, "message": "Hay muchos tips tienes que buscar en este mismo canal hacia arriba , hay ejercicios y muuuchos tips", "date": "2022-03-25 01:26:10"}, {"id_message": 63081963131, "message": "Mucha determinaci\u00f3n , ver thinspo y salir a cualquier parte para no comer . Adem\u00e1s bote todas las comidas basura que ten\u00eda en casa , me hago mi propio pan integral y solo me como una rebanada diaria . Mucho te y mucha agua", "date": "2022-03-26 00:02:42"}, {"id_message": 60841721869, "message": "Empieza a moverte de a poco , sal a caminar cuando quieras comer , baila o si tienes energ\u00eda suficiente has ejercicio . Pero no te mates o al dia siguiente no querr\u00e1s moverte m\u00e1s", "date": "2022-03-31 15:29:55"}, {"id_message": 86855911855, "message": "Si te cuesta bajar es pq tu metabolismo esta estancado , por lo que necesitas moverte m\u00e1s , tomar agua , caf\u00e9 y comer alimentos ricos en fibra .", "date": "2022-03-31 15:30:47"}, {"id_message": 84187168484, "message": "Elimina los alimentos que te produzcan atracones , botalos a la basura si puedes . Si te pregunta alguien di que es pq quieres comer m\u00e1s sano y llenas la casa de frutas y verduras que te gusten", "date": "2022-03-31 15:31:55"}, {"id_message": 75807823549, "message": "Cuidado con los envasados que traen productos que nos hacen sentir que no.podemos parar de comer , como el glutamato de sodio y el az\u00facar", "date": "2022-03-31 15:32:54"}, {"id_message": 65703482457, "message": "Revisa muy bien las etiquetas , porque aunque diga light o zero , a veces tienen estos ingredientes que nos gatillan a comer de mas", "date": "2022-03-31 15:33:30"}, {"id_message": 99579771158, "message": "El az\u00facar lo disfrazan de jarabe de glucosa , sirve , concentrado de jugo de frutas , fructosa", "date": "2022-03-31 15:34:34"}, {"id_message": 48630811325, "message": "Perd\u00f3n el autocorrector jajaj", "date": "2022-03-31 15:34:52"}, {"id_message": 44669084824, "message": "Y si ya notas que por m\u00e1s que lo intentas no puedes bajar , deber\u00edas examinarte la tiroides", "date": "2022-03-31 15:40:55"}, {"id_message": 70532178094, "message": "Estoy tan contenta , siempre he sido de muslos gruesos y ahora tengo thig gap al fin \ud83e\udd7a aun me queda por bajar y tengo tanto miedo de atracarme , puedo saberme todos los tips pero todas sabemos que en ese momento se nos nubla el juicio y comemos como si no tuvi\u00e9ramos ma\u00f1ana . Espero que en esta semana que estar\u00e9 premenstrual pueda mantenerme enfocada . Manden fuerza de voluntad", "date": "2022-03-31 19:38:53"}, {"id_message": 56483090785, "message": "Nooooo \ud83d\ude1e mucho az\u00facar , mejor com\u00e9rselas en su forma completa , m\u00e1s fibra y m\u00e1s saciedad .", "date": "2022-04-05 13:14:08"}]