[{"id_message": 89597188435, "message": "Trabajo en todo lo q me sale", "date": "2018-06-18 13:32:00"}, {"id_message": 65722374350, "message": "Me da igual campo construcci\u00f3n de todo", "date": "2018-06-18 13:32:13"}, {"id_message": 21931802519, "message": "Me prepare para cosas sin suerte", "date": "2018-06-18 13:32:47"}, {"id_message": 20643780406, "message": "Lo que est\u00e1 claro estos tiempo favorecen y han venido bien al que tiene al q no nos q matado", "date": "2018-06-18 13:33:15"}, {"id_message": 14377322656, "message": "Pero orgulloso de ser como soy de trabajar de lo que sea por un sueldo", "date": "2018-06-18 13:33:40"}, {"id_message": 75864749253, "message": "Si lo es Lu si mira en Espa\u00f1a", "date": "2018-06-18 13:34:04"}, {"id_message": 6537950839, "message": "Los pobres son m\u00e1s pobres y m\u00e1s pobreza", "date": "2018-06-18 13:34:16"}, {"id_message": 1662144394, "message": "Y los ricos cada vez lo son m\u00e1s y en \u00e9poca de crisis", "date": "2018-06-18 13:34:30"}, {"id_message": 2204215357, "message": "T\u00fa q te dedicas a encuestas lo ten\u00edas q saber q es asi", "date": "2018-06-18 13:34:43"}, {"id_message": 52422938136, "message": "De q son m\u00e1s ricos los ricos en \u00e9poca de crisis y lo pobres y la pobreza m\u00e1s ?", "date": "2018-06-18 13:35:41"}, {"id_message": 86486291870, "message": "Te lo explico creo q eres una chica lista para saber de q", "date": "2018-06-18 13:35:57"}, {"id_message": 23100587616, "message": "Pero esta crisis al q tiene le vino ole", "date": "2018-06-18 13:36:49"}, {"id_message": 52024270453, "message": "Compro las cosas m\u00e1s baratas como las casas y todo", "date": "2018-06-18 13:37:05"}, {"id_message": 37313009926, "message": "Aprovecharon de las necesidades de los trabajadores para pagarlos menos y m\u00e1s horas", "date": "2018-06-18 13:37:39"}, {"id_message": 56035860142, "message": "Estudi\u00e9 soy t\u00e9cnico en imagen y sinido", "date": "2018-06-18 13:37:55"}, {"id_message": 81619352561, "message": "Tengo carnet de carretilla de televisiva de cami\u00f3n gr\u00faa de tijera elebadora", "date": "2018-06-18 13:38:42"}, {"id_message": 97902623402, "message": "No miento q elnq tiene compro todo m\u00e1s barato y el d\u00eda de . ma\u00f1ana vender\u00e1 m\u00e1s caro", "date": "2018-06-18 13:39:38"}, {"id_message": 47560379512, "message": "La verdad no hay mucho", "date": "2018-06-18 13:39:56"}, {"id_message": 43944467790, "message": "Trabajo en el campo por 6 euros la hora", "date": "2018-06-18 13:40:09"}, {"id_message": 64398857903, "message": "Estuve 3 a\u00f1os en la construcci\u00f3n haciendo calles cogiendo peso todo el d\u00eda m\u00e1s peso de lo q cogereis en el gimnasio en la vifa", "date": "2018-06-18 13:40:55"}, {"id_message": 63829924950, "message": "Pon\u00eda bordillos de granito de hasta 150 kilos todo el d\u00eda pq trabajaba por metros m\u00e1s hiciera m\u00e1s cobraba", "date": "2018-06-18 13:41:28"}, {"id_message": 11210444355, "message": "E puesto hasta 130 metros cuadrado entre 4 de adoquines sab\u00e9is las veces que hay q agacharse para hacer eso", "date": "2018-06-18 13:42:22"}, {"id_message": 26730383643, "message": "Miles y nunca me queje pero.soy sincero y realista y sab\u00e9is que digo la verdad", "date": "2018-06-18 13:42:56"}, {"id_message": 4300399984, "message": "No digo q Juli\u00e1n aga mal ol\u00e9 q paga a ese chico ol\u00e9 pocos hay q pagen asi", "date": "2018-06-18 13:43:24"}, {"id_message": 20763306868, "message": "Pero lo empresarios la mayor\u00eda buscas explotar por lo m\u00ednimo para ellos ganar el m\u00e1ximo y los vale todo lo e vivido y vivo", "date": "2018-06-18 13:44:01"}, {"id_message": 9760243415, "message": "Pq no me parece justo aqu\u00ed q hay gente como.yo \u00c1lvaro . q tenemos q hwchar mil horas para 70 euros dig\u00e1is yo.cobro 1000 al dia", "date": "2018-06-18 13:45:58"}, {"id_message": 93379584895, "message": "Hay q tener un poco compasi\u00f3n creo yo ablaremo en privado", "date": "2018-06-18 13:46:33"}, {"id_message": 86877577058, "message": "Lu se leer tonto no soy", "date": "2018-06-18 13:47:30"}, {"id_message": 72043660990, "message": "Creo q no es sitio para.poner lo que se gana vale", "date": "2018-06-18 13:47:47"}, {"id_message": 88765683818, "message": "Yo me.admiro pq se lo que es ganar con minsudor", "date": "2018-06-18 13:48:28"}, {"id_message": 65033767539, "message": "No admiro a nadie", "date": "2018-06-18 13:48:40"}, {"id_message": 85919481753, "message": "No todo es as\u00ed lo sabes yo feliz de q la vida te sonr\u00eda pero por desgracia hay menos que le sonr\u00eda que q no", "date": "2018-06-18 13:52:06"}, {"id_message": 47295056524, "message": "Pero dejemos el.tema me alegro por ti", "date": "2018-06-18 13:52:39"}, {"id_message": 96504305908, "message": "Dudo q sea el mejor cochinillo", "date": "2018-07-09 16:41:55"}, {"id_message": 91669691423, "message": "E Lu que dices q no sea q", "date": "2018-07-09 16:43:24"}, {"id_message": 35212252804, "message": "A vale trankila ya no te aconsejo nada", "date": "2018-07-09 16:43:54"}, {"id_message": 80306475158, "message": "Te Hiba a decir q el mejor cochinillo de Espa\u00f1a est\u00e1 en arevalo", "date": "2018-07-09 16:44:16"}, {"id_message": 44727121366, "message": "Por si alg\u00fan d\u00eda te escapas", "date": "2018-07-09 16:44:30"}, {"id_message": 48598000719, "message": "Yo solo te digo q si alg\u00fan d\u00eda quieres probar el mejor cochinillo de Espa\u00f1a ese arwvalo", "date": "2018-07-09 16:45:07"}, {"id_message": 92973430617, "message": "Segovia tiene la fama pero van a Ar\u00e9valo a por ellos", "date": "2018-07-09 16:45:21"}, {"id_message": 26846573080, "message": "Has ido a Ar\u00e9valo ?", "date": "2018-07-09 16:45:47"}, {"id_message": 10681537205, "message": "Q makina de las apuestas t\u00fa pasame", "date": "2018-07-09 21:49:59"}, {"id_message": 27314648270, "message": "Solo pregunt\u00e9 qui\u00e9n es", "date": "2018-07-26 13:58:13"}, {"id_message": 55920687894, "message": "Esa q siga con los suyos mejor", "date": "2018-07-26 13:59:13"}, {"id_message": 56468917479, "message": "Yo no digo nada pero no entr\u00e9 a hechas en cara ni nada y menos hablar como digistes de dinero", "date": "2018-07-26 14:01:27"}, {"id_message": 11999146439, "message": "Quiero empezar al gimnasio y habalre de eso", "date": "2018-07-26 14:01:38"}, {"id_message": 82799124953, "message": "Sabes tips que no nos van las apuestas", "date": "2018-07-26 17:39:10"}, {"id_message": 18997414200, "message": "T\u00edps dime una apuesta buena q hacer", "date": "2018-08-17 16:32:30"}, {"id_message": 16352622218, "message": "Al Lyon q le ves q gana ?", "date": "2018-08-17 16:37:22"}, {"id_message": 87875624454, "message": "Ponme alguna en privado", "date": "2018-08-17 16:37:28"}]