[{"id_message": 9905263662, "message": "Buenas \ud83e\udd23", "date": "2019-04-22 11:48:54"}, {"id_message": 14464687843, "message": "Me vine abajo pero pienso dar lo mejor de mi y aprender de vosotr @s", "date": "2019-05-05 20:20:33"}, {"id_message": 11000701550, "message": "Porque uno viene motivado", "date": "2019-05-05 20:22:31"}, {"id_message": 91221446589, "message": "Pero luego se hace dificil y no lo ve", "date": "2019-05-05 20:22:42"}, {"id_message": 38625685975, "message": "Yo soy del tipo contrario a muchos", "date": "2019-05-05 20:24:33"}, {"id_message": 63456271858, "message": "Rutina de 12 semanas para ganar volumen y fuerza - RutinasEntrenamiento URL", "date": "2019-05-05 20:25:47"}, {"id_message": 28005219240, "message": "Me vendria bien este tipo de entreno ?", "date": "2019-05-05 20:26:00"}, {"id_message": 47846295440, "message": "No hablo de eso", "date": "2019-05-05 20:30:51"}, {"id_message": 37815432584, "message": "Comer cualquier cosa tampoco vale", "date": "2019-05-05 20:50:36"}, {"id_message": 82636404179, "message": "Pero soy de poco comee", "date": "2019-05-05 21:18:34"}, {"id_message": 22959435218, "message": "Me cuesta tanto como al que le gusta comer y tiene que definir", "date": "2019-05-05 21:18:58"}, {"id_message": 58042378119, "message": "Os gustan las pelis de los vengadores ?", "date": "2019-05-05 21:23:05"}, {"id_message": 14936363091, "message": "Soy fan de wso", "date": "2019-05-05 21:23:21"}, {"id_message": 46847461832, "message": "Ahora vienen los young avenger", "date": "2019-05-05 21:23:58"}, {"id_message": 89762344776, "message": "No dieron lugar a que apareciera mucho", "date": "2019-05-05 21:26:01"}, {"id_message": 3137695522, "message": "Segun los comic , adam warlock debia haber aparecido", "date": "2019-05-05 21:26:31"}, {"id_message": 46975534578, "message": "\ud83d\udc1c man y ronin suben importancia en endgame", "date": "2019-05-05 21:29:43"}, {"id_message": 9737480420, "message": "Y blackwidow la mejor", "date": "2019-05-05 21:30:08"}]