[{"id_message": 49480673109, "message": "Buenas \u263a \ufe0f \ud83d\udc4b", "date": "2022-01-15 04:39:50"}, {"id_message": 64582158635, "message": "Hola como est\u00e1n ? Quer\u00eda recomendarles que se hagan masajes en la cintura con crema todos los d\u00edas", "date": "2022-01-19 01:00:15"}, {"id_message": 86537764731, "message": "A mi me est\u00e1 funcionando", "date": "2022-01-19 01:00:29"}, {"id_message": 15688376779, "message": "Buenos d\u00edas \u263a \ufe0f \ud83d\udc4b", "date": "2022-01-20 14:09:59"}, {"id_message": 89260711292, "message": "Y por all\u00ed todo bien ?", "date": "2022-01-20 14:11:41"}, {"id_message": 56599822983, "message": "Que bien \u263a \ufe0f", "date": "2022-01-20 14:17:15"}, {"id_message": 14952247609, "message": "Yo me siento horrible con el cuerpo que tengo", "date": "2022-01-20 14:27:08"}, {"id_message": 66626469594, "message": "Yo siempre intent\u00e9 bomitar pero nunca pude", "date": "2022-01-20 15:10:10"}, {"id_message": 66249096382, "message": "Pero eso es raro", "date": "2022-01-20 15:10:17"}, {"id_message": 91689955133, "message": "Tenes que tomar agarol pur 5 d\u00edas seguidos", "date": "2022-01-20 22:02:24"}, {"id_message": 52555971065, "message": "De nada \ud83d\ude0a", "date": "2022-01-21 07:18:19"}, {"id_message": 98853003599, "message": "Gracias a este grupo pude llegar a estar como quiero gracias", "date": "2022-01-27 01:40:38"}, {"id_message": 28620164375, "message": "\ud83e\udd7a \ud83d\udc95", "date": "2022-01-27 01:40:41"}, {"id_message": 38691847630, "message": "Por ? \ud83e\udd7a", "date": "2022-01-27 01:43:44"}, {"id_message": 4739130312, "message": "Yo solo hice ayuno , hice ejercicios y tom\u00e9 caf\u00e9 con un poco de lim\u00f3n con agua y ya", "date": "2022-01-27 01:56:16"}, {"id_message": 92267251914, "message": "Yo s\u00e9 que pod\u00e9s", "date": "2022-01-27 01:59:05"}, {"id_message": 84290221217, "message": "Creo que no por que para algunas operaciones te pesan para ver si te pueden operar", "date": "2022-04-02 19:44:15"}, {"id_message": 97930653565, "message": "Yo me hago masajes con crema", "date": "2022-04-30 19:04:50"}]