[{"id_message": 18581194285, "message": "Hola . Buenas tardes a tod @s", "date": "2019-05-23 20:23:36"}, {"id_message": 89904979458, "message": "Con salir a correr no te bastar\u00e1 . Reza 4 padre nuestros y vete est\u00e1 misma tarde a confesarte a la Iglesia . Es grave lo que te ha pasado . Que Dios se apiade de tu alma", "date": "2019-06-02 13:44:10"}, {"id_message": 64909851865, "message": "Por la tarde . Cuando m\u00e1s activo est\u00e1s", "date": "2019-06-02 21:33:29"}, {"id_message": 87077735396, "message": "\u00bf Cu\u00e1l es la mejor hora para entrenar ? \u22c6 Fitness Revolucionario URL", "date": "2019-06-02 23:12:32"}, {"id_message": 5014916921, "message": "Para qu\u00e9 Prozis teniendo Myprotein ? \ud83e\udd37\u200d\u2642", "date": "2019-06-03 20:38:39"}, {"id_message": 84669670480, "message": "\ud83d\ude02 \ud83d\ude02 \ud83d\ude02 \ud83d\udc4d", "date": "2019-06-03 20:40:31"}, {"id_message": 5028816968, "message": "Tomar batido de prote\u00ednas es cuesti\u00f3n de comodidad . No todo el mundo tiene tiempo para prepararse X comidas diarias . Yo lo veo un acierto", "date": "2019-06-03 20:49:55"}, {"id_message": 23839968832, "message": "Ok . Pues si quieres calidad en carnicer\u00eda ya la puedes pagar .", "date": "2019-06-03 20:59:21"}, {"id_message": 40917979994, "message": "El mejor ejemplo de : gen\u00e9tica + entrenamiento + estricta dieta natural sin aportes qu\u00edmicos", "date": "2019-06-05 11:44:42"}, {"id_message": 57692420830, "message": "Preentreno ? = T\u00e9 negro \u2713", "date": "2019-06-07 10:35:38"}, {"id_message": 24644106132, "message": "\ud83d\ude33 aqu\u00ed hoy 36 gradazos \ud83c\udf1e", "date": "2019-07-21 14:27:20"}, {"id_message": 69905868335, "message": "No s\u00e9 qu\u00e9 ser\u00e1 mejor / peor jaja", "date": "2019-07-21 14:39:35"}, {"id_message": 98130292364, "message": "Cual es tu Instagram Jose ?", "date": "2019-08-05 09:32:31"}, {"id_message": 18841767717, "message": "Hola . No soy miembro muy activo del grupo pero os leo con atenci\u00f3n diariamente ( y tomo nota de los buenos consejos ) . Est\u00e1 claro que lo que acaba de decir Jose no est\u00e1 bien , ni es moral , pero no hay que cebarse con el chaval . Al fin y al cabo no somos sus padres . Saludos", "date": "2019-08-05 09:42:37"}, {"id_message": 39312022380, "message": "Calla ... que llevo 1 semana con sesiones maratonianas de est\u00e1tica y al final voy a tener que echar mano de los HITT \ud83d\ude05", "date": "2019-08-05 09:47:13"}, {"id_message": 99224336532, "message": "Correcto . Pero de jugar al f\u00fatbol hace tiempo tuve una lesi\u00f3n en la rodilla y tras salir a correr 20/25 minutos la misma se me \" recalienta \" . Entonces busco alternativas al running \ud83d\ude22", "date": "2019-08-05 09:53:50"}, {"id_message": 30530045175, "message": "Suelo salir a andar a \" ritmo alto \" a menudo , incluso paso a las se\u00f1oras de 60 a\u00f1os ... jejejej", "date": "2019-08-05 09:57:03"}, {"id_message": 17537013343, "message": "Me lo has quitado de la boca \ud83d\udc7b", "date": "2019-08-05 10:01:00"}, {"id_message": 54282760475, "message": "\ud83e\udd10 \ud83d\ude01", "date": "2019-08-05 10:02:59"}, {"id_message": 20141260847, "message": "A entrenar se\u00f1or @s que se nos va la ma\u00f1ana ! Que teng\u00e1is muy buen d\u00eda \ud83d\udcaa", "date": "2019-08-05 10:03:58"}]