[{"id_message": 38463755056, "message": "aprox 64kg en una app que tengo , pero eso depende de ti", "date": "2022-07-17 01:54:11"}, {"id_message": 24055821116, "message": "de que si te gusta o no , pero ese peso est\u00e1 muy bien", "date": "2022-07-17 01:58:43"}, {"id_message": 74108175282, "message": "203.4 lbs ( estoy obesa como una vaca , lo s\u00e9 )", "date": "2022-07-17 02:09:28"}, {"id_message": 68242029633, "message": "igual un poquito felis pq he bajado 10 lbs", "date": "2022-07-17 02:10:01"}, {"id_message": 31133683909, "message": "si la haces bien comparte los resultados ! !", "date": "2022-07-17 04:55:24"}, {"id_message": 56880177194, "message": "La anemia se relaciona con la deficiencia de vitaminas del complejo B ?", "date": "2022-07-18 06:11:25"}, {"id_message": 10303388207, "message": "s\u00ed , pero debes de esforzarte bastante , y ser\u00eda quiz\u00e1 un poquito riesgoso para mantener , pero claro , sim", "date": "2022-07-18 06:12:33"}, {"id_message": 47048499160, "message": "pens\u00e9 que era m\u00e1s de hierro o una cosa as\u00ed", "date": "2022-07-18 20:43:06"}, {"id_message": 99769489999, "message": "para saber cu\u00e1nto bajas tienes q saber tu bmr y de ah\u00ed sacas", "date": "2022-07-20 18:45:13"}, {"id_message": 54587363618, "message": "ojal\u00e1 consigas mantener esto muy muy bien , mucha suerte <3", "date": "2022-07-20 18:45:34"}, {"id_message": 49232681797, "message": "puedes aumentar tu intake a 1000 , 1100 o 1200 , o m\u00e1s si lo quieres / necesitas y acompa\u00f1as con ejercicio as\u00ed quemas parte de las calor\u00edas que vayas consumiendo , no s\u00e9 si te sirva . \ud83d\ude1e", "date": "2022-07-21 06:22:48"}, {"id_message": 61588261120, "message": "sabes cu\u00e1ntas calor\u00edas quemas ?", "date": "2022-07-21 06:23:48"}, {"id_message": 86819427145, "message": "puede ser que igual esas cantidades sean buen d\u00e9ficit para ti", "date": "2022-07-21 06:24:26"}, {"id_message": 82290840378, "message": "o podr\u00edas hacerlo en lo que \" controlas \" tu hambre un poco m\u00e1s", "date": "2022-07-21 06:25:19"}, {"id_message": 82732999268, "message": "ay , est\u00e1s chiquitp encima :( (", "date": "2022-07-21 06:25:46"}, {"id_message": 62610738568, "message": "generalmente no , hasta d\u00f3nde s\u00e9 es lo que necesita un ni\u00f1o de 14 meses jsjajd", "date": "2022-07-21 06:26:29"}, {"id_message": 9216263181, "message": "podr\u00edas , pq de por s\u00ed ya ejercitas , y si es ejercicio intenso seguro quemas mucho , entonces estar\u00e1 bien ! !", "date": "2022-07-21 06:31:44"}, {"id_message": 13985456926, "message": "seguro luego se pasa", "date": "2022-07-21 06:33:28"}, {"id_message": 24351967174, "message": "no creo que vayas a pasarte de q meses con much\u00edsima hambre diario \ud83d\ude2d", "date": "2022-07-21 06:33:59"}, {"id_message": 83754279935, "message": "Esas son tus calor\u00edas finales del d\u00eda ? ?", "date": "2022-07-22 03:35:32"}, {"id_message": 85761982072, "message": "tengo como 3 links , te los paso por priv ?", "date": "2022-07-22 18:43:21"}, {"id_message": 28670807149, "message": "no , tendr\u00edas que comer 7700 calor\u00edas POR ENCIMA de las calor\u00edas que quemas ( incluyendo las de tu TMB )", "date": "2022-07-22 18:45:52"}, {"id_message": 63485717994, "message": "no , no te preocupes por la cantidad , comiste poco , un beb\u00e9 de un a\u00f1o necesita esas calor\u00edas , aproximadamente , lo feo s\u00ed es el hecho de que fue un atrac\u00f3n :( (", "date": "2022-07-22 20:18:28"}, {"id_message": 51791252724, "message": "te puedo hablar por privado ? me siento m\u00e1s c\u00f3moda que por aqu\u00ed : <", "date": "2022-07-22 23:23:00"}, {"id_message": 9086180695, "message": "en caso de que restrinjas mucho , dejar de hacerlo ( restringir , pero no tanto como antes ) , tomar m\u00e1s agua , hacer m\u00e1s comidas todos los d\u00edas ( no comer m\u00e1s , sino repartir tu comida / calor\u00edas en varias comidas al d\u00eda , pueden ser 3 o 4 ) , eso me sirvi\u00f3 a m\u00ed , no s\u00e9 si te sirva igual a ti o si lo tomar\u00e1s en cuentas sjsjdj", "date": "2022-07-26 14:38:53"}, {"id_message": 32253727750, "message": "no , en los atracones digo", "date": "2022-07-30 04:31:45"}, {"id_message": 15168471202, "message": "El t\u00e9 aguantas las ganas de comer", "date": "2022-07-31 05:32:14"}, {"id_message": 84076707329, "message": "en realidad no es tanto , un ni\u00f1o de un a\u00f1o m\u00e1s o menos tiene que comer 1000 cals al d\u00eda , hasta d\u00f3nde s\u00e9 sjakwjs con esas calor\u00edas , si tu metabolismo no est\u00e1 muy lentito , s\u00ed vas a seguir bajando <3 333", "date": "2022-07-31 05:33:31"}, {"id_message": 17873511218, "message": "subiste definitivamente un kilo o fue algo m\u00e1s \" moment\u00e1neo \" , pq para subir un kilo de verdad debes de comer 7700 calor\u00edas POR ENCIMA de las que quemas . quiz\u00e1 fue algo de tipo hinchaz\u00f3n , ns", "date": "2022-07-31 05:54:47"}, {"id_message": 53016240348, "message": "probablemente no subiste por comer 1000 calor\u00edas ese d\u00eda \ud83d\ude2d", "date": "2022-07-31 06:17:36"}, {"id_message": 3996140170, "message": "es una bebida de Starbucks , por lo que se ve en la foto", "date": "2022-08-03 22:38:58"}, {"id_message": 32841680369, "message": "es bien dif\u00edcil si no est\u00e1s grande o trabajas o algo , pq te puedes comprar pesas y esconderla en tu ropa , igual puedes usar saquitos con ... no recuerdo si era con arena o rocas , pero eso", "date": "2022-08-07 17:21:16"}, {"id_message": 54449527545, "message": "depende del tiempo m\u00ednimo , no puedo enga\u00f1ar a mis amigos con que como toda la vida \ud83d\ude2d", "date": "2022-11-28 12:12:05"}]