[{"id_message": 3754571804, "message": "A mi me pasa igual luego tengo q ir a san google para saber algunos t\u00e9rminos de lo q habl\u00e1is \ud83d\ude1c jejejejejej", "date": "2019-01-30 13:30:11"}, {"id_message": 64503602051, "message": "\ud83d\udc4d gracias", "date": "2019-01-31 21:23:14"}, {"id_message": 65977471236, "message": "A mi no me sale bello en el pecho jejejejej", "date": "2019-02-03 11:06:30"}, {"id_message": 52173258017, "message": "Q pens\u00e1is de esta oferta", "date": "2019-02-05 19:32:04"}, {"id_message": 46002570305, "message": "Entonces cual ser\u00eda recomendable ?", "date": "2019-02-05 19:47:06"}, {"id_message": 50822616948, "message": "Para mi , mi mujer", "date": "2019-02-05 19:51:38"}, {"id_message": 94483006873, "message": "Eso es lo malo q ya puede ser peligroso", "date": "2019-02-05 19:52:12"}, {"id_message": 56398937501, "message": "Q opin\u00e1is del m\u00e9todo o no se como decirlo \u201c tabata para ganar masa muscular \u201d", "date": "2019-02-05 20:10:03"}, {"id_message": 71209234950, "message": "A q te refieres ?", "date": "2019-02-05 20:12:11"}, {"id_message": 60376229617, "message": "Poco a poco cogiendo forma", "date": "2019-02-07 16:09:27"}, {"id_message": 49390767179, "message": "Jajajajajajajajaj fuera de espa\u00f1a", "date": "2019-02-10 15:10:53"}, {"id_message": 40135595989, "message": "Ya iba a preguntar si alguno del grupo es abogado para estudiar una denuncia a mi empresa q me hace trabajar 8 horas", "date": "2019-02-10 15:11:40"}, {"id_message": 39613264742, "message": "Y no se te hace mon\u00f3tono yo si he corrido en cinta y se me hace muy mon\u00f3tono", "date": "2019-02-13 19:21:35"}, {"id_message": 89753210200, "message": "Q fruta se recomiendan", "date": "2019-02-13 19:59:21"}, {"id_message": 7995448788, "message": "Y para despu\u00e9s de las comidas", "date": "2019-02-13 20:01:22"}, {"id_message": 88598182857, "message": "Hay un grupo aqui en Telegram retro arcade q hablan de todas esas m\u00e1quinas tutoriales y muchas mas cosas", "date": "2019-02-14 10:57:31"}, {"id_message": 84590901887, "message": "Yo tengo la raspberry pi", "date": "2019-02-14 10:58:25"}, {"id_message": 10002445567, "message": "No habr\u00e1s visto otro chollo a ese precio una recre ?", "date": "2019-02-14 11:24:40"}, {"id_message": 34446030682, "message": "Pero tan baratos , no he visto duraran poco tiempo", "date": "2019-02-14 11:27:03"}, {"id_message": 82666775620, "message": "Solo tienen un juego las q e visto tienen muchos m\u00e1s", "date": "2019-02-14 12:32:54"}, {"id_message": 90104879880, "message": "Y con dos te vuelves loco \ud83e\udd23 \ud83e\udd23 \ud83e\udd23", "date": "2019-02-14 18:34:20"}, {"id_message": 19390393089, "message": "Pregunta de novato , lo soy , ( he mirado por internet y no me qeda claro ) para ganar volumen poco peso muchas repeticiones o mucho peso y pocas , a parte de llevar una dieta para ganar volumen", "date": "2019-02-20 12:19:38"}, {"id_message": 50963598872, "message": "La juventud de hoy en d\u00eda esta muy mal", "date": "2019-03-07 15:08:19"}, {"id_message": 69520445686, "message": "Y con 18 a\u00f1os o as\u00ed ya embarazadas", "date": "2019-03-07 15:10:10"}, {"id_message": 22743068724, "message": "Lo q son las modas", "date": "2019-03-07 15:12:02"}, {"id_message": 33678415296, "message": "A mi me pasa igual realizo esta rutina y el pecho no veo q vaya mejorando ( la rutina q os parece )", "date": "2019-03-09 11:38:09"}, {"id_message": 72020805056, "message": "En todos los ejercicios el m\u00e1ximo peso ?", "date": "2019-03-09 11:50:56"}, {"id_message": 1762315331, "message": "Estoy aprox 10minutos calentando", "date": "2019-03-09 11:58:47"}, {"id_message": 25193711022, "message": "Llevo bastante pero lo q hacia coger poco peso 10k y hacer muchas repeticiones", "date": "2019-03-09 11:59:17"}, {"id_message": 85832043294, "message": "No haga la serie de repeticiones", "date": "2019-03-09 12:44:46"}, {"id_message": 71560248477, "message": "Cual es ese metodo ?", "date": "2019-03-09 12:45:12"}, {"id_message": 66905939231, "message": "Mucho peso y pocas repeticiones \ud83d\udc4d \ud83d\udcaa \ud83d\udcaa", "date": "2019-03-09 13:45:14"}, {"id_message": 11832655406, "message": "Si si no pondr\u00e9 mucho", "date": "2019-03-09 13:47:29"}, {"id_message": 89574725575, "message": "Hola q os parece esta composici\u00f3n de L Arginina", "date": "2019-03-19 19:22:49"}, {"id_message": 77825815139, "message": "Depende de donde residas merece la pena pagar por una mutua o no pagar ( salvo q no quieras esperar para consultas ) q entnces si merece cualquier mutua , xrq si es algo gordo gordo te mandan rapido a la seguridad social", "date": "2019-03-20 17:36:42"}, {"id_message": 19814424873, "message": "Mi motivo es para llegar lo mejor posible a la vejez y no parecerme a mi padre que no esta muy del todo", "date": "2019-04-05 21:33:00"}, {"id_message": 36966582353, "message": "Joder q cambio mas grande \ud83d\udcaa \ud83d\udcaa", "date": "2019-04-06 14:04:49"}, {"id_message": 67705192878, "message": "Pero para la competici\u00f3n profesional las sustancias esas de que habl\u00e1is estar\u00e1n prohibidas ?", "date": "2019-04-07 00:25:16"}, {"id_message": 29717853749, "message": "Y esos granos a q se debe ?", "date": "2019-04-16 17:05:29"}, {"id_message": 39891230474, "message": "Si buen cambio de t\u00edtulo", "date": "2019-04-16 17:35:11"}, {"id_message": 13826137593, "message": "Por lo menos el primero q han puesto", "date": "2019-04-21 21:37:58"}, {"id_message": 31716504533, "message": "Las piernas de ayer", "date": "2019-04-28 11:36:37"}, {"id_message": 7636344378, "message": "No para mi no", "date": "2019-04-28 11:38:10"}, {"id_message": 32159091935, "message": "Me encontr\u00e9 muy bien pod\u00eda a ver apretado un poco mas pero hab\u00eda mucha gente y entorpec\u00edan", "date": "2019-04-28 11:39:18"}, {"id_message": 95404851606, "message": "Si va a ser mi pr\u00f3ximo reto", "date": "2019-04-28 11:39:37"}, {"id_message": 73467806307, "message": "Si , la hice bien echa y me qede cuatro a\u00f1os m\u00e1s \ud83d\ude1c en infanter\u00eda mecanizada Batallon Saboya", "date": "2019-05-05 11:14:55"}, {"id_message": 31355719211, "message": "Poco a poco el pecho va cogiendo forma ? O eso creo yo", "date": "2019-05-05 11:16:50"}, {"id_message": 23628045347, "message": "Jose una pregunta indiscreta que edad tienes ?", "date": "2019-05-05 11:18:19"}, {"id_message": 44065007205, "message": "Ok cuando entres prep\u00e1rate para la b\u00e1sica a la academia y a salir de sargento , tienes q estar tres a\u00f1os en tropa ( en ese tiempo estudia ) y luego te presentas a la basica y en 2/3 a\u00f1os sales de sargento", "date": "2019-05-05 12:41:04"}, {"id_message": 62449803420, "message": "Gracias \ud83d\udcaa \ud83d\udcaa", "date": "2019-05-05 12:42:07"}]