[{"id_message": 27049411900, "message": "estan todos rocosos aqui ?", "date": "2018-06-28 18:03:13"}, {"id_message": 34509970721, "message": "yo he empezado a hacer en mi casa cosillas", "date": "2018-06-28 18:05:42"}, {"id_message": 43030041346, "message": "teniendo en cuenta que llevo mas de un a\u00f1o sin hacer nada ... mi objetivo es hacer algo jajaja", "date": "2018-06-28 18:06:07"}, {"id_message": 73040284282, "message": "mirarme al espejo y sentirme mejor", "date": "2018-06-28 18:06:19"}, {"id_message": 44335554905, "message": "algun truco para reducir barriga cervecera ?", "date": "2018-06-28 18:06:57"}, {"id_message": 53800152619, "message": "que no sea dejar la cerveza ajajja", "date": "2018-06-28 18:07:06"}, {"id_message": 39417332842, "message": "De eso se trata jejej", "date": "2018-06-28 18:47:43"}, {"id_message": 2191904958, "message": "Yo creo que un poco s\u00ed", "date": "2018-06-28 18:48:52"}, {"id_message": 63452162302, "message": "wtf quien es esta persona", "date": "2018-06-29 15:54:49"}, {"id_message": 53015951322, "message": "Mejor irse sin despedirse", "date": "2018-07-13 00:36:25"}, {"id_message": 83857338674, "message": "Lo mejor es respetar siempre", "date": "2018-07-13 00:37:02"}, {"id_message": 42813079153, "message": "El amor es una mierda", "date": "2018-07-13 00:38:32"}, {"id_message": 69358897558, "message": "Que no os enga\u00f1en", "date": "2018-07-13 00:38:36"}, {"id_message": 86705475042, "message": "qu\u00e9 debo comer para tener mas pectorales gracias", "date": "2019-05-26 16:23:54"}]