[{"id_message": 73447237512, "message": "No sufro tampoco mucho con la definici\u00f3n los carbos no me fastidian mucho , me Cuesta mucho tapar el abdomen", "date": "2018-12-22 20:24:42"}, {"id_message": 17692907658, "message": "A vale ya tienes m\u00e1s vivido ! Yo tengo casi 25 y llevo casi 7 a\u00f1os en el gimnasio y bajo dieta y revisi\u00f3n 3 a\u00f1os", "date": "2018-12-22 20:25:37"}, {"id_message": 44823233122, "message": "M\u00e1ximo en el volumen del a\u00f1o pasado pasando de 57 a 68kg llegue con un 10 % y actualmente me mantengo con casi un 9 % en volumen pesando 61.7", "date": "2018-12-22 20:32:50"}, {"id_message": 47494021701, "message": "Aun asi me mantengo seco \ud83d\ude02", "date": "2018-12-22 20:34:21"}, {"id_message": 15952632832, "message": "Yo tengo q volver este a\u00f1o a hacerme pruebas , tengo q buscar las del a\u00f1o pasado si las encuentro las paso", "date": "2018-12-22 20:34:53"}, {"id_message": 51537810024, "message": "Ya tengo por constituci\u00f3n el mantenerme rocoso \ud83d\ude05", "date": "2018-12-22 20:35:30"}, {"id_message": 90952783628, "message": "Yo no uso nada jaja use creatina en su momento pero ahora solo comida \ud83d\ude01", "date": "2018-12-22 20:40:59"}, {"id_message": 96638305764, "message": "Una pregunta sin ofender , usas alg\u00fan Farmaco / Qu\u00edmica ?", "date": "2018-12-22 20:43:24"}, {"id_message": 52123402622, "message": "Vale jajaj disculpa si te ofendi", "date": "2018-12-22 20:44:33"}, {"id_message": 79740900786, "message": "En cuanto porcentaje de grasa estabas ?", "date": "2018-12-22 20:47:00"}, {"id_message": 70186594160, "message": "Yo llevo m\u00e1s \ud83d\ude02 \ud83d\ude48", "date": "2018-12-22 20:47:09"}, {"id_message": 96036735915, "message": "Y probaste a medir tus RMS", "date": "2018-12-22 20:48:53"}, {"id_message": 62137487149, "message": "Yo llevo dos a\u00f1os intentando mejorar pierna y moviendo peso \ud83d\ude02", "date": "2018-12-22 20:49:49"}, {"id_message": 8758934741, "message": "Te ense\u00f1o yo alg\u00fan entrenando \ud83d\ude01", "date": "2018-12-22 20:57:45"}, {"id_message": 66545365236, "message": "Yo llego a 21 muy forzadas \ud83d\ude02", "date": "2018-12-22 21:00:44"}, {"id_message": 32503357046, "message": "Terminarla ? A que te refieres", "date": "2018-12-22 21:01:02"}, {"id_message": 35576182276, "message": "Ya me gustar\u00eda estar m\u00e1s \ud83d\ude05", "date": "2018-12-22 22:23:10"}, {"id_message": 40297932870, "message": "Qu\u00e9 mal las navidades chavales", "date": "2019-01-06 02:46:21"}, {"id_message": 98226097008, "message": "Retenci\u00f3n de 2.7 kg \ud83d\ude02", "date": "2019-01-06 02:46:30"}, {"id_message": 39255035063, "message": "Ya estoy de vuelta jajaj", "date": "2019-02-03 23:52:50"}, {"id_message": 57321179230, "message": "Alguien me recomienda una rutina de fuerza ?", "date": "2019-02-03 23:53:09"}, {"id_message": 61422126869, "message": "Por cierto estado actual despues de una peque\u00f1a descarga", "date": "2019-02-03 23:56:39"}, {"id_message": 96774682908, "message": "La verdad que consegui bajar bastante bien todo lo que subiera en navidades y quedarme en un buen punto para retomar volumen", "date": "2019-02-04 00:08:32"}, {"id_message": 21751164476, "message": "Alguien me recomienda una rutina de fuerza", "date": "2019-02-04 14:56:48"}, {"id_message": 22411488526, "message": "Estoy de vuelta gente \ud83d\ude02", "date": "2019-06-05 22:50:16"}, {"id_message": 73811598792, "message": "Que pasa \ud83d\ude02", "date": "2019-06-05 22:53:27"}, {"id_message": 90669627455, "message": "Oye acabo de volver y ya me echan \ud83d\ude02", "date": "2019-06-05 22:53:47"}, {"id_message": 79001717249, "message": "Me desarrollan muy bien la verdad", "date": "2019-06-05 22:57:58"}, {"id_message": 713321345, "message": "Si que es , tiene su significado \ud83d\ude02", "date": "2019-06-05 22:58:20"}, {"id_message": 15208190421, "message": "Natty 100 % me da miedo la quimica y de suplementos solo creatina", "date": "2019-06-05 22:59:07"}, {"id_message": 33597290509, "message": "Me quedan 5 semanas aun", "date": "2019-06-05 23:00:35"}, {"id_message": 12334174561, "message": "Gracias \ud83d\ude02 llevo desde los 16 a\u00f1os entrenando y tengo 25", "date": "2019-06-05 23:01:04"}, {"id_message": 99580081572, "message": "Terminar definici\u00f3n luego har\u00e9 una peque\u00f1a carga", "date": "2019-06-05 23:02:00"}, {"id_message": 21423032736, "message": "En q ? \ud83d\ude05", "date": "2019-06-05 23:10:09"}, {"id_message": 31064278768, "message": "Nose \ud83d\ude02", "date": "2019-06-05 23:11:19"}, {"id_message": 42478959491, "message": "Aqui tienes la comparaci\u00f3n de antes y despu\u00e9s", "date": "2019-06-05 23:16:19"}, {"id_message": 99614514032, "message": "Muchas gracias de 49 a 63kg", "date": "2019-06-05 23:18:09"}, {"id_message": 85238007303, "message": "Que va ! ! Cada cuerpo es un mundo", "date": "2019-06-05 23:21:07"}, {"id_message": 70909455625, "message": "Me falla la verdad \ud83d\ude02 \ud83d\ude02 \ud83d\ude02", "date": "2019-06-05 23:23:27"}, {"id_message": 83555810670, "message": "Me falla mucho \ud83d\ude02 \ud83d\ude02", "date": "2019-06-05 23:23:48"}, {"id_message": 50820728171, "message": "Ahh mira foto en volumen terminandolo", "date": "2019-06-05 23:24:07"}, {"id_message": 50864514176, "message": "Por eso dije q volvia \ud83d\ude02", "date": "2019-06-05 23:25:09"}, {"id_message": 6906078079, "message": "Yo creo que una vez a la semana es m\u00e1s que suficiente porque compraste todos los ejercicios no est\u00e1s entrenando t\u00fa cuando haces sentadillas o peso muerto por ejemplo tienes que hacer fuerza en el abdomen", "date": "2019-06-06 17:13:28"}, {"id_message": 57809144970, "message": "Tampoco tengo genetica de abdomen", "date": "2019-06-06 17:41:17"}, {"id_message": 7789690755, "message": "No lo tengo claro , probar\u00e9 pero m\u00e1s de dos veces a la semana no creo", "date": "2019-06-06 17:43:41"}, {"id_message": 45055702930, "message": "Deficion del a\u00f1o pasado , trabajabando fuera con camiseta \ud83d\ude02", "date": "2019-06-06 18:09:02"}, {"id_message": 64804205025, "message": "Vacularidad , siempre de mi lado jajaj", "date": "2019-06-06 22:13:07"}, {"id_message": 97980921953, "message": "Volviendo de fiesta el a\u00f1o pasado despues de comer mal 3 d\u00edas y dormir poco", "date": "2019-06-06 22:14:10"}, {"id_message": 95238593840, "message": "\ud83d\ude01 gracias tio", "date": "2019-06-07 16:05:58"}, {"id_message": 92563169039, "message": "Hasta los cojones de pasar hambre y ahora a llegar a casa y cenar 50gr de arroz con un par de pechugas y br\u00f3coli \ud83d\ude2d", "date": "2019-06-07 22:03:47"}]