[{"id_message": 90335919981, "message": "No hago deporte y ahora estoy en Cartagena / Murcia", "date": "2018-07-16 12:40:58"}, {"id_message": 66253637632, "message": "Da igual xD Hay alguien de Valencia ?", "date": "2018-07-16 12:42:05"}, {"id_message": 74338506668, "message": "Que me mudo alli en septiembre", "date": "2018-07-16 12:42:11"}, {"id_message": 34809570618, "message": "XD Mas o menos", "date": "2018-07-16 13:04:12"}, {"id_message": 36608240128, "message": "Me identifico con los osos", "date": "2018-07-16 13:10:41"}, {"id_message": 41222113157, "message": "A mi me gustan los tios grandes", "date": "2018-07-16 13:14:01"}, {"id_message": 68451903577, "message": "Si , y que me deje ver netflix", "date": "2018-07-16 13:15:15"}, {"id_message": 85001590045, "message": "Podeis relajaros un poco", "date": "2018-07-16 13:24:08"}, {"id_message": 28916733681, "message": "Podria explicarte su comportamiento si quieres", "date": "2018-07-16 17:05:20"}, {"id_message": 10610541789, "message": "La posesividad es un comportamiento toxico Y la toxicidad en parte es adictiva", "date": "2018-07-16 17:05:36"}, {"id_message": 50640425533, "message": "xD el mensaje de abajo lo resumen bin", "date": "2018-07-16 17:26:16"}, {"id_message": 28005573480, "message": "No me refiero a ti", "date": "2018-07-16 17:27:53"}]