[{"id_message": 58116126266, "message": "Hola Buena noches s todos ! Me uno a este grupon para hacer una consulta sobre relojes-sensores de entorno , nose so estar\u00e1 muy sobado el tema Preguntaba concretamente te por 3 , Gymwatch , Beast y Atlas 2 . Seria enfocado a la hipertrofia aunque con posibilidad de entreno de fuerza tambi\u00e9n Si alguien me puede dar su opini\u00f3n y cual me recomendar\u00eda ... Muchas gracias de antemano ! !", "date": "2019-06-06 21:57:29"}, {"id_message": 551587533, "message": "Muchas gracias por el recibimiento ! ! Jejejje Si no es el grupo adecuado por fa por , indicarme . Yo esque me puse en manos de un entrenador hace 4 meses pq pas\u00e9 una mala \u00e9poca , bale mucho de peso ( mido 188 y me qued\u00e9 en 74kg ) y estos 4 meses hemos estado haciendo entreno de fuerza para crear una buena base y ahora vamos a apor la hipertrofia", "date": "2019-06-06 21:59:29"}, {"id_message": 78675301747, "message": "Estoy en unos 82kg y subiendo ! ! !", "date": "2019-06-06 22:00:16"}, {"id_message": 3998604162, "message": "Aunque hasta llegar a los 95kg que pesaba a\u00fan me queda jejejejee", "date": "2019-06-06 22:00:39"}, {"id_message": 45246706625, "message": "Venia de un estado p\u00e9simo y hemos ido con cautela Es un gran profesional y por ahora he mejorado mucho En cuanto a medidas he ido subiendo de b\u00edceps , espalda , pecho y cuadriceps y bajando en ci tira y cadera , a la vez que sub\u00eda peso Pero si , por suerte se acaba la fuerza que ya empezaba a estar ... \ud83d\ude31", "date": "2019-06-06 22:03:09"}, {"id_message": 21388201004, "message": "Piensa que sentadilla mismo empec\u00e9 con 10kg por lado y flojeando jajaja En estos 4meses mi 1RM est\u00e1 en 101kg \ud83d\udc4f\ud83c\udffb \ud83d\udc4f\ud83c\udffb \ud83d\udc4f\ud83c\udffb \ud83d\udc4f\ud83c\udffb \ud83d\udc4f\ud83c\udffb", "date": "2019-06-06 22:04:33"}, {"id_message": 52293551377, "message": "En peso muerto mismo he situado mi 1RM en 130kg y en press de banca es en donde flojea m\u00e1s con 69kg de 1RM Pero contando que desde que empec\u00e9 he mejorado una burrada y estoy s\u00faper feliz ! ! !", "date": "2019-06-06 22:06:17"}, {"id_message": 67744089555, "message": "Recuerdo el tema por si alguien puede aportar algo . Gracias ! !", "date": "2019-06-06 22:43:57"}, {"id_message": 3387121104, "message": "Ok , a ver si aparece jejjew", "date": "2019-06-06 22:59:22"}, {"id_message": 25283054766, "message": "Aparte del tema de los sensores estos , quer\u00eda preguntar por preentreno . Ahora estoy con el Test Pump , ten\u00e9is opini\u00f3n ? Yo lo quer\u00eda para que me diera un punch extra , me dijeron que no tomara caf\u00e9 junto . Pero tengo alta tolerancia a los estimulantes y poco me hace Alguna recomendaci\u00f3n ? Gracias como sienpre", "date": "2019-06-07 10:01:04"}, {"id_message": 92325221311, "message": "Aqu\u00ed est\u00e1n los valores del hot Blood y del Test Pump Como lo ves ?", "date": "2019-06-07 10:55:47"}, {"id_message": 95136047039, "message": "No consigo enco trarlo", "date": "2019-06-07 11:07:26"}, {"id_message": 56456943708, "message": "Que quieres decir ... \ud83d\ude14", "date": "2019-06-07 11:08:42"}, {"id_message": 38771704801, "message": "No no , empece hara cosa de 2 semanas Pero como comentaba tolero bien por ejemplo la cafe\u00edna , ya que al d\u00eda puedo tomar 6 caf\u00e9s solos tranquilamente . A la taurina de mis Red Bulls , que despu\u00e9s de tomar puedo dormir la mona tranquilamente ... Por eso pregunto , pq empec\u00e9 con este preentreno , se me dijo que no tomara caf\u00e9 pq podria ir acelerado y tal . Tomo el preentreno junto al caf\u00e9 y no noto ni m\u00e1s activaci\u00f3n , ni m\u00e1s estimulo ni m\u00e1s nada", "date": "2019-06-07 11:12:51"}, {"id_message": 33286401188, "message": "Que si m\u00e1s o menos todos son lo mismo pues me quedo con el que estoy , pero si sab\u00e9is de alguno un poco m\u00e1s activador pues ser\u00eda genial escuchar opiniones", "date": "2019-06-07 11:14:22"}, {"id_message": 48903226806, "message": "Jajajajajajaajaj desde bien peque\u00f1o que tomo caf\u00e9 ... \ud83d\ude02", "date": "2019-06-07 11:15:00"}, {"id_message": 83966568944, "message": "\ud83d\ude27", "date": "2019-06-07 11:16:01"}, {"id_message": 11383600808, "message": "Despu\u00e9s del entreno me tomo un batido de prote\u00edna 50g , amilopeptina 100g y creatina 5g", "date": "2019-06-07 11:17:17"}, {"id_message": 64123261171, "message": "Aparte de nueces y 2 platanicos", "date": "2019-06-07 11:17:42"}, {"id_message": 91606322033, "message": "Si jajajaa , la tengo algo baja de normal", "date": "2019-06-07 11:26:05"}, {"id_message": 97611930515, "message": "No no Yo estoy de todo bien Tengo una enfermedad el ri\u00f1\u00f3n por la cual debo hacerme an\u00e1lisis , reconocimientos y pruebas cada poco tiempo . Voy controladisimo jajaja y todo va bien \ud83d\udc4f\ud83c\udffb \ud83d\udc4d\ud83c\udffb", "date": "2019-06-07 11:29:28"}, {"id_message": 4961182583, "message": "Una enfermedad que por suerte no afecta a la funci\u00f3n renal . Se llama s\u00edndrome de Cacci Ricci , son cristales de calcio incrustados en la carne del ri\u00f1\u00f3n que provoca c\u00f3licos continuos", "date": "2019-06-07 11:30:46"}, {"id_message": 97030121426, "message": "Es gen\u00e9tico . Una malformaci\u00f3n de unos tubos que est\u00e1n justo antes de llegar al ri\u00f1\u00f3n lo que provoca la acumulaci\u00f3n de calcio que deriva en la formaci\u00f3n de estos cristalitos que se acomodan en la carne del ri\u00f1\u00f3n", "date": "2019-06-07 11:33:17"}, {"id_message": 12331354392, "message": "Hay unos cuantos parecidos", "date": "2019-06-07 18:02:40"}, {"id_message": 593530503, "message": "La tierra es plana ?", "date": "2019-06-07 19:30:32"}, {"id_message": 23609918295, "message": "Pues el m\u00edo estaba a tope", "date": "2019-06-10 10:40:28"}, {"id_message": 66281198822, "message": "Vaya finde m\u00e1s productivo ! ! ! Amrap de sentadilla , 90kg x 7 Amrap de peso muerto 112 x 7 Amrap de press de banca 57 x 7 Supercontento ! ! ! \ud83d\udc4f\ud83c\udffb \ud83d\udc4f\ud83c\udffb \ud83d\udc4f\ud83c\udffb", "date": "2019-06-16 13:27:36"}, {"id_message": 56593258447, "message": "Muchas gracias ! ! ! @USER y @USER \ud83d\udc4d\ud83c\udffb \ud83d\udc4d\ud83c\udffb \ud83d\udc4d\ud83c\udffb", "date": "2019-06-16 16:27:19"}, {"id_message": 79064515402, "message": "Si alguno le interesa tema pre entrenos , acabo de pedir el C4 Ultimate . Si no hab\u00e9is hablado del tema antes y interesa ya contar\u00e9 sensaciones cuando llegue \ud83d\udc4d\ud83c\udffb", "date": "2019-06-25 21:31:28"}, {"id_message": 32949903693, "message": "En google busca C4 ultimate y te sale donde pedirlo . Donde yo lo he pedido hay descuento del 15 % al primer pedido y env\u00edo gratis y nacional", "date": "2019-06-26 07:20:08"}, {"id_message": 46445134166, "message": "Buenos d\u00edas No se si os acordareis , pero hace unos d\u00edas compr\u00e9 el C4 Ultimate y comente que dejar\u00eda mis impresiones . Lo compr\u00e9 pq busco algo que me ponga burraco y focalizado al m\u00e1ximo en lo que hago pq mi atenci\u00f3n en las cosas es ... dispersa \ud83d\ude01 . Pues bien ... solo digo que me lo tomo junto al cafecito de la ma\u00f1ana . Ni bomba , ni subid\u00f3n , ni focalizaci\u00f3n ... quiz\u00e1 un peliiiin m\u00e1s que el anterior ( TestPump ) , pero vamos , ni por asomo lo que se dice o se ve x las redes", "date": "2019-07-01 10:15:22"}, {"id_message": 62925145391, "message": "Mezclado con 100ml de agua porque el cazo directo como que no pq es gigante", "date": "2019-07-01 10:17:17"}, {"id_message": 65982285411, "message": "El cazo son casi 20g", "date": "2019-07-01 10:17:46"}, {"id_message": 46830571603, "message": "19g para ser exactos jajaja", "date": "2019-07-01 10:17:56"}, {"id_message": 50760918940, "message": "Jajajaja por eso digo que el cazo entero no haber si me ahogo \ud83d\ude01", "date": "2019-07-01 10:18:39"}, {"id_message": 28048090768, "message": "Pero bueno , que no es lo que dicen . Ahora estoy mir\u00e1ndome el Psycotic , Mesmotph , 5150 , yeah boody y Mutante ... Haber si alguno me convence y lo pido", "date": "2019-07-01 10:19:42"}, {"id_message": 10421002469, "message": "Pero tomarme m\u00e1s de lo que se indica ... tambien me da cosilla , no voy a mentir jajajaja . Pq si dicen que esto tal y esto cual , y que pega que no veas y bla bla bla ... aunque no me haga lo que tiene que hacer ya me tomo lo m\u00e1ximo que se indica", "date": "2019-07-01 10:20:48"}, {"id_message": 65628273530, "message": "Hay tiendas australianas o americanas , pero no env\u00edan a espa\u00f1a . Estas son las que tienen los buenos preentrenos \ud83d\ude01", "date": "2019-07-01 10:22:41"}, {"id_message": 99035984190, "message": "Estos son los que me han parecido m\u00e1s potentes que el C4 y se venden aqui", "date": "2019-07-01 10:23:45"}, {"id_message": 18828459720, "message": "Claro a mi la idea de aumentar la dosis no me gusta . Si esta marcada es pq en teor\u00eda tiene que hacerte efecto con esa cantidad . Si no , es pq debes buscar otro \ud83d\ude02", "date": "2019-07-01 10:27:02"}, {"id_message": 45556513625, "message": "Has mirado los que he puesto ?", "date": "2019-07-01 10:27:24"}, {"id_message": 62669137093, "message": "En teor\u00eda son m\u00e1s potentes que el C4 ultimate Que pre entreno tomas ?", "date": "2019-07-01 10:28:03"}, {"id_message": 45364311469, "message": "Esa es la idea en el futuro . Por ahora me limito a los camiones \ud83d\ude02", "date": "2019-07-01 10:28:41"}, {"id_message": 58762511493, "message": "No es broma , pero necesito estar supercentrado en lo que hago , ya digo que me distraigo con una mosca , y no me gusta eso", "date": "2019-07-01 10:29:04"}, {"id_message": 65717276460, "message": "Adem\u00e1s de se tira ese punch extra que da , sobretodo en d\u00edas demanda tes como el de piernas", "date": "2019-07-01 10:29:38"}, {"id_message": 35308606879, "message": "No me distraigo con el tel\u00e9fono . Lo tengo en el bolsillo por la m\u00fasica y de ah\u00ed no lo saco . Pero alomejor estoy haciendo se Radilla y voy pensando en que har\u00e9 luego o que hace el que est\u00e1 al lado , o ' X ' mierdas jajajajaa . Y sentirme enchufado . Si que tambi\u00e9n te lo da el estado mental con el que vayas , la m\u00fasica que te pongas , que si esto y lo otro , pero si hay adem\u00e1s algo extra que aumente eso ... bienvenido sea", "date": "2019-07-01 10:32:36"}, {"id_message": 24518387801, "message": "\ud83d\udc4f\ud83c\udffb", "date": "2019-07-01 13:35:27"}, {"id_message": 21867072763, "message": "Buenos d\u00edas desde Barcelona ! En breve pal gym \ud83d\ude4a", "date": "2019-07-02 07:50:43"}]