[{"id_message": 96882212519, "message": "El de leo Harlem muy bueno", "date": "2019-07-26 07:57:33"}, {"id_message": 9494860429, "message": "Y el suplentos es m\u00e1s barato ?", "date": "2019-07-26 07:58:07"}, {"id_message": 42017561373, "message": "Pero que efectos tiene exactamente .", "date": "2019-07-26 08:28:49"}, {"id_message": 37164515905, "message": "Pues habr\u00e1 que probarlo .", "date": "2019-07-26 22:32:14"}, {"id_message": 4317266916, "message": "Evidentemente solo un tiempo no es bueno supongo estar tom\u00e1ndolo todo el a\u00f1o . Ser\u00e1 2 meses y descansar", "date": "2019-07-26 22:32:44"}, {"id_message": 71860418897, "message": "Pues tomo nota kaske . De todas formas he mirado y lleva creatina y a m\u00ed la creatina me sienta mal me da dolor se cabeza . Ya ver\u00e9 a ver", "date": "2019-07-26 22:36:19"}, {"id_message": 10160855870, "message": "Pues tendr\u00e9 que usar esos . Cu\u00e1nto tiempo me recomiendas y cual puedo usar", "date": "2019-07-26 22:37:02"}, {"id_message": 41790815700, "message": "Te sube la tensi\u00f3n ese suplemento ?", "date": "2019-07-26 22:37:12"}, {"id_message": 34561453510, "message": "Si a m\u00ed siempre me ha sentado mal la creatina . Si yo creo que lo mejor un caf\u00e9 solo con hielo y punto . Por qu\u00e9 es como t\u00fa dices despu\u00e9s crea dependencia y no es natural no sano", "date": "2019-07-26 22:41:05"}, {"id_message": 81714706441, "message": "Perdona no vi el mensaje ni me avis\u00f3 . Si hacen que la energ\u00eda la genere lo que toman y el cuerpo deja de crearla . Momentos puntuales vienen bien pero solo eso . Pues dependes a m\u00ed me pas\u00f2 con pastillas para dormir de estas sin receta al final no dorm\u00eda si no las tomaba y el se la farmacia diciendo que no pasa nada que es suave y no se acostumbra el cuerpo . cuando te quieren vender algo no hay que fiarse de nadie .", "date": "2019-07-27 06:21:14"}, {"id_message": 93794211752, "message": "Creo que s\u00ed . De todas formas igual no tiene relaci\u00f3n . Puede ser casualidad . Lo deescozor suena a infecci\u00f3n ve al m\u00e9dico . Te hablo desde mi conocimiento b\u00e1sico", "date": "2019-07-27 08:03:30"}, {"id_message": 61200870187, "message": "Si te vuelve a pasar ? ? ? Eso es un aviso del cuerpo por eso te excuece si te vuelve a pasar igual est\u00e1s peor . Pueden ser muchas cosas ... T\u00fa lo relacionas con el suplemento que quiz\u00e1s sea . ... Pero no lo sabes ... Mejor salir de dudas creo yo ...", "date": "2019-07-27 08:23:09"}, {"id_message": 73083903310, "message": "Vale julian jaja entonces est\u00e1s en buenas manos .", "date": "2019-07-27 08:39:02"}, {"id_message": 46400360502, "message": "De nada \ud83d\ude18", "date": "2019-07-27 09:13:15"}, {"id_message": 36250045111, "message": "Y mira que estudio ingl\u00e9s pero claro tanta palabra inglesa nueva ...", "date": "2019-07-29 14:42:17"}, {"id_message": 47134545465, "message": "De acuerdo con el doctor . Pero el fresco tambi\u00e9n ?", "date": "2019-07-29 15:15:12"}, {"id_message": 67187652152, "message": "Creo que todos engordan menos el fresco . Igual que la leche engorda", "date": "2019-07-29 15:16:19"}, {"id_message": 21239020431, "message": "Pero es tan f\u00e1cil como analizarlos en laboratorio y yasta", "date": "2019-07-29 15:16:39"}, {"id_message": 64632479607, "message": "Jajaja claro el que engordas eres t\u00fa", "date": "2019-07-29 15:19:27"}, {"id_message": 35431873198, "message": "C\u00f3mo que no . La grasa engorda", "date": "2019-07-29 15:19:53"}, {"id_message": 36242941949, "message": "Hombre engorda si te pasas eso si", "date": "2019-07-29 15:20:59"}, {"id_message": 25158216520, "message": "Totalmente de acuerdo con todos", "date": "2019-07-29 15:21:16"}, {"id_message": 68341292710, "message": "Un 10 % hace falta minimo", "date": "2019-07-29 15:21:37"}, {"id_message": 86697393025, "message": "Tambi\u00e9n para el cerebro hace falta la grasa de echo colesterol", "date": "2019-07-29 15:21:55"}, {"id_message": 95206504607, "message": "De todas formas el queso est\u00e1 rico voy a seguir comiendo queso", "date": "2019-07-29 15:49:22"}, {"id_message": 7259414450, "message": "La cosa es no pasarse y yasta . comerlo por la ma\u00f1ana as\u00ed lo quemas", "date": "2019-07-29 15:49:41"}, {"id_message": 2658177638, "message": "Que opin\u00e1is del curl del predicador . Hay un v\u00eddeo de un youtuber lo explica muy bien aunque me fuera gustado m\u00e1s largo . No s\u00e9 si lo hab\u00e9is visto", "date": "2019-07-29 16:17:11"}, {"id_message": 79639981159, "message": "A ver si os llega", "date": "2019-07-29 17:25:14"}, {"id_message": 71730043254, "message": "Yo coincido contigo pero adem\u00e1s pienso que es b\u00e1sico para sacar un buen pico", "date": "2019-07-29 23:32:04"}, {"id_message": 11629271172, "message": "Seg\u00fan hay cosas buenas que no se hacen esperar jajaja", "date": "2019-07-30 15:28:40"}, {"id_message": 84678856951, "message": "A ver consejo sobre gyms", "date": "2019-07-30 18:03:05"}, {"id_message": 6624174558, "message": "Que me aconsej\u00e1is a la hora de ir a uno por primera vez . Para la elecci\u00f3n de un gym", "date": "2019-07-30 18:03:26"}, {"id_message": 48447116484, "message": "Deja una semana de tomar caf\u00e9 . ver\u00e1s si te hace cuando se te valla la adicci\u00f3n", "date": "2019-07-30 18:51:39"}, {"id_message": 73145271814, "message": "Si ahorras tiempo cerca de casa eso s\u00ed", "date": "2019-07-30 19:58:05"}, {"id_message": 34362565878, "message": "Adem\u00e1s del gasto en gasolina y tiempo .", "date": "2019-07-30 20:40:23"}, {"id_message": 46564650808, "message": "Pierdes dinero y tiempo . dos cosas muy valiosas hoy d\u00eda", "date": "2019-07-30 20:40:36"}, {"id_message": 47538225178, "message": "Yo ir\u00e9 a uno cercano que abren los domingos el go fit", "date": "2019-07-30 20:40:58"}, {"id_message": 55672064639, "message": "Tambi\u00e9n por las piscina que me gusta nadar y me viene bien para la espalda", "date": "2019-07-30 20:41:26"}, {"id_message": 76560063193, "message": "Por que este grupo solo se puede silenciar 8h ?", "date": "2019-08-03 15:44:37"}]