[{"id_message": 81590185045, "message": "Jajajajajajajaj casarnos no ... xk ella no kiera jajaja \ud83d\ude02 \ud83d\ude02", "date": "2019-06-28 00:01:51"}, {"id_message": 15047664234, "message": "Prefiero jugar en casa ... con mi afici\u00f3n y eso", "date": "2019-06-28 00:02:44"}, {"id_message": 58695219636, "message": "X eso .. en cuanto ella quiera tu pasas por el aro \ud83d\ude02 \ud83d\ude02", "date": "2019-06-28 00:03:02"}, {"id_message": 91783997141, "message": "M voy a mover el culoo", "date": "2019-06-28 00:03:07"}, {"id_message": 55870248984, "message": "Ahora tiene k buscarse otras jaja", "date": "2019-06-28 00:04:57"}, {"id_message": 89070523685, "message": "Jajajajaja todos los dias voy a currar jajaja \ud83d\ude02", "date": "2019-06-28 00:09:25"}, {"id_message": 65017497840, "message": "se parece como hueco a una casta\u00f1a ...", "date": "2019-06-28 13:55:27"}, {"id_message": 93639819719, "message": "Mejor que asistidas en maquina con goma asi t esfuerzas mas jajaj", "date": "2019-06-28 14:08:21"}, {"id_message": 92866861496, "message": "Ojo ck las rodillas en esas zancadas", "date": "2019-06-28 16:39:43"}, {"id_message": 31084233598, "message": "Porque no bajas en el peso muerto ?", "date": "2019-06-28 16:40:13"}, {"id_message": 69129014636, "message": "Y tampoco t acostunbres a utilizar agarre mixto en el peso muerto", "date": "2019-06-28 16:41:23"}, {"id_message": 35064359321, "message": "No serias el primero que se jode el biceps", "date": "2019-06-28 16:41:43"}, {"id_message": 8644678285, "message": "Siempre se aprende \ud83d\udcaa", "date": "2019-06-28 16:43:19"}, {"id_message": 24867835909, "message": "Jajaaja estas de Rodr\u00edguez ?", "date": "2019-06-28 16:43:50"}, {"id_message": 27992641731, "message": "Para eso nos exponemos en las rrss", "date": "2019-06-28 16:44:03"}, {"id_message": 13126422111, "message": "Jajajaja dila que si es por esposarte en los sexshop venden", "date": "2019-06-28 16:44:56"}, {"id_message": 70550923200, "message": "No los llamo \ud83d\ude02", "date": "2019-06-28 16:45:06"}, {"id_message": 69841593385, "message": "Realmente es cro ... y ya no hay \ud83d\ude02", "date": "2019-06-28 16:49:19"}, {"id_message": 69269533117, "message": "yo mi tiempo de gim es limitadillo", "date": "2019-06-28 17:01:59"}, {"id_message": 16611634190, "message": "hoy har\u00e9 algun entreno de crossfit y luego movilidad que me estoy quedando mas bloqueado que un azulejo", "date": "2019-06-28 17:02:21"}, {"id_message": 52169973882, "message": "para que opositvas jose ?", "date": "2019-06-28 17:02:26"}, {"id_message": 47561795198, "message": "SI , o como dicen ahora los guays mobility jajaja", "date": "2019-06-28 17:05:07"}, {"id_message": 20231870573, "message": "es parecido a los estiramientos", "date": "2019-06-28 17:06:43"}, {"id_message": 35423166836, "message": "pero con otro enfoque", "date": "2019-06-28 17:06:51"}, {"id_message": 17247054300, "message": "Cm molan los TI todo el dia comida \ud83e\udd24", "date": "2019-06-29 09:39:52"}, {"id_message": 64966145047, "message": "Decidido m cambio de sexo", "date": "2019-06-30 20:30:37"}, {"id_message": 26787036369, "message": "A ver si hay mas suerte", "date": "2019-06-30 20:30:41"}, {"id_message": 19121801546, "message": "K co\u00f1o estais haciendo", "date": "2019-07-01 00:08:01"}, {"id_message": 75293797787, "message": "Xk nunca usais huevoz ?", "date": "2019-07-01 18:38:46"}, {"id_message": 71252999905, "message": "Un poco de trainin en casa", "date": "2019-07-03 20:01:14"}, {"id_message": 15988461410, "message": "Si se quiere se puede \ud83d\udcaa", "date": "2019-07-03 20:01:18"}, {"id_message": 35092732144, "message": "Jeje \ud83d\udcaa", "date": "2019-07-03 20:21:50"}, {"id_message": 50556863981, "message": "Ijajaja k es esto . ?", "date": "2019-07-18 21:37:23"}, {"id_message": 74225271063, "message": "Os presento mi cambio en 1 mes", "date": "2019-07-18 22:10:28"}, {"id_message": 62886763574, "message": "Luego voy a mirarlo \ud83d\ude02", "date": "2019-07-18 22:13:56"}, {"id_message": 23168079631, "message": "Diferent posicion de brazos", "date": "2019-07-18 22:20:25"}, {"id_message": 54544448679, "message": "Las he dado de comer \ud83d\ude02", "date": "2019-07-18 22:23:32"}, {"id_message": 75450780013, "message": "En septiembre hare una peque\u00f1a etapa de volumen 2 o 3 meses", "date": "2019-07-18 22:23:44"}, {"id_message": 1497279618, "message": "Gracias chicos \ud83d\udcaa", "date": "2019-07-18 22:23:52"}, {"id_message": 73514370965, "message": "Y lo k t pierdes jaja", "date": "2019-07-18 22:24:05"}, {"id_message": 95170217472, "message": "Si pero m falta musculo mucho mas no puedi definir k m kedo silfide por eso quiero hacer una peke\u00f1a etapa de volumen por los deportes que hago no puedo pillar mucho pero algo si", "date": "2019-07-18 22:25:31"}, {"id_message": 84635058446, "message": "Paso a pasoo dale ca\u00f1a", "date": "2019-07-18 22:42:11"}, {"id_message": 25534386709, "message": "Ya jodee k putada", "date": "2019-07-18 22:42:19"}, {"id_message": 6832224841, "message": "Jajajaja los espa\u00f1oles somos grandes competidores asi nos quitan", "date": "2019-07-18 22:46:10"}, {"id_message": 76926556513, "message": "No soy d ese estilo de bachata", "date": "2019-07-18 22:47:07"}, {"id_message": 50033378171, "message": "Soy mas de sensual", "date": "2019-07-18 22:47:11"}, {"id_message": 90906592737, "message": "\ud83e\udd23 \ud83e\udd23 \ud83e\udd23 \ud83d\ude1c", "date": "2019-07-18 22:50:19"}, {"id_message": 73611274093, "message": "Empoeza por cambios peke\u00f1os cambios radicales o suelen adherirse a t invida ..", "date": "2019-07-29 11:06:00"}, {"id_message": 90470963671, "message": "Empieza comiendo mas saludable menos procesa ...", "date": "2019-07-29 11:06:14"}, {"id_message": 37578967929, "message": "Y luego solo cardio nunca fuerza 2-3 dias cardio", "date": "2019-07-29 11:06:44"}]