[{"id_message": 28786712873, "message": "Por ciero @USER feliz cumplea\u00f1os ! ! !", "date": "2019-07-27 08:19:55"}, {"id_message": 52813134580, "message": "En nada te plantas en imserso \ud83d\ude1c \ud83e\udd23 \ud83e\udd23", "date": "2019-07-27 08:21:42"}, {"id_message": 10149700505, "message": "Faustino si me alarmo por cada cosa que me pasa a lo largo del d\u00eda estar\u00eda empadronado en urgencias , anda que a uno no le pasan cosas \ud83d\ude02", "date": "2019-07-27 08:26:26"}, {"id_message": 47872244462, "message": "Mi mujer es enfermera ella vera ...", "date": "2019-07-27 08:27:13"}, {"id_message": 77164344708, "message": "Ese se va al gimnasio todos los d\u00edas", "date": "2019-07-29 18:15:00"}, {"id_message": 89279037164, "message": "Enhorabuena Jos\u00e9 no entiendo mucho de las pruebas pero me alegro por ti", "date": "2019-07-31 13:27:19"}, {"id_message": 3292639877, "message": "La buena teta que en la mano quepa", "date": "2019-08-01 16:07:37"}, {"id_message": 34905520608, "message": "En el crossfit tambien se hablaba de la rabdo .", "date": "2019-08-01 22:58:35"}, {"id_message": 99758572120, "message": "Pues todavia estoy por casa , el domingo saldre para menorca Te vienes ? \ud83d\ude03", "date": "2019-08-02 10:33:22"}, {"id_message": 64125238392, "message": "Aqui esta nuestra MJ ! Ahora con voz !", "date": "2019-08-02 13:28:29"}, {"id_message": 94570481356, "message": "Yo llevo unos dias de descontrol con la dietA", "date": "2019-08-02 23:10:29"}, {"id_message": 6022386852, "message": "En fin en sept volveremos Pero no concibo agosto sin calderetas y sin mariscadas", "date": "2019-08-02 23:11:05"}, {"id_message": 12155215429, "message": "Buenos dias en la que la noticia de al ancance y que mas os va a importar es que que do\u00f1a Sofia se ha reconciliado con el em\u00e9rito", "date": "2019-08-04 08:59:27"}, {"id_message": 11893739389, "message": "Ruben veo que tu vida se centra en entrenar cuando lo mas importante es estar al tanto de las correr\u00edas de la casa real", "date": "2019-08-04 10:22:11"}, {"id_message": 72413356237, "message": "A mi me Pasa igual el calor me afecta", "date": "2019-08-05 18:11:02"}, {"id_message": 91581886623, "message": "Ejem gais , , , lobato \u2026 \ud83e\udd23", "date": "2022-10-17 08:47:15"}, {"id_message": 66806517693, "message": "Primera foto a las cuatro semanas de hacer CrossFit segunda foto al a\u00f1o de hacer CrossFit", "date": "2022-10-18 16:56:42"}, {"id_message": 32172093625, "message": "\u00danete a la secta Tendr\u00e1s sexo con las chicas , te sentir\u00e1s querido y haremos rituales de cosas", "date": "2022-10-18 17:59:41"}, {"id_message": 4604951569, "message": "Hola como diab\u00e9tico tipo dos yo te dir\u00eda que le pusieras carbohidratos complejos y preferentemente alrededor del entreno", "date": "2022-10-20 12:00:39"}, {"id_message": 11896440960, "message": "Tambi\u00e9n te aconsejar\u00eda de que le metieras grasas como aceite de coco , nueces , aceite de oliva , aguacate y Macadamia", "date": "2022-10-20 12:03:19"}, {"id_message": 97513009236, "message": "No hay que tenerle miedo a los diab\u00e9ticos que no se te va a morir . Yo por lo menos no me he muerto \ud83e\udd2a \ud83e\udd2a", "date": "2022-10-20 12:03:42"}, {"id_message": 78510017473, "message": "Yo creo que el peso muerto activa un mont\u00f3n de cadenas musculares que se enlazan unas con las otras y para la funcionalidad del cuerpo en la vida diaria . Creo que es mejor que hacer prensa .", "date": "2022-10-20 12:11:15"}, {"id_message": 78263823001, "message": "En mi crossfit acabo de descubrir que un 25 % de la gente es gay", "date": "2022-10-20 21:32:23"}, {"id_message": 1544386807, "message": "Se mantiene esa proporci\u00f3n en otros colectivos ? Hablo en serio", "date": "2022-10-20 21:32:45"}, {"id_message": 8081036917, "message": "Es que quiero saber si esto es as\u00ed , en general", "date": "2022-10-20 21:34:47"}, {"id_message": 41585270435, "message": "En el Europa equipo de f\u00fatbol femenino el 90 % , lo se de primera mano", "date": "2022-10-20 21:36:02"}, {"id_message": 16170853779, "message": "Bueno , en vista del \u00e9xito os comunico que apartir de ahora este grupo pasa a ser de pago , se abrir\u00e1 una cuenta donde se van a ingresar tres euros mensuales y que no lo haga ser\u00e1 expulsado del grupo", "date": "2022-11-16 08:48:17"}, {"id_message": 10400034921, "message": "Afortunadamente dios no me ha hecho un hijo de puta as\u00ed que disfrutad gratis cabrones \ud83d\ude02 \ud83d\ude02 \ud83d\ude02", "date": "2022-11-16 08:48:46"}, {"id_message": 405577016, "message": "Buenas , , grupo He visto el hist\u00f3rico de mensajes off topic sobre inform\u00e1tica e historia de la humanidad , , mejor no pontificar en cabezas vac\u00edas \u00e1vidas de m\u00fasculo . Aqui no florecer\u00e1 nada . Manteng\u00e1monos discretos manteng\u00e1monos reservados", "date": "2022-11-30 14:08:42"}, {"id_message": 28025645546, "message": "Dentro del bote te viene un cacito se pueden tomar de 5:00 a 8: 00 gramos diarios y es uno de los suplementos m\u00e1s estudiados m\u00e1s efectivos y m\u00e1s seguros", "date": "2022-12-03 08:55:43"}, {"id_message": 92116239835, "message": "Por cierto , acudo a la sabidur\u00eda colectiva del foro . Alguien sabe las cantidades de hormonas que se utilizan en un cambio de g\u00e9nero ?", "date": "2022-12-03 08:56:11"}, {"id_message": 73026622477, "message": "Tiene que ser bestial en un cuerpo de mujer y empezar a meter testosterona supongo que lo tiene que desmontar todo el cerebro", "date": "2022-12-03 09:08:06"}, {"id_message": 83863387947, "message": "Atenci\u00f3n a todos actualizar Telegram a la \u00faltima versi\u00f3n para poder ver los subgrupos", "date": "2022-12-08 10:25:38"}, {"id_message": 7612505708, "message": "Pues no se , , , Se te ha quedado una mierda de vida \u2026 pudiendo hablar solo a la sombra de los dem\u00e1s \ud83d\ude02 \ud83d\ude02 \ud83d\ude02", "date": "2022-12-08 10:33:29"}, {"id_message": 77486481713, "message": "Voy a ver si investigo un poco es una nueva caracter\u00edstica de Telegram", "date": "2022-12-08 10:33:45"}, {"id_message": 56311707432, "message": "Ya est\u00e1is todos aqu\u00ed ?", "date": "2022-12-08 10:35:49"}, {"id_message": 93508147126, "message": "Nah ! \u2026 temas en los grupos que han bloqueado el acceso as\u00ed que aunque me parec\u00eda bastante interesante la opci\u00f3n de hacer salas tem\u00e1ticas hasta que todo esto no est\u00e9 bien implementado seguimos como estamos", "date": "2022-12-08 10:42:50"}, {"id_message": 44215506016, "message": "Para muscular la papada", "date": "2022-12-11 16:46:31"}, {"id_message": 33156193739, "message": "Oye , t\u00fa escribes as\u00ed en plan co\u00f1a ?", "date": "2022-12-12 17:35:52"}, {"id_message": 9999569658, "message": "Pues te apuntar\u00e9 en su momento", "date": "2022-12-14 18:10:15"}, {"id_message": 62573679879, "message": "Si alguien quiere estar en la lista de preparadores que me lo diga", "date": "2022-12-14 23:13:10"}, {"id_message": 1762211727, "message": "Comentemos las chicas del p\u00fablico", "date": "2022-12-15 22:39:56"}, {"id_message": 28341918, "message": "Yo me ducho en casa , no pasa nada hombre , , ,", "date": "2022-12-15 23:07:51"}, {"id_message": 11255504564, "message": "Alguna explicaci\u00f3n de que la masoner\u00eda quiera extender su simbolog\u00eda ?", "date": "2022-12-20 10:23:30"}, {"id_message": 25089893598, "message": "Se empieza por eso y se termina adorando al diablo", "date": "2022-12-20 10:24:36"}, {"id_message": 70515819478, "message": "Si lo han puesto es que han cobrado", "date": "2022-12-20 10:34:26"}, {"id_message": 69768113937, "message": "Un anuncio al uso pues no me negar\u00eda , pero poner simbolog\u00eda NWO pues no se , , ,", "date": "2022-12-20 10:51:07"}, {"id_message": 15802785374, "message": "Lo conoc\u00e9is ? Buen foro", "date": "2022-12-20 13:47:26"}, {"id_message": 5920219287, "message": "Gratis ? Te lo paga la empresa ?", "date": "2022-12-20 17:00:29"}, {"id_message": 6567833132, "message": "Es cierto ? O sarcasmo , porque yo soy diab\u00e9tico y me glucemia ha mejorado algo con el Crossfit", "date": "2022-12-20 17:02:24"}]