[{"id_message": 62379805529, "message": "buenas ! que tal ? busco rutinas para hipertrofia ... alguna recomendacion ? gracias", "date": "2022-10-12 21:49:49"}, {"id_message": 45684270960, "message": "y una cosa mas , alguna recomendacion de prote y creatina ? prozis ? foodspring ?", "date": "2022-10-12 22:04:05"}, {"id_message": 5079367128, "message": "eso se pilla online , no ?", "date": "2022-10-12 22:06:01"}, {"id_message": 91560193501, "message": "hola ! un buen smart watch ? ? ? gracias !", "date": "2022-10-16 12:28:44"}, {"id_message": 36918601886, "message": "yo hago . torso 2 dias y piernas 2 dias . frecuencia 2", "date": "2022-10-16 19:00:19"}, {"id_message": 70052199890, "message": "pecho , espalda , hombro , biceps triceps", "date": "2022-10-16 19:05:36"}, {"id_message": 31239815571, "message": "y otro dia pierna", "date": "2022-10-16 19:05:36"}, {"id_message": 44906443811, "message": "me gustaria tener rutinas de ese formato ... para ir cambiando ejercicios", "date": "2022-10-16 19:05:36"}, {"id_message": 20017770444, "message": "Necesito ayuda . He empezado este entreno en septiembre . Me siento algo estancado ya . Son 4 d\u00edas y cuando puedo refuerzo con dos mas ( haciendo lo mismo ): DIA 1 ( LUNES ) y DIA 3 MIERCOLES : PRESS BANCA 3 x (8 - 10 ); DOMINADAS 3 x 8 ( o las que pueda ); PRESS HOMBRO 3 x (8 - 10 ); REMO CON BARRA 3 x (8 - 10 ); FONDOS 3 x (8 - 10 ); ELEVACIONES LATERALES 3 x (8 - 10 ); BICEPS BANCO PREDICADOR 3 x (8 - 10 ); TRICEPS BARRA ZIG ZAG 3 x (8 - 10 ) | | DIA 2MARTES Y DIA 4 JUEVES : SENTADILLA PROFUNDA 3 x (8 - 10 ); PESO MUERTO 3 x (8 - 10 ); HIP TRUST 3 x (8 - 10 ); EXTENSIONES MAQUINA 3 x (8 - 10 ); CURL MAQUINA 3 x (8 - 10 ); GEMELOS ELEVACI\u00d3N DE TALONES 3 x (8 - 10 ) ( TAMBIEN METO ABDUCTORES Y ADDUCTORES ); y cuando tengo hueco meto un entreno de core de 10 mins ( minimo 2 veces / semana = planchas ... )", "date": "2022-10-28 16:56:24"}, {"id_message": 89787681872, "message": "Me siento estancado con los pesos ...", "date": "2022-10-28 16:56:33"}, {"id_message": 15128212256, "message": "sin son 4 dias a la semana", "date": "2022-10-28 19:02:50"}, {"id_message": 9252401685, "message": "4 veces casi siempre ... el incremento de mas dos dias igual hago biceps / triceps ... aveces nadar o mas core", "date": "2022-10-28 19:03:53"}, {"id_message": 90364434859, "message": "ya ... si la clave es la alimentacion y ser constante ... esq siento q llevo a\u00f1os entrenando y asiduamnt pero me estanco en los pesos", "date": "2022-10-28 19:04:43"}, {"id_message": 47162926227, "message": "gracias de tods formas", "date": "2022-10-28 19:04:49"}, {"id_message": 68430983708, "message": "83 kg , mido 188cm . Press banca 70 kg . Sentadilla 80 kg \u2026", "date": "2022-10-29 09:47:35"}, {"id_message": 26382641298, "message": "Buenos d\u00edas ! En back squat cuando lleg\u00f3 a los 70 kg ya no puedo hacer profunda hasta abajo . Y no quiero seguir subiendo peso si no hago la t\u00e9cnica bien . Alguna recomendacion ? ?", "date": "2022-10-29 10:47:04"}, {"id_message": 35114082494, "message": "Si si \u2026 con 65 kg lo hago bien \u2026 en 70 comienzo a hacerlo no tan bien", "date": "2022-10-29 11:19:24"}, {"id_message": 66481734589, "message": "como veis este entreno de 6 dias ? q he empezado a haceR ?", "date": "2022-11-01 11:23:04"}, {"id_message": 43216616214, "message": "lo que pasa ... esq en espalda por ejemplo ... echo de menos las dominadas ... y no se como ir adaptandolo a ejercicios q quiero ... y luego tb al dividirlo en 6 dias ... siento q no hago mucho en el gym ... entonces la ventaja esq asi estoy 45 mins - 1h y acabo pero la desventaja esq nose si lo estoy hacinedo correctamnt o si deberia dalre mas enfassis a als series de aproximaci\u00f3n y hacer efectivas d verdad ... poniendole foco ahi q es lo importante", "date": "2022-11-01 11:25:05"}, {"id_message": 587260320, "message": "imagino q no es bueno abusar de la proteina whey , pero hasta cuanta cantidad es sano tomar a diario ?", "date": "2022-11-03 23:17:15"}, {"id_message": 5382740507, "message": "de proteina en general ... intento 150 gr dia ... peso 80-83 kg ... pues 2 x 80 = 160 gramos mas o menos ... estoy tomando de whey 60 gr que son dos dosis de 30 gr ... pero eso es de producto ... luego se queda en menos ... 60gr de producto = 40 gr de proteina mas o menos", "date": "2022-11-03 23:24:35"}, {"id_message": 23257092358, "message": "luego entre desayuno comida y cena hago el resto hasta 150-160 gr", "date": "2022-11-03 23:26:52"}, {"id_message": 37733703863, "message": "porque con la comida no llego bien a 160 gr ... andare en 100-120 gr diarios", "date": "2022-11-03 23:30:35"}, {"id_message": 39118449656, "message": "Jajajajaja pero esq lo estoy haciendo porque me Siento estancado y no quiero volverme loco con una dieta . Tb me gustar\u00eda saber cuantos kg de masa muscular magra tengo q ganar para ver alguna evolucion . Por tenerlo en la cabeza y poder saber cuanto dif\u00edcil o asequible es", "date": "2022-11-05 11:09:32"}, {"id_message": 32297073773, "message": "Yo tb he cumplido ! Leg day", "date": "2022-11-05 12:56:05"}, {"id_message": 69007455029, "message": "Por cierto , suelo hacer ahora en pierna principalmente sentadilla , peso muerto y hiptrust . Luego refuerzo con leg curl , extensi\u00f3n de pierna y gemelos , abductores \u2026 pero echo de menos la prensa \u2026 no se como meterla o alternarla . Como hac\u00e9is vosotros ?", "date": "2022-11-05 12:57:48"}, {"id_message": 24307437642, "message": "femoral + gluteo : hip , pm convencional y rumano , sentadillas bulgara y para el dia de quad : sentadilla high bar , maquina hack , prensa , sisi ... asi no ?", "date": "2022-11-05 13:57:01"}, {"id_message": 17808717856, "message": "Espalda hecha . Remo con barra inclinado y Remo en polea con agarre cerrsdo ( en v )", "date": "2022-11-21 20:13:40"}, {"id_message": 88164473762, "message": "my protein esta 50 % en la web . quiero probar sus batidos de proteina . cual es la referencia q me recomendais ? es qsuelo utilizar prozis", "date": "2022-11-25 18:46:14"}]