[{"id_message": 42010383124, "message": "Y lo has probado ?", "date": "2019-04-26 19:41:32"}, {"id_message": 374130822, "message": "Yo es que tengo un sue\u00f1o muy ligero , poco profundo", "date": "2019-04-26 19:42:18"}, {"id_message": 45193037210, "message": "Tomo nota , gracias no lo conoc\u00eda", "date": "2019-04-26 19:43:11"}, {"id_message": 60619214108, "message": "Yo me tomo una tila doble", "date": "2019-04-26 19:44:23"}, {"id_message": 28225758931, "message": "Pero vamos que soy un meneaculos nocturno", "date": "2019-04-26 19:44:33"}, {"id_message": 94177274194, "message": "A urgencias , es lo m\u00e1s efectivo", "date": "2019-04-28 20:35:14"}, {"id_message": 96762102422, "message": "Si se te hunde el pecho y no es para ir a urgencias t\u00fa me dir\u00e1s que es", "date": "2019-04-28 20:50:49"}, {"id_message": 20811839040, "message": "A molestar a todos los que estamos entrenado todo el a\u00f1o . Ahora y en septiembre", "date": "2019-05-06 23:19:29"}, {"id_message": 76716972267, "message": "Yo si \ud83d\ude3a \ud83d\udc4d\ud83c\udffc", "date": "2019-05-16 14:31:39"}, {"id_message": 63657914364, "message": "Es lo mejor que he descubierto en mi vida comer sano", "date": "2019-05-16 14:35:37"}, {"id_message": 24765263920, "message": "\ud83d\ude3b \ud83d\ude3b \ud83d\ude3b", "date": "2019-05-22 08:02:05"}, {"id_message": 26327084515, "message": "Yo las tengo hace 3 d\u00edas ya \ud83d\ude05", "date": "2019-05-26 13:57:47"}, {"id_message": 25520712161, "message": "Si tienes la mala fortuna de lesionarte , por ejemplo la mu\u00f1eca , para recuperarla haciendo ejercicios es la ideal", "date": "2019-06-04 14:19:09"}, {"id_message": 29959145201, "message": "Es el sentido que le veo o personas mayores que van al gym para movilidad", "date": "2019-06-04 14:19:33"}, {"id_message": 99674026431, "message": "Me lo apunto yo soy uno de los que lo hago mal", "date": "2019-07-20 16:22:55"}, {"id_message": 24668896707, "message": "El movimiento no es el mismo , en el Press banca no abres los brazos al bajar", "date": "2019-07-20 16:44:18"}, {"id_message": 98342910648, "message": "Felicidades , est\u00e1s hecha una cr\u00eda \ud83d\ude38 \ud83d\ude38 \ud83d\ude38 Carpe Diem", "date": "2019-07-27 23:22:42"}]