[{"id_message": 92638337103, "message": "Yo no , porque as\u00ed no me gusta", "date": "2019-05-16 00:01:25"}, {"id_message": 57313383451, "message": "Pero si se junta con otro culturista que les apasiona a los dos lo mismo , en la gloria estar\u00e1n", "date": "2019-05-16 00:01:54"}, {"id_message": 65264683024, "message": "Peor veo tener de pareja una actriz o actor porno", "date": "2019-05-16 00:03:29"}, {"id_message": 33898183144, "message": "Y existen esas parejas", "date": "2019-05-16 00:03:35"}, {"id_message": 95978604184, "message": "Y les va bien", "date": "2019-05-16 00:03:38"}, {"id_message": 9083972213, "message": "Es cuesti\u00f3n de compatibilidad", "date": "2019-05-16 00:03:57"}, {"id_message": 98942490707, "message": "Las guapas est\u00e1n hartas de que les entren babosos , si se les acerca uno normal lo agradecen", "date": "2019-05-16 00:05:15"}, {"id_message": 57217534014, "message": "El problema son las inseguridades", "date": "2019-05-16 00:10:16"}, {"id_message": 23953936240, "message": "Y eso se trabaja desde dentro", "date": "2019-05-16 00:10:27"}, {"id_message": 26443013755, "message": "Una mujer muy guapa igual quiere enamorarse y estar con una persona con la que ses feliz", "date": "2019-05-16 00:11:07"}, {"id_message": 65827518203, "message": "Yo le entiendo , tard\u00e9 una semana en darme cuenta de que mi ex me estaba entrando porqie pensaba \" semejante diva me quiere de amigo \"", "date": "2019-05-16 00:18:46"}, {"id_message": 8157757490, "message": "Y de entrarle yo a una diva ufff xd", "date": "2019-05-16 00:19:08"}, {"id_message": 48750706467, "message": "Tal cual xd me fijo mucho en la cabeza de la otra persona pero si que es cierto que ahora que he empezado no me gustar\u00eda estar con nadie que no se cuidase un poco", "date": "2019-05-16 00:26:59"}, {"id_message": 22109556893, "message": "A mi me ha pasado al rev\u00e9s", "date": "2019-05-16 00:29:22"}, {"id_message": 76554260748, "message": "Hablar con una chica atractiva y a los 5 min pensar , dios , es tontisima , qu\u00e9 pollas hago aqu\u00ed", "date": "2019-05-16 00:29:47"}, {"id_message": 65980062733, "message": "El deporte mejora la circulaci\u00f3n y eso mejora las erecciones y mejores orgasmos para ambos", "date": "2019-05-16 00:45:47"}, {"id_message": 17625651925, "message": "As\u00ed se te han quedado los ojos / matame", "date": "2019-05-16 01:40:07"}, {"id_message": 57724560553, "message": "El rite es un reglamento de instalaciones no ?", "date": "2019-05-16 10:41:29"}, {"id_message": 15668794374, "message": "Es que estudi\u00e9 algo y el reglamento se llama as\u00ed", "date": "2019-05-16 10:43:08"}, {"id_message": 8844385263, "message": "Reglamento de Instalaciones Termicas en Edificios", "date": "2019-05-16 10:43:25"}, {"id_message": 36938440480, "message": "Yo le doy tambi\u00e9n a la comba , me est\u00e1 gustando m\u00e1s que correr", "date": "2019-05-16 21:33:38"}, {"id_message": 67424132954, "message": "Eso es ya pro ajajajja yo voy a menos", "date": "2019-05-16 21:35:34"}, {"id_message": 24008709239, "message": "Cuando aprenda a hacer dobles empiezo a hacer hiit con comba", "date": "2019-05-16 21:36:01"}, {"id_message": 7371776545, "message": "Y a echar los pulmones", "date": "2019-05-16 21:36:11"}, {"id_message": 25273196661, "message": "Ajjaja por eso mola m\u00e1s que correr", "date": "2019-05-16 21:36:43"}, {"id_message": 8788012172, "message": "No ? Eso pensaba que igual", "date": "2019-05-16 21:37:21"}, {"id_message": 91529205013, "message": "Pues otro punto para comba xd", "date": "2019-05-16 21:39:15"}, {"id_message": 21592651256, "message": "Para bajar de peso , principalmente grasa si se hace bien", "date": "2019-05-17 14:00:25"}, {"id_message": 47933804196, "message": "Pero si peso yo 60 y soy un alambre , como vas a pesar tan poco ?", "date": "2019-05-18 21:51:19"}, {"id_message": 53894292222, "message": "Hola otra vez Ana Bel\u00e9n por qu\u00e9 se va usted tanto", "date": "2019-05-23 23:10:26"}, {"id_message": 42014238372, "message": "A mi tanto aceite en el cuerpo y la cara que parece pegada con PS me da grima , sorry", "date": "2019-05-25 21:06:18"}, {"id_message": 2215413483, "message": "Y porcentajes tan bajos de grasa tambi\u00e9n", "date": "2019-05-25 21:07:08"}, {"id_message": 33251701889, "message": "Psoemos dejar de hablar de pol\u00edtica ?", "date": "2019-05-26 12:28:32"}, {"id_message": 25112154303, "message": "Ws un m\u00fasculo mas , s\u00ed", "date": "2019-05-26 13:06:53"}, {"id_message": 95026532388, "message": "Si hacer pecho biceps disminuyese la polla lo har\u00edais ?", "date": "2019-05-26 13:19:40"}, {"id_message": 67710211675, "message": "Hacerle el amor a una mu\u00f1eca hinchable es de enfermos , a las mu\u00f1ecas te las follas", "date": "2019-05-26 13:24:05"}, {"id_message": 14193586179, "message": "Dejad de juzgar malamente cuerpos ajenos y crear complejos , hijos de fruta", "date": "2019-05-26 15:35:26"}, {"id_message": 24070991572, "message": "Ten\u00e9is pc rocoso aehs", "date": "2019-05-27 19:44:38"}, {"id_message": 16754707426, "message": "Si tienes pasta para un PC bueno y vivir sin apuros hasta final de mes , igual puedes considerarte como tal xD", "date": "2019-05-27 20:49:47"}, {"id_message": 2311182286, "message": "Ser rico es cagar y que no manche", "date": "2019-05-27 21:08:55"}, {"id_message": 50180431816, "message": "Esta tia te agarra la polla y te la estragula", "date": "2019-06-09 21:42:50"}, {"id_message": 45554381771, "message": "Dejad de pasar culos que estoy de abstinencia para acumular testosterona", "date": "2019-06-09 21:59:06"}, {"id_message": 87343945470, "message": "Yo soy un palillo", "date": "2019-06-09 22:01:04"}, {"id_message": 2642988154, "message": "Aqu\u00ed los blodels tenemos rescepto mutuo", "date": "2019-06-12 09:45:57"}, {"id_message": 30753713118, "message": "A mi no me ha puesto nada , dep", "date": "2019-06-12 16:40:26"}, {"id_message": 43921556718, "message": "No quiere tocar mi fofo vientre", "date": "2019-06-12 16:40:40"}, {"id_message": 48801399988, "message": "Para que afecte realmente tendr\u00edas que estar 24h comiendo soja y derivados", "date": "2019-06-24 19:19:15"}, {"id_message": 83044386937, "message": "Lo han confundido con la botella cauc\u00e1sica", "date": "2019-06-25 11:36:10"}, {"id_message": 11369208258, "message": "Ahora lo entiendo todo", "date": "2019-06-27 23:21:41"}, {"id_message": 5135918152, "message": "No es qie no se pod\u00edan usar gifs ?", "date": "2019-07-01 10:08:15"}]