[{"id_message": 48961852103, "message": "demasiado sacrificio yo ahora en 1 mes que me lo dej\u00e9 enserio ya tengo barriga ...", "date": "2019-05-20 08:23:02"}, {"id_message": 79851096157, "message": "madremia el que me compr\u00f3 el negocio se a puesto a hacer pan congelado le he dicho que me pase foto del pan integral y me a pasado esto \ud83d\ude48", "date": "2019-05-20 09:36:36"}, {"id_message": 36866947692, "message": "esque encima pone barra con salvado , pues que lo venda como tal", "date": "2019-05-20 09:38:15"}, {"id_message": 51565639286, "message": "yo quiero la camiseta de FUERTACO de MP", "date": "2019-05-20 16:51:11"}, {"id_message": 28684596417, "message": "la que saco con segio peinado", "date": "2019-05-20 16:52:12"}, {"id_message": 68840143474, "message": "si lo mismo he pensado yo jaja pero en las recetas de fit en fr\u00edo siempre usan coco porque dicen que se queda duro y con el AOVE no", "date": "2019-05-21 11:32:35"}, {"id_message": 69261900554, "message": "ya no queda nada \ud83d\ude02 \ud83d\ude02", "date": "2019-05-21 22:51:11"}, {"id_message": 10224653220, "message": "pues quiero hacer una tarta de queso fit y para la base necesita ese aceite", "date": "2019-05-22 11:24:23"}, {"id_message": 85317615955, "message": "alucino al ver a la gente que va al gym en coche , vivo en un pueblo que el gym como mucho eata a 10min andando , ahora mismo mi vecino he llegado yo a pie antes que el en coche", "date": "2019-05-22 16:45:15"}, {"id_message": 60756277900, "message": "igual que el . mio es mas ... el gym esta en el . otro pueblo que cuando cruzas la carretera es el . otro pueblo xD", "date": "2019-05-22 17:06:39"}, {"id_message": 61831483395, "message": "pues monta uno xD", "date": "2019-05-22 18:19:56"}, {"id_message": 68884600956, "message": "lo he puesto jaja 2 meses", "date": "2019-05-24 16:20:25"}, {"id_message": 69067956233, "message": "si tomo suficiente prote , no entreno nunca al fallo por mis lesiones , entreno 3 veces a la semana , duermo 8h diarias , y en estos 2 meses son de los mas estresados que he tenido al vender mi negocio", "date": "2019-05-24 16:22:23"}, {"id_message": 84189186906, "message": "estar sano xD de mi foto se perfil hay evoluci\u00f3n y tienes mas ganas de seguir pero cuando vienen meses as\u00ed son jodidos", "date": "2019-05-24 16:23:31"}, {"id_message": 22386932438, "message": "ok , gracias a tod @s sois grandes", "date": "2019-05-24 16:26:16"}, {"id_message": 65315326857, "message": "si yo tengo entrenador personal por las lesiones , pero hay muchos ejercicios que no hacemos y si te fijas en el centro de la barriga sale como un bulto ... pues eso es la hernia que me tienen que operar tambi\u00e9n jajja toy mayor \ud83d\ude02 \ud83d\ude02", "date": "2019-05-24 16:32:21"}, {"id_message": 26760889386, "message": "correcto mis lesiones son : artritis en el hombro derecho que deriva en tendinitis en el codo muchas veces al a\u00f1o hernia discal l5s1 hernia epigastrica y operado del menisco interno izquierdo", "date": "2019-05-24 17:26:29"}, {"id_message": 9871689757, "message": "si es verdad que augmente 5kg \ud83d\ude48 \ud83d\ude48 jajaj", "date": "2019-05-24 17:34:54"}, {"id_message": 46473995403, "message": "pues tambi\u00e9n ser\u00e1 un factor pero como bien dijo Liz me pase esta semana santa con la comida y ahora pues estoy igual que hace 2 meses as\u00ed que apartir de aqu\u00ed intentare bajar un 2 o 3 % mas de grasa e intentar no perder peso ahora que tengo mas tiempo libre intentare andar mucho m\u00e1s y seguro que me ayuda a quemar", "date": "2019-05-24 20:37:30"}, {"id_message": 90468856864, "message": "a por el lunes jaja , esto de no tener curro mi mujer esta encantada , antes nos partiamos las tareas pero ahora ella no puede hacer nada porque cuando viene ya lo he hecho jajaja", "date": "2019-05-27 11:37:55"}, {"id_message": 96805873348, "message": "el mio a sido triste un batido de prote con harina de avena y 3 d\u00e1tiles", "date": "2019-05-27 12:03:36"}, {"id_message": 9106028490, "message": "voy al cine ahora a las 19 , que snack saludable podria comprarme en carrefour o lidl ?", "date": "2019-05-28 17:37:45"}, {"id_message": 93512114189, "message": "si no pregunto terminar\u00e9 con un cubo de palomitas de azucar y no quiero jajja", "date": "2019-05-28 17:39:28"}, {"id_message": 25824282607, "message": "ves .. buena idea , esque esto de no trabajar me entra hambre a todas horas , en casa tengo mis boleros pero fuera estoy perdido", "date": "2019-05-28 17:40:43"}, {"id_message": 6260396315, "message": "la sala tendr\u00e1 como mucho 20 personas a las 19 ... encima voy a ver aladin ...", "date": "2019-05-28 17:43:34"}, {"id_message": 50212820747, "message": "ya lo se que es una mierda pero la entrada la tengo gratis y a mi mujer le encanta will smith ( es un genio xD )", "date": "2019-05-28 17:44:36"}, {"id_message": 23377809541, "message": "naturales ese mix de nueces con pasas anacardos y avellanas creo que siempre es narural / tostado", "date": "2019-05-28 18:42:22"}, {"id_message": 27856585180, "message": "no a durado para el cine \ud83d\ude02 \ud83d\ude02 y los frutos secos porque he cerrado la bolsa que son 200gr ...", "date": "2019-05-28 18:43:17"}, {"id_message": 35520738543, "message": "es todo a compartir con la mujer , las patatas para ella los pimientos para mi \ud83d\ude02 \ud83d\ude02", "date": "2019-05-28 22:19:29"}, {"id_message": 87328737878, "message": "en tu segunda de perfil te veo negro \ud83d\ude02 \ud83d\ude02 \ud83d\ude02", "date": "2019-05-29 17:34:45"}, {"id_message": 46674662994, "message": "depende de si llegas a tus protes diarias", "date": "2019-05-29 17:37:24"}, {"id_message": 97587360454, "message": "yo hay veces que las protes no las uso porque peso poquito i llego con alimentaci\u00f3n", "date": "2019-05-29 17:37:43"}, {"id_message": 38327849835, "message": "como peso 60kg son 120 de prote", "date": "2019-05-29 17:38:36"}, {"id_message": 63447276784, "message": "quiero comprarme un robot de cocina como el del lidl estoy entre ese o mambo de cecotec , lo malo que no encuentro recetas fit tooodas las que veo son con azucares mantequillas etc ...", "date": "2019-05-31 15:07:03"}, {"id_message": 17658105679, "message": "a la salida por un dia nonpasa nada , yo me la he saltado 2 d\u00edas porque esta a solo en casa y he comido mucha comida basura en 2 dias he engordado 2kg pero no me preocupa", "date": "2019-06-01 17:30:09"}, {"id_message": 2799069502, "message": "esto es dieta no ? jajajja", "date": "2019-06-02 14:53:02"}, {"id_message": 15176995794, "message": "de valencia , el cocinero a sido mi padre \ud83d\ude02 \ud83d\ude02 ya no queda jajaja", "date": "2019-06-02 15:16:13"}, {"id_message": 48536355198, "message": "jajaja que mamomes me pasaron esto xD", "date": "2019-06-02 23:47:16"}, {"id_message": 22811410808, "message": "yo los animal no los pruebo porque dicen que es para rendir al maximo y como yo al m\u00e1ximo nunca rindo creo que seria tirar el dinero", "date": "2019-06-03 12:04:55"}, {"id_message": 70432515026, "message": "si , estaba muy bueno la verdad me a faltado poner unas cuantas patatas , a la proxima", "date": "2019-06-03 16:03:13"}, {"id_message": 75994342716, "message": "estoy haciendo una tarta fit despu\u00e9s como salga cuelgo foto , \ud83d\udcaa", "date": "2019-06-04 16:25:31"}, {"id_message": 89037562764, "message": "a mi los bolero me encantan pero los otros no los he provado ni los h2o de prozis tampoco", "date": "2019-06-04 16:47:51"}, {"id_message": 45245440769, "message": "yo tomo 3g al d\u00eda para la artritis y me funciona fenomenal", "date": "2019-06-07 09:22:05"}, {"id_message": 66774457426, "message": "yo siempre he entrenado con 4 o 5 m\u00e1ximo porque mis horarios son raros , ahora aveces voy a las 5 y esta lleno de gente y hoy a las 8 ni el tato xD", "date": "2019-06-10 10:45:38"}, {"id_message": 75989463387, "message": "justamente eso me pasa a mi de normal entreno de 14 a 15 o de 15 a 16", "date": "2019-06-10 11:01:17"}, {"id_message": 69785744371, "message": "si , pero los productos de hsn a mi me gustan calidad / precio", "date": "2019-06-10 17:11:30"}, {"id_message": 16528525150, "message": "hoy me salto la dieta \ud83d\ude48", "date": "2019-06-18 14:54:29"}, {"id_message": 29066259822, "message": "conejo con cereza en alm\u00edbar , lo mezclo con arroz vaporizado y est\u00e1 de muerte pero claro el alm\u00edbar no es muy fit xD", "date": "2019-06-18 15:40:08"}, {"id_message": 56867826537, "message": "pues nada gente , hoy he ido al trauma a que me dieran los resultados del dolor de espalda / pecho y mi sorpresa es que me a dicho que tengo 4 hernias intraesponjosas dorsales \ud83d\ude1e , se suman a la colecci\u00f3n de la l5 s1 ...", "date": "2019-06-19 17:31:35"}, {"id_message": 28164795341, "message": "tengo 30 a\u00f1os y 5 hernias llevo mas de 3 a\u00f1os comiendo saludable ... la alimentaci\u00f3n no creo que sea el . problema", "date": "2019-06-19 17:45:49"}]