[{"id_message": 80248821492, "message": "Ana 58 50 y si es menos mejor EDAD : 19 A\u00d1OS", "date": "2022-04-22 13:54:33"}, {"id_message": 59920004737, "message": "Desaparecen con las horas", "date": "2022-04-24 01:19:47"}, {"id_message": 39571779727, "message": "En mi caso asi es", "date": "2022-04-24 01:19:50"}, {"id_message": 52561388921, "message": "Y vuelve al color normal", "date": "2022-04-24 01:19:56"}, {"id_message": 92710451387, "message": "Obviamente uso ropa olgada y sin mostrar las marcas", "date": "2022-04-24 01:20:07"}, {"id_message": 38501992301, "message": "Me estan dando unas ganas de comer", "date": "2022-04-24 01:58:59"}, {"id_message": 68463962089, "message": "No quiero otro atracon", "date": "2022-04-24 01:59:10"}, {"id_message": 29338690336, "message": "Voy a hacer lo de el lim\u00f3n con sal y tomar agua fria", "date": "2022-04-24 02:05:32"}, {"id_message": 80499809801, "message": "Les aviso si me pasa", "date": "2022-04-24 02:05:38"}, {"id_message": 98487969097, "message": "No lo consumo mucho , rara vez me da atracones de pan solo como dije esta ves estoy sola y no hay ese alguien digamos que como para decir hay noo me van a vere entndes ? Cosa que se me hace mas dificil", "date": "2022-04-24 02:10:23"}, {"id_message": 21152800039, "message": "Si es natural bien , pero trata de evitarle tantito , ya que al ser dulce vas a auerer relacionarlo por otras cosas dulces o llegues incluso a comer mas miel de la aue deberias", "date": "2022-04-24 20:00:06"}]