[{"id_message": 95476559465, "message": "Mola \ud83d\udc4d", "date": "2018-12-27 23:50:19"}, {"id_message": 21071402562, "message": "Jajajajajajaja ostiaaa menudo palillo", "date": "2018-12-28 05:00:16"}, {"id_message": 26590590761, "message": "Una pregunta chicos ... he estado hablando con un dietista porque con la dieta que ten\u00eda de 3.500 calor\u00edas no consegu\u00eda subir de peso y me la ha subido a 3.700 . El problema es que si antes me costaba consumir tantas calor\u00edas , ahora me es imposible . Intento tomar batidos y de forma l\u00edquida ... pero el est\u00f3mago no se adapta .", "date": "2018-12-28 22:10:18"}, {"id_message": 76551356709, "message": "Cu\u00e1nto os cost\u00f3 acostumbrar al cuerpo a comer mucho ?", "date": "2018-12-28 22:10:31"}, {"id_message": 13372109662, "message": "Los batidos que estoy tomando ahora son de los t\u00edpicos mass gainer", "date": "2018-12-28 22:14:28"}, {"id_message": 7431371913, "message": "Holaaa \ud83d\udc4b", "date": "2018-12-28 22:15:24"}, {"id_message": 9491162950, "message": "Tengo mucho arroz , mucha pasta y mucha legumbre en la dieta . Al ser nutricionista , entiendo que sabe lo que hace ... pero ufff intent\u00f3 acostumbrar al est\u00f3mago pero por ahora no lo consigo .", "date": "2018-12-28 22:16:52"}, {"id_message": 19206151845, "message": "Uff jajajajaaj me veo igual ... es una putada tener metabolismo r\u00e1pido", "date": "2018-12-28 22:18:59"}, {"id_message": 43573999110, "message": "Es un preparado gainer de 50 gr carbohidrato y 31 gr de protes por cada 100 gr", "date": "2018-12-28 22:21:09"}, {"id_message": 27736321403, "message": "Compr\u00e9 el de my protein", "date": "2018-12-28 22:22:20"}, {"id_message": 19165871738, "message": "Pues un cazo justo despu\u00e9s de entrenar y otro a la hora .", "date": "2018-12-28 22:22:39"}, {"id_message": 12916954661, "message": "Despu\u00e9s me empacho como un pavo en la cena", "date": "2018-12-28 22:22:49"}, {"id_message": 13437585870, "message": "Entonces en teor\u00eda el batido no me tendr\u00eda que dejar lleno ?", "date": "2018-12-28 22:23:20"}, {"id_message": 57766870975, "message": "Leche , tostadas con crema de cacahuete , jam\u00f3n serrano y fruta", "date": "2018-12-28 22:23:55"}, {"id_message": 24481385778, "message": "Ahh vale ok \ud83d\udc4d", "date": "2018-12-28 22:23:59"}, {"id_message": 78428097882, "message": "Voy a mirarlo \ud83d\udc4d gracias", "date": "2018-12-28 22:25:56"}, {"id_message": 52415284996, "message": "Tienes suerte jejejeje la verdad es que estoy flipando un poco no subir con 3500 calor\u00edas", "date": "2018-12-28 22:26:16"}, {"id_message": 85167109254, "message": "Tomo nota \ud83d\udc4d", "date": "2018-12-28 22:48:26"}, {"id_message": 56619724895, "message": "\ud83d\udc4d fermentada es m\u00e1s facil de digerir ?", "date": "2018-12-28 22:49:39"}, {"id_message": 71653261676, "message": "sabes un mont\u00f3n de plantas medicinales \ud83d\ude27 tienes alg\u00fan libro o enciclopedia interesante ?", "date": "2018-12-28 22:58:40"}, {"id_message": 69005877912, "message": "y yo que al principio pensaba que esto del culturismo eran 4 chorradas y ya est\u00e1 \ud83d\ude02 \ud83d\ude02", "date": "2018-12-28 23:08:15"}, {"id_message": 98031409, "message": "hay que saber mucho del cuerpo humano", "date": "2018-12-28 23:08:23"}, {"id_message": 25801371216, "message": "Esta chul\u00edsima ehh jajajaja", "date": "2018-12-28 23:17:19"}, {"id_message": 50175728984, "message": "Seg\u00fan el IMC eso ya es sobrepeso jajaja", "date": "2018-12-28 23:20:11"}, {"id_message": 95323051739, "message": "Bueno en volumen hay que convertirse en osito si o si", "date": "2018-12-28 23:22:18"}, {"id_message": 28747532381, "message": "Pues tener un f\u00edsico tipo jugador de rugby tampoco est\u00e1 mal en mi opinion", "date": "2018-12-28 23:24:16"}, {"id_message": 52207553958, "message": "Pues t\u00edo sea uno u otro ... mucho \u00e1nimo y consigue el objetivo que m\u00e1s feliz te haga", "date": "2018-12-29 11:22:57"}, {"id_message": 75961871966, "message": "Si si ... me qued\u00e9 flipando cuando descubr\u00ed que la mayor parte del cola cao o nesquik es puro az\u00facar ... y lo venden para ni\u00f1os ! ! Deber\u00eda estar prohibido", "date": "2018-12-29 11:39:22"}, {"id_message": 81254768163, "message": "Me recuerda a que en unos \u00faltimos programas de Masterchef que ven los ni\u00f1os estaban publicitando Nutella", "date": "2018-12-29 11:39:43"}, {"id_message": 27185431906, "message": "La industria alimentaria al fin y al cabo tiene que sacar beneficio", "date": "2018-12-29 11:52:07"}, {"id_message": 99836393560, "message": "Ufff ... hay poco sentido com\u00fan", "date": "2018-12-29 11:55:02"}, {"id_message": 71690959699, "message": "Y despu\u00e9s ponen un mont\u00f3n de trabas para adoptar ... no lo entiendo", "date": "2018-12-29 11:55:34"}, {"id_message": 9634774475, "message": "Jajajajjaja yo tengo 24 ... y no me planteo tener hijos por ahora con la inestabilidad social , econ\u00f3mica , etc ... que hay", "date": "2018-12-29 11:56:38"}, {"id_message": 25294559492, "message": "Y esto est\u00e1 lastrando mucho la natalidad", "date": "2018-12-29 11:56:49"}, {"id_message": 34558734782, "message": "Ahora si tengo un hijo y me dice a los 16 que quiere empezar en el gym , le dejar\u00eda ... no como hicieron mis padres \ud83d\ude05 \ud83d\ude05 \ud83d\ude05", "date": "2018-12-29 11:57:21"}, {"id_message": 60893368452, "message": "esa es otra jajajaja", "date": "2018-12-29 11:57:26"}, {"id_message": 41830377138, "message": "si es como el chocolate negro ... tiene que estar genial \ud83d\ude0d \ud83d\ude0d", "date": "2018-12-29 12:00:11"}, {"id_message": 97085438228, "message": "Es eso ... pero mis padres pensaba que en un mes estar\u00eda como Schwarzenegger y que las proteinas era como tomar esteroides casi", "date": "2018-12-29 12:01:42"}, {"id_message": 5343363041, "message": "Ya ... suelo tomar el de 75 o 80 %", "date": "2018-12-29 12:01:58"}, {"id_message": 72033527458, "message": "Te comes directamente las hojas ? ? ?", "date": "2018-12-29 12:03:47"}, {"id_message": 14348275809, "message": "En serio hay gente que se come eso ?", "date": "2018-12-29 12:10:05"}, {"id_message": 31332061037, "message": "En plan , piensan que el famoso tambi\u00e9n lo consume ?", "date": "2018-12-29 12:10:14"}, {"id_message": 45587121398, "message": "te lo pregunto de Fran a Fran \ud83d\ude1c", "date": "2018-12-29 12:10:29"}, {"id_message": 94208139339, "message": "ya ... la gente come muy mal", "date": "2018-12-29 12:11:01"}, {"id_message": 80082028177, "message": "y tambi\u00e9n es otro problema que cada vez hay gente obesa ( no con simple sobrepeso ) que les da igual su salud e incluso est\u00e1n orgulloso de tener barriga , etc ..", "date": "2018-12-29 12:11:36"}, {"id_message": 28701911584, "message": "eso tampoco lo entiendo \ud83d\ude48", "date": "2018-12-29 12:11:41"}, {"id_message": 43931074603, "message": "Es dificil sin saber el peso ... pero creeis que est\u00e1 editado el v\u00eddeo ?", "date": "2018-12-29 12:55:37"}, {"id_message": 75020287302, "message": "Lo mismo pienso jajaja", "date": "2018-12-29 13:10:48"}, {"id_message": 54414004004, "message": "Ostras ! daminillas te sigue ... buen chaval , me cae bien jajaja", "date": "2018-12-29 13:14:42"}, {"id_message": 66813873357, "message": "El t\u00edo estaba tochisimo en la peli", "date": "2018-12-29 20:20:20"}]