[{"id_message": 60961548811, "message": "Hola soy nueva en el grupo", "date": "2020-04-13 21:48:07"}, {"id_message": 7833935720, "message": "Me presento : Mi apodo es giane Soy Ana y un poco m\u00eda a veces Mido 1.58 y peso 56", "date": "2020-04-13 21:48:48"}, {"id_message": 29453224834, "message": "Creo que ser\u00edan 123 libras ( ?", "date": "2020-04-13 21:50:12"}, {"id_message": 43957624652, "message": "Este grupo hace cuanto esta chicxs ? ?", "date": "2020-04-13 21:50:52"}, {"id_message": 2898399474, "message": "Espero que crezca , me gusta mucho estar en estos grupos son mucho apoyo para mi", "date": "2020-04-13 21:56:20"}, {"id_message": 84577552864, "message": "Hay reglas o asi ? ?", "date": "2020-04-13 21:57:01"}, {"id_message": 75599419061, "message": "Gracias \ud83d\udc96", "date": "2020-04-13 21:57:47"}, {"id_message": 39188092653, "message": "Me falt\u00f3 poner eso", "date": "2020-04-13 21:59:02"}, {"id_message": 28650591766, "message": "Bien , ya voy 6 d\u00edas de ayuno intermitente", "date": "2020-04-13 22:03:27"}, {"id_message": 76756156001, "message": "Con una comida al dia", "date": "2020-04-13 22:03:36"}, {"id_message": 88195492972, "message": "Y vs cm vas ? ?", "date": "2020-04-13 22:04:25"}, {"id_message": 25354505008, "message": "Si , hasta yo me sorprendi , pensaba que no iba a poder", "date": "2020-04-13 22:12:53"}, {"id_message": 80720375268, "message": "Porq siempre fui m\u00e1s m\u00eda que ana", "date": "2020-04-13 22:13:00"}, {"id_message": 19120842571, "message": "Y ahora estoy tratando se sobrellevar Ana y dejar a m\u00eda porq es un poco perjudicial y hay m\u00e1s posibilidades de que me descubran", "date": "2020-04-13 22:13:39"}, {"id_message": 20569375477, "message": "Ustedes que dieta o reto andan siguiendo ? ?", "date": "2020-04-13 22:23:22"}, {"id_message": 39570682677, "message": "Aah bien no mas", "date": "2020-04-13 22:35:33"}, {"id_message": 4217001696, "message": "Esta la dieta princesa", "date": "2020-04-13 22:35:49"}, {"id_message": 65157803783, "message": "Y la estas siguiendo al pie de la letra ? ?", "date": "2020-04-13 22:36:18"}, {"id_message": 94440607592, "message": "Aah bien yo tampoco soy de seguir dietas , es m\u00e1s bien algo espont\u00e1neo tipo ayuno o comer sano", "date": "2020-04-13 22:37:11"}, {"id_message": 40629243982, "message": "Pero por d\u00eda hago 120 abdominales", "date": "2020-04-13 22:50:57"}, {"id_message": 91976265193, "message": "Y hago mucho ejercicio", "date": "2020-04-13 22:51:03"}, {"id_message": 67555358181, "message": "Si quer\u00e9s hacer ayuno podes tomar t\u00e9 p cafe", "date": "2020-04-14 02:36:57"}, {"id_message": 3284890649, "message": "O tambi\u00e9n podes hacer ayuno Inter", "date": "2020-04-14 02:37:13"}, {"id_message": 58288364428, "message": "Un plato de comida liviano al dia", "date": "2020-04-14 02:37:27"}, {"id_message": 26527742992, "message": "Denada linda \u2764 \ufe0f", "date": "2020-04-14 03:19:56"}]