[{"id_message": 6838380046, "message": "Hola soy nueva , mucho gusto \u263a \ufe0f", "date": "2021-04-24 01:28:01"}, {"id_message": 95848058055, "message": "Wow como llegaste a ayunar tanto 0-0", "date": "2021-04-24 01:51:07"}, {"id_message": 26051057001, "message": "C\u00f3mo cu\u00e1nto logras ayunando sola ? ?", "date": "2021-04-24 01:53:10"}, {"id_message": 9098776552, "message": "Yo ando as\u00ed xd s\u00f3lo q ya llevo m\u00e1s de un mes sin hablar con nadie , \u00faltimamente reci\u00e9n lo hago y ya se siente extra\u00f1o xd", "date": "2021-04-24 01:54:18"}, {"id_message": 43754579332, "message": "A muchos parece q no les gusta la idea , yo le dije a mi mejor amiga y pues piensa q soy rara y q ando haciendo tonteras : ' v", "date": "2021-04-24 01:57:15"}, {"id_message": 12219216791, "message": "Si cierto pero ser\u00eda genial si nos comprendieran", "date": "2021-04-24 01:58:19"}, {"id_message": 28345129971, "message": "Entonces est\u00e1s en tu peso normal : 3", "date": "2021-04-24 02:00:38"}, {"id_message": 60670620345, "message": "Y hace cuanto q comenzaste ? ?", "date": "2021-04-24 02:01:22"}, {"id_message": 68190419326, "message": "Y cu\u00e1l es tu peso ideal : 3", "date": "2021-04-24 02:02:40"}, {"id_message": 76682029606, "message": "Hacer muchos ayunos te deja as\u00ed ? Vaya no sab\u00eda , yo soy m\u00eda jeje", "date": "2021-04-24 02:04:53"}, {"id_message": 32841607624, "message": "Bno te falta unos cuantos kilitos y llegas : 3", "date": "2021-04-24 02:05:41"}, {"id_message": 99000249202, "message": "Espero q te mejores me parece que t\u00fa cuerpo necesita un descanso para poder seguir con esto jeje", "date": "2021-04-24 02:08:25"}, {"id_message": 64744965603, "message": "Yo tambi\u00e9n quiero q se acabe la pandemia ; - ; parece una pesadilla todo esto", "date": "2021-04-24 02:09:20"}, {"id_message": 64534203443, "message": "Talvez dormir ayude a q tu cuerpo se recupere y adem\u00e1s no te puedes dar atracones en ese trance", "date": "2021-04-24 02:10:39"}, {"id_message": 86360491755, "message": "Jaja supongo q un poco no har\u00e1 da\u00f1o pero ojo solo un poquis xd", "date": "2021-04-24 02:11:42"}, {"id_message": 1161983809, "message": "Q sue\u00f1o m\u00e1s extra\u00f1o akjsj pero supongo q significa q es tu mayor miedo", "date": "2021-04-24 02:14:01"}, {"id_message": 43624931778, "message": "C\u00f3mo sabes q no te quierem", "date": "2021-04-24 02:14:33"}, {"id_message": 74605435233, "message": "Supongo q se ha de sentir muy mal q piensen de ti eso", "date": "2021-04-24 02:16:24"}, {"id_message": 38357434228, "message": "Da\u00f1arle el cuerpo , te refieres a cuando ella andaba embarazada ? ?", "date": "2021-04-24 02:20:14"}, {"id_message": 15911251753, "message": "Por q si es as\u00ed no es tu culpa", "date": "2021-04-24 02:20:59"}, {"id_message": 18799499493, "message": "No te deber\u00eda tratar as\u00ed , tu naciste pero como ibas a saber que eso iba a pasar , siento q tus padres andan exagerando de lo que piensan de ti", "date": "2021-04-24 02:26:26"}, {"id_message": 5709054354, "message": "Tu historia es muy triste \ud83d\ude2d \ud83d\ude2d me gustar\u00eda q algo pasase para q cambien de opini\u00f3n yo creo q en alg\u00fan lado tus padres te han de querer aunq no lo demuestren supongo q habr\u00e1 en sus pensamientos a ti como alguien especial", "date": "2021-04-24 02:35:51"}, {"id_message": 214307695, "message": "Pero no te desanimes ; - ;", "date": "2021-04-24 02:36:11"}, {"id_message": 22700218956, "message": "Gracias ( \u0e51 \u2661 \u2313 \u2661 \u0e51 )", "date": "2021-08-16 14:44:02"}]