[{"id_message": 98796751734, "message": "Ya sal\u00ed del otro grupo", "date": "2022-08-28 23:52:10"}, {"id_message": 3888949855, "message": "A bueno \ud83d\udc4c no se mucho pero cualquier cosa te pregunto", "date": "2022-08-28 23:55:21"}, {"id_message": 86588724701, "message": "Para esta muy bien", "date": "2022-08-28 23:56:17"}, {"id_message": 24382869037, "message": "Ha Sofiiiii .. disculpa q ayer no pude agarrar el celular ... anduve todo el d\u00eda laburando ... reci\u00e9n m recuper\u00f3 de mi gripe ... pero igual entrene \ud83d\udc98 \ud83d\udc46 \ud83d\udcaa", "date": "2022-08-30 11:51:45"}, {"id_message": 31776501290, "message": "Vaaamosssss ! ! ! \ud83d\udcaa \ud83d\udcaa \ud83d\udcaa \ud83d\udc98 \ud83d\udc4f \ud83d\udc4f \ud83d\udc4f", "date": "2022-09-01 01:30:56"}, {"id_message": 6055680337, "message": "Ayer fue mi cumplea\u00f1os \ud83c\udf89 ... y la pas\u00e9 superrr divertido \ud83d\ude02 \ud83d\udc9e ... re bien ... con la comida espectacular \ud83e\udd29 ... ni torta me hiseron jajaja ... pero a la noche cena con mi familia .. un pollito a la mostaza . al horno superrr", "date": "2022-09-02 13:55:54"}, {"id_message": 21123401411, "message": "Si pasa ... yo cuando estaba muy estricta solo me com\u00eda y turr\u00f3n o un alfajor de arroz y con eso se me pasaba ... ah\u00ed te paso recetas muyy f\u00e1ciles para q hagas y puedas salir de la ansiedad \u2728", "date": "2022-09-02 23:25:09"}, {"id_message": 80698065551, "message": "No me deja la aplicaci\u00f3n copiar el enlace no se xq .. as\u00ed q te manos una foto para q lo busques si", "date": "2022-09-02 23:32:44"}, {"id_message": 24628340841, "message": "\ud83d\ude44 ay no ... ten\u00e9s . Q tener tu botiqu\u00edn de emergencia \ud83e\udd29 ...", "date": "2022-09-03 02:01:45"}, {"id_message": 3615177888, "message": "Y tens q tener guardado x ejm un turr\u00f3n .. un alfajor de arroz , u chocolate negro sin az\u00facar q hay chico algo as\u00ed q no tenga muchas c\u00e1lorias na barra de cereal as\u00ed pod\u00e9s comer eso y no cualquier cosa", "date": "2022-09-03 02:40:34"}, {"id_message": 57642910784, "message": "Jajaja est\u00e1 muy bueno \ud83d\udc4f \ud83d\udc4f \ud83d\udc4f \ud83d\udcaa", "date": "2022-09-03 02:44:25"}, {"id_message": 41064903395, "message": "Hola buen d\u00eda ! ! ! Ac\u00e1 bien ! ! ! Y voosss ? ?", "date": "2022-09-03 19:15:00"}, {"id_message": 61515393438, "message": "\ud83d\udc4f \ud83d\udc4f \ud83d\udc4f \ud83d\udcaa \ud83d\udc4c \ud83d\udc93", "date": "2022-09-04 14:27:50"}, {"id_message": 78446832194, "message": "Screenshot ( 4 sep . 2022 9:31 : 52 a . m . )", "date": "2022-09-04 14:29:26"}, {"id_message": 48129349511, "message": "Eso es \ud83d\udcaa \ud83d\udc4f \ud83d\udc4f \ud83d\udc4f", "date": "2022-09-04 21:07:56"}, {"id_message": 7404223855, "message": "Hola Gloria como est\u00e1s ...", "date": "2022-09-04 21:08:15"}, {"id_message": 60704533920, "message": "Hola Neo ! ! ! Muy bienvenida \u263a \ufe0f", "date": "2022-09-07 12:04:15"}, {"id_message": 14360688868, "message": "Ayer no tuve tiempo y reci\u00e9n estoy mirando los mjs \ud83e\udd29", "date": "2022-09-07 12:04:45"}, {"id_message": 47973431750, "message": "Neo te cuento q que yo hice el entrenamiento de Sebastian Sarmiento .. en marzo se hizo un a\u00f1o q empeze con 110 kg y llevo hasta hoy bajados 32 kg .. solo con los entrenamientos y comer sano reducir mis calor\u00edas .. aprend\u00ed de a poco a saber c\u00f3mo comer y al ver mis avances me entusiasme casa vez m\u00e1s .. me esforse .. xq entend\u00ed q era lo \u00fanico q me iba a ayudar a ver resultados ... te animo q q los hagas .. no es f\u00e1cil .. porrr supuesto ! ! Pero vale la pena .. ahora estoy muy feliz de haberme comprometido conmigo misma a esforzarme xq x fin lo logr\u00e9 \ud83d\udcaa despu\u00e9s de toooda la vida ser obesa xq fin pude ... gracias a Dios q me ayud\u00f3 siempre al rodeo Sebasti\u00e1n a Yolanda y ai grupo q me ayud\u00f3 siempre", "date": "2022-09-07 14:09:51"}, {"id_message": 16485451639, "message": "Les muestro lo q se puede mostrar \ud83e\udd2d .. mis abdominales .. a los 55 a\u00f1os .. si yo pude seguramente cualquier persona lo va a poder hacer", "date": "2022-09-07 14:57:43"}, {"id_message": 78087695952, "message": "Yo tampoco \ud83d\ude02", "date": "2022-09-07 14:59:39"}, {"id_message": 5095678143, "message": "Gracias \ud83d\ude03 \ud83d\udc95 ! ! !", "date": "2022-09-07 18:04:31"}, {"id_message": 994136369, "message": "Hola buen d\u00eda \ud83d\ude03 ! ! !", "date": "2022-09-13 12:16:10"}, {"id_message": 86034697311, "message": "Ac\u00e1 todo bien ... ayer hice mi rutina de full body .. estuvo asii \ud83e\udd74 \ud83d\ude05", "date": "2022-09-13 14:34:04"}, {"id_message": 95252281139, "message": "Les cuento que no siempre me port\u00f3 bien \ud83d\ude48 .. el finde me desbarranque ... com\u00ed facturas ( 2 no m\u00e1s \ud83e\udd29 ) pero comi empanadas de carne al horno .. 6 al medio d\u00eda y 6 a la cena ...", "date": "2022-09-13 14:35:43"}, {"id_message": 88917984661, "message": "Pero al otro d\u00eda emepse con mi rutina . \ud83d\udcaa", "date": "2022-09-13 14:36:20"}, {"id_message": 18047576352, "message": "O sea q aveces me voy del tema pero me di cu q despu\u00e9s de una a\u00f1o y medio mi metabolismo cambio x completo", "date": "2022-09-13 14:38:37"}, {"id_message": 95730856035, "message": "Xxxx lo tanto no se me desanimen mis blancas palomitas ... si se puede ! ! ! \ud83d\ude03 \ud83e\udd70", "date": "2022-09-13 14:39:05"}, {"id_message": 68582535358, "message": "Espero q se reponga ..", "date": "2022-09-13 20:41:18"}, {"id_message": 88460803166, "message": "Tranquila ... se inteligente .. c\u00f3mprate cosas con pocas calor\u00edas q te sacien .. mix de cereales ... alfajores de arroz ... una manzana ... 80 gs de pan negro ... 50 grs de queso port salut maso .. es x unos d\u00edas hasta q est\u00e9s otra vez en control", "date": "2022-09-13 20:42:47"}, {"id_message": 16193325650, "message": "Hola gloria querida . yo los tengo .. m\u00f1n te los paso", "date": "2022-10-05 04:35:41"}, {"id_message": 44111875832, "message": "Bravissimo \ud83d\udc4f \ud83d\udc4f \ud83d\udc4f", "date": "2022-10-12 03:32:32"}, {"id_message": 83773196026, "message": "Buen d\u00eda ! ! ! Disculpa q no estoy entrando al grupo ... ac\u00e1 tropezando un poco con mis ejercicios .. pero como dice el dicho .. rendirse jam\u00e1s ! ! ! \ud83d\udcaa \ud83e\udd70", "date": "2022-10-13 13:28:16"}, {"id_message": 27683519455, "message": "Buen d\u00eda equipo \ud83d\ude03", "date": "2022-10-15 15:22:46"}, {"id_message": 48519129303, "message": "Capas estos d\u00edas no pudimos ejercitarnos y seguir con nuestro objetivo ... pero ... mientras hay vida hay esperanza \ud83d\udc4f \ud83d\udc4f \ud83d\udcaa as\u00ed q si hoy tenemos tiempo solo nos falta la disposici\u00f3n .. y eso es todo ! ! ! As\u00ed q ... adelante x los objetivos \ud83d\udc95 \ud83d\udc4f \ud83d\udc4f \ud83d\udc4f \ud83d\udcaa", "date": "2022-10-15 15:24:18"}, {"id_message": 75507879105, "message": "Yo ando haciendo los entrenamientos ... q puso Sebasti\u00e1n en Youtube .. sobre todos los q dicen para expertos ... y me est\u00e1n yendo muy bien ! ! !", "date": "2022-10-15 15:25:41"}, {"id_message": 77991336353, "message": "Sobre todo esos q dice q se queman 700 calor\u00edas x entrenamiento \ud83d\ude31 ! ! ! Saben lo que es eso ? ? ! ! ! Muchooo \ud83e\udd74 \ud83d\udc4c ... caminar una hora con paso normal se queman 300 solamente .. estos entrenamientos no son dif\u00edciles y fijensen como se gastan las calor\u00edas y se queman grasas \ud83d\udcaa", "date": "2022-10-15 15:47:36"}, {"id_message": 99897090046, "message": "Xq estoy en los \u00faltimos kilos y me est\u00e1 costando bastante \ud83d\ude41 ...", "date": "2022-10-15 15:48:27"}, {"id_message": 70948636871, "message": "Hola gloria buen d\u00eda ... en Youtube de Sebasti\u00e1n Sarmiento JS entrenador personal", "date": "2022-10-20 12:40:56"}, {"id_message": 26910901061, "message": "Hola Sofiiiii .. ac\u00e1 todo bien ! ! ! Y vos c\u00f3mo estas", "date": "2022-10-20 14:04:47"}, {"id_message": 76173832766, "message": "Gracias ! ! ! Estos d\u00edas ando a full con la ansiedad \ud83e\udd74 \ud83d\ude41 \ud83d\ude35 ... pero me estoy esforzando para hacer mis rutinas ... Sebasti\u00e1n me dijo q tengo q entrenar en ayunas hacer cardio hitt y ser juiciosa con la alimentaci\u00f3n \ud83e\udd29 \ud83d\ude02 ni q viviera en mi casa jajaja .. sabe todo lo q no ando haciendo \ud83e\udd2d", "date": "2022-10-21 18:23:04"}, {"id_message": 21867693354, "message": "Pero le hice caso y entreno en ayunas .. \ud83e\udd2a .. me cost\u00f3 al principio pero lo hice \ud83d\udcaa .. xq me faltan kilos x bajar todav\u00eda y no estaba progresando .. est\u00e1 semana baje 2 kg \ud83d\udc4f \ud83d\udc4f \ud83d\udc4f .. as\u00ed si funciona lo q dice Sebasti\u00e1n", "date": "2022-10-21 18:23:05"}, {"id_message": 35665676228, "message": "Hola gloria \u263a \ufe0f \ud83d\udc4b", "date": "2022-10-22 04:01:28"}, {"id_message": 41491422103, "message": "Los \u00e1nimos en nosotros muchas veces hay q ayudarlos .. pensando positivamente q si podemos q si lo vamos a hacer hasta lograr xq eso es lo q que queremos y m\u00e1s si es para nuestro bien , pensando q es nuestra salud la q est\u00e1 en juego .. as\u00ed q compa\u00f1era a ponerle ganas al d\u00eda .. y encomendarnos a las manos de Dios que siempre est\u00e1 para ayudarnos si confiamos en \u00e9l .. un abrazo", "date": "2022-10-22 04:03:47"}, {"id_message": 77737974172, "message": "\ud83d\udc4f \ud83d\udc4f \ud83d\udc4f es muy verdad", "date": "2022-10-22 18:57:20"}, {"id_message": 52728756591, "message": "Hola Sofi .. a m\u00ed no .. nadie mando mjs", "date": "2022-11-02 11:21:38"}, {"id_message": 79878139798, "message": "Buen d\u00eda grupo ! ! ! C\u00f3mo est\u00e1n \ud83d\ude03 .. hace tanto tiempo que no nos hablamos q ya estoy pensando que les pas\u00f3 .. o q me pas\u00f3 a m\u00ed \ud83e\udd2d \ud83d\ude02 ... hoy es un buen d\u00eda para pensar en nuestro objetivo ! ! ! No s\u00e9 desanimen .. fuerza .. nosotros podemos \ud83d\udcaa ... les prometo q en un a\u00f1o todo va a cambiar si se comprometen a ser constantes y fieles . A su objetivo ... despu\u00e9s de un a\u00f1o seguido de ejercicio y cuidar la alimentaci\u00f3n el metabolismo cambia \ud83d\udc4f ... y ya es otra cosa lo de las ritinas y la alimentaci\u00f3n .. se los digo xq a mi me pas\u00f3 ... as\u00ed q fuerza y adelante \ud83e\udd70 .. un abrazo para tod @s", "date": "2022-11-09 13:21:27"}, {"id_message": 76996835379, "message": "Te entiendo Sofi ... de a poco y me alegro q puedas acompa\u00f1ar a tu mami", "date": "2022-11-09 21:45:49"}, {"id_message": 47605076110, "message": "Si si \ud83d\ude4c", "date": "2022-11-11 14:59:27"}, {"id_message": 99179116854, "message": "Buen d\u00eda ! ! ! Vamos q hoy si se puede ! ! ! \ud83d\udc4f \ud83d\udc4f", "date": "2022-11-24 12:14:21"}]