[{"id_message": 40501055099, "message": "Te tengo en todas partes", "date": "2019-05-14 21:01:09"}, {"id_message": 6620671202, "message": "Nosotras y el satisfayer", "date": "2019-05-14 21:02:53"}, {"id_message": 6036307526, "message": "Grasias bonico \ud83d\ude18", "date": "2019-05-14 21:05:50"}, {"id_message": 56357609089, "message": "Pero eso que bestialidad eh", "date": "2019-05-14 21:06:45"}, {"id_message": 73432400208, "message": "Que edad tienes Lorena ?", "date": "2019-05-14 21:08:19"}, {"id_message": 86283474342, "message": "Es que no aparentas ni 18", "date": "2019-05-14 21:08:46"}, {"id_message": 5022598113, "message": "Oye , pero este grupo de que es", "date": "2019-05-14 21:58:32"}, {"id_message": 53270115708, "message": "Es que demasiados ya", "date": "2019-05-14 21:58:38"}, {"id_message": 44906776715, "message": "Pero escucho de todo menos de eso", "date": "2019-05-14 21:58:58"}, {"id_message": 3790977812, "message": "Tranqui de simpat\u00eda no vas morir", "date": "2019-05-14 22:05:01"}, {"id_message": 38535499563, "message": "Madre m\u00eda por una broma", "date": "2019-05-14 22:05:07"}, {"id_message": 53043396039, "message": "Pues l\u00f3gicamente si he entrado es por el nombre del grupo . Si veo lo mismo que en los otros me largo .", "date": "2019-05-14 22:21:42"}]