[{"id_message": 35995782240, "message": "Yo quiero saber como se hacen las pastillas de bicarbonato", "date": "2021-10-28 02:45:59"}, {"id_message": 69097879737, "message": "Son para que no te de hambre", "date": "2021-10-28 02:53:42"}, {"id_message": 19516027179, "message": "Si estas empezando , puedes hacer ayuno y por cada dia bajas 1 kilo , pero solo funciona si apenas inicias", "date": "2021-10-28 04:34:29"}, {"id_message": 98034273559, "message": "Si , siempre que estas muy pasada bajad rapid\u00edsimo", "date": "2021-10-28 04:45:18"}, {"id_message": 45258276901, "message": "Podr\u00edas subir experiencias tuyas , como cuando estas mareada , o traes la garganta seca y cerrada por vomitar , para que podamos desahogarnos de la parte oscura qu\u00e9 tiene el ser Ana y mia .", "date": "2021-11-01 01:23:26"}, {"id_message": 26357842306, "message": "Tienes im\u00e1genes para hacer un registro de peso ?", "date": "2022-02-09 19:55:16"}, {"id_message": 53466141784, "message": "Chicas ya va a ser 14 de Febrero , tienen tip para no comer", "date": "2022-02-12 19:37:20"}, {"id_message": 37879058168, "message": "Si , extra\u00f1e tus cosas", "date": "2022-03-07 19:17:03"}, {"id_message": 98577965444, "message": "Yo pico la comida antes de tirarla , as\u00ed no se tapa", "date": "2022-04-11 00:34:54"}, {"id_message": 58392749758, "message": "Me llego seamos de mucha gente", "date": "2022-04-11 05:43:54"}, {"id_message": 25859034994, "message": "M\u00e1s arriba y en el grupo", "date": "2022-04-11 06:16:13"}, {"id_message": 50581673588, "message": "Nos arruinaron , ayer me llegaron much\u00edsimos mensajes de gente preguntando porque estaba en grupos de Ana y mia", "date": "2022-04-11 18:58:16"}, {"id_message": 27852112815, "message": "Ese grupo es super chevere , yo estoy ah\u00ed y nada que ver con lo que dicen", "date": "2022-04-11 18:59:30"}, {"id_message": 4991371039, "message": "Nos vinieron a j0d3r", "date": "2022-04-11 21:12:01"}, {"id_message": 28667213947, "message": "Los de 7mo D\u00eda sacaron un coso sobre tca exponiendonos y ahora en todos los grupos hay gente diciendo que dejemos de hacer esto", "date": "2022-04-11 21:13:55"}, {"id_message": 8108058810, "message": "Mientras deber\u00edas cambiar el nombre de este canal y borrar todo para evitar que lo cierren y siga entrando gente", "date": "2022-04-11 21:50:48"}]