[{"id_message": 70946271618, "message": "Yo estoy tomando pastillas", "date": "2022-03-31 20:07:15"}, {"id_message": 48631482256, "message": "Llevo casi el mes y ya baj\u00e9 dos tallas", "date": "2022-03-31 20:07:25"}, {"id_message": 49029540549, "message": "Tomo Fentermina de 30 mg", "date": "2022-03-31 20:07:35"}, {"id_message": 19247900541, "message": "Son controladas , me las compra una amiga", "date": "2022-03-31 20:07:48"}, {"id_message": 48214791887, "message": "Son supresoras del apetito y solo tomo agua y caf\u00e9", "date": "2022-03-31 20:08:08"}, {"id_message": 91809677653, "message": "Hago ejercicio m\u00ednimo 2 veces por semana , aunque me sienta sin energ\u00eda", "date": "2022-03-31 20:08:33"}, {"id_message": 77898788657, "message": "Oigan me acaban de pesar y baj\u00e9 2 kg en una semana \ud83e\udd70", "date": "2022-04-13 17:00:18"}, {"id_message": 67947117052, "message": "Que todo salga bien en la terapia , aqu\u00ed estamos para cuando vuelvaaas \ud83e\udd1e\ud83c\udffb", "date": "2022-04-13 19:14:16"}, {"id_message": 24392708132, "message": "No cuento calor\u00edas pero como lo menos posible ; ayer por ejemplo solo com\u00ed una quesadilla y un caf\u00e9", "date": "2022-04-14 16:44:58"}, {"id_message": 33145239343, "message": "Tomo mucha agua y como casi no como , el ejercicio que hago no puede ser muy pesado porque me siento mal si hago de m\u00e1s jaja , pero lo m\u00ednimo que hago es 40 mins de caminata y lo maximo cuando mi cuerpo aguanta ; una hora u hora y media de entrenamiento funcional y termino con yoga", "date": "2022-04-14 16:46:38"}, {"id_message": 59791979573, "message": "Gracias \ud83e\udd29", "date": "2022-04-15 02:45:52"}]