[{"id_message": 14982226194, "message": "Buenos d\u00edas que suplemento us\u00e1is para ganar masa ?", "date": "2019-03-04 10:20:46"}, {"id_message": 48350709921, "message": "Yo tomo colossus y mr poppers", "date": "2019-03-04 10:21:32"}, {"id_message": 70708603051, "message": "Estos no se abren con nada ya forman parte de mi mano \ud83d\ude02 \ud83d\udcaa\ud83c\udffc", "date": "2019-03-06 10:28:56"}, {"id_message": 10690205323, "message": "No ! ! ! La pajera es esta", "date": "2019-03-06 12:46:40"}, {"id_message": 88029304472, "message": "Estoy en la oficina currando \ud83d\ude05", "date": "2019-03-06 12:47:49"}, {"id_message": 19118541610, "message": "No uso agenda personal es la del trabajo jajaja", "date": "2019-03-06 12:48:10"}, {"id_message": 52522123090, "message": "Que os parece esta dieta de Volumen", "date": "2019-03-06 12:52:05"}, {"id_message": 28222719086, "message": "A qu\u00e9 te refieres con amplia ?", "date": "2019-03-06 12:54:27"}, {"id_message": 79281138998, "message": "Me la han pasado como opci\u00f3n", "date": "2019-03-06 12:54:36"}, {"id_message": 28963724726, "message": "Yo no soy de contar calor\u00edas ni pesos de la comida", "date": "2019-03-06 12:55:05"}, {"id_message": 34400219617, "message": "Si a eso te refieres", "date": "2019-03-06 12:55:12"}, {"id_message": 42300925232, "message": "En volumen meto todo lo que puedo y m\u00e1s y que sea lo m\u00e1s limpio posible", "date": "2019-03-06 12:55:41"}, {"id_message": 36560488901, "message": "\u00d3sea que por mas que ponga 1 s\u00e1ndwich si puedo como 3", "date": "2019-03-06 12:56:30"}, {"id_message": 71097512095, "message": "Nutritionista supuestamente especializado en fitness", "date": "2019-03-06 13:50:52"}, {"id_message": 81348962957, "message": "A mi no me la hicieron", "date": "2019-03-06 13:50:57"}, {"id_message": 95923468936, "message": "Met\u00e9is abdominales cuando est\u00e1is en volumen ?", "date": "2019-03-08 19:24:41"}, {"id_message": 32062359064, "message": "Aunque en esta \u00e9poca bien tapadito", "date": "2019-03-08 19:26:13"}, {"id_message": 16859901930, "message": "Al menos en mi caso", "date": "2019-03-08 19:26:17"}, {"id_message": 14480827571, "message": "+ 10kg en volumen jeje", "date": "2019-03-08 19:26:27"}, {"id_message": 58112118867, "message": "Necesito una rutina de abdomen , alguno sigue una que la tenga a mano ? La que hago la quiero cambiar", "date": "2019-03-10 12:47:32"}, {"id_message": 88258334940, "message": "Ya pero es como todo", "date": "2019-03-10 14:21:13"}, {"id_message": 32011195328, "message": "Con alguno noto lo mismo que si me tomo un COLACAO", "date": "2019-03-10 14:21:23"}, {"id_message": 8158976777, "message": "5 de cada de la que pase", "date": "2019-03-10 14:22:41"}, {"id_message": 16794440567, "message": "En los \u00faltimos 20 min del entreno", "date": "2019-03-10 14:22:53"}, {"id_message": 48910296926, "message": "3 d\u00edas a la semana", "date": "2019-03-10 14:22:58"}, {"id_message": 22076638020, "message": "Si creo que probar\u00e9 de esa manera", "date": "2019-03-10 14:23:56"}]