[{"id_message": 11282923109, "message": "Voy al gimnasio , pero soy un poco novatillo jejeje . Vengo aqu\u00ed a ver y aprender", "date": "2018-07-10 11:34:35"}, {"id_message": 16310657544, "message": "Tu nombre es por gata cattana ?", "date": "2018-07-10 11:46:27"}, {"id_message": 1699136670, "message": "Tienes alguna rutina en particular que recomiendes ?", "date": "2018-07-10 11:50:23"}, {"id_message": 69423809419, "message": "Pues ganar musculo manteniendome relativamente definido", "date": "2018-07-10 12:01:14"}, {"id_message": 39533187217, "message": "Quiero un culito que me tenga envidia medio barrio", "date": "2018-07-10 12:01:37"}, {"id_message": 50530229825, "message": "No has respondido jajaja", "date": "2018-07-10 12:44:25"}, {"id_message": 94399151945, "message": "Oye se nos olvida lo importante", "date": "2018-07-10 23:25:56"}, {"id_message": 84889597563, "message": "Alguien tiene rutinas para conseguir un culazo", "date": "2018-07-10 23:26:15"}, {"id_message": 46654691370, "message": "Nacido en brasil , pero vivo en espa\u00f1a", "date": "2018-07-10 23:30:05"}, {"id_message": 38011681080, "message": "Entiendo la confusi\u00f3n jajaja", "date": "2018-07-10 23:31:02"}, {"id_message": 74920382969, "message": "Pero yo lo que quiero es volumen", "date": "2018-07-10 23:33:02"}, {"id_message": 81406600454, "message": "Para eso es mejor peso libre no ? Con no estar muy definido bastar\u00e1 yo creo", "date": "2018-07-10 23:33:31"}, {"id_message": 96261689194, "message": "Si si jajaja lo se", "date": "2018-07-11 00:03:57"}, {"id_message": 54649082734, "message": "Y que tienen de malo esas emociones ?", "date": "2018-07-13 00:37:36"}, {"id_message": 68929638459, "message": "Alguien sabe como entrenar romboides o trapecio medio ?", "date": "2018-07-19 20:10:59"}]