[{"id_message": 76871724536, "message": "Ana y algunas veces Mia 55kg 40kg 23", "date": "2022-04-16 08:18:02"}, {"id_message": 11308642512, "message": "S\u00ed , esta super esa idea , o para tambi\u00e9n un grupo para apoyarnos en las metas", "date": "2022-04-17 03:25:15"}, {"id_message": 7401219340, "message": "Hacer retos , eso me \u00e1nima a no perder el rumbo", "date": "2022-04-17 03:25:40"}, {"id_message": 41925868662, "message": "Si quieres bajar eso debes hacer ejercicio", "date": "2022-04-20 19:26:33"}, {"id_message": 33991166240, "message": "Yo dir\u00eda que mucho cuando solo se hace ayuno , no se baja tan r\u00e1pido", "date": "2022-04-20 19:27:12"}, {"id_message": 8797533088, "message": "Y pues ayudate con verduras que tenga pocas calor\u00edas", "date": "2022-04-20 19:27:29"}, {"id_message": 28215274679, "message": "Y mantenerte bien hidratado", "date": "2022-04-20 19:28:30"}, {"id_message": 82283869576, "message": "Sino vas a bajar pero en mayoria liquidos y eso no es bueno", "date": "2022-04-20 19:28:55"}, {"id_message": 84325220367, "message": "Omggggg thinspo \ud83d\ude0d", "date": "2022-04-21 16:49:24"}, {"id_message": 11611635861, "message": "Sus piernas \ud83d\ude0d", "date": "2022-04-21 16:50:40"}, {"id_message": 60564380759, "message": "A mi que me digan flaca es un halago \ud83d\ude05", "date": "2022-04-24 16:32:53"}]