[{"id_message": 15914121759, "message": "Hola ! ! ! Es aqu\u00ed donde est\u00e1n los machacas del gym ? \ud83d\ude05", "date": "2018-06-02 17:23:12"}, {"id_message": 62406842580, "message": "Oki ! Ya dir\u00e9is qui\u00e9n pertenece a cada grupo \ud83d\ude02 \ud83d\ude02", "date": "2018-06-02 17:23:59"}, {"id_message": 81659464011, "message": "Es buen\u00edsimo ! ! Toda la fauna del gym en un v\u00eddeo \ud83d\ude02 \ud83d\ude02", "date": "2018-06-02 17:38:06"}, {"id_message": 736590017, "message": "No , paraca\u00eddas nop ... de momento \ud83d\ude05", "date": "2018-06-02 23:42:18"}, {"id_message": 32311891435, "message": "Entreno , corro , y a veces padel , esquiar ...", "date": "2018-06-02 23:43:01"}, {"id_message": 54183524397, "message": "Yeah ! Todos al gym ! !", "date": "2018-06-03 08:27:37"}, {"id_message": 60214848909, "message": "Yo ya tengo el trabajo hecho por hoy , saliendo del gym \ud83d\ude00 \ud83d\udcaa\ud83c\udffb \ud83d\udcaa\ud83c\udffb", "date": "2018-06-03 09:54:59"}, {"id_message": 53136846178, "message": "Hoy tocaba brazo y abs", "date": "2018-06-03 09:55:19"}, {"id_message": 92184940029, "message": "Hay muchos futuros Mr . Olympia en mi gym \ud83d\ude02 \ud83d\ude02", "date": "2018-06-03 10:38:29"}, {"id_message": 49027575585, "message": "Si te interesan estos temas te recomiendo el podcast \u201c fitness revolucionario \u201d", "date": "2018-06-06 19:43:34"}, {"id_message": 1517369707, "message": "Tambi\u00e9n tiene un blog , pero yo prefiero el podcast", "date": "2018-06-06 19:43:55"}, {"id_message": 19905356529, "message": "Coincidimos en algunos . Te recomiendo zetatesters y mossegalapoma", "date": "2018-06-07 06:30:10"}, {"id_message": 35476353604, "message": "Solo te tienes que comprar las zapatillas y pantalones . El crossfit se hace sin camiseta , a lo machote ! !", "date": "2018-06-07 19:38:44"}, {"id_message": 32030272724, "message": "Si , se eso se trata el crossfit \ud83d\ude02 \ud83d\ude02 \ud83d\ude02", "date": "2018-06-07 20:06:11"}]