[{"id_message": 91095081852, "message": "Felicidades Ainara ! Con retraso eso s\u00ed ...", "date": "2019-07-28 21:58:17"}, {"id_message": 17983865916, "message": "An\u00e9cdota curiosa , el otro d\u00eda me estaba tomando mi caf\u00e9 expreso como siempre antes del entreno y el muchacho de al lado le estaba comentando al camarero su sorpresa porque en verano come menos y hab\u00eda engordado 4k , quiz\u00e1s tenga algo que ver el pedazo batido con helado que se acaba de engullir pens\u00e9 cuando vino la frase que confirm\u00f3 ... Anda ponme un garrote de chocolate que me quiero ir a hechar la siesta , se gir\u00f3 y me pregunto el muchacho hey ! que hay que hacer para tener un tipo as\u00ed como tu , le dije b\u00e1sicamente entrenar duro que es lo que voy hacer yo ahora , respuesta del muchacho tu estas loco con estos calores !", "date": "2019-07-28 22:09:02"}, {"id_message": 65697717171, "message": "Es que \u00faltimamente en verano estoy poco con el m\u00f3vil porque estoy haciendo m\u00e1s vida social y eso", "date": "2019-07-28 22:16:33"}, {"id_message": 16510446196, "message": "Vamos que el m\u00f3vil me sobra", "date": "2019-07-28 22:17:05"}, {"id_message": 14770472754, "message": "En mi opini\u00f3n personal utilizando el banco scott para realizar este ejercicio es excelente ya que bloquea los codos y a\u00edsla muy bien el trabajo de biceps , pero eso s\u00ed sin dejar de realizar otros ejercicios de biceps la parte baja , media y alta no vaya a ser que siempre realices el predicador", "date": "2019-07-29 23:21:05"}, {"id_message": 25689583931, "message": "Dentro de ejercicios de trabajo de biceps como martillo , curl ara\u00f1a etc mi preferido es el concentrado con mancuerna \ud83d\udcaa", "date": "2019-07-29 23:33:45"}, {"id_message": 97753417779, "message": "Parte alta del biceps", "date": "2019-07-29 23:34:56"}, {"id_message": 61319785406, "message": "Martillo ser\u00eda la baja", "date": "2019-07-29 23:35:14"}, {"id_message": 6978260311, "message": "Alimento de pastores que gastan muchas calor\u00edas por el fr\u00edo y todo el d\u00eda en el monte ya que tiene mucha grasa como fuente de energ\u00eda lenta", "date": "2019-07-29 23:38:58"}, {"id_message": 3980322440, "message": "Claro el C4 es un preentreno que no solo es cafeina , no es comparable a un caf\u00e9 tiene muchas sustancias diferentes y dentro de la parte de los estimulantes tendr\u00e1 cafeina entre otros .", "date": "2019-07-30 22:43:59"}, {"id_message": 91400542327, "message": "La cafe\u00edna tiene la propiedad de focalizar y retrasar la fatiga como estimulante natural el de caf\u00e9 te da un plus que ser\u00e1 en menor o mayor medida dependiendo de la tolerancia que cada persona tenga , para m\u00ed suficiente con mi caf\u00e9 solo .", "date": "2019-07-30 22:48:40"}, {"id_message": 96094973539, "message": "Si quieres vitamina C pimientos amarillo 184mg rojo 139mg verde 132mg todo por cada 100g el brocoli 89mg", "date": "2019-07-30 23:02:58"}, {"id_message": 9340857122, "message": "Redios ! ! Para cenar \ud83d\ude48", "date": "2019-07-30 23:19:35"}, {"id_message": 74844749948, "message": "Jaja eso te vale ahora pero cuanto m\u00e1s mayor seas m\u00e1s estricto en la alimentaci\u00f3n , as\u00ed que aprovecha ahora", "date": "2019-07-30 23:23:09"}, {"id_message": 40450810215, "message": "Es para el cap\u00edtulo de harinas refinadas , grasas saturadas ... hay que expirementar", "date": "2019-07-31 00:12:09"}, {"id_message": 38893338034, "message": "Hace tiempo le\u00ed sobre la opini\u00f3n de gente sobre las pastillas de este producto y coincide casi todo el mundo que es muy pesado el tomarlas ...", "date": "2019-07-31 13:33:05"}, {"id_message": 36592523440, "message": "El animal pack se divid\u00eda en 4 v\u00edas de trabajo una era la de las vitaminas y minerales", "date": "2019-07-31 13:34:44"}, {"id_message": 90500039955, "message": "La cosa seria al igual que has cogido peso con la comida ir a un nutricionista que te d\u00e9 h\u00e1bitos alimenticios y te gu\u00ede as\u00ed con los alimentos al igual que engordas tambi\u00e9n adelgaza no tiene sentido engordar con alimentos y adelgazar con suplementos que son de corta duraci\u00f3n .", "date": "2019-08-04 11:05:36"}, {"id_message": 98566013484, "message": "Seguro que te habr\u00e1s dado un buen repaso en el espejo ese no miente \ud83d\ude33", "date": "2019-08-04 11:07:08"}, {"id_message": 4393772031, "message": "Es tu cumple Jos\u00e9 ?", "date": "2019-08-04 11:34:27"}, {"id_message": 17904131288, "message": "Me a venido a la cabeza de alguna frase que dijiste", "date": "2019-08-04 12:12:26"}, {"id_message": 82400030649, "message": "Vacaciones en verano , solo entrenar y pisci", "date": "2019-08-05 13:27:49"}, {"id_message": 86397429832, "message": "Que el verano es un no parar", "date": "2019-08-05 13:28:25"}, {"id_message": 86996964090, "message": "Estube en Bilbao el s\u00e1bado comprando una moto", "date": "2019-08-05 13:29:03"}, {"id_message": 7317950341, "message": "Tas en Madrid no !", "date": "2019-08-05 13:30:19"}, {"id_message": 45850868062, "message": "El logo del gym", "date": "2019-08-05 13:32:43"}, {"id_message": 95807169612, "message": "El fondo va ir en gris", "date": "2019-08-05 13:34:44"}, {"id_message": 45274793623, "message": "Has estado con los karts ? Notas el antebrazo fatiga ..", "date": "2019-08-05 13:35:38"}, {"id_message": 27698237587, "message": "Pues vaya para liberar extres ! Darle ca\u00f1a en un circuito", "date": "2019-08-05 13:37:19"}, {"id_message": 8303782875, "message": "Ayer fui a un concurso de tirar la bota de vino llena m\u00e1s lejos para ganar un jam\u00f3n !", "date": "2019-08-05 13:38:20"}, {"id_message": 48632680892, "message": "Joe Liz es la que est\u00e1 en Madrid !", "date": "2019-08-05 13:40:46"}, {"id_message": 82221404368, "message": "De esas del fondo peque\u00f1as que estamos haciendo colecci\u00f3n las dingo", "date": "2019-08-05 14:06:44"}, {"id_message": 22713100205, "message": "Jaja la de mi hermana , esa si que se conduce f\u00e1cil !", "date": "2019-08-05 14:29:09"}, {"id_message": 49684920271, "message": "A altas velocidades no creo que disfrutes mucho de paquete , haber si saco uno de estos d\u00edas la moto grande la de malote tatuada con llamas y calaveras \ud83d\udc79", "date": "2019-08-05 16:00:21"}, {"id_message": 26441760386, "message": "En las de paseo el asiento de atr\u00e1s es elevado y con respaldo para ver todo el paisaje y disfrutar haber si hago una foto", "date": "2019-08-05 16:03:13"}, {"id_message": 73202114889, "message": "Verano la \u00e9poca del a\u00f1o que m\u00e1s se nota en los entrenamientos unos d\u00edas tiras m\u00e1s que otros no se si el calor el descanso etc por ello a mi parecer adaptar el entrenamiento puede ser interesante dependiendo del d\u00eda ...", "date": "2019-08-05 16:11:23"}, {"id_message": 80268762959, "message": "En cuanto haces unas series lo notas", "date": "2019-08-05 16:11:55"}, {"id_message": 62953305383, "message": "Yo s\u00ed en comparaci\u00f3n", "date": "2019-08-05 16:15:29"}, {"id_message": 16606199481, "message": "A partir de cierta edad para mantener unos niveles \u00f3ptimos de testosterona hay que controlar el porcentaje de grasa corporal .", "date": "2019-08-05 16:18:57"}, {"id_message": 87675725609, "message": "Dentro de tener un nutricionista la fuerza de voluntad y sacrificio", "date": "2019-08-05 16:20:51"}, {"id_message": 8477567616, "message": "Jose se a ido ! \ud83d\ude33", "date": "2019-08-05 16:30:41"}, {"id_message": 95809430799, "message": "Lo acabo de leer , parece que se le a ido de las manos desde que empez\u00f3 con la idea del libro ..", "date": "2019-08-05 16:32:58"}, {"id_message": 59386073237, "message": "Pero bueno las cr\u00edticas depende de c\u00f3mo se las tome cada uno , se a ofendido pero hay que tener en cuenta que el grupo son 195", "date": "2019-08-05 16:34:40"}, {"id_message": 93161683434, "message": "Por unos consejos no es para irse", "date": "2019-08-05 16:35:34"}, {"id_message": 98319871715, "message": "Es inevitable aunque de momento no noto nada pero llegar\u00e1 ..", "date": "2019-08-05 16:39:29"}, {"id_message": 89565062212, "message": "Se le a subido antes de terminarlo !", "date": "2019-08-05 16:40:11"}, {"id_message": 17564887815, "message": "Hab\u00e9is le\u00eddo algo sobre los factores de transferencia ?", "date": "2019-08-05 16:41:14"}, {"id_message": 11393013296, "message": "Lo voy a leer a la noche lo dejo por si alguien quiere leerlo tambi\u00e9n", "date": "2019-08-05 16:43:27"}, {"id_message": 84420880320, "message": "Se retrasa haciendo ejercicios de musculaci\u00f3n as\u00ed que a\u00fan pienso dar guerra ! \ud83d\udcaa", "date": "2019-08-05 16:53:15"}, {"id_message": 9756327511, "message": "Yo me llevaba unas mancuernas el el barco pa darle !", "date": "2019-08-05 18:31:44"}]