[{"id_message": 45117991498, "message": "Entr\u00e9 al grupo por la descripci\u00f3n", "date": "2018-08-03 17:09:20"}, {"id_message": 66130887046, "message": "Estoy buscando comunidades con inter\u00e9s por el gimnasio , fitness , etc", "date": "2018-08-03 17:10:20"}, {"id_message": 86557381338, "message": "Pero veo que ac\u00e1 comparten m\u00e1s como amigos", "date": "2018-08-03 17:11:11"}, {"id_message": 40691066983, "message": "\ud83d\ude2f", "date": "2018-08-03 17:11:57"}, {"id_message": 30673116635, "message": "La verdad no entiendo las conversaciones entre Lu , TIPSBESTIALWS y Julian fit", "date": "2018-08-08 20:11:12"}, {"id_message": 69049759016, "message": "O quiz\u00e1 yo no lo sea", "date": "2018-08-08 20:12:04"}, {"id_message": 88728038355, "message": "\ud83c\udfc3\ud83c\udffe\u200d\u2640 \ud83d\udca8", "date": "2018-08-09 07:07:01"}, {"id_message": 37601396151, "message": "Soy de Rep . Dominicana", "date": "2018-08-09 13:08:15"}, {"id_message": 70959463865, "message": "Entiendo que si , es por sus nacionalidades", "date": "2018-08-09 13:08:34"}, {"id_message": 12964197909, "message": "Ahora leo .. soy de RD y d\u00f3nde ser\u00e1 que viste eso \ud83d\ude05", "date": "2018-11-20 18:28:45"}, {"id_message": 21616365096, "message": "Ahhhh ... ahora entiendo ! Jajajjajaja", "date": "2018-11-21 17:17:07"}, {"id_message": 28229775173, "message": "Ojal\u00e1 la pases bien", "date": "2018-11-24 10:51:25"}]