[{"id_message": 43239540485, "message": "Que dieta es esa ?", "date": "2019-04-28 10:27:10"}, {"id_message": 7081831385, "message": "Pues yo mo se ya que hacer", "date": "2019-04-28 10:33:26"}, {"id_message": 79873652383, "message": "Tengo una duda si alguien me la explica", "date": "2019-04-28 10:42:47"}, {"id_message": 68810577112, "message": "Ahora estoy en 79 kilos mido 179 no me gustaria bajar muchos mas porque ya me veo raquitico si quisoera estar definido en 79 kilos", "date": "2019-04-28 10:43:55"}, {"id_message": 39888157423, "message": "Twndroa que hacer volumen ahora ?", "date": "2019-04-28 10:44:02"}, {"id_message": 29562034335, "message": "A mi lo unica que me incomoda lo delgado que ne veo ua", "date": "2019-04-28 10:53:14"}, {"id_message": 57407968365, "message": "Estas casi igual que yo", "date": "2019-04-28 11:09:55"}, {"id_message": 94934844787, "message": "Yo tengo algo mas musculo", "date": "2019-04-28 11:21:26"}, {"id_message": 98129418549, "message": "Yo me refiero en vez de seguir ahora bajado subir volumen y cuando tenga mas masa definir definiria a un peso mas mayor no ?", "date": "2019-04-28 11:23:19"}, {"id_message": 26819096644, "message": "Por ejemplo ahora estoy en 79 y me queda como 4 % grasa", "date": "2019-04-28 11:23:45"}, {"id_message": 47285153183, "message": "Que me falta 4 % por bajar", "date": "2019-04-28 16:26:13"}, {"id_message": 88341999197, "message": "Es que yo creo que debes hacer volumen no tienes nada que definir creo", "date": "2019-04-28 17:35:17"}, {"id_message": 95882708062, "message": "Haz un volumen bueno y ya defines mas adelante", "date": "2019-04-28 17:37:43"}, {"id_message": 73421419344, "message": "Es que no estas marcando nada", "date": "2019-04-28 17:37:55"}, {"id_message": 2330049441, "message": "Yo siempre tengo miedo que me pase algo asi", "date": "2019-04-28 23:29:13"}, {"id_message": 94113008824, "message": "Eso porque pasa y como se evita ?", "date": "2019-04-28 23:29:46"}, {"id_message": 10259291586, "message": "Cual esta en cabeza ?", "date": "2019-04-29 16:24:20"}, {"id_message": 72270664370, "message": "Como veis esa distribuccion en definicion ?", "date": "2019-04-29 21:13:45"}, {"id_message": 92136691387, "message": "Uuf es que ne quedan 4 pitos kilos que se estan resistiendo a muerte", "date": "2019-04-29 21:18:27"}, {"id_message": 62912229158, "message": "Una vez dentro ya te puedes tatuar", "date": "2019-04-29 23:30:00"}, {"id_message": 12640338177, "message": "Le pso a mi amigo", "date": "2019-04-29 23:30:28"}, {"id_message": 71505137424, "message": "Luego te tatuas todo lo que quieras", "date": "2019-04-29 23:30:47"}, {"id_message": 23217293466, "message": "Unos 150 gr de hc en definicion estaria bien ? O es mucho ?", "date": "2019-04-30 13:20:45"}, {"id_message": 10943375086, "message": "De donde es la burger ?", "date": "2019-05-02 22:35:27"}, {"id_message": 35785341111, "message": "Empezar volumen con 16 % de grasa ?", "date": "2019-05-03 17:18:17"}, {"id_message": 1618504526, "message": "Seria muy poco margen no ?", "date": "2019-05-03 17:20:14"}, {"id_message": 54629606401, "message": "Algun libro interesante sobre culturismo alimentacion ...", "date": "2019-05-05 19:49:39"}, {"id_message": 98803042411, "message": "Donde te haces eso ?", "date": "2019-05-07 18:58:58"}, {"id_message": 60411600855, "message": "Cuanto te cuesta el nutricionit ?", "date": "2019-05-07 18:59:41"}, {"id_message": 28009036566, "message": "Alguien ha probado la harina de avena del mercadona como barido ?", "date": "2019-05-07 23:22:07"}, {"id_message": 67662010889, "message": "Quieeo saber si se disuelve", "date": "2019-05-07 23:22:20"}, {"id_message": 71334180109, "message": "Hmm tendre que probar", "date": "2019-05-07 23:59:32"}, {"id_message": 51700004946, "message": "Si yo uso una de chocolate pero se me gasto", "date": "2019-05-08 00:07:23"}, {"id_message": 89968841923, "message": "Y no me llega al pedido ninimo pra pedir mas \ud83d\ude02", "date": "2019-05-08 00:07:42"}, {"id_message": 14699031726, "message": "Pues prueba esa mientras tenga que pedir algo mas", "date": "2019-05-08 00:07:55"}, {"id_message": 47047001958, "message": "Tenia pensado mezclarla con la prote", "date": "2019-05-08 00:09:32"}, {"id_message": 36609393848, "message": "Hola hoy me pese en una farmacia que daba porcentaje de grasa", "date": "2019-05-08 20:56:06"}, {"id_message": 88133233775, "message": "Para empezar un volumen limpio estar por debajo de 14 % de grasa no ?", "date": "2019-05-08 20:56:37"}, {"id_message": 9303496193, "message": "El porcentaje de grasa me cuadra", "date": "2019-05-08 21:11:48"}, {"id_message": 75884273478, "message": "Lo de beber mucha agua", "date": "2019-05-08 21:12:01"}, {"id_message": 65953164692, "message": "Cambiria el resultado de refieres ?", "date": "2019-05-08 21:12:12"}, {"id_message": 63660317905, "message": "Si pero eso es lo unico que encontre", "date": "2019-05-08 21:15:42"}, {"id_message": 20496638904, "message": "De todas maneras para empezar voluemen bajo mas no ?", "date": "2019-05-08 21:19:57"}, {"id_message": 74834212938, "message": "Madre mi entonces pra llegar yo al 14 % de grasa tengo que bajar por lo menos a 70kilos", "date": "2019-05-08 21:23:19"}, {"id_message": 81555171382, "message": "Eso es el libro no ?", "date": "2019-05-08 21:30:38"}, {"id_message": 88254120319, "message": "Si es que aun asi nos e que hacer si seguir definiendo o no", "date": "2019-05-08 21:33:51"}, {"id_message": 99693965967, "message": "Yo la tengo no vale", "date": "2019-05-08 21:46:12"}, {"id_message": 55256633662, "message": "No da pra nada la grasa bien", "date": "2019-05-08 21:46:29"}, {"id_message": 10085080139, "message": "Alguien probo los inhibidores de apetito funcionan ?", "date": "2019-05-12 00:45:38"}, {"id_message": 53515346602, "message": "Estas calculando que comas mas kcal de la cuenta ?", "date": "2019-05-24 19:49:01"}]