[{"id_message": 49852962746, "message": "Ana Peso actual : 68 Peso meta : 50 Edad : 20", "date": "2022-04-14 18:37:11"}, {"id_message": 34014066405, "message": "Alg\u00fan tip para las u\u00f1as d\u00e9biles y quebradizas ?", "date": "2022-04-15 03:29:01"}, {"id_message": 92538267094, "message": "Muchas gracias \ud83d\ude0a \ud83d\ude0a", "date": "2022-04-15 03:42:03"}, {"id_message": 94624930474, "message": "Por las ma\u00f1anas me tomo un caf\u00e9 o como un poco de avena Entre desayuno y comida suele comer frutas ( manzana , pl\u00e1tano , naranja , uvas , etc ) A la hora de la comida como un poco de carne y arroz o sopa y vuelvo a comer fruta en la tarde", "date": "2022-04-21 19:00:39"}, {"id_message": 35308292752, "message": "Pero ya como a las 10 u 11 quiero algo dulce como dulces , chocolates y todas esas cosas", "date": "2022-04-21 19:01:24"}, {"id_message": 67011990835, "message": "Muchas gracias , ya he hecho yoga pero intentar\u00e9 tambi\u00e9n lo del agua fr\u00eda", "date": "2022-04-21 19:27:07"}, {"id_message": 12114654541, "message": "Tal vez podr\u00edas usar un poco de maquillaje", "date": "2022-04-24 01:30:03"}, {"id_message": 52490973586, "message": "Tambi\u00e9n puedes masticar chicle", "date": "2022-04-24 01:59:57"}, {"id_message": 8954934183, "message": "Es posible vomitar las calor\u00edas ?", "date": "2022-04-25 13:08:15"}, {"id_message": 1314584390, "message": "Mismo peso y misma meta \ud83e\udd7a", "date": "2022-04-25 21:45:41"}, {"id_message": 76430220210, "message": "Haz ejercicio de respiraci\u00f3n", "date": "2022-05-06 17:06:37"}, {"id_message": 88520463041, "message": "Inhala y exhala lentamente", "date": "2022-05-06 17:06:44"}, {"id_message": 98190516452, "message": "Aunque te cueste trata de respirar tranquilamente con ritmo", "date": "2022-05-06 17:12:04"}, {"id_message": 18848831622, "message": "No tienes alguna canci\u00f3n que te relaje ?", "date": "2022-05-06 17:12:42"}, {"id_message": 75369143319, "message": "Tips para bajar de peso en 3 d\u00edas por favor urgente", "date": "2022-05-06 22:20:52"}, {"id_message": 59801849536, "message": "Muchas gracias \u263a \ufe0f \u263a \ufe0f \u263a \ufe0f", "date": "2022-05-06 22:22:00"}, {"id_message": 40788770776, "message": "Okey solo ag\u00fcita de pi\u00f1a", "date": "2022-05-06 22:23:04"}, {"id_message": 45332751839, "message": "Eso ya lo tengo controlado", "date": "2022-05-06 22:25:49"}, {"id_message": 19048912194, "message": "Estoy tan gorda que hice reventar una falda Me siento muy mal", "date": "2022-05-07 00:26:29"}, {"id_message": 26014714475, "message": "No lo creo , se rompi\u00f3 con todo y cierre", "date": "2022-05-07 00:29:37"}, {"id_message": 57137751138, "message": "Lo se , me la puse con la esperanza de que me quedar\u00eda \ud83d\ude14 \ud83d\ude14", "date": "2022-05-07 00:33:26"}, {"id_message": 73868257275, "message": "Y solo termino hecho un desastre", "date": "2022-05-07 00:33:35"}, {"id_message": 29647592461, "message": "Sabes que no tienes hambre y simplemente comes porque te sientes estresad @ o con ansiedad", "date": "2022-05-07 00:53:43"}, {"id_message": 69429663663, "message": "No puedes detenerte ni aunque pienses en qu\u00e9 vas a engordar y te ver\u00e1s horrible", "date": "2022-05-07 00:54:23"}, {"id_message": 97273799318, "message": "D\u00f3nde viste esa dieta ?", "date": "2022-05-10 15:57:09"}, {"id_message": 5188667128, "message": "Y a m\u00ed parecer est\u00e1 bien", "date": "2022-05-10 15:57:23"}, {"id_message": 28285123415, "message": "Solo ser\u00e1 una semana", "date": "2022-05-10 15:57:31"}, {"id_message": 51495360389, "message": "Adem\u00e1s de complementarlo con mucha agua , no lo olvides \u263a \ufe0f", "date": "2022-05-10 15:57:53"}]