[{"id_message": 38154212278, "message": "Porque alguien me dijo bienvenido jaja", "date": "2019-02-28 00:53:04"}, {"id_message": 97430238875, "message": "Bueno anda , que mas da lo que seais ...", "date": "2019-02-28 00:53:21"}, {"id_message": 64870629990, "message": "Mientras se entiendan las palabras .. \ud83d\ude02 \ud83d\ude02", "date": "2019-02-28 00:53:35"}, {"id_message": 26973616907, "message": "Lu se \ud83d\ude01", "date": "2019-02-28 01:09:51"}, {"id_message": 48791182597, "message": "124 miembros en este grupo mae mia", "date": "2019-02-28 19:18:51"}, {"id_message": 37946933734, "message": "Demasiados , yo creo q limitarlo a unos 25-30 sria mas entendibles los temas", "date": "2019-02-28 19:22:30"}, {"id_message": 91010705972, "message": "Jaja ya me di cuenta tmbn", "date": "2019-02-28 19:23:20"}, {"id_message": 86921780287, "message": "Q va a ser tarde jaja", "date": "2019-02-28 19:25:28"}, {"id_message": 12277213451, "message": "Yo empiezo sobre las 8: 30", "date": "2019-02-28 19:25:36"}, {"id_message": 27103227605, "message": "Se supone q entre las 5 y las 8 son las horas mas productivas para entrenar", "date": "2019-02-28 19:25:54"}, {"id_message": 32587995455, "message": "Neah , depende de tus objetivos primeramente", "date": "2019-02-28 19:27:00"}, {"id_message": 43126360525, "message": "Pero por ganas y energia realmente entre 5 y 8", "date": "2019-02-28 19:27:16"}, {"id_message": 14770068736, "message": "Si ... porq no aportaste suficientes nutrientes al organismo", "date": "2019-02-28 19:27:52"}, {"id_message": 39699967977, "message": "Cierto es ... la adaptacion es clave pero bueno", "date": "2019-02-28 19:28:06"}, {"id_message": 69077603013, "message": "Pero la hora e incluso la estacion del a\u00f1o hace que sientas cambios en el organismo", "date": "2019-02-28 19:30:18"}, {"id_message": 45127574047, "message": "Aun asi para mi la hora es muy importante", "date": "2019-02-28 19:30:26"}, {"id_message": 20354022103, "message": "Tu sistema hormonal no funciona igual todo el dia", "date": "2019-02-28 19:30:37"}, {"id_message": 63867739108, "message": "Son cosas que se estudiaron por expertos", "date": "2019-02-28 19:32:48"}, {"id_message": 97754391729, "message": "No se afirma que sea malo entrenar a otra hora", "date": "2019-02-28 19:32:56"}, {"id_message": 42238309931, "message": "Pero se le saca mas beneficio asi tal vez", "date": "2019-02-28 19:33:07"}, {"id_message": 42415049171, "message": "Exacto por eso dije depende de tus objetivos y la adaptacion", "date": "2019-02-28 19:40:26"}, {"id_message": 13624221212, "message": "Adaptar claro , se enfoca el entrenamiento a tu determinada meta", "date": "2019-02-28 19:41:56"}, {"id_message": 34790105695, "message": "Y yo me fui un poco por mi camino porque tambien es lo que la mayoria busca", "date": "2019-02-28 19:42:44"}, {"id_message": 12270515536, "message": "Una mejora de fuerza e hipertrofia", "date": "2019-02-28 19:42:52"}, {"id_message": 9609720580, "message": "Bueno los profesionales meten 2 entrenos en gran mayoria", "date": "2019-02-28 19:46:52"}, {"id_message": 77234100821, "message": "Si claro , incluso yo he de entrenar alrededor de las 9 de la noche", "date": "2019-02-28 19:47:11"}, {"id_message": 34085624461, "message": "Nadie de aqui es flex lewis o phil heath", "date": "2019-02-28 19:47:31"}, {"id_message": 50376908231, "message": "O mejor que lo entienda y nos ponemos los dos con el mundo del culturismo", "date": "2019-02-28 19:48:16"}, {"id_message": 42413529110, "message": "Aunque el se\u00f1or de la barba podria ser un jason huge", "date": "2019-02-28 19:49:08"}, {"id_message": 36387493318, "message": "Jaja gracias julian , algun dia la pondre , cuando haya mas confianza", "date": "2019-02-28 22:52:51"}, {"id_message": 39950971688, "message": "Y diran que tampoco es pa tanto porq no lo es \ud83d\ude05", "date": "2019-02-28 22:53:10"}, {"id_message": 17688077149, "message": "Jmmm de acuerdo , que nadie diga lo mitico de flipao jaja", "date": "2019-02-28 22:58:24"}, {"id_message": 95463343845, "message": "Para mi os digo de verdad que soy un anorexico", "date": "2019-02-28 22:58:36"}, {"id_message": 38392936120, "message": "Soy un tio muy humilde , las fotos y cosas en relacion ya sabeis son puro resultado y es como el mitico album", "date": "2019-02-28 22:59:16"}, {"id_message": 44750254814, "message": "Puto jason huge este de la barba si que debe tener una espalda", "date": "2019-02-28 22:59:35"}, {"id_message": 72959060087, "message": "Con toda la testosteron pura que debe tener", "date": "2019-02-28 22:59:49"}, {"id_message": 27080877504, "message": "La segunda esta un poco con el f\u00f1ash y la sudada favorece la pta foto jaja", "date": "2019-02-28 23:01:21"}, {"id_message": 68588631423, "message": "Pero me gusta asi", "date": "2019-02-28 23:01:25"}, {"id_message": 86334944216, "message": "El pto vonmoguer me saca 2 metros por lo menos", "date": "2019-02-28 23:01:54"}, {"id_message": 76708292671, "message": "Tengo buena espalda porque soy bajoto y favorece la genetica jajja", "date": "2019-02-28 23:02:06"}, {"id_message": 74231549696, "message": "1.65 \ud83d\ude0a", "date": "2019-02-28 23:02:32"}, {"id_message": 61235318436, "message": "Yo estoy agusto conmigo , hay cosaa que me benefician por la altura", "date": "2019-02-28 23:03:34"}, {"id_message": 59711068670, "message": "La genetica o el tipo de cuerpo que tengo es bastante estetico", "date": "2019-02-28 23:03:53"}, {"id_message": 8963254397, "message": "Pero claro no todo puede ser perfecto", "date": "2019-02-28 23:04:02"}]