[{"id_message": 13901748423, "message": "Buenos d\u00edas chicas , soy Andrea y soy nueva en este grupo", "date": "2022-02-22 12:59:22"}, {"id_message": 7032616162, "message": "Soy Ana desde hace a\u00f1o y medio", "date": "2022-02-22 12:59:51"}, {"id_message": 34538483834, "message": "Me pod\u00e9is preguntar consejos o lo que sea", "date": "2022-02-22 13:07:27"}, {"id_message": 15904619942, "message": "Los jugos tienen m\u00e1s az\u00facar que una pieza de fruta entera", "date": "2022-02-22 14:05:06"}, {"id_message": 97194982357, "message": "Por ejemplo la naranja , t\u00f3matela entera", "date": "2022-02-22 14:05:16"}, {"id_message": 3592934154, "message": "La pelas , y la cortas en cachos peque\u00f1os", "date": "2022-02-22 14:05:33"}, {"id_message": 82666954019, "message": "Lo acompa\u00f1as con un caf\u00e9 , que inhibe el apetito , o alguna infusi\u00f3n", "date": "2022-02-22 14:05:52"}, {"id_message": 77066929002, "message": "Para que no tengas ese hambre voraz a la noche . Intenta tomar infusiones a lo largo del d\u00eda , t\u00e9 verde , manzanilla , que calma la ansiedad", "date": "2022-02-22 14:06:45"}, {"id_message": 81970500060, "message": "Yo es q no me purgo . Pero dicen que si te tomas un vaso de agua caliente con sal , vomitas", "date": "2022-02-22 14:07:17"}, {"id_message": 77709484948, "message": "Si tienes antojo de dulce , puedes preparar tus propias galletitas de pl\u00e1tano con canela , o comer chicles de sabores , o bien oler una colonia avainillada", "date": "2022-02-22 14:08:27"}, {"id_message": 46282442606, "message": "Es mejor ir comiendo cosas hipocal\u00f3ricas mediante el d\u00eda , porque luego pasa el atrac\u00f3n de la noche \u2026", "date": "2022-02-22 14:10:18"}, {"id_message": 1641443285, "message": "Yo por ejemplo como mucha coliflor , zanahoria cocida", "date": "2022-02-22 14:10:35"}, {"id_message": 63728839144, "message": "Y las salte\u00f3 con pimienta , y una cucharadita de curry . Las zanahorias las corto en redonditos , como si fuera un snack", "date": "2022-02-22 14:11:17"}, {"id_message": 54242896395, "message": "Yo es q tengo muchos \u201c rituales \u201d", "date": "2022-02-22 14:11:53"}, {"id_message": 67142417875, "message": "Beb\u00e9 mucha agua , y come fruta y verduras", "date": "2022-02-22 14:22:29"}, {"id_message": 64802971414, "message": "Las fresas est\u00e1n riqu\u00edsimas y apenas tienen calor\u00edas", "date": "2022-02-22 14:22:41"}, {"id_message": 20147813833, "message": "Hacer ejercicio , saltar a la comba tmbn quema muchas calor\u00edas", "date": "2022-02-22 14:23:11"}, {"id_message": 2743808717, "message": "O simplemente saltar en el sitio", "date": "2022-02-22 14:23:19"}, {"id_message": 50715564087, "message": "Si te da pereza salir a correr , puedes simular que corres en el sitio", "date": "2022-02-22 14:23:56"}, {"id_message": 13314178614, "message": "Suerte \ud83d\ude18", "date": "2022-02-22 14:24:43"}, {"id_message": 38694662966, "message": "Hola de nuevo , necesito consejos para dejar de comer , \u00faltimamente tengo hambre extrema", "date": "2022-03-03 18:19:45"}, {"id_message": 15462592471, "message": "Ya no me sirve , ni el agua , ni las manzanas , ni chicles ni nada", "date": "2022-03-03 18:20:15"}, {"id_message": 48527175490, "message": "No s\u00e9 vomitar , siempre he sido de restringir", "date": "2022-03-03 19:30:49"}, {"id_message": 79902507996, "message": "\ud83d\ude1e", "date": "2022-03-03 19:30:57"}, {"id_message": 41712103372, "message": "Antes pod\u00eda estar 2 d\u00edas sin comer absolutamente nada , o con una manzana en todo el d\u00eda . Y ahora no soy capaz", "date": "2022-03-03 20:04:41"}, {"id_message": 51479808006, "message": "Suerte que hoy he encontrado unas gelatinas en el supermercado con tan solo 6 calor\u00edas", "date": "2022-03-03 20:05:18"}, {"id_message": 16501648435, "message": "Nadie contesta \ud83d\ude13", "date": "2022-03-07 19:49:26"}, {"id_message": 25639390369, "message": "Cu\u00e1nto puedo adelgazar estando 3 d\u00edas sin comer ?", "date": "2022-03-09 17:03:44"}, {"id_message": 64561985060, "message": "Siii , tambi\u00e9n practico ejercicio", "date": "2022-03-10 09:45:12"}]