[{"id_message": 40346894326, "message": "Yo digo b\u00edceps en el de la izquierda . Dorsal dir\u00eda que no por bastante vascularidad", "date": "2019-03-06 23:12:01"}, {"id_message": 1730152864, "message": "\ud83d\ude10 brazos rotos , b\u00edceps en barra z 30 kilos + barra xD poco peso a\u00fan", "date": "2019-03-08 23:04:26"}, {"id_message": 65919771461, "message": "Tr\u00edceps voy bien \ud83d\udc4c tiro bastante y no me duele tanto . Los b\u00edceps me arden no recordada ese picorsito", "date": "2019-03-08 23:08:06"}, {"id_message": 98353196621, "message": "Facepull para deltoides posterior ?", "date": "2019-03-08 23:31:01"}, {"id_message": 40463061473, "message": "Yo lo hago dejando postura de marcado de b\u00edceps", "date": "2019-03-08 23:34:54"}, {"id_message": 21135233939, "message": "Dejando la cuerda a la altura de la frente", "date": "2019-03-08 23:35:22"}, {"id_message": 37299382094, "message": "C\u00f3mo veis no comer hidratos o casi nada los d\u00edas de no entreno . Solo comer d\u00edas de no entreno grasas y protes y una peque\u00f1a cantidad de hidratos en cada comida . Los d\u00edas de entreno comer bien de hidratos \ud83d\ude10", "date": "2019-03-09 00:19:30"}, {"id_message": 8605154475, "message": "2 ejercicios por grupo muscular . B\u00e1sicos sobretodo peso libre m\u00e1ximo que pueda", "date": "2019-03-09 01:16:10"}, {"id_message": 88489277550, "message": "Am\u00e9n hermano Julian \ud83d\ude02", "date": "2019-03-09 12:42:07"}, {"id_message": 5625565048, "message": "Hoy echar\u00e9 por tierra lo poco que haya entrenado \ud83d\ude05 carnaval de las palmas de gran Canaria \ud83d\ude06", "date": "2019-03-09 12:43:02"}, {"id_message": 44383035185, "message": "Si siempre mejor secos supongo , ah\u00ed pone por tema de balance mineral por el.acido fiitico y la absorci\u00f3n de nutrientes hacen eso de remojarlos .", "date": "2019-03-15 09:03:43"}, {"id_message": 21613602194, "message": "Me qued\u00e9 roto cuando lo le\u00ed", "date": "2019-03-15 09:03:51"}, {"id_message": 69021408605, "message": "Ya no ser\u00edan frutos secos \ud83d\ude10 \ud83e\udd2a", "date": "2019-03-15 09:04:17"}, {"id_message": 19506666266, "message": "Por cierto gachas de avena + agua caliente + toque de canela \ud83d\udc4c \ud83d\udc4c", "date": "2019-03-15 09:05:13"}, {"id_message": 74685973524, "message": "Con agua va de lujo toque de canela o vainilla", "date": "2019-03-15 09:38:37"}, {"id_message": 82099594102, "message": "Hahaha los canarios no tenemos las patas as\u00ed hombre \ud83d\ude02 buen torso \ud83d\udcaa", "date": "2019-03-22 20:51:34"}, {"id_message": 83823901289, "message": "Lo cierto esque me siento m\u00e1s d\u00e9bil que estoy comiendo algo menos cantidad para bajar algo de peso.quedarme en 89 - 90 kilos como.mucho . ahora estoy en unos 94.5 \ud83d\ude10", "date": "2019-03-22 21:04:39"}, {"id_message": 31357383832, "message": "He notado los bcaa y glutamina o eso creo que lo noto \ud83d\ude02", "date": "2019-03-22 21:05:30"}, {"id_message": 89611073405, "message": "Si bajando kcalorias despacio para que no me de una pajara", "date": "2019-03-22 21:05:55"}, {"id_message": 67498843325, "message": "Pero lo noto hahah esque antes pod\u00eda comerme 3 platos tranquilamente xD", "date": "2019-03-22 21:06:23"}, {"id_message": 27923925786, "message": "- hidratos y + grasas protes", "date": "2019-03-22 21:08:25"}, {"id_message": 62129308625, "message": "\ud83e\udd14 mirar\u00e9 eso", "date": "2019-03-22 21:08:38"}, {"id_message": 99907599186, "message": "Hablas de hidratos seg\u00fan comidas de.dia / / pre / post ?", "date": "2019-03-22 21:09:10"}, {"id_message": 76408873751, "message": "Hahaha lo s\u00e9 lo s\u00e9 , pero estaba a huevo \ud83d\ude1d", "date": "2019-03-22 22:05:51"}, {"id_message": 24636317773, "message": "En el desayuno normalmente avena / gachas o gofio . En almuerzo un poco de arroz / pasta integral . Y pre y post amilopectina y fruta", "date": "2019-03-22 22:13:01"}, {"id_message": 11696649469, "message": "He bajado cantidad y tiro m\u00e1s de frutos secos entre comidas", "date": "2019-03-22 22:13:46"}, {"id_message": 98388860739, "message": "Yo tirar\u00eda por myprotein , hsn , prozis", "date": "2019-03-25 20:01:56"}, {"id_message": 36231639080, "message": "O Hsn / my protein", "date": "2019-03-31 17:03:23"}, {"id_message": 61813947241, "message": "Corre porque han volado r\u00e1pido", "date": "2019-04-01 22:21:23"}, {"id_message": 4273801428, "message": "Yo har\u00e9 algo pero son de 6 y 10 . Las usar\u00e1 m\u00e1s mi novia . Aunque tema elevaciones y zancadas sacar\u00e9 provecho en las primeras series", "date": "2019-04-01 22:38:29"}, {"id_message": 32011634830, "message": "Puedo levantar mi peso tranquilamente es pres banca ya es un alivio decir eso para m\u00ed \ud83d\ude02", "date": "2019-04-01 22:46:42"}, {"id_message": 99539683839, "message": "Son c\u00f3modas las rusas", "date": "2019-04-01 22:49:55"}, {"id_message": 87572664099, "message": "En la barra tendr\u00e9 unos 100 total o casi nose 45 + 45 + barra normal", "date": "2019-04-01 22:50:49"}, {"id_message": 98232414046, "message": "En decarton a casi 20 pavos los 10 kilos \ud83d\ude10", "date": "2019-04-01 22:51:17"}, {"id_message": 1624358428, "message": "Hsn tiene buenos sabores", "date": "2019-04-03 10:27:49"}, {"id_message": 66638221899, "message": "En gustos hay de todo est\u00e1 claro", "date": "2019-04-03 10:30:23"}, {"id_message": 66567238112, "message": "Pillate muestras de prueba antes de pillar m\u00e1s cantidad", "date": "2019-04-03 10:31:34"}, {"id_message": 4754714172, "message": "Me la he pillado para probar y aunque los macros no son la super hostia en una barrita est\u00e1 muy bien de sabor", "date": "2019-04-04 13:40:11"}, {"id_message": 4917857654, "message": "Te pongo en la excursi\u00f3n si quieres \ud83d\ude02", "date": "2019-04-04 13:55:43"}, {"id_message": 13602859096, "message": "No entiendo \ud83d\ude10", "date": "2019-04-06 11:39:45"}, {"id_message": 37351502901, "message": "Ammmm por aqu\u00ed eso suena muy raro . Debe estar dura y fibrosa de cojones", "date": "2019-04-06 11:55:25"}, {"id_message": 28570443065, "message": "Muy buenas de sabor a ver c\u00f3mo me sientan los polialcoholes", "date": "2019-04-10 12:52:04"}, {"id_message": 62836643614, "message": "Confirmados gases nobles con Polialcoholes xD pero mal estar estomacal en principio no .", "date": "2019-04-10 18:39:31"}, {"id_message": 57398645317, "message": "Yo las dejo en la oficina . Siempre intento llevar comida para entre horas , nueces fruta o crema de cacahuete . Las barritas son muy c\u00f3modas", "date": "2019-04-10 22:54:04"}, {"id_message": 90716098172, "message": "Pero lo s\u00e9 , tengo que controlar . No las tomar\u00e9 todos los dias", "date": "2019-04-10 22:54:26"}, {"id_message": 3789066029, "message": "Eso s\u00ed , porque hoy he tenido que salir unas cuantas veces para no matar a nadie con el gas xarin", "date": "2019-04-10 22:59:03"}, {"id_message": 79384852124, "message": "No es una simple clienta m\u00e1s y lo sabes", "date": "2019-04-11 13:28:28"}, {"id_message": 65248555954, "message": "Hahahah entro y veo foto de perfil", "date": "2019-06-19 21:31:46"}, {"id_message": 7822204824, "message": "Hahaha ahora mejor el.rey en su trono si se\u00f1or", "date": "2019-06-19 21:32:49"}, {"id_message": 79610210563, "message": "Rey de reyes am\u00e9n \ud83d\udc4c", "date": "2019-06-19 21:33:01"}]