[{"id_message": 40102245477, "message": "Buenos dias y gracias", "date": "2018-12-13 10:00:42"}, {"id_message": 84988814354, "message": "Estoy un poco perdido en todo esto pero aprendere a entrenar", "date": "2018-12-13 11:37:29"}, {"id_message": 16663563626, "message": "Yo quiero bajar grasa , no tengo mucha pero si un poco de panza . Peso 77 kg mido 1,70 , aparentemente estoy bien f\u00edsicamente , ni gordo ni delgado.estaba pensando en hacer ejercicios con poco peso para marcar.no me quiero poner enorme.que me aconsejais ?", "date": "2018-12-13 17:03:47"}, {"id_message": 4439736068, "message": "Y buenas tardes \ud83d\ude0a", "date": "2018-12-13 17:04:15"}, {"id_message": 13640443540, "message": "Alguna tabla hit con poco peso y cardio", "date": "2018-12-13 17:05:13"}, {"id_message": 37040180403, "message": "Pero la calistenia es complicada no ?", "date": "2018-12-13 17:11:36"}, {"id_message": 89793756714, "message": "\ud83d\ude12 \ud83d\ude12", "date": "2018-12-13 17:11:59"}, {"id_message": 82462112637, "message": "Joer tampoco estoy hecho un adefesio \ud83d\ude48", "date": "2018-12-13 17:14:48"}, {"id_message": 23614209833, "message": "Si eso me han dicho que va bien", "date": "2018-12-13 17:15:50"}, {"id_message": 20270545077, "message": "Joer si yo creo que lo que mas me duele es la dieta", "date": "2018-12-13 17:16:18"}, {"id_message": 38985538960, "message": "Simplemente un cuerpo bien", "date": "2018-12-13 17:17:11"}, {"id_message": 83398965366, "message": "Ahora gasto una 40 y una L", "date": "2018-12-13 17:18:49"}, {"id_message": 66829763599, "message": "Pues eso que la verdad que como regular y todo eso", "date": "2018-12-13 17:22:16"}, {"id_message": 87956401694, "message": "Estoy en un gym", "date": "2018-12-13 17:23:41"}, {"id_message": 66891565595, "message": "No hay es un low cost", "date": "2018-12-13 17:25:57"}, {"id_message": 77218690482, "message": "Aqui tb se aprende", "date": "2018-12-13 17:26:31"}, {"id_message": 50011261476, "message": "Muchas gracias A ver si me orientais y me pongo en forma", "date": "2018-12-13 17:29:24"}, {"id_message": 91407095096, "message": "Bueno en.otro ratito hablamos \ud83d\ude01 \u263a \ufe0f", "date": "2018-12-13 17:36:35"}, {"id_message": 52548921035, "message": "Buenos dias y gracias ! ! creo que si que hare eso ... despu\u00e9s de navidades le pegare duro , mientras calentare motores .. \ud83d\ude01", "date": "2018-12-14 09:39:19"}, {"id_message": 59780755883, "message": "Buenos dias y gracias ! ! creo que si que despu\u00e9s de navidades le dare ca\u00f1a ... pero ire calentando motores \ud83d\ude01 \ud83d\ude01", "date": "2018-12-14 13:18:13"}]