[{"id_message": 99102028523, "message": "Cual es tu vlog ? \ud83d\ude0a", "date": "2021-06-27 06:59:58"}, {"id_message": 61943379633, "message": "Gracias coraz\u00f3n \ud83d\udc95", "date": "2021-06-27 18:42:47"}, {"id_message": 76193172196, "message": "Re bueno , muchas gracias \ud83d\ude18", "date": "2021-08-11 20:38:58"}, {"id_message": 89299787465, "message": "Gracias por todos los tips y consejos \u2661", "date": "2021-08-13 04:56:14"}, {"id_message": 59615757030, "message": "Necesito muchos tips m\u00e1s jeje \ud83e\udd7a \u2728 \ud83d\ude4c\ud83c\udffb \ud83e\udd0d", "date": "2021-08-13 04:56:24"}, {"id_message": 96915868134, "message": "Para bajar m\u00e1s ; - ; tips ana o no se", "date": "2021-08-13 17:35:03"}, {"id_message": 96448219436, "message": "Y para salir del estancamiento :/", "date": "2021-08-13 17:37:07"}, {"id_message": 26685441359, "message": "\ud83e\udd7a", "date": "2021-08-13 21:57:31"}, {"id_message": 63302158379, "message": "Me sacaron de ac\u00e1 imagino que por no hablar casi , pero bueno ...", "date": "2021-11-23 16:41:04"}, {"id_message": 97208505373, "message": "No me deja entrar", "date": "2022-01-03 02:19:57"}, {"id_message": 1697115910, "message": "No me deja entra al grupo :/", "date": "2022-03-18 03:24:09"}]