[{"id_message": 32695477666, "message": "Es un estilo de vida , no una dieta para adelgazar", "date": "2021-05-24 04:31:06"}, {"id_message": 76698405464, "message": "Al hacerlo , ponerte en un angulo de 90 grados hace que salga mas facil", "date": "2021-05-25 15:44:53"}, {"id_message": 7774099557, "message": "Y a mi me sirve tomar mucha agua mientras como y masticar mucho", "date": "2021-05-25 15:45:08"}, {"id_message": 69969472129, "message": "Es importante que te hidrates despues de purgar tambien", "date": "2021-05-25 15:45:23"}, {"id_message": 72716619096, "message": "Y apenas terminas enjuagate la boca pero no te cepilles los dientes , espera al menos media hora", "date": "2021-05-25 15:45:53"}, {"id_message": 76456310546, "message": "Al principio yo tambien vomitaba , pero me sentia muy mal conmigo mismo e incluso subi un kilo o 2", "date": "2021-05-25 15:48:17"}, {"id_message": 33886202853, "message": "Creo que loejor es la restriccion calorica , o al menos eso me funciono a mi", "date": "2021-05-25 15:48:36"}, {"id_message": 90329684634, "message": "Calcule las calorias que consumo a diario con una calculadora de interten , e intento consumir al menos 700 u 800 menos de las que deberia para entrar en deficit", "date": "2021-05-25 15:49:25"}, {"id_message": 20677994704, "message": "Pueden incluir muchas verduras en sus comidas , son bajas en calorias y les van a dar mas saciedad", "date": "2021-05-25 15:49:48"}, {"id_message": 79880917314, "message": "Pero si no comes nada en un tiempo tu metabolismo se va a estancar y no vas a adelgazar , podrias incluso llegar a engordar", "date": "2021-05-25 21:42:46"}, {"id_message": 30629615540, "message": "No te lo recomiendo", "date": "2021-05-25 22:08:30"}, {"id_message": 77949989209, "message": "Yo lo hice y mi cuerpo entro en modo de reserva", "date": "2021-05-25 22:08:42"}, {"id_message": 45748045942, "message": "Subi 1kg o un poco mas", "date": "2021-05-25 22:08:48"}, {"id_message": 34825839129, "message": "Lo que empece a hacer es comer 700cal por dia , con un poco de ejercicio", "date": "2021-05-25 22:09:06"}, {"id_message": 71077283151, "message": "Baje 0,5 kg en 4 dias", "date": "2021-05-25 22:09:21"}, {"id_message": 48585708598, "message": "Si engordas es una mala se\u00f1al", "date": "2021-05-26 18:47:22"}, {"id_message": 35299701091, "message": "Seria irresponsable obligarte a comer hasta engordad", "date": "2021-05-26 18:47:40"}, {"id_message": 1429710675, "message": "Lo inteligente seria que te obliguen a comer tu cantidad diaria de calorias , la que hace que te mantengas", "date": "2021-05-26 18:48:04"}, {"id_message": 53624091217, "message": "Y que lo que comas sea saludable y nutritivo", "date": "2021-05-26 18:48:13"}, {"id_message": 72781634203, "message": "Intenta defenderte con eso asi no te obligan", "date": "2021-05-26 18:48:30"}, {"id_message": 17907182214, "message": "Me alegra haber ayudado", "date": "2021-05-26 18:49:47"}, {"id_message": 91536413286, "message": "Y acordate que en internet hay calculadoras que sacan tu gasto calorico diario", "date": "2021-05-26 18:50:03"}, {"id_message": 55460784803, "message": "\u263a \ufe0f \ud83d\udc9e", "date": "2021-05-26 18:50:05"}, {"id_message": 88421521719, "message": "Podes intentar organizarte con las comidas , las verduras aportan volumen a los platos y son bajas en calorias", "date": "2021-05-26 18:51:59"}, {"id_message": 89923189578, "message": "Podes compartir un par de comidas con ellos para que vean que comes y de forma sana", "date": "2021-05-26 18:52:17"}, {"id_message": 55284774557, "message": "Y al mismo tiempo controlas tus calorias", "date": "2021-05-26 18:52:27"}, {"id_message": 10987104234, "message": "Quizas controlar las porciones ayude", "date": "2021-05-26 18:53:31"}, {"id_message": 93689034358, "message": "Come platos chicos , y si perdes un poco el control de las calorias no pasa nada , podes hacer ejercicio despues", "date": "2021-05-26 18:54:08"}, {"id_message": 86817007131, "message": "Podrias compartir 1 comida al dia con tu familia controlando el plato , y a la noche poner alguna excusa quizas , pero que vean que comes algo", "date": "2021-05-26 18:54:48"}, {"id_message": 57023869127, "message": "Yo estoy en argentina y estamos parecidos aca jajajaja", "date": "2021-05-26 18:55:04"}, {"id_message": 65197582089, "message": "Se que la situacion es dificil , espero que las cosas mejoren en algun momento , mientras tanto yo y las demas estamos aca para lo que sea", "date": "2021-05-26 18:56:08"}, {"id_message": 55691828724, "message": "Me pasa lo mismo", "date": "2021-05-26 18:57:06"}, {"id_message": 99935263976, "message": "Creo que soy de las unicas activas jajaja", "date": "2021-05-26 18:57:12"}, {"id_message": 76994052445, "message": "Las cuentas mas activas estan en instagram o twitter igualmente , suben contenido todo el dia", "date": "2021-05-26 18:57:37"}, {"id_message": 47655732533, "message": "Me parece bien , sos muy fuerte por querer recuperarte , vos podes \ud83e\udd70", "date": "2021-05-26 19:06:56"}, {"id_message": 45981854557, "message": "Lo uso cada tanto", "date": "2021-05-30 16:34:10"}, {"id_message": 46090015573, "message": "Se consigue en cualquier pais creo , dieteticas o farmacias", "date": "2021-05-30 16:34:26"}]