[{"id_message": 37197301073, "message": "oigan una preguntota , si me doy un atrac\u00f3n y despu\u00e9s voy al ba\u00f1o a vomitar todo si estoy quit\u00e1ndome todas las calor\u00edas q me met\u00ed o no sirve de nada ? \ud83d\ude29", "date": "2022-01-07 05:36:00"}, {"id_message": 78927385681, "message": "no com\u00edas absolutamente nada o que com\u00edas ?", "date": "2022-01-07 22:27:21"}, {"id_message": 5165297680, "message": "amigas si he perdido 2 kilos en 4 d\u00edas voy bieen ?", "date": "2022-01-14 05:01:06"}, {"id_message": 91375240604, "message": "yo antes era de atracones diario por la ansiedad pero fui con un bariatra y me dio pastillas para que se me quitara la ansiedad al comer y ya no he tenido atracones tan seguido", "date": "2022-01-15 00:31:55"}, {"id_message": 39468287598, "message": "pero lo malo es que no las venden sin receta", "date": "2022-01-15 00:37:25"}, {"id_message": 72161579490, "message": "las 2 cosas , por qu\u00e9 si te da ansiedad te da hambre y as\u00ed , yo con esas pastillas ni hambre tenia", "date": "2022-01-15 00:38:56"}, {"id_message": 23095527136, "message": "que mala onda jajaja", "date": "2022-01-15 00:42:29"}, {"id_message": 21835146562, "message": "jajjaaja no si se que es eso", "date": "2022-01-15 00:44:45"}, {"id_message": 1906614182, "message": "pues les comparto que baje 2 kilos de el martes hasta hoy y estoy contenta por qu\u00e9 me mantuve y tuve fuerzas , seguir\u00e9 con la misma actitud", "date": "2022-01-15 00:46:17"}, {"id_message": 82577891011, "message": "me cost\u00f3 much\u00edsimo la verdad , y me cost\u00f3 m\u00e1s aceptar que tengo un trastorno alimenticio y que acud\u00ed a \u00e9l para lograrlo :( pero todo se puede si se lo proponen", "date": "2022-01-15 00:49:29"}, {"id_message": 54500628435, "message": "pues com\u00ed 150 calor\u00edas diarias y cuando com\u00eda algo que no deb\u00eda lo vomitaba y as\u00ed estuve estos 4 d\u00edas", "date": "2022-01-15 00:51:43"}, {"id_message": 74620310274, "message": "hice tambi\u00e9n ejercicio y tome mucha agua", "date": "2022-01-15 00:51:59"}, {"id_message": 27330939870, "message": "yo cuando estaba con mis pap\u00e1s com\u00eda lo que hab\u00eda y despu\u00e9s iba al ba\u00f1o", "date": "2022-01-15 00:53:20"}, {"id_message": 89065837273, "message": "ahora no se que har\u00e9 cuando le digan que estoy bajando de peso jajaja", "date": "2022-01-15 00:53:30"}, {"id_message": 43933527630, "message": "si ven que estoy comiendo normal", "date": "2022-01-15 00:53:39"}, {"id_message": 84761359474, "message": "ahora si que cada quien", "date": "2022-01-15 00:54:00"}, {"id_message": 85828093728, "message": "pues cuando como con ellos me ven", "date": "2022-01-15 00:54:15"}]