[{"id_message": 60953591774, "message": "Que opin\u00e1is de aplicaciones como freeletics ?", "date": "2019-05-11 13:41:00"}, {"id_message": 38360278576, "message": "La que m\u00e1s he visto recomendada es la monohidrato", "date": "2019-05-11 13:51:50"}, {"id_message": 69883686293, "message": "Yo es la que uso , ahora eso s\u00ed , llevo dos semanas", "date": "2019-05-11 13:52:04"}, {"id_message": 67146146221, "message": "Personalmente no he notado nada", "date": "2019-05-11 13:52:20"}, {"id_message": 69811726236, "message": "105kg y cinco gramos respectivamente", "date": "2019-05-11 15:46:30"}, {"id_message": 41119466922, "message": "Bueno , revuelto m\u00e1s bien", "date": "2019-05-11 15:49:00"}, {"id_message": 22202216387, "message": "Antes de entrenar por la ma\u00f1ana", "date": "2019-05-11 15:49:13"}, {"id_message": 2103093935, "message": "Vale , con algo dulce se toma N ?", "date": "2019-05-11 15:51:44"}, {"id_message": 59330401032, "message": "Yo me voy a comprar una moto , cuando apruebe las oposiciones", "date": "2019-05-11 19:29:32"}, {"id_message": 75444981586, "message": "Para esa \u00e9poca ya volar\u00e1n", "date": "2019-05-11 19:29:41"}, {"id_message": 38198196722, "message": "Pero el a\u00f1o que viene empiezo", "date": "2019-05-11 19:41:58"}, {"id_message": 44774290132, "message": "Haciendo sentadilla , se me fue el equilibrio un poco y casi me caigo de morros , jajaja , suerte que estaba en mi cuarto y no me vio nadie", "date": "2019-05-13 09:59:29"}, {"id_message": 46495914360, "message": "Esta de puta madre", "date": "2019-05-13 10:09:58"}, {"id_message": 89737547471, "message": "Pero yo no tengo espacio para poner todas esas cosas", "date": "2019-05-13 10:10:19"}, {"id_message": 35302607781, "message": "Entren\u00f3 en mi cuarto y el espacio es muy limitado , de hecho estoy por comprarme eso que venden en el decathlon para apoyar la barra porque ya estoy llegando a unos pesos que me cuesta moverla", "date": "2019-05-13 10:11:35"}, {"id_message": 21381541846, "message": "Cruzar la comba y los saltos dobles es una tarde intebtandolo", "date": "2019-05-16 21:55:51"}, {"id_message": 7561768306, "message": "Al final te sale", "date": "2019-05-16 21:55:55"}, {"id_message": 19829307062, "message": "Tengo una duda , a vosotros os pasa que despu\u00e9s de entrenar os pon\u00e9is de mala leche ?", "date": "2019-05-16 21:56:34"}, {"id_message": 61082968260, "message": "Yo cuando me pego un entrenamiento de pesas y hit , me cabreo con cualquier cosa que me digab", "date": "2019-05-16 21:57:06"}, {"id_message": 69729528664, "message": "Yo voy a comer pollo asado", "date": "2019-05-27 13:56:49"}, {"id_message": 74858813946, "message": "Que aplicaci\u00f3n es esa ?", "date": "2019-05-28 13:04:50"}, {"id_message": 24875538306, "message": "As\u00ed no tienes que ir con el papelico", "date": "2019-05-28 13:06:36"}, {"id_message": 99956201368, "message": "Tengo una pregunta , si hago hit y pesas cinco d\u00edas a la semana es demasiado ?", "date": "2019-07-26 12:22:10"}, {"id_message": 30913141181, "message": "Lo digo porque a veces me duele la rodilla , sobre todo cuando hago sentadilla .", "date": "2019-07-26 12:22:42"}, {"id_message": 89250100885, "message": "Todos los d\u00edas pesas y hitt", "date": "2019-07-26 12:39:45"}, {"id_message": 77788573181, "message": "Osea cinco d\u00edas a la semana", "date": "2019-07-26 12:39:56"}, {"id_message": 2765816478, "message": "Estoy en 105 y me quiero quedar en 80", "date": "2019-07-26 12:41:24"}, {"id_message": 42037063775, "message": "Conoc\u00e9is la aplicaci\u00f3n de freeletics ?", "date": "2019-07-26 12:43:00"}, {"id_message": 98940321458, "message": "Sobre los cinco kil\u00f3metros m\u00e1s o menos", "date": "2019-07-26 12:43:44"}, {"id_message": 58384432453, "message": "Bueno , a veces de 20-30", "date": "2019-07-26 12:45:52"}, {"id_message": 21836449642, "message": "No hay gym en mi pueblo", "date": "2019-07-26 12:46:30"}, {"id_message": 88645252217, "message": "Son de este estilo", "date": "2019-07-26 12:47:32"}, {"id_message": 78521468935, "message": "Y tengo una barra", "date": "2019-07-26 12:47:37"}, {"id_message": 8870864392, "message": "M\u00e1s o menos eso cinco d\u00edas a la semana m\u00e1s andar", "date": "2019-07-26 12:48:52"}, {"id_message": 73336107918, "message": "Todos los d\u00edas alrededor de unos quince mil pasos", "date": "2019-07-26 12:49:20"}, {"id_message": 51623609284, "message": "Llevo seis kilos perdidos", "date": "2019-07-26 13:02:00"}]