[{"id_message": 14683022124, "message": "Entiendo que alguien que haga mucho deporte y tal tenga que complementar alimentos con ejercicios etc", "date": "2018-06-28 19:17:11"}, {"id_message": 33255800728, "message": "Pero alguien que no hace una mierda deber\u00eda coger peso no ?", "date": "2018-06-28 19:17:28"}, {"id_message": 66720871285, "message": "Eso voy a probar", "date": "2018-06-28 19:21:10"}, {"id_message": 80784057049, "message": "Ma\u00f1ana har\u00e9 flexiones y cosas", "date": "2018-06-28 19:21:18"}, {"id_message": 60770655004, "message": "Yo la \u00faltima vez que hice deporte ( 2016 ) me beb\u00ed una botella de vino blanco justo despu\u00e9s \ud83d\ude02 \ud83d\ude02 \ud83d\ude02", "date": "2018-06-28 21:07:09"}, {"id_message": 84251553907, "message": "Yo ma\u00f1ana har\u00e9 unas flexiones", "date": "2018-06-28 22:27:43"}, {"id_message": 87289517896, "message": "Voy a acabar as\u00ed", "date": "2018-06-28 22:27:46"}, {"id_message": 50146934997, "message": "Bueno voy a ponerme con las flexiones", "date": "2018-06-29 10:30:21"}, {"id_message": 55610159704, "message": "Bueno , podia haber sido peor", "date": "2018-06-29 22:50:10"}, {"id_message": 94222386205, "message": "A mi me cost\u00f3 70", "date": "2018-06-29 22:50:17"}, {"id_message": 75402221044, "message": "Yo a la noche me pimple 19 cervezas", "date": "2018-07-01 12:37:40"}, {"id_message": 90711097680, "message": "As\u00ed que hoy a andar otra vez", "date": "2018-07-01 12:38:03"}, {"id_message": 10608091168, "message": "A ver si llego a 20", "date": "2018-07-01 12:38:09"}, {"id_message": 99175457712, "message": "Eran las fiestas del pueblo", "date": "2018-07-01 13:31:12"}, {"id_message": 97994197540, "message": "No me quiero saturar", "date": "2018-07-01 13:31:24"}, {"id_message": 33498143395, "message": "Acabo de hacerme 40 flexiones", "date": "2018-07-02 00:04:19"}, {"id_message": 52578955804, "message": "Desde que dej\u00e9 el tabaco sudo mucho m\u00e1s", "date": "2018-07-02 00:07:15"}, {"id_message": 21915437366, "message": "No s\u00e9 si tendr\u00e1 que ver", "date": "2018-07-02 00:07:21"}, {"id_message": 80124898239, "message": "Es que en casa no se hacer mucho m\u00e1s", "date": "2018-07-02 00:15:03"}, {"id_message": 55095346528, "message": "Yo me estoy planteando pillar un poco de nandrolona", "date": "2018-07-02 00:17:08"}, {"id_message": 22860514846, "message": "Un colega la usa y est\u00e1 to cuadrao", "date": "2018-07-02 00:17:18"}, {"id_message": 83014964068, "message": "Pero estoy en ello ya", "date": "2018-07-02 00:17:42"}, {"id_message": 54787869383, "message": "Mejor que la gente hace muchas tonter\u00edas", "date": "2018-07-02 07:51:07"}, {"id_message": 26700085522, "message": "Es en serio eh , me estoy matando ahora porque tengo vacaciones", "date": "2018-07-02 18:23:57"}, {"id_message": 35559863603, "message": "Luego con el curro andar\u00e9 m\u00e1s liado", "date": "2018-07-02 18:24:05"}, {"id_message": 90571020247, "message": "Hoy he hecho calistenia", "date": "2018-07-03 21:00:22"}, {"id_message": 49520337913, "message": "Subiendome a las barras", "date": "2018-07-03 21:00:31"}, {"id_message": 19148606391, "message": "A mi me gusta la calistenia", "date": "2018-07-04 12:04:39"}, {"id_message": 94229427599, "message": "Pal sodio y el potasio", "date": "2018-07-04 16:19:04"}, {"id_message": 69371193169, "message": "Si no hay suficiente aporte de carbohidratos el metabolismo tira de lipidos y empiezas a tener cetoacidosis , acumulaci\u00f3n de cuerpos cetonicos ( residuos del metabolismo de los lipidos ) , etc", "date": "2018-07-04 20:11:43"}, {"id_message": 40455852488, "message": "De la misma forma un exceso de proteinas ( amino\u00e1cidos ) , tambi\u00e9n trae efectos secundarios , ya que activa otras rutas metab\u00f3licas tambi\u00e9n relacionadas con los l\u00edpidos", "date": "2018-07-04 20:14:54"}, {"id_message": 98299366411, "message": "Por eso es importante tener un aporte suficiente de carbohidratos en cualquier dieta , para evitar en la medida de lo posible \u00ab desviaciones \u00bb del metabolismo", "date": "2018-07-04 20:16:51"}, {"id_message": 10680083396, "message": "A que te refieres con que utilize la grasa ? Lo que se conoce como quemarla ?", "date": "2018-07-04 20:17:44"}, {"id_message": 63417739513, "message": "Tienes que reducir el consumo cal\u00f3rico y hacer ejercicio , pero manteniendo las proporciones adecuadas de los tres macronutrientes b\u00e1sicos ( carbohidratos , lipidos y proteinas )", "date": "2018-07-04 20:18:47"}, {"id_message": 5958199495, "message": "Existen dietas que se basan en un aumento del aporte proteinico", "date": "2018-07-04 20:19:22"}, {"id_message": 27260901618, "message": "Pero no es recomendable", "date": "2018-07-04 20:19:27"}, {"id_message": 55351155695, "message": "Pues ese es el camino", "date": "2018-07-04 20:19:37"}, {"id_message": 97318196900, "message": "Hacer tonterias con proteinas no es muy recomendable , si te pasas con las proteinas puede tener efectos secundarios que no son buenos para el organismo", "date": "2018-07-04 20:20:18"}, {"id_message": 50472112627, "message": "No soy experto en nutrici\u00f3n , aunque la he cursado en la universidad . No podr\u00eda decirte hasta que punto es insano entrar en cetosis , pero no lo recomiendo", "date": "2018-07-04 20:21:18"}, {"id_message": 27332069548, "message": "Los carbohidratos siempre han de tener un aporte suficiente oara evitar estados \u00ab alternativos \u00bb que muchas veces pueden ser patol\u00f3gicos o estar relacionados con enfermedades", "date": "2018-07-04 20:22:22"}, {"id_message": 99069178997, "message": "Puf , recomendar entrar en cetosis no lo recomiendo , no hay que olvidar que un estado de cetosis como tal es patol\u00f3gico", "date": "2018-07-04 20:24:21"}, {"id_message": 14714238895, "message": "Los cuerpos cetonicos que se producen pueden estar relacionados con la diabetes o problemas en los ri\u00f1ones por ejemplo", "date": "2018-07-04 20:24:54"}, {"id_message": 49415522010, "message": "Te recomiendo consultar con un nutricionista debidamente formado antes de meterse en este tipo de dietas", "date": "2018-07-04 20:25:30"}, {"id_message": 92290567760, "message": "Pero tengo el serrato destrozado", "date": "2018-07-06 20:54:07"}, {"id_message": 12556430288, "message": "Ese es el que va disfrazado de papa noel", "date": "2018-07-06 23:45:43"}, {"id_message": 15164848188, "message": "Le vi en bcn una vez", "date": "2018-07-06 23:45:51"}, {"id_message": 65582201959, "message": "No s\u00e9 , pero iba con una chica tambi\u00e9n de papa Noel y le hablaba bastante mal", "date": "2018-07-07 00:06:00"}, {"id_message": 14985498166, "message": "No s\u00e9 , esa impresi\u00f3n me dio", "date": "2018-07-07 00:11:37"}, {"id_message": 72691632082, "message": "Hola yo te recomiendo empezar fuerte", "date": "2018-07-10 11:48:12"}, {"id_message": 49517700720, "message": "Tener agujetas todos los d\u00edas de la semana", "date": "2018-07-10 11:48:23"}]