[{"id_message": 14204386117, "message": "Hola ! ! ! Nueva por aqu\u00ed ... De donde son ?", "date": "2019-07-12 13:40:03"}, {"id_message": 15056213400, "message": "Yo estoy del otro lado del mundo .. en Per\u00fa ...", "date": "2019-07-12 13:46:26"}, {"id_message": 20881861389, "message": "Yo reci\u00e9n me levanto ... A\u00fan viendo que me har\u00e9 en mis comidas hoy", "date": "2019-07-12 13:57:13"}, {"id_message": 74364157667, "message": "Eso me falta , organizarme as\u00ed \ud83d\ude44", "date": "2019-07-12 14:00:18"}, {"id_message": 49358823930, "message": "Que hora est\u00e1n x all\u00e1 ? ? ?", "date": "2019-07-12 21:48:34"}, {"id_message": 4100147552, "message": "Y es viernes \ud83d\ude0e", "date": "2019-07-12 21:50:42"}, {"id_message": 15146350429, "message": "Aqu\u00ed son las 3 casi", "date": "2019-07-12 21:50:54"}, {"id_message": 84933970201, "message": "que piensan de usar clembuterol ... \ud83d\ude44", "date": "2019-08-03 22:02:50"}, {"id_message": 97965747765, "message": "No lo he usado antes , solo he tomando prote\u00ednas , bcaa , pre entreno ... He tenido 2 entrenadores uno me recomend\u00f3 usarlo para secar y ahora con el que estoy me dice que no ...", "date": "2019-08-03 22:04:42"}, {"id_message": 28641556876, "message": "Si claro , no lo es ... X eso me da la duda", "date": "2019-08-03 22:05:28"}, {"id_message": 38933988301, "message": "Algunos dicen q ayuda bastante y otros lo ven como peligroso x decirlo de alg\u00fan forma", "date": "2019-08-03 22:05:59"}, {"id_message": 1957153763, "message": "Llevo entrenando fuerte unos 6 meses reci\u00e9n ... Y pues creo vendr\u00eda bien pero me da duda ya que cada entrenador tiene su punto de vista con eso", "date": "2019-08-03 22:07:17"}, {"id_message": 82736930183, "message": "Si ando aplicada jaja", "date": "2019-08-03 22:08:18"}]