[{"id_message": 62634328419, "message": "Buenas noches chicas soy Ana y mia mi peso actual es : 81 peso meta : 50 edad : 22", "date": "2022-04-17 22:45:13"}, {"id_message": 58954245660, "message": "Buenos d\u00edas chicas \u2764 \ufe0f", "date": "2022-04-18 09:18:03"}, {"id_message": 34994859190, "message": "que tal hab\u00e9is dormido ?", "date": "2022-04-18 10:35:33"}, {"id_message": 14212351288, "message": "voy a hacer deporte ahora", "date": "2022-04-18 10:42:47"}, {"id_message": 85635130898, "message": "a mi me gusta bailar", "date": "2022-04-18 10:44:00"}, {"id_message": 72471589166, "message": "nose es lo que m\u00e1s sirve , pero se me hace m\u00e1s ameno", "date": "2022-04-18 10:44:21"}, {"id_message": 72476090286, "message": "aunque tambi\u00e9n te digo que voy a empezar hoy a hacerlo de nuevo , lo deje durante mucho tiempo", "date": "2022-04-18 10:44:45"}, {"id_message": 81269998777, "message": "pues suelo bailar reggaeton , o bachata , o dembow algo as\u00ed animado", "date": "2022-04-18 10:56:26"}, {"id_message": 72426332551, "message": "tambi\u00e9n intento ballet , muy entre comillas \ud83d\ude02", "date": "2022-04-18 10:56:46"}, {"id_message": 12461072177, "message": "me lo suelo inventar", "date": "2022-04-18 10:57:12"}, {"id_message": 83647776353, "message": "si lo miro lo tengo que ir parando y as\u00ed no ej\u00e9rcito nada", "date": "2022-04-18 10:57:26"}, {"id_message": 59716943727, "message": "yo es m\u00e1s por lo que luego bailo en la discoteca \ud83d\ude02", "date": "2022-04-18 10:57:50"}, {"id_message": 95113950367, "message": "eso me pasa a mi", "date": "2022-04-18 10:58:31"}, {"id_message": 44648606354, "message": "dios te puedo pasar un v\u00eddeo que flipas el otro d\u00eda en la discoteca \ud83d\ude02", "date": "2022-04-18 10:59:15"}, {"id_message": 71258120547, "message": "por aqu\u00ed o por priv ?", "date": "2022-04-18 10:59:58"}, {"id_message": 38670894071, "message": "que va es mio grabado", "date": "2022-04-18 11:00:40"}, {"id_message": 8924178496, "message": "en eso tiene raz\u00f3n", "date": "2022-04-18 11:15:05"}, {"id_message": 753505778, "message": "y te lo dice alguien que est\u00e1 metida hasta el cuello en eso", "date": "2022-04-18 11:15:19"}, {"id_message": 3483284458, "message": "que opinan de los batidos sustitutivos ?", "date": "2022-04-19 16:45:14"}, {"id_message": 47042387550, "message": "el que yo tomo para todo el d\u00eda tiene 200", "date": "2022-04-19 18:54:25"}, {"id_message": 37155844594, "message": "y el lo \u00fanico que como", "date": "2022-04-19 18:54:29"}, {"id_message": 97962592618, "message": "eso me han dicho ... uwu", "date": "2022-04-19 19:25:51"}, {"id_message": 70160013531, "message": "Buenos d\u00edas chicas \ud83d\ude18", "date": "2022-04-21 09:46:28"}, {"id_message": 7559961635, "message": "en eso tiene raz\u00f3n , yo intent\u00e9 salir , pero siempre hay una voz en tu cabeza que te dice cosas", "date": "2022-04-21 09:53:39"}, {"id_message": 9544065315, "message": "nunca hab\u00eda podido describirlo mejor", "date": "2022-04-21 09:57:40"}, {"id_message": 90250611177, "message": "chicas necesito una opini\u00f3n sincera porfavor", "date": "2022-04-21 09:57:51"}, {"id_message": 85174454088, "message": "mi mam\u00e1 ayer me dijo que me pusiera un bal\u00f3n gastrico", "date": "2022-04-21 09:59:00"}, {"id_message": 20844513930, "message": "yo s\u00e9 que no estoy delgada , pero ...", "date": "2022-04-21 10:01:34"}, {"id_message": 43345087141, "message": "osea si que me gustar\u00eda perder peso", "date": "2022-04-21 10:02:50"}, {"id_message": 16561962930, "message": "pero me parece mucho dinero", "date": "2022-04-21 10:02:56"}, {"id_message": 24407146173, "message": "solo que en la foto no se nota tanto", "date": "2022-04-21 10:11:24"}, {"id_message": 37897328201, "message": "seg\u00fan mi imc estoy en sobrepeso 2 o algo as\u00ed", "date": "2022-04-21 10:13:18"}, {"id_message": 22584854314, "message": "nose ... pero me raya mucho", "date": "2022-04-21 10:25:45"}, {"id_message": 88591013730, "message": "aunque te aviso que sano no es", "date": "2022-04-21 10:26:27"}, {"id_message": 73758521264, "message": "dale al privado si quieres", "date": "2022-04-21 10:26:49"}, {"id_message": 29192127911, "message": "ahora te hablo yo", "date": "2022-04-21 10:27:09"}]