[{"id_message": 40772754099, "message": "Gracias ! ! \ud83d\ude0a", "date": "2019-04-04 21:00:02"}, {"id_message": 8924630851, "message": "Gracias , pero soy chico ^ ^", "date": "2019-04-04 21:33:07"}, {"id_message": 59362826747, "message": "no pasa nada \ud83d\ude06", "date": "2019-04-04 21:33:27"}, {"id_message": 31042849987, "message": "tengo intereses variados ^ ^ ... no tiene nada de malo verdad ?", "date": "2019-04-04 21:34:54"}, {"id_message": 99720606911, "message": "de hecho estoy buscando la forma de perder peso , ganar musculo , pero sin tener mucho musculo ... ganar fuerza .", "date": "2019-04-04 21:36:04"}, {"id_message": 64190104101, "message": "futbol . pero nada regular . antes hacia mas , ahora perdi el ritmo y bueno empese a subir de peso .", "date": "2019-04-04 21:41:31"}, {"id_message": 62025248421, "message": "eso quiero saber , que me convendria . por que no quiero tener mucho musculo . solo quiero mantenerme fuerte .", "date": "2019-04-04 21:43:34"}, {"id_message": 20042557576, "message": "estaba pensando en empezar a correr , me tengo que poner las pilas ... solo me da paja XD", "date": "2019-04-04 21:50:50"}, {"id_message": 98268647193, "message": "yo gano musculo facil por suerte . pero tambien subo de peso rapido ... comer bien no es mi fuerte .", "date": "2019-04-04 21:57:08"}, {"id_message": 35043853266, "message": "voy a buscar videos de rutinas cardio y pesas .", "date": "2019-04-04 21:57:23"}, {"id_message": 97399684770, "message": "Esta buena ... la uso para reemplazar la carne picada \ud83d\ude0b", "date": "2019-04-08 23:44:43"}, {"id_message": 56716467329, "message": "Si , pasa \ud83d\ude0b", "date": "2019-04-08 23:47:36"}]