[{"id_message": 9853729993, "message": "Solo vuelve a empezar ! Y ya la logras", "date": "2022-11-09 12:35:40"}, {"id_message": 5264131826, "message": "Enrealidad los l\u00e1cteos engordan yo tengo entendido", "date": "2022-11-15 17:27:44"}, {"id_message": 57728555065, "message": "Alguien podr\u00eda pasarme tips por favor", "date": "2022-11-15 18:04:49"}, {"id_message": 14270516202, "message": "Talvez est\u00e1 empezando y est\u00e1 bien empezar poco poco", "date": "2022-11-15 18:19:30"}, {"id_message": 85460479221, "message": "Que genial xd yo tomo zumo de remolacha y con eso estoy hasta tarde despu\u00e9s reci\u00e9n como algo de 500 kcal", "date": "2022-11-16 18:06:21"}, {"id_message": 84374737884, "message": "\u00c9xito con tu ayuno", "date": "2022-11-17 11:01:56"}, {"id_message": 94801479033, "message": "Intenta no hacer arcadas controlar el sonido", "date": "2022-11-20 20:16:45"}, {"id_message": 38017338016, "message": "Ummn yo buscaba alimentos que se vomitan con facilidad", "date": "2022-11-20 22:56:03"}, {"id_message": 20566662959, "message": "Depende mucho tambi\u00e9n el tiempo", "date": "2022-11-20 22:56:09"}, {"id_message": 92561990736, "message": "Ponte que te comes una hamburguesa , mientras la comes tomas l\u00edquido agua lo que gustes una vez que termines de comerla no esperes \" m\u00e1s de 10 \" minutos en vomitarla", "date": "2022-11-20 22:57:31"}, {"id_message": 19650147600, "message": "Ahora ponte que comiste helado es s\u00faper f\u00e1cil de vomitar no lastima ni te hace hacer mucho esfuerzo pero eso s\u00ed no esperes m\u00e1s de 5 minutos", "date": "2022-11-20 22:58:53"}, {"id_message": 54801775139, "message": "Por qu\u00e9 como es l\u00e1cteo es m\u00e1s r\u00e1pido que se mezcle con el \u00e1cido del est\u00f3mago y eso si te har\u00e1 doler y por ende hacer m\u00e1s ruido", "date": "2022-11-20 22:59:26"}, {"id_message": 72916349931, "message": "Depende de lo que comas tienes que ir viendo tiempos", "date": "2022-11-20 22:59:42"}, {"id_message": 80214736014, "message": "Si no quieres que t\u00fa familia sospeche limpia meticulosamente la zona donde vomitaste", "date": "2022-11-20 23:00:53"}, {"id_message": 45240134754, "message": "Y respecto al agua si o si para vomitar es tomarla mientras comes , no antes ni despu\u00e9s", "date": "2022-11-20 23:01:46"}, {"id_message": 28416597449, "message": "Buenoo mm tambi\u00e9n nose si te sirva para no hacer mucho ruido debes inclinarte maso menos en un \u00e1ngulo de 90 \u00b0 no de rodillas", "date": "2022-11-20 23:03:16"}, {"id_message": 44082411646, "message": "Si te arrodillas al vomitar har\u00e1 que tengas que hacer m\u00e1s esfuerzo", "date": "2022-11-20 23:03:42"}, {"id_message": 43837410297, "message": "Eso hacia que sea m\u00e1s f\u00e1cil", "date": "2022-11-23 01:34:06"}, {"id_message": 42146240279, "message": "Yo tomaba Sprite tiene menos calor\u00edas que la coca cola", "date": "2022-11-23 01:44:49"}, {"id_message": 49680791633, "message": "Los laxantes son muy da\u00f1inos te recomendar\u00eda no usarlo mucho : c", "date": "2022-11-26 15:51:18"}, {"id_message": 43483045751, "message": "Muy aparte de lo agresivo que es con el cuerpo no asegura que adelgaces a menos que est\u00e9s un buen tiempo con eso", "date": "2022-11-26 15:52:17"}, {"id_message": 18423329839, "message": "Maso menos que tipo de dieta buscas ?", "date": "2022-12-04 18:09:41"}, {"id_message": 46129823523, "message": "Ami me sirvi\u00f3 bastante ayunar", "date": "2022-12-04 18:14:20"}, {"id_message": 92269668846, "message": "Primeramente aclarar que para perder peso de forma r\u00e1pida como la que quieres no ser\u00e1 de forma sana", "date": "2022-12-04 19:30:12"}, {"id_message": 79335390207, "message": "Ten en cuenta eso", "date": "2022-12-04 19:30:30"}, {"id_message": 2446979978, "message": "Hay formas de bajar muy r\u00e1pido * Ayuno intermitente Novatos * Y para los que ya lo hacen seguido Vomitando despu\u00e9s de las comidas", "date": "2022-12-04 19:32:07"}, {"id_message": 671373716, "message": "El ayuno ser\u00eda 14 horas de ayuno 10 horas para comer", "date": "2022-12-04 19:33:08"}, {"id_message": 8906936442, "message": "Por qu\u00e9 eres principiante a\u00fan as\u00ed no te descompensaras", "date": "2022-12-04 19:33:42"}, {"id_message": 82949620963, "message": "El otro es vomitar despu\u00e9s de cada comida pero te recomiendo no comer las 3 veces al d\u00eda que suele ser normal", "date": "2022-12-04 19:34:19"}, {"id_message": 40804074766, "message": "Solo comer 1 a 2 veces en el d\u00eda y luego ir reduciendo a solo una vez al d\u00eda", "date": "2022-12-04 19:34:39"}, {"id_message": 33316369495, "message": "As\u00ed no lastimaras muy r\u00e1pido la flora intestinal de tu est\u00f3mago", "date": "2022-12-04 19:34:56"}, {"id_message": 36219675005, "message": "Es normal si contin\u00faas ya hasta te gustar\u00e1 ese dolor \ud83d\ude05", "date": "2022-12-04 22:37:17"}, {"id_message": 57312734041, "message": "Amm para el dolor de cabeza tomaba ibuprofeno o paracetamol", "date": "2022-12-04 22:37:31"}, {"id_message": 82810678228, "message": "Dejando de comer casi 6 a 5 kilos", "date": "2022-12-09 00:59:08"}]