[{"id_message": 96140078604, "message": "Wenas \ud83d\ude42", "date": "2022-01-24 00:55:37"}, {"id_message": 94441071149, "message": "Yo estaba tomando fluoxetine", "date": "2022-01-26 21:01:14"}, {"id_message": 15844224470, "message": "Yo no sub\u00ed ni baje mientras lo tom\u00e9 , ya que me mi mam\u00e1 estaba llevando control de absolutamente todo lo que consum\u00eda", "date": "2022-01-26 23:06:36"}, {"id_message": 1588717706, "message": "Eso tambi\u00e9n el apetito de va , regula la anciedad", "date": "2022-01-26 23:07:04"}, {"id_message": 58187695119, "message": "Bueno aqu\u00ed no nos suicidamos ? ? \ud83e\udd14 \ud83e\udd14 \ud83e\udd14", "date": "2022-01-26 23:07:31"}, {"id_message": 48826618820, "message": "Demasiado malo ah\u00ed , ese que digo es bueno y estoy pensando en tomarlo de nuevo porque \u00faltimamente la anciedad me gana y he subido unas 10 libras \ud83d\udc94", "date": "2022-01-27 02:47:53"}, {"id_message": 19934817701, "message": "Bueno ya que no se que hacer", "date": "2022-01-28 05:33:34"}, {"id_message": 43693642563, "message": "Me estoy preocupado un poco", "date": "2022-01-28 05:33:43"}, {"id_message": 13887524454, "message": "Practico bulimia hace 5 a\u00f1os casi , y mi dentadura se est\u00e1 desgastando demasiado , para ser sincera me averg\u00fcenzo de mi misma , desgraciadamente", "date": "2022-01-28 05:34:59"}, {"id_message": 71401845925, "message": "No se como parar y hay d\u00edas en los que me odio por eso", "date": "2022-01-28 05:35:16"}, {"id_message": 6879827091, "message": "He intentado todo pero la anciedad . Me gana siempre", "date": "2022-01-28 05:35:47"}, {"id_message": 49517602112, "message": "Lo que pasa es que no me gusta salir en invierno \ud83d\ude2d por eso en spring verano y fall esta bien , pero eso por ahora no se puede", "date": "2022-01-29 01:03:24"}, {"id_message": 73164826803, "message": "Lo de los chicles ya no funciona y yerba que es kk que mejor me controla por ahora no tengo", "date": "2022-01-29 01:03:48"}, {"id_message": 68628626326, "message": "No es que me quiera meter en sus vidas", "date": "2022-01-29 03:08:34"}, {"id_message": 13516738696, "message": "Pero saben los tr\u00edste que es vivir en una cocino NY cuando antes viv\u00edas de lo m\u00e1s tranquila en tu pa\u00eds", "date": "2022-01-29 03:09:19"}, {"id_message": 53477558606, "message": "Literal aqu\u00ed me la he pasado es llorando en mi cuarto desde que llegue aqu\u00ed", "date": "2022-01-29 03:09:51"}, {"id_message": 66215202394, "message": "Y el encierro durante fr\u00edo da m\u00e1s anciedad que el diablo", "date": "2022-01-29 03:10:36"}]