[{"id_message": 97460557267, "message": "Por lo que veo cara no hace falta entrenar", "date": "2022-10-10 15:37:55"}, {"id_message": 89432155237, "message": "El mar est\u00e1 revuelto", "date": "2022-10-10 15:38:29"}, {"id_message": 83770832882, "message": "Ya he acabado pecho ahora triceps", "date": "2022-10-19 16:45:52"}, {"id_message": 78173242372, "message": "Sab\u00e9is alg\u00fan app para retocar fotos . ? De gym", "date": "2022-10-20 21:51:12"}, {"id_message": 8182914383, "message": "Te dan m\u00e1s hambre guarra", "date": "2022-10-20 21:51:38"}, {"id_message": 91724484203, "message": "Era para quitar un poco las lorzas", "date": "2022-10-20 21:52:16"}, {"id_message": 29175433726, "message": "Ya yo no digo nada pero era por probar aburrimiento", "date": "2022-10-20 21:52:45"}, {"id_message": 73240362054, "message": "Ahora estoy en volumen era para estrechar un poco la cintura . Nada mas", "date": "2022-10-20 21:53:32"}, {"id_message": 44461991987, "message": "Solucionado \ud83d\ude33", "date": "2022-10-20 21:54:31"}, {"id_message": 85276810047, "message": "Aqu\u00ed todo el mundo con el miedo de decir la app Porque si no pensaran que la utiliza", "date": "2022-10-20 21:55:13"}, {"id_message": 2207414233, "message": "Vaya cuerpazo y piernas . Es natural ?", "date": "2022-10-20 21:55:45"}, {"id_message": 9635893564, "message": "A m\u00ed me tienen que salir aun", "date": "2022-10-20 21:56:22"}, {"id_message": 61784787025, "message": "Pasamelo que yo nunca e visto uno porfa", "date": "2022-10-20 21:57:39"}, {"id_message": 50472903188, "message": "Ten\u00edas cara de lobo", "date": "2022-10-21 18:51:56"}, {"id_message": 95535085145, "message": "Le\u00ed que tampoco era malo , que incluso ten\u00eda sus ventajas", "date": "2022-10-27 15:28:34"}, {"id_message": 69836972118, "message": "Pues seguramente pero ser\u00e1 malo a largo plazo", "date": "2022-10-27 16:23:06"}, {"id_message": 12335573820, "message": "Bueno pues he de decir que nunca fumo antes de entrenar . Pero hoy he movido m\u00e1s kg", "date": "2022-10-27 18:16:48"}, {"id_message": 85486856467, "message": "Ok gracias . Hay que decir tambi\u00e9n que estoy con el no fap", "date": "2022-11-02 16:08:55"}, {"id_message": 85242273163, "message": "Vale vale tranqui no te enfades", "date": "2022-11-02 17:03:46"}, {"id_message": 68552652633, "message": "Lo estoy haciendo pero hoy despu\u00e9s de un mes lo corto ya", "date": "2022-11-02 17:04:43"}, {"id_message": 18182419923, "message": "Despu\u00e9s de casi dos horas ya he acabado pecho y tr\u00edceps a lo natty . Soy m\u00e1s fuerte que ayer", "date": "2022-11-02 17:12:23"}, {"id_message": 64998482955, "message": "Eso es pura muerda el cerdo cuanto m\u00e1s lejos mejor . Porque medio mundo no lo come ?", "date": "2022-11-07 16:32:04"}, {"id_message": 31894533888, "message": "Mucho mejor que el cerdo seguro . Yo solo colo jam\u00f3n de guijuelo", "date": "2022-11-07 16:40:00"}, {"id_message": 18707798640, "message": "Yo del cerdo solo Jam\u00f3n bueno de vez en cuando , lo dem\u00e1s no probarlo . Voy a full con pollo , ternera , salm\u00f3n , merluza y huevos", "date": "2022-11-07 16:51:01"}, {"id_message": 9828674749, "message": "Yo solo cuento las calorias en definici\u00f3n en volumen lo veo una tonteria", "date": "2022-11-08 16:10:32"}, {"id_message": 6539023851, "message": "La verdad es un co\u00f1azo todo el d\u00eda apuntando ...", "date": "2022-11-08 16:12:07"}, {"id_message": 60820211667, "message": "Yo soy de pueblo no estoy en la onda", "date": "2022-11-08 21:42:15"}]