[{"id_message": 56018518177, "message": "Toda la vida ha compartido en foros sus progresos y lo que ha ido usando , nunca lo ha esconcdido", "date": "2019-03-23 09:59:36"}, {"id_message": 34940080685, "message": "No tiene ning\u00fan beneficio que hacerle en cualquier otro momento", "date": "2019-03-23 13:01:17"}, {"id_message": 91159278005, "message": "Como mucho si est\u00e1s utilizando yohimbina si es efectivo realizarlo en ayunas", "date": "2019-03-23 13:03:34"}, {"id_message": 49725236282, "message": "Pq se le saca el m\u00e1ximo partido o vamos , solo es eficaz en ayunas", "date": "2019-03-23 13:04:33"}, {"id_message": 18227312077, "message": "Un estimulante que bloquea los receptores alfa - 2 y ayuda a la movilizaci\u00f3n de la grasa rebelde", "date": "2019-03-23 13:06:57"}, {"id_message": 33753407646, "message": "Inhibe la lipolisis en el tejido adiposo y la yohim lo q hace es bloquear al ser antagonista", "date": "2019-03-23 13:12:04"}, {"id_message": 46215341896, "message": "Ah\u00ed esta bien explicado si", "date": "2019-03-23 13:15:52"}, {"id_message": 19094543916, "message": "Pero vamos q tomarla en ayunas para que no haga interacci\u00f3n con cualquier otra cosa", "date": "2019-03-23 13:16:11"}, {"id_message": 29967452463, "message": "Y q el cuerpo solo se centre en la movilizaci\u00f3n de los adipocitos", "date": "2019-03-23 13:16:31"}, {"id_message": 41934057764, "message": "Tampoco soy un experto xd yo lo que he visto en mi , en mas gente y lo que he podido leer , no es la panacea pq hay gente que ni lo nota", "date": "2019-03-23 13:20:34"}, {"id_message": 56363816635, "message": "Tampoco tiene ning\u00fan beneficio que comer fuera de las franjas de ayuno", "date": "2019-03-23 13:21:15"}, {"id_message": 96523194092, "message": "Por supuesto por algo no es de f\u00e1cil acceso", "date": "2019-03-23 13:22:28"}, {"id_message": 26849909558, "message": "Es una herramienta mas , no es obligatoria y claro que se puede lograr una buena quema de grasas sin suplementos", "date": "2019-03-23 13:23:50"}, {"id_message": 19765080020, "message": "Para nada hombre , es un debate m\u00e1s", "date": "2019-03-23 13:26:13"}, {"id_message": 72178496061, "message": "Porque un titulo es un papelito", "date": "2019-03-23 13:32:00"}, {"id_message": 2206961629, "message": "Un grado superior de nutricion te permite hacer dietas", "date": "2019-03-23 13:32:34"}, {"id_message": 31771437955, "message": "Pero luego ves a algunos titulados", "date": "2019-03-23 13:32:44"}, {"id_message": 545289568, "message": "Y salen con titulo pero con experiencia nula y sin idea", "date": "2019-03-23 13:32:59"}, {"id_message": 8020645252, "message": "Por eso mismo , que una persona que haya sido autodidacta y tenga un recorrido sin titulos", "date": "2019-03-23 13:33:48"}, {"id_message": 94915165255, "message": "Opini\u00f3n v\u00e1lida tampoco hay mayor debate haya cada cual a la hora de delegar su salud en quien", "date": "2019-03-23 13:43:58"}, {"id_message": 43882969835, "message": "Est\u00e1 mas que demostrado que cardio en ayunas es igual que no hacerlo en ayunas", "date": "2019-03-23 13:53:19"}, {"id_message": 77451756605, "message": "Que se haga segun se adapte a los horarios de cada uno y no tiene m\u00e1s misterio", "date": "2019-03-23 13:53:44"}, {"id_message": 48519923741, "message": "A nivel de aumentar el gasto cal\u00f3rico es igual , que tenga alg\u00fan otro beneficio puede der", "date": "2019-03-23 13:55:30"}, {"id_message": 8977479026, "message": "Q piensas q puede pasar ?", "date": "2019-03-23 14:14:43"}, {"id_message": 41295787845, "message": "Y la gente que hace ayuno de una unica comida a la noche por ejemplo ?", "date": "2019-03-23 14:25:14"}, {"id_message": 15266601530, "message": "No vas a perder masa muscular si al final del dia llegas a tu requerimentos caloricos", "date": "2019-03-23 14:31:09"}, {"id_message": 21298499490, "message": "Metas la comida despues del cardio o al final del dia", "date": "2019-03-23 14:31:33"}, {"id_message": 27852497304, "message": "Que no se evapora el m\u00fasculo", "date": "2019-03-23 14:31:49"}, {"id_message": 43406968723, "message": "Haz deficit calorico prolongado y dejate de carnitinas ..", "date": "2019-03-23 14:38:31"}, {"id_message": 83155212055, "message": "Yo lo suelo tomar 1 semana que coincide con examenes o m\u00e1s estr\u00e9s y me levanto del tir\u00f3n", "date": "2019-03-23 16:35:07"}, {"id_message": 69137022532, "message": "Ahora ando buscando algo para el cortisol que me sali\u00f3 justo el m\u00e1ximo", "date": "2019-03-23 16:35:51"}, {"id_message": 58644475060, "message": "Aunque la analitica coincidi\u00f3 con epoca que estaba mas estresado y agitado", "date": "2019-03-23 16:36:13"}, {"id_message": 19913044081, "message": "Justo me pill\u00f3 en examenes , durmiendo 4h al dia y entrenando 2h al dia tambien", "date": "2019-03-23 16:39:29"}, {"id_message": 10008849718, "message": "Despues de esa semana enferm\u00e9 2/3 dias y recuper\u00e9", "date": "2019-03-23 16:39:46"}, {"id_message": 13944362150, "message": "Me pet\u00f3 el cuerpo la verdad", "date": "2019-03-23 16:39:59"}, {"id_message": 93660989943, "message": "No he probado con ellos nunca", "date": "2019-03-23 16:41:01"}, {"id_message": 3922606469, "message": "Son enserio las preguntas ? Xd", "date": "2019-03-23 17:16:55"}, {"id_message": 55851220947, "message": "Alguno ha probado una rutina powerbuilding ?", "date": "2019-03-23 17:35:17"}, {"id_message": 54703988717, "message": "Natural de portugal jajajaja", "date": "2019-03-23 22:11:29"}, {"id_message": 28152008579, "message": "Hace unos a\u00f1os cuando peg\u00f3 el boom si que era un ej\u00e9rcito de explosivos", "date": "2019-03-24 13:19:28"}]