[{"id_message": 93094191187, "message": "Empec\u00e9 con Ana y Mia pero solo sigo como Ana", "date": "2022-04-16 01:25:06"}, {"id_message": 36544018451, "message": "creo q para volver a todo de Ana no est\u00e1 mal como meta 8 kilos adem\u00e1s estoy subida de peso t\u00e9cnicamente", "date": "2022-04-16 01:26:54"}, {"id_message": 52646926026, "message": "holiii lo \u00fanico q com\u00ed y ya son las 10:32 am es un yogur 1/2 vaso ( natural ) con cereales 1 cuchara . Ahora tengo m\u00e1s hambre pero no s\u00e9 q hacer", "date": "2022-04-20 15:33:44"}, {"id_message": 39077600607, "message": "es lo que hice totalmente , se me pas\u00f3 pero ahora voy a casa y cocino yo :(", "date": "2022-04-20 16:45:33"}, {"id_message": 40729921480, "message": "q onda las vitaminas no son malas ? O sea como q te suben de peso o algo as\u00ed ?", "date": "2022-04-20 22:56:31"}, {"id_message": 8951019677, "message": "y hacer ejercicio tipo recompensar con eso", "date": "2022-04-20 22:58:25"}, {"id_message": 75769687705, "message": "Trata de comer muy poco y recompensa con deporte o caminando", "date": "2022-04-20 22:58:43"}, {"id_message": 31808160763, "message": "Yo cuando estoy aburrida antes de ir me a dormir hago abdominales", "date": "2022-04-20 22:59:04"}, {"id_message": 51675072080, "message": "Y estiro corte una rutina para dormir pero eso ya es cosa mia", "date": "2022-04-20 22:59:38"}, {"id_message": 10742834623, "message": "si re , full fibra todo", "date": "2022-04-20 23:00:07"}, {"id_message": 21448954565, "message": "queso yo dir\u00eda q no o sea retiene liquidos", "date": "2022-04-20 23:01:07"}, {"id_message": 45087775588, "message": "En todo caso light", "date": "2022-04-20 23:01:17"}, {"id_message": 73199815000, "message": "proteina en carnes magras , sin grasa ni nada y con mucha verdura", "date": "2022-04-20 23:02:15"}, {"id_message": 69471617515, "message": "La carne se re tarda en digerir", "date": "2022-04-20 23:02:29"}, {"id_message": 19550111649, "message": "yo soy de Argentina", "date": "2022-04-20 23:03:00"}, {"id_message": 68684658577, "message": "uyy , no o sea te los debilita pero no es lo mismo jejeje", "date": "2022-04-22 04:50:27"}, {"id_message": 40867605756, "message": "yo te recomiendo corset , no los uso porque lo m\u00edos es grasa pero si lo tuyo es hueso eso a lo mejor si lo usas bastantes meses notes un cambio", "date": "2022-04-22 04:51:21"}, {"id_message": 32873520695, "message": "creo q sub\u00ed de peso", "date": "2022-05-19 02:15:33"}, {"id_message": 62589954082, "message": "o sea estuve muy modo no me importa nada y subi", "date": "2022-05-19 02:15:44"}, {"id_message": 10968459378, "message": "es q si como muy poco me caigo cuando entreno voley", "date": "2022-05-19 02:16:20"}, {"id_message": 98643986677, "message": "Yo pensaba q si", "date": "2022-05-19 02:33:53"}]