[{"id_message": 69895702964, "message": "A mi tambi\u00e9n me escribio : 00 Gracias por compartir", "date": "2021-11-12 15:24:20"}, {"id_message": 19671080158, "message": "Alguien me puede pasar el link de ese grupo ?", "date": "2022-03-03 18:24:54"}, {"id_message": 28572329116, "message": "Alguien me lo puede pasar por favor", "date": "2022-03-03 20:02:55"}, {"id_message": 25006561408, "message": "Denme ideas de cenas ligeras plis", "date": "2022-03-09 03:41:13"}, {"id_message": 8815188878, "message": "El de \" the voice \" si es activooo", "date": "2022-03-13 20:16:13"}, {"id_message": 43854990824, "message": "Desde hace un mont\u00f3n yo tambi\u00e9n estoy tratando de encontrarlo", "date": "2022-03-14 00:50:26"}, {"id_message": 93193450360, "message": "No lo s\u00e9 :( ( yo ya no lo encuentro", "date": "2022-03-15 23:07:31"}, {"id_message": 36744060690, "message": "Y me la eh pasado tratando de conseguir el link", "date": "2022-03-15 23:07:42"}, {"id_message": 19177202829, "message": "Pero nadie lo pasa", "date": "2022-03-15 23:07:46"}, {"id_message": 94048522644, "message": "Que opinan sobre hacer ayuno para bajar de peso", "date": "2022-03-16 03:54:31"}, {"id_message": 76887086607, "message": "Complementado con ejercicio y ya que este en lo \" ideal \" comer \" bien \" para ganar masa muscular ?", "date": "2022-03-16 03:55:00"}, {"id_message": 60437344407, "message": "X2 , me dice que expir\u00f3 :/", "date": "2022-03-18 06:46:34"}]