[{"id_message": 28454766654, "message": "Y una paguina donde ver los productos y muy economicos es en ... PONTE MAS FUERTE . COM ... la recomiendo venta por internet muy fiable y con showroorm en TERRASSA ( BARCELONA ) dale un vistazo", "date": "2018-05-19 16:09:04"}, {"id_message": 65792877466, "message": "Pero lo mejor de todo es una dieta equilibrada y ejercicio", "date": "2018-05-19 16:09:40"}, {"id_message": 51392823582, "message": "Yo tampoco solo que leo y me intereso", "date": "2018-05-19 16:12:44"}, {"id_message": 4102020175, "message": "Son suplementos para el rendimiento deportivo", "date": "2018-05-19 16:13:00"}, {"id_message": 49050142323, "message": "Un deportista con un objetivo necesita un aporte extra al cuerpo una ayuda un beneficio tanto para la recupercion como para el rendimiento todos ... todos ... todos ... usan esos tipos de aporte sino no podrian cumplir sus objetivos", "date": "2018-05-19 16:15:13"}, {"id_message": 5287431613, "message": "Y no estoy hablando de anabolizantes ni doping ni nada de esas cosas", "date": "2018-05-19 16:15:39"}, {"id_message": 64753933474, "message": "Ya lo digo bajo mi humilda opinion ...", "date": "2018-05-19 16:17:00"}, {"id_message": 21711621644, "message": "Espero no molestar a nadie con la explicacion", "date": "2018-05-19 16:17:29"}, {"id_message": 72957910921, "message": "\ud83d\ude18", "date": "2018-05-19 16:20:40"}, {"id_message": 10066338150, "message": "\ud83d\udc4d \ud83d\udc4d \ud83d\udc4d \ud83d\ude18 \ud83d\ude18 \ud83d\ude18", "date": "2018-05-19 18:28:10"}, {"id_message": 75612984688, "message": "Asi se alcanilizan con el limon ... \ud83d\ude02 \ud83d\ude02", "date": "2018-05-19 18:36:57"}, {"id_message": 8564906943, "message": "Te pone como una moto", "date": "2018-05-19 19:03:46"}, {"id_message": 38816137228, "message": "Sigue las indicaciones y empieza con 1 y vas subiendo sino te temblaran hasta las pesta\u00f1as", "date": "2018-05-19 19:04:29"}, {"id_message": 25181819169, "message": "Hace dos a\u00f1os mas o menos lo probe y bufff ... al principio es como el hidrox pero despues sigue el efecto", "date": "2018-05-19 19:05:20"}, {"id_message": 602509275, "message": "El hidrox .. el cuerpo se acostumbra y aunque haga te da la sensacion de que no te hace nada", "date": "2018-05-19 19:05:56"}, {"id_message": 34957574128, "message": "Necesitaras mas cardio ... \ud83d\udc4d", "date": "2018-05-19 19:06:27"}, {"id_message": 63267799819, "message": "P q sino te estaras duchando y te temblaran las patas", "date": "2018-05-19 19:06:43"}, {"id_message": 6811412901, "message": "Bueno ... una mierda segun ... es un estimulador", "date": "2018-05-19 19:07:58"}, {"id_message": 4584586340, "message": "No lo tomes 4 horas antes d dormir sino te costara", "date": "2018-05-19 19:09:21"}, {"id_message": 49573587973, "message": "Y parrcera q te has tomado 5 redbull", "date": "2018-05-19 19:09:38"}, {"id_message": 244432371, "message": "Julian quita la imagen del grupo y pon la espalda de jijeje ...", "date": "2018-05-22 10:05:37"}, {"id_message": 86392701659, "message": "Si q esta grande .. si", "date": "2018-05-22 10:06:51"}, {"id_message": 69646884205, "message": "Julian no creas q las marcas publicitarias dan para mucho conozco gente q les patrocinan y no dan mas de 200 euros y no todos los suplementos", "date": "2018-05-22 10:14:46"}, {"id_message": 96860802381, "message": "O sales en in Mr olimpia o quedas campeon del Arnold", "date": "2018-05-22 10:15:08"}, {"id_message": 44201322078, "message": "Para q alguna marca ye patrocine o salgas en revistas", "date": "2018-05-22 10:15:33"}, {"id_message": 29113733098, "message": "Algun reportage entrevista etc ...", "date": "2018-05-22 10:15:44"}, {"id_message": 93809088736, "message": "\ud83d\ude1a \ud83d\ude1a \ud83d\ude1a", "date": "2018-05-23 09:19:24"}, {"id_message": 91084415893, "message": "Que va julian ... de lo mas normal . No superando el monton tu si que eres un sexymen y Mj por supuesto", "date": "2018-05-23 10:45:57"}, {"id_message": 66054448937, "message": "Al final aquella chica que competia la psicologi .. no se ... que se sabe no dio se\u00f1ales de vida verdad ?", "date": "2018-05-23 10:47:47"}, {"id_message": 95866501261, "message": "Eso es por que estas haciendo bien el trabajo", "date": "2018-05-23 11:35:38"}, {"id_message": 14890053563, "message": "Lu eso es mucha dieta y mucho cardio ...", "date": "2018-05-23 12:23:06"}, {"id_message": 82994716260, "message": "Y cardio me refiero al areobico", "date": "2018-05-23 12:23:27"}, {"id_message": 82398361237, "message": "Si buscas quemar grasa es mas efectivo el periodo coro de tiempo e intenso es decir algo parecido al Hit no mas de 8 minutos", "date": "2018-05-23 12:32:02"}, {"id_message": 40060953756, "message": "A partir de mos 20 minutos a un ritmo semirapido empiezas a catabolizar pasandote de 135 0 140 p / m", "date": "2018-05-23 12:37:16"}, {"id_message": 13642803989, "message": "Hola Mj ... proteinas con l carnitina ? ? ?", "date": "2018-05-24 10:54:37"}, {"id_message": 34967201045, "message": "Es la 1 vez q lo escucho", "date": "2018-05-24 10:54:55"}, {"id_message": 44056190774, "message": "Son suplementos totalmente diferentes", "date": "2018-05-24 10:55:10"}, {"id_message": 72061802505, "message": "O proteina o lcarnitina por separado", "date": "2018-05-24 10:55:30"}, {"id_message": 25483568019, "message": "La l carnitina es como dice julian un quemador de grasa que hace que la grasa celular sea trasportada por la sangre y convertirla en energia", "date": "2018-05-24 10:56:08"}, {"id_message": 73267065218, "message": "Y la proteina son para q me entiendas los ladrillos de una casa pero muscular", "date": "2018-05-24 10:56:46"}, {"id_message": 80811916870, "message": "Con aminoacidos ramificados leucina valina etc ...", "date": "2018-05-24 10:57:11"}, {"id_message": 65120546125, "message": "Para sintetizar el musculo ...", "date": "2018-05-24 10:57:26"}, {"id_message": 20821897650, "message": "La proteina la puedes usar como suplemento alimenticio unos 30gr con 200 cl de leche de avena o agua como desayuno y luego unos 60 gr despues del entreno para la regeneracion muscular . Y la l carnitina 30 minutos antes de entrenar", "date": "2018-05-24 11:09:31"}, {"id_message": 70418775090, "message": "La puedes combinar sin problema", "date": "2018-05-24 11:10:05"}, {"id_message": 7699948489, "message": "Y si tomas 10 gr de glutamina durante el entreno mejor q mejor y 15 gr antes de irte a dormir para conservar musculo y evitar durante la noche la catabolalizacion ya que es un recuperador muscular para el dia siguiente estar a tope", "date": "2018-05-24 11:12:00"}, {"id_message": 57119569926, "message": "No .. pero me gusta leer", "date": "2018-05-24 11:26:02"}, {"id_message": 7842690817, "message": "Bueno ... es mas lenta y mas sana", "date": "2018-05-24 11:26:38"}, {"id_message": 7272626123, "message": "Madreeeeee ... pero que a pasado . Jijeje ... tu pasa y a lo tuyo que cada uno sabe lo suyo ... q mal rollo no ? ? ?", "date": "2018-05-27 18:01:35"}, {"id_message": 20193337920, "message": "El pique que habeis tenido", "date": "2018-05-27 18:26:42"}, {"id_message": 27339067587, "message": "Chic @ os dejo una temporada gracias por todo y no cambieis seguid igual ...", "date": "2018-06-05 09:14:28"}]