[{"id_message": 26717161647, "message": "Valdr\u00e1 la pena ? M\u00e1s que dejar de comer ? Es m\u00e1s r\u00e1pido el resultado ? Yo lo hac\u00eda a los 13 pero la \u00faltima vez casi me ahogaba y me di\u00f3 miedo y no volv\u00ed hacerlo", "date": "2022-05-08 07:28:13"}, {"id_message": 76429649820, "message": "Si , necesito ayuda con los atracones por favor , enserio quiero vomitar cada que pasa pero siento lastima por la comida o por quien me la da con cari\u00f1o , ayudenme", "date": "2022-05-08 07:41:42"}, {"id_message": 43903232837, "message": "Que son cosas f\u00e1ciles de masticar ? ?", "date": "2022-05-08 07:42:13"}, {"id_message": 83559418335, "message": "Pero con tu regalo entonces comes menos , no ?", "date": "2022-05-08 07:51:38"}, {"id_message": 51724220411, "message": "Est\u00e1 muy padre , la voy a seguir", "date": "2022-05-08 07:51:49"}, {"id_message": 41983673573, "message": "Ando medio dormida sorry", "date": "2022-05-08 08:07:42"}, {"id_message": 18760505782, "message": "Es que ya no quiero tener atracones , me siento tan mal", "date": "2022-05-08 19:21:18"}, {"id_message": 86297436106, "message": "Amigos ay\u00fadenme por favor , tuve un atraco otra vez", "date": "2022-05-09 06:13:52"}, {"id_message": 71635900192, "message": "Ya no quiero \ud83d\ude22", "date": "2022-05-09 06:14:00"}, {"id_message": 89849914447, "message": "Es m\u00e1s , ya no quiero comer nunca", "date": "2022-05-09 06:14:09"}, {"id_message": 60560827609, "message": "M\u00e1s que lo que llegue a necesitar para vivir", "date": "2022-05-09 06:14:19"}, {"id_message": 91515562084, "message": "Ahhhh te amooo supeeer , gracias \ud83d\udc97", "date": "2022-05-16 05:46:33"}]