[{"id_message": 60500165807, "message": "O sea , \u00bf qu\u00e9 haces ?", "date": "2018-10-10 13:02:39"}, {"id_message": 15141028324, "message": "S\u00ed , m\u00e1s o menos .", "date": "2018-10-10 13:05:20"}, {"id_message": 52976222093, "message": "Pues en piernas me he dado cuenta que tengo una recuperaci\u00f3n bastante r\u00e1pida , siento que un d\u00eda de descanso est\u00e1 muy bien , as\u00ed que he pensado que puedo realizar tres d\u00edas de piernas y no s\u00e9 si eso est\u00e1 mal . He hecho esto en esta semana que acaba de pasar en la que va en camino , Lunes full piernas y gl\u00fateos , mi\u00e9rcoles piernas y gl\u00fateos de una forma suave con abdominales y los viernes full piernas y gl\u00fateos dejando todo el fin de semana descanso para ese grupo muscular y volver el lunes . Para los d\u00edas martes , jueves y s\u00e1bado hago la parte superior , aunque los s\u00e1bados lo que m\u00e1s hago es c\u00e1rdio . La verdad he sentido que he avanzado , lo he notado .", "date": "2018-10-10 17:32:27"}, {"id_message": 12242575436, "message": "Para esta semana que viene voy a estructurar de una forma m\u00e1s s\u00f3lida la rutina que estoy haciendo porque la que me dieron en el gym no me gusta mucho .", "date": "2018-10-10 17:37:12"}, {"id_message": 22725056791, "message": "Adem\u00e1s de que siento que puedo ir a\u00f1adiendo m\u00e1s ejercicios o cambiando algunos por otros que sean m\u00e1s efectivos y estimuladores .", "date": "2018-10-10 17:44:00"}, {"id_message": 78598407716, "message": "Gracias . \ud83d\ude0b", "date": "2018-10-10 20:12:36"}, {"id_message": 37048995358, "message": "Aunque en diciembre espero tener algo bien , porque deseo usar un vestido hermoso .", "date": "2018-10-11 20:35:43"}, {"id_message": 63232107408, "message": "Tengo una duda . Quiz\u00e1s sea un poco tonta , pero quiero saber . \u00bf qu\u00e9 tanto tardan en que se recupere la parte superior ?", "date": "2018-10-12 21:49:08"}, {"id_message": 13466881534, "message": "Vale gracias . Pero no s\u00e9 he notado que para biceps y hombros tardo mucho en recuperarme , me cuesta demasiado ; en cambio triceps y espalda puedo hacer hasta dos veces por semana , com\u00fanmente realizo de 2 a 3 ejercicios por m\u00fasculo con series de 4 con 12 repeticiones , y mantengo un peso que considero bastante ligero ... No tomo ning\u00fan tipo de batidos , no se nada de eso la verdad", "date": "2018-10-12 23:14:11"}, {"id_message": 32599087315, "message": "Vale , vale . Gracias . En parte tienes mucha raz\u00f3n .", "date": "2018-10-14 23:31:25"}, {"id_message": 16681714389, "message": "Tengo una consulta , quiz\u00e1s un poco tonta . Pero \u00bf cu\u00e1l es la diferencia entre estos dos movimientos ? En lo personal veo que son iguales y trabajan los mismos m\u00fasculos , por otra parte el nombre no es el mismo . S\u00e9 que el squat tambi\u00e9n se puede trabajar llevando el femur hasta la horizontal y con mancuernas ... Una segunda duda es , en el que dice flexi\u00f3n de piernas , \u00bf puedo levantar las mancuernas a la altura de los hombros ? Y una tercera es respecto al squat , \u00bf es mejor hacerlo con mancuernas o barra ? \u00bf cu\u00e1l es la diferencia de uno y otro ?", "date": "2018-10-15 00:48:27"}, {"id_message": 19748498620, "message": "Me refiero a tenerlas desde el principio del movimiento como si hicieras biceps , es que mantengo m\u00e1s el equilibrio .", "date": "2018-10-15 00:58:14"}, {"id_message": 72573674924, "message": "O sea , que es casi igual que un squat", "date": "2018-10-15 01:05:34"}, {"id_message": 74836877924, "message": "Muy poco , adem\u00e1s es muy agotador hacerlo as\u00ed", "date": "2018-10-15 01:06:14"}, {"id_message": 87309162385, "message": "En realidad si me va mejor con la barra y levando 30 kg", "date": "2018-10-15 01:06:44"}, {"id_message": 77250369160, "message": "Quer\u00eda comprender la diferencia entre uno y otro", "date": "2018-10-15 01:06:56"}, {"id_message": 7551868374, "message": "Gracias , la verdad es que soy nueva", "date": "2018-10-15 01:11:46"}, {"id_message": 83796968978, "message": "La primera vez que fui a un gym tuve na experiencia totalmente horrible y no quiero que eso pase otra vez xD", "date": "2018-10-15 01:12:19"}, {"id_message": 35731030883, "message": "En el que voy no hay nadie que me ense\u00f1e , pero no tengo c\u00f3mo hacer los ejercicios en casa , adem\u00e1s de que los otros gym estan muy lejos", "date": "2018-10-15 01:15:00"}, {"id_message": 53171103614, "message": "Estoy usando esa gu\u00eda porque ayuda mucho , y explica los movimientos , llevo tres d\u00edas pasandola y nada que llegaba el internet ; acaba de llegar y espero esta vez cargue", "date": "2018-10-15 01:26:10"}, {"id_message": 25156646494, "message": "Tienes raz\u00f3n , es muy bueno", "date": "2018-10-15 01:29:31"}, {"id_message": 5438302497, "message": "As\u00ed es que se hace", "date": "2018-10-15 01:29:34"}, {"id_message": 85522035490, "message": "Por los momentos me siento bastante bien con esta rutina , y me siento bastante motivada , adem\u00e1s de que he sentido los cambios fisicamente", "date": "2018-10-15 01:41:09"}, {"id_message": 22143890244, "message": "Descansa y que tengas un excelente d\u00eda", "date": "2018-10-15 01:48:00"}, {"id_message": 99193387002, "message": "Apenas son las 7 de la noches xD", "date": "2018-10-15 01:59:06"}, {"id_message": 55816042158, "message": "Me encant\u00f3 , luego te respondo bien", "date": "2018-10-16 15:04:46"}, {"id_message": 95245794748, "message": "@USER gracias por los consejos . Entend\u00ed bastante bien lo que me has explicado . Muchas gracias .", "date": "2018-10-16 17:56:57"}, {"id_message": 21706596671, "message": "@USER una duda y disculpame la molestia . Los d\u00edas de piernas termino con dolores en las rotulas . No son fuerte , pero si molestos , a veces en la rotula derecha me dura hasta varios d\u00edas el dolor . \u00bf qu\u00e9 crees que pueda ser ?", "date": "2018-10-16 17:58:43"}, {"id_message": 71837557561, "message": "Gran punto , me voy a poner a buscar esto en internet para ver los ejercicios para los tipos de calentamientos que mencionas .", "date": "2018-10-16 19:58:14"}, {"id_message": 18534030732, "message": "Lo har\u00e9 , he de tener dos d\u00edas de piernas a la semana , el siguiente es el jueves , as\u00ed que te comentar\u00e9 como me va ese d\u00eda luego de los ejercicios .", "date": "2018-10-16 20:03:04"}, {"id_message": 47804591760, "message": "\u00bf todos son de Espa\u00f1a ?", "date": "2018-10-16 20:39:11"}, {"id_message": 89161718005, "message": "\u00bf qu\u00e9 deporte practicas ?", "date": "2018-10-16 20:39:59"}, {"id_message": 11352716370, "message": "Yo de Venezuela \ud83d\ude0b", "date": "2018-10-16 20:40:34"}, {"id_message": 96999814887, "message": "Todo es bastante malo , me quiero ir de ac\u00e1 pero no puedo y trato de llevar todo de forma positiva .", "date": "2018-10-16 22:34:02"}, {"id_message": 36138208820, "message": "Me pasa . Pero en el gym al que voy ponen m\u00fasica y aunque use audifonos , puedo escucharla , la verdad es que ponen m\u00fasica horrible . Hoy al fin pusieron m\u00fasica que me gusta y fue un genial d\u00eda de piernas .", "date": "2018-10-16 22:35:14"}, {"id_message": 6499713040, "message": "\u00bf te cont\u00f3 la realidad ? La verdad es fuerte , y yo quiero ser fitness ... as\u00ed que imaginate .", "date": "2018-10-16 23:32:06"}, {"id_message": 44292590124, "message": "Adem\u00e1s de que soy 70 % ectoformo y el resto mesoformo . Debo comer bastante .", "date": "2018-10-16 23:32:59"}, {"id_message": 27186572585, "message": "Correcto , ahora es peor .", "date": "2018-10-16 23:36:09"}, {"id_message": 57639626671, "message": "Muchas gracias , la verdad es que s\u00ed hago lo mejor que puedo y doy lo mejor de mi .", "date": "2018-10-16 23:42:13"}, {"id_message": 97818474133, "message": "Gracias @USER \ud83d\ude18 \ud83d\ude18", "date": "2018-10-16 23:43:23"}, {"id_message": 17482498593, "message": "@USER sabes mucho , hombre .", "date": "2018-10-17 03:37:04"}, {"id_message": 14731032901, "message": "@USER soy ectoformo en un 70 % y mesoformo en un 30 % , \u00bf c\u00f3mo hago para obtener resistencia f\u00edsica sin tener que realizar tanto cardio ?", "date": "2018-10-17 03:38:09"}, {"id_message": 96302283538, "message": "\u00bf qu\u00e9 es el bodypum ?", "date": "2018-10-17 04:10:15"}, {"id_message": 93447607108, "message": "No s\u00e9 si aqu\u00ed haya alguien que imparta eso .", "date": "2018-10-17 04:43:32"}, {"id_message": 6751005738, "message": "Bueno con lo de la situaci\u00f3n , ah\u00ed voy . Lo \u00fanico que puedo hacer es ser firme .", "date": "2018-10-17 13:35:09"}, {"id_message": 83569880770, "message": "\ud83d\ude02 \ud83d\ude02 \ud83d\ude02 Te apoyo , yo solo quiero ser fitness , tener hermosas curvas y sentirme bien con mi cuerpo .", "date": "2018-10-17 14:35:41"}, {"id_message": 88355662373, "message": "Muchas gracias , Julian , eso que dices es lo que hago .", "date": "2018-10-17 14:36:05"}, {"id_message": 8394251977, "message": "@USER Bienvenido , si que se aprende , te lo digo yo que tambi\u00e9n soy nueva en el gym y todo esto .", "date": "2018-10-18 19:19:32"}, {"id_message": 84086332408, "message": "Depende de la edad y altura , adem\u00e1s de si es en grasa o en m\u00fasculo .", "date": "2018-10-18 21:31:41"}, {"id_message": 51909611837, "message": "Yo apenas tengo tiempo para comer .", "date": "2018-10-25 18:11:52"}]