[{"id_message": 26668696155, "message": "hola ! Podr\u00edan compartir alg\u00fan grupo de Ana y mia ? O alguna de las dos . Porque estaba en muchos pero estoy en una reca\u00edda y bueno , quiero volver", "date": "2022-03-28 23:16:09"}, {"id_message": 61702321402, "message": "Lo pueden mandar otra vez porfa ? Ya expir\u00f3", "date": "2022-03-28 23:16:57"}, {"id_message": 95371657152, "message": "Pueden mandar otra vez el enlace ? Ya expir\u00f3", "date": "2022-03-28 23:20:06"}, {"id_message": 44882188078, "message": "Me llamo elena Tengo 13 a\u00f1os Ana y mia Peso 48kg Mido 1,65 Hace 1 a\u00f1o y medio que estoy en esto , estuve mejorando pero tuve una reca\u00edda y ac\u00e1 me tienen", "date": "2022-03-28 23:24:17"}, {"id_message": 85189129869, "message": "Cuando estaba a 2 kilos de lograrlo empec\u00e9 a ir al psiquiatra y a recuperarme y nunca lo logr\u00e9", "date": "2022-03-28 23:30:45"}, {"id_message": 95858877488, "message": "Estoy segura de que voy a lograrlo esta vez", "date": "2022-03-28 23:30:56"}, {"id_message": 89259235462, "message": "Entreno 6 d\u00edas a la semana 4 horas por d\u00eda", "date": "2022-03-28 23:31:13"}, {"id_message": 43361569434, "message": "Como 100kcals por d\u00eda", "date": "2022-03-28 23:31:39"}, {"id_message": 78361778859, "message": "hola chicas , aparezco despu\u00e9s de un muy largo tiempo de estar inactiva", "date": "2022-05-05 03:22:55"}, {"id_message": 748591892, "message": "hace 1 mes comenc\u00e9 a entrenar", "date": "2022-05-05 03:23:06"}, {"id_message": 78828725941, "message": "De hacer ejercicio 1 hora por semana pas\u00e9 a hacer casi 10", "date": "2022-05-05 03:23:35"}, {"id_message": 51981979811, "message": "Baj\u00e9 mucho de peso", "date": "2022-05-05 03:23:40"}, {"id_message": 58797337484, "message": "Y me di cuenta de que no quiero seguir con esto", "date": "2022-05-05 03:23:52"}, {"id_message": 44358765527, "message": "Y sobre todo , ser feliz", "date": "2022-05-05 03:24:26"}, {"id_message": 59484895507, "message": "As\u00ed que me voy", "date": "2022-05-05 03:24:30"}, {"id_message": 88588518096, "message": "Les deseo todo lo mejor", "date": "2022-05-05 03:24:34"}, {"id_message": 59194855801, "message": "Voy a comenzar a recuperarme", "date": "2022-05-05 03:24:44"}, {"id_message": 73697114152, "message": "S\u00e9 que es muy dif\u00edcil , pero conf\u00edo en m\u00ed", "date": "2022-05-05 03:24:56"}, {"id_message": 18776291850, "message": "Y tengo un gran grupo de apoyo", "date": "2022-05-05 03:25:04"}, {"id_message": 60398509685, "message": "Ojal\u00e1 puedan superar esta enfermedad a tiempo , y no logre arruinar su vida", "date": "2022-05-05 03:25:26"}, {"id_message": 59847821506, "message": "Hasta nunca ( o eso espero )", "date": "2022-05-05 03:25:41"}]