[{"id_message": 46926713535, "message": "Holaaaaa soy Paula \u2764 \ufe0f Ana o m\u00eda : m\u00eda Peso actual : 48 Meta : 38-40 Edad : 17", "date": "2022-04-16 23:29:34"}, {"id_message": 16830971021, "message": "Desde ma\u00f1ana solo comer\u00e9 una comida al d\u00eda y eso por qu\u00e9 me obligan litt", "date": "2022-04-18 02:51:33"}, {"id_message": 85268818758, "message": "Y el resto del d\u00eda agua mucha agua y chicles", "date": "2022-04-18 02:51:50"}, {"id_message": 57478017367, "message": "He escuchado que el agua con lim\u00f3n ayuda a bajar de peso . Saben si eso es verdad ?", "date": "2022-04-18 02:54:03"}, {"id_message": 48274499993, "message": "Si alguna sabe de ideas para quitar esos asquerosos gordos me cuentan", "date": "2022-04-18 02:57:45"}, {"id_message": 57057053909, "message": "Saben de un grupo de Ana y mia pero por Whatsapp ?", "date": "2022-04-18 02:58:34"}, {"id_message": 84792364505, "message": "Funciona ponerse un cord\u00f3n en la cintura para darle forma ?", "date": "2022-04-18 04:33:42"}, {"id_message": 64920251223, "message": "Ustedes se castigan cuando comen mucho ?", "date": "2022-04-18 19:25:25"}, {"id_message": 95204529503, "message": "Yo ayer lo hice y ahora me ando escondiendo para que no me vean las cortadas", "date": "2022-04-18 19:25:56"}, {"id_message": 10601040738, "message": "Esto lo hice anoche", "date": "2022-04-18 19:29:50"}, {"id_message": 99606338293, "message": "Por qu\u00e9 borraron la foto ?", "date": "2022-04-18 19:32:38"}]