[{"id_message": 67227102755, "message": "Ana Peso actual : 56 kilos Meta : 46 Edad : 21", "date": "2022-05-25 06:29:05"}, {"id_message": 96528370968, "message": "Si tenes atracones lo mejor es vomitar", "date": "2022-05-25 06:34:09"}, {"id_message": 93083502578, "message": "As\u00ed eliminas todas las calor\u00edas que ingeriste", "date": "2022-05-25 06:34:28"}, {"id_message": 75384449196, "message": "Puede que despu\u00e9s de vomitar te sientas un poco rara obtener duela la cabeza", "date": "2022-05-25 06:34:57"}, {"id_message": 96897618577, "message": "Lo mejor es tomar agua", "date": "2022-05-25 06:35:04"}, {"id_message": 21755187304, "message": "Lo mejor ser\u00eda vomitar despu\u00e9s del atrac\u00f3n", "date": "2022-05-25 07:15:20"}, {"id_message": 37430908310, "message": "Pero no dejes que pase m\u00e1s de media hora sino el cuerpo va absorbiendo las kcal", "date": "2022-05-25 07:15:54"}, {"id_message": 74693813823, "message": "Fumar cigarrillo evita los atracones en muchos casos", "date": "2022-05-25 07:16:49"}, {"id_message": 59041564316, "message": "Esta bueno porque te saca el hambre tmb", "date": "2022-05-25 07:17:04"}, {"id_message": 40608391577, "message": "Vomitando te hace mal la garganta", "date": "2022-05-25 07:17:47"}, {"id_message": 38797066770, "message": "Ami todo lo contrario", "date": "2022-05-25 07:18:04"}, {"id_message": 52015304302, "message": "Cuando tengo hambre fumo y se me pasa", "date": "2022-05-25 07:18:17"}, {"id_message": 1698191761, "message": "O muchas veces siento que tengo hambre y fumo y me doy cuenta de que no", "date": "2022-05-25 07:18:40"}, {"id_message": 24403684792, "message": "Yo cuando vomito hago mucha fuerza y despu\u00e9s me duele el abdomen", "date": "2022-05-25 07:19:19"}, {"id_message": 5715650738, "message": "Adem\u00e1s da\u00f1a el estomago", "date": "2022-05-25 07:19:32"}, {"id_message": 68087996511, "message": "Esta bueno eso tmb", "date": "2022-05-25 07:20:03"}, {"id_message": 17886198107, "message": "Lo \u00fanico malo del cigarrillo es que cuando no comes te marea", "date": "2022-05-25 07:21:04"}, {"id_message": 51617737140, "message": "Hacer atracones con helado es una buena opcion", "date": "2022-05-25 07:21:46"}, {"id_message": 42011454388, "message": "Porque es m\u00e1s f\u00e1cil de vomitar que otros alimentos", "date": "2022-05-25 07:21:59"}, {"id_message": 67783288531, "message": "Cuantas calor\u00edas ingieren por d\u00eda ?", "date": "2022-05-25 07:23:39"}, {"id_message": 31063652438, "message": "Yo quiero que se me noten los huesos", "date": "2022-05-25 07:26:10"}, {"id_message": 70156099491, "message": "Antes cuando pesaba mucho m\u00e1s no se me notaban", "date": "2022-05-25 07:26:23"}, {"id_message": 23632106123, "message": "Ahora se me notan", "date": "2022-05-25 07:26:30"}, {"id_message": 76901275802, "message": "Pero no lo suficiente", "date": "2022-05-25 07:26:35"}, {"id_message": 77898414328, "message": "Para mi queda re lindo que se noten", "date": "2022-05-25 07:26:50"}, {"id_message": 13741211925, "message": "Ami se me notan las clav\u00edcula y las costillas", "date": "2022-05-25 07:28:05"}, {"id_message": 74906887215, "message": "Y quiero q se me noten las costillas de la espalda", "date": "2022-05-25 07:28:25"}, {"id_message": 71018828890, "message": "Quiero que se me note asi", "date": "2022-05-25 07:30:32"}, {"id_message": 13087358187, "message": "Y voy a ser feliz ajjajajs", "date": "2022-05-25 07:30:40"}]