[{"id_message": 84438174004, "message": "Me llamo Artemisa y me han diagnosticado BN", "date": "2022-05-23 23:10:37"}, {"id_message": 75078986196, "message": "Tengo ganas de vomitar pero estoy con una amiga que sabe que tengo bulimia y est\u00e1 pendiente de mi", "date": "2022-05-23 23:20:22"}, {"id_message": 75630874351, "message": "He intentado vomitar pero no me sale", "date": "2022-05-23 23:32:16"}, {"id_message": 95256636300, "message": "Alguien me da alg\u00fan consejo ?", "date": "2022-05-23 23:32:22"}, {"id_message": 92986780494, "message": "Porque yo me doy atracones de manera horrible", "date": "2022-05-23 23:52:21"}, {"id_message": 76961949361, "message": "Y en menos de un mes he engordado m\u00e1s de 5 kg", "date": "2022-05-23 23:52:32"}, {"id_message": 72969018744, "message": "Ya me han diagnosticado", "date": "2022-05-23 23:52:36"}, {"id_message": 18249921742, "message": "Y a\u00fan as\u00ed no me dicen c\u00f3mo puedo mejorar", "date": "2022-05-23 23:52:49"}, {"id_message": 36139268409, "message": "Una pregunta por favor", "date": "2022-05-24 18:55:23"}, {"id_message": 3830498157, "message": "Alguien de aqu\u00ed vomita ?", "date": "2022-05-24 18:55:30"}, {"id_message": 68739298216, "message": "Yo lo intento y no me sale", "date": "2022-05-24 18:58:24"}, {"id_message": 14682764305, "message": "Arriba y abajo como ? ?", "date": "2022-05-24 18:59:20"}, {"id_message": 62849670224, "message": "Hay alg\u00fan truco m\u00e1s para vomitar ?", "date": "2022-05-24 19:00:46"}, {"id_message": 63433083848, "message": "Yo estoy muy gorda", "date": "2022-05-24 19:00:57"}, {"id_message": 85730022412, "message": "Peso 85kg 1,56 m 20 a\u00f1os", "date": "2022-05-24 19:23:07"}, {"id_message": 55059182692, "message": "Es m\u00e1s f\u00e1cil vomitar si bebo mucho ?", "date": "2022-05-24 19:39:33"}, {"id_message": 22447842208, "message": "Muchas gracias por sus consejos", "date": "2022-05-24 20:17:28"}, {"id_message": 42405505478, "message": "Llevo muchos d\u00edas con muchos atracones y la verdad es que ahora no tengo nada de hambre", "date": "2022-05-24 20:17:49"}, {"id_message": 93735417231, "message": "Gracias por el consejo", "date": "2022-05-24 21:29:44"}, {"id_message": 2626911007, "message": "Lo he conseguido por fin", "date": "2022-05-24 21:29:44"}]