[{"id_message": 80213202673, "message": "Si los dejas puedes tener estre\u00f1imiento y es peor", "date": "2022-05-02 11:44:20"}, {"id_message": 61652795333, "message": "Que Programas para las kcal us\u00e1is ?", "date": "2022-05-02 15:09:23"}, {"id_message": 67442295285, "message": "Deporte y dejar los precocinados lo primero", "date": "2022-05-02 20:24:02"}, {"id_message": 96524696011, "message": "Las app sirven para ver por d\u00f3nde te pasas y tomar consciencia de que alimentos limitar para que el d\u00eda no pase de x kcals", "date": "2022-05-02 20:37:18"}, {"id_message": 8351876498, "message": "Si pasas de kcals que sean alimentos sanos", "date": "2022-05-02 20:37:36"}, {"id_message": 86523923154, "message": "Cualquiera q cuente calor\u00edas sirve", "date": "2022-05-02 21:43:11"}, {"id_message": 82742020629, "message": "Ap\u00fantate a planes , sal de casa , Come alimentos bajos en kcals y as\u00ed no te sentir\u00e1s tan mal", "date": "2022-05-03 20:20:06"}, {"id_message": 63608710491, "message": "Eso no engorda Ruik", "date": "2022-05-04 19:20:42"}, {"id_message": 89934719697, "message": "No eres un asco por eso", "date": "2022-05-04 19:20:53"}, {"id_message": 71103492218, "message": "Lo importante es mantener una rutina de bajas kcals", "date": "2022-05-04 19:26:48"}, {"id_message": 78510620159, "message": "Pues antes de coger dulces coge otra cosa no sirve de nada no controlar", "date": "2022-05-04 22:37:05"}, {"id_message": 1160692967, "message": "Si consigues reducir cantidades poco a poco el cuerpo se adapta", "date": "2022-05-04 22:37:39"}, {"id_message": 36510937759, "message": "Uff pero nada de pecho ?", "date": "2022-05-06 21:03:16"}]