[{"id_message": 20201933048, "message": "Pero ando desmotivadillo para seguir en ello", "date": "2018-07-23 11:12:57"}, {"id_message": 29508265256, "message": "Y por eso me met\u00ed aqu\u00ed jejeje", "date": "2018-07-23 11:13:04"}, {"id_message": 14138625452, "message": "A ver si es verdad", "date": "2018-07-23 11:17:47"}, {"id_message": 3136459405, "message": "Cre\u00ed que esto iba a ser otra cosa", "date": "2018-07-23 11:32:26"}, {"id_message": 2723023342, "message": "Simplemente digo que pensaba que era otra cosa", "date": "2018-07-23 11:34:10"}, {"id_message": 98677209916, "message": "Tambi\u00e9n buscaba precisamente en este momento charla", "date": "2018-07-23 11:35:40"}, {"id_message": 34619948486, "message": "Y que tiene que ver eso con estar aqu\u00ed", "date": "2018-07-23 11:43:11"}, {"id_message": 4040735637, "message": "Bueno hay tiempo para todo", "date": "2018-07-23 11:43:37"}, {"id_message": 65393036454, "message": "Y el dinero no lo da todo", "date": "2018-07-23 11:43:47"}, {"id_message": 26757065587, "message": "Y gracias aunque sea por intercambiar unas palabras", "date": "2018-07-23 11:56:19"}, {"id_message": 31941076205, "message": "Suerte y gracias a todos", "date": "2018-07-23 11:56:24"}]