[{"id_message": 6329781312, "message": "Buen dia cabrones \ud83d\udd25", "date": "2018-08-07 12:13:04"}, {"id_message": 36185917178, "message": "Y como que el nuevo canal , no es el mismo men ?", "date": "2018-08-07 23:18:58"}, {"id_message": 2969809851, "message": "Vi que hay mas gente o algo asi", "date": "2018-08-07 23:19:10"}, {"id_message": 22224101456, "message": "Oye estoy pensando ya en ir haciendo una apuesta", "date": "2018-08-07 23:19:32"}, {"id_message": 75487637495, "message": "Hace tanto que no hago , que entendia verga tambien . Y acabab\u00e1 jugando hasta a los galgos ... Pa perder na mas xD", "date": "2018-08-07 23:20:20"}, {"id_message": 23054010649, "message": "Conmigo se pelea ? \ud83d\ude33 Le arranco lo mas valioso que tiene si hace eso \ud83e\udd2a", "date": "2018-08-09 15:49:06"}, {"id_message": 7405289413, "message": "Eres nueva ? Tas uena ... \ud83d\ude12", "date": "2018-08-09 15:49:48"}, {"id_message": 10461432739, "message": "Pero valioso seehh \ud83d\ude0f", "date": "2018-08-09 15:54:02"}, {"id_message": 70699040452, "message": "Claro que si bicht", "date": "2018-08-09 15:56:07"}, {"id_message": 38139267841, "message": "Cual eran los otros 2 canales q tienes", "date": "2018-08-09 15:57:25"}, {"id_message": 46014859241, "message": "Yo tambien seria ese tipo que siempre pierde", "date": "2018-08-09 15:59:52"}, {"id_message": 18620646134, "message": "Ya te dire mi primera apuesta . Pero la hare en fisico men", "date": "2018-08-09 16:00:32"}, {"id_message": 72452602488, "message": "No sabria decirte ahora men", "date": "2018-08-09 16:04:14"}, {"id_message": 33394010712, "message": "Pero la facilidad de cortar las apuestas que te dan online no las tienes en fisico", "date": "2018-08-09 16:05:13"}, {"id_message": 18258111105, "message": "Loco , ese no soy yooo xD yo no tengo nick", "date": "2018-08-10 09:05:24"}, {"id_message": 69210797093, "message": "Por cierto bueno dias a todos !", "date": "2018-08-10 09:06:55"}, {"id_message": 19928736814, "message": "Perdon tips , no estaba atento a esto ...", "date": "2018-08-10 09:07:38"}, {"id_message": 46387930396, "message": "Tengo fiesta pa daros \ud83d\ude0f", "date": "2018-08-15 18:52:39"}, {"id_message": 53475477581, "message": "Voy a escharle un vistazo bro", "date": "2018-08-15 18:54:11"}, {"id_message": 51174579946, "message": "Rexien me meti a telegram", "date": "2018-08-15 18:54:21"}, {"id_message": 4711201698, "message": "Como que eres el 1", "date": "2018-08-15 18:54:36"}, {"id_message": 49478269371, "message": "Ostiass men , me alegra un monton", "date": "2018-08-15 18:55:56"}, {"id_message": 86331984097, "message": "Si vas por encima siii , grande \ud83d\udd25", "date": "2018-08-15 18:56:48"}, {"id_message": 22587858092, "message": "Sigue dandole duro , enseguida tu canal esta en los 1k", "date": "2018-08-15 18:57:27"}, {"id_message": 13572027646, "message": "Valeee , lo tengo en cuanta loquito", "date": "2018-08-15 18:58:06"}, {"id_message": 95355435558, "message": "Oye si eh , estas subiendo muy rapido", "date": "2018-08-15 18:58:16"}, {"id_message": 43325670240, "message": "Nada mas te recomienden mas ... Estas en el top !", "date": "2018-08-15 18:58:35"}, {"id_message": 79649721178, "message": "Es verdad , yo no soy ese . Que quede claro xD", "date": "2018-08-15 19:02:49"}, {"id_message": 64340196188, "message": "Pero si esto es una canal de deporte . Las apuestas son deporte xD", "date": "2018-08-15 19:03:46"}, {"id_message": 16438017102, "message": "Obvio \ud83d\ude33", "date": "2018-08-15 19:04:53"}, {"id_message": 83330266814, "message": "La lu esta esta flipada", "date": "2018-08-15 19:05:07"}, {"id_message": 53595974797, "message": "Como que ... Y cuando vas a cobrar la apuesta que ?", "date": "2018-08-15 19:05:53"}, {"id_message": 96923239860, "message": "Ahora diras que mi musicon tampoco es cardio", "date": "2018-08-15 19:07:41"}, {"id_message": 27989601473, "message": "Me encanta en fireeeee", "date": "2018-08-15 19:09:03"}, {"id_message": 15400054149, "message": "Vale , en chicas desnudas \ud83d\ude12", "date": "2018-08-15 19:10:11"}, {"id_message": 15358395875, "message": "Siii , aun sigo enamorado \ud83e\udd2a", "date": "2018-08-15 19:10:35"}, {"id_message": 3620723909, "message": "Jajaja tips es un bestia ...", "date": "2018-08-15 19:11:59"}, {"id_message": 42361369070, "message": "Un leon \ud83d\udd25", "date": "2018-08-16 15:35:27"}, {"id_message": 84413518016, "message": "Jajaj ya te iba a decir gitano", "date": "2018-08-16 15:37:20"}, {"id_message": 94837824228, "message": "Pero te lo has dicho tu", "date": "2018-08-16 15:37:26"}, {"id_message": 60047860555, "message": "Igual \ud83e\udd1f", "date": "2018-08-17 00:42:52"}, {"id_message": 23895169137, "message": "Yo tu relevo bro , te dare un gancho para que te pongas firme xD", "date": "2018-08-17 00:43:39"}, {"id_message": 2129863327, "message": "Buen dia amores \u2600 \ufe0f", "date": "2018-08-17 08:06:51"}, {"id_message": 80086120357, "message": "Tienes 12k en la cuenta ? \ud83d\ude48", "date": "2018-08-17 17:01:50"}, {"id_message": 8198270996, "message": "Este canal ya se deberia llamar apuesta por la bestia \ud83d\udd25", "date": "2018-08-17 17:03:07"}, {"id_message": 21071691703, "message": "Lo creamos tips ? XD", "date": "2018-08-17 17:03:37"}, {"id_message": 84138945192, "message": "Joder tio ... \ud83e\udd2a", "date": "2018-08-18 14:44:59"}, {"id_message": 64956349164, "message": "La verdad kimbo estas fuertote jejej", "date": "2018-08-21 15:13:41"}, {"id_message": 26710811563, "message": "\ud83d\udc4c", "date": "2018-08-21 15:14:01"}, {"id_message": 98947391167, "message": "Buenas noches guapis ! \u2728", "date": "2018-08-24 23:44:16"}]