[{"id_message": 43769607258, "message": "\ud83d\udc4d \ud83d\udc4d \ud83d\ude1c", "date": "2022-10-23 11:35:53"}, {"id_message": 48155498881, "message": "D\u00edselo a un maratoniano ...", "date": "2022-11-01 13:54:12"}, {"id_message": 66984205723, "message": "S\u00f3lo por esa puta payasada ya lo acabo de dar a dejar de seguir . Luego va y se mete m\u00e1s mierda que un caballo de carreras", "date": "2022-11-01 16:07:45"}, {"id_message": 22205387319, "message": "Oye , una cosa , c\u00f3mo veis los cursos de Fivestars , y que la Federaci\u00f3n los promocione ?", "date": "2022-11-05 20:54:50"}, {"id_message": 96326898543, "message": "Es garant\u00eda de \u00e9xito o simplemente huntan ?", "date": "2022-11-05 20:55:04"}, {"id_message": 11897398746, "message": "Se ve un poco raro no", "date": "2022-11-20 13:55:09"}, {"id_message": 86534525304, "message": "Sales de cena con ellos ?", "date": "2022-11-20 13:58:45"}, {"id_message": 84249820811, "message": "Entonces ha sido gratis si te han ayudado mucho", "date": "2022-11-20 13:59:43"}, {"id_message": 23660887980, "message": "Pero gratis no ? Por eso te ayudan mucho", "date": "2022-11-20 14:00:35"}, {"id_message": 71136939976, "message": "Porque si es pagado simplemente has comprado un producto que te ha dado lo que buscabas , te ha ayudado a que no duela tanto invertir el dinero", "date": "2022-11-20 14:01:49"}, {"id_message": 32513015910, "message": "+ 1 , seguro que ayudan tanto que han quitado el hambre en el tercer mundo , gratis", "date": "2022-11-20 14:02:43"}, {"id_message": 86473136689, "message": "Es que es de co\u00f1a , utilizar espacio y llenar un grupo para decir que alguien gran persona y que lo ha ayudado", "date": "2022-11-20 14:03:20"}, {"id_message": 21783027473, "message": "Si es gratis te ayuda , si pagas te vende", "date": "2022-11-20 14:03:36"}, {"id_message": 37438484756, "message": "Cambiando de tema , esa es la putada , lo de las enfermedades all\u00ed la verdad . Es una pena . Y aqu\u00ed a\u00fan nos quejamos", "date": "2022-11-20 14:06:08"}, {"id_message": 97870165432, "message": "Si cada uno de nosotros ponemos en el grupo quien nos ha ayudado y es gran persona , habr\u00eda 1000 mensajes vac\u00edos cada d\u00eda", "date": "2022-11-20 14:06:54"}, {"id_message": 2442305273, "message": "Otro gran amigo que me ha ayudado en mi progreso", "date": "2022-11-20 14:54:00"}, {"id_message": 79958921198, "message": "Y su mujer , grandes personas", "date": "2022-11-20 14:54:23"}, {"id_message": 23819663712, "message": "No s\u00e9 si es m\u00e1s . co\u00f1a promocionar aqu\u00ed a alguien , o decir que alguien es gran persona", "date": "2022-11-20 14:56:16"}, {"id_message": 29503507004, "message": "Arnold ha hecho mucho por el culturismo , me ha ayudado mucho , y es una gran persona . He convivido con \u00e9l durante a\u00f1os en un piso de estudiantes jajajajajjajaj", "date": "2022-11-20 14:57:07"}, {"id_message": 33986230169, "message": "Bueno , a ver si nos explica el colega los par\u00e1metros para ver c\u00f3mo se mide el tema \" grandes personas \"", "date": "2022-11-20 15:06:34"}, {"id_message": 84642543500, "message": "Y su mujer . Grandes personas . Igual lo que falla es la definici\u00f3n de cu\u00e1ndo poder llamar a alguien gran persona o simplemente interesante . La gente se conforma con nada", "date": "2022-11-20 15:43:02"}, {"id_message": 90365029598, "message": "Un buen d\u00eda de borrachera te comes hasta las de Coleman", "date": "2022-11-20 15:43:35"}, {"id_message": 6652774768, "message": "Entre lo de ayer y lo de hoy se est\u00e1 coronando el menda jajajaa", "date": "2022-11-21 12:05:11"}, {"id_message": 82254517744, "message": "Cuando la aniquilaci\u00f3n es la soluci\u00f3m", "date": "2022-11-21 20:07:53"}, {"id_message": 31520310984, "message": "Como dir\u00eda alg\u00fan ilustrado , gran persona", "date": "2022-11-21 20:08:49"}, {"id_message": 85993753997, "message": "Despu\u00e9s de algun audio de carceles y dietas , alucino", "date": "2022-11-25 21:25:13"}, {"id_message": 31173004255, "message": "Cualquier alba\u00f1il sin dieta te puede dar mil vueltas levantando peso en seg\u00fan qu\u00e9 ejercicio", "date": "2022-11-25 21:25:41"}, {"id_message": 93579961912, "message": "Pues entre Prozis y MyProtein vaya diferencia", "date": "2022-11-27 14:59:35"}, {"id_message": 89762271834, "message": "Ahora mismo lo m\u00e1s \" normal \" relaci\u00f3n calidad precio promociones sin ir a afinar al mil\u00edmetro yo creo que ser\u00eda Hsn", "date": "2022-11-27 16:05:59"}, {"id_message": 58152399999, "message": "Porque la suela agarra muy bien tambi\u00e9n", "date": "2022-11-29 07:30:17"}, {"id_message": 45111389527, "message": "Es mujer ? Es hombre ? , Es mujombre ? Es homjer ?", "date": "2022-12-04 15:36:57"}, {"id_message": 22395494734, "message": "Lunse refer\u00eda a aportar cosas l\u00f3gicas , comentarios o experiencias personales , hacer cortapegas para justificarte tan pronto te lo dicen como que huele . Ahora adem\u00e1s de vendernos tu corcho motivacional del caralibro s\u00f3lo por el ego de decir que es tu p\u00e1gina , a ver si tambi\u00e9n nos vas a dar una eucarist\u00eda", "date": "2022-12-04 20:03:23"}, {"id_message": 7087923775, "message": "Es inviable a no ser que s\u00f3lo te dediques a eso o puedas no trabajar por tener castigo por dinero", "date": "2022-12-06 15:19:57"}, {"id_message": 41109365160, "message": "Ma\u00f1ana y tarde y no ganas ? H\u00e1ztelo mirar", "date": "2022-12-08 15:06:39"}, {"id_message": 59320404706, "message": "Por eso precisamente lo digo", "date": "2022-12-08 15:07:35"}, {"id_message": 22301310118, "message": "La gente entra aqu\u00ed para hacer preguntas que tiene a mano en google a la primera , pero mol decir que entrenas dos veces al d\u00eda haciendo levantamiento de palillos", "date": "2022-12-08 15:08:13"}, {"id_message": 69842196700, "message": "Ah\u00ed , con dos cojones , sin anestesia . Nada m\u00e1s entrar tracatr\u00e1 contestarme \u00e9sto", "date": "2022-12-08 21:55:32"}, {"id_message": 69801524219, "message": "Todo lo que haces es bien Lu , que lea follen a quien no le guste", "date": "2022-12-10 21:59:47"}, {"id_message": 70375995377, "message": "Por cierto , estoy hasta la polla de los mails de powerexplive , y hasta el co\u00f1o de los mails de David Marchante . 3,2 , 1 y bloquear", "date": "2022-12-10 22:01:13"}, {"id_message": 90924768517, "message": "La mejor respuesta que he le\u00eddo en meses , ojo que igual no la ha pillado ... \ud83d\ude02 \ud83d\ude02 \ud83d\ude02", "date": "2022-12-11 07:57:32"}, {"id_message": 30919063698, "message": "En el crossfit de verdad no hay nada de malo , en el crossfit como moda y el estilo que hacen ver que llevan es bastante cansino de ver", "date": "2022-12-11 18:05:58"}, {"id_message": 40080880583, "message": "Bueno , s\u00ed y no , tendr\u00e1 que ser gente con referencias o status competitivo no ? A ver si se va a colar alg\u00fan espabilado , que los hay y muchos , que dicen ser y son mierda", "date": "2022-12-14 20:14:19"}, {"id_message": 90197995492, "message": "No s\u00e9 Rick , mira el nombre del grupo", "date": "2022-12-17 13:40:58"}, {"id_message": 88087914253, "message": "Es que la gente es la polla", "date": "2022-12-17 14:11:59"}, {"id_message": 73482176144, "message": "CBum es lo puto mejor", "date": "2022-12-18 09:43:16"}, {"id_message": 88351844427, "message": "M\u00e1s all\u00e1 de que nos pueda gustar determinado atleta , los que opinan pol\u00e9mica que vean la misma foto cort\u00e1ndoles la cabeza . La presencia de Cbum es abrumadora", "date": "2022-12-18 14:19:58"}, {"id_message": 56247082270, "message": "La del anuncio de colonia", "date": "2022-12-21 20:33:29"}]