[{"id_message": 97629815653, "message": "Hola ! ! Me llamo Nana , soy Ana Peso actual : 70 kg Peso meta : 55 kg Edad : 20 a\u00f1os Altura : 1 ' 80m", "date": "2022-05-23 18:08:21"}, {"id_message": 40008852825, "message": "Vomitar despu\u00e9s de 15/20 no sirve para nada", "date": "2022-05-25 07:13:55"}, {"id_message": 50921190093, "message": "De todas formas aunque vomites hay una parte de las kcal que ya has absorbido , no soy muy fan de eso la vdd es mejor hacer ejercicio", "date": "2022-05-25 07:14:30"}, {"id_message": 21059574014, "message": "15/20 min que no he puesto nada hdjshs", "date": "2022-05-25 07:16:04"}, {"id_message": 53856981744, "message": "Buff pues a m\u00ed fumar me da m\u00e1s ansiedad y acabo comiendo m\u00e1s", "date": "2022-05-25 07:17:30"}, {"id_message": 98519701860, "message": "Sii , supongo que va en funci\u00f3n de la persona", "date": "2022-05-25 07:18:24"}, {"id_message": 26317670873, "message": "Yo cuando tengo hambre me bebo un te y me veo alg\u00fan v\u00eddeo de gente atracandose o suppersize Vs superskinny o algo por el estilo", "date": "2022-05-25 07:19:17"}, {"id_message": 73958172961, "message": "Y ya se me va al menos", "date": "2022-05-25 07:19:36"}, {"id_message": 54511588765, "message": "Si veo que voy a comer de m\u00e1s me pillo uno de esos y cuando vas por menos de la mitad ya est\u00e1s a reventar", "date": "2022-05-25 07:20:48"}, {"id_message": 68763420154, "message": "Y no quieres comer nada m\u00e1s", "date": "2022-05-25 07:20:55"}, {"id_message": 65346036292, "message": "Sii en el lidl hay uno que son 256 kcal , creo , el bote entero", "date": "2022-05-25 07:22:13"}, {"id_message": 94845891614, "message": "Ah yo el yogur ese no lo vomito porque no tiene demasiadas kcal entonces no hace que me pase de mi limite", "date": "2022-05-25 07:22:57"}, {"id_message": 46572742029, "message": "Tuve una temporada que si vomitaba despu\u00e9s de comer pero me sienta fatal as\u00ed que ahora ya lo tengo descartado", "date": "2022-05-25 07:23:28"}, {"id_message": 59462186742, "message": "Max 700kcal , preferir\u00eda 200/300 pero si como eso no bajo de peso solo me estanco y me hincho", "date": "2022-05-25 07:24:18"}, {"id_message": 38996791075, "message": "Ves a m\u00ed por ej esto tampoco me sienta bien , hago intermitente 20:4 pero normalmente hago m\u00e1s de eso suelo hacer 20/22 / 23 dependiendo del d\u00eda", "date": "2022-05-25 07:25:31"}, {"id_message": 24809611650, "message": "A mi se me empiezan a marcar los de la espalda cuando estoy sentada y los de la cadera :'D", "date": "2022-05-25 07:26:59"}, {"id_message": 87225860064, "message": "A ver si poco a poco se me est\u00e1n notando mas", "date": "2022-05-25 07:27:07"}, {"id_message": 21905533392, "message": "El que si que no quiero que se me marque es el hueso este del pecho me parece horrible", "date": "2022-05-25 07:27:31"}, {"id_message": 71741612292, "message": "Las clav\u00edculas por suerte las tengo bastante marcadas", "date": "2022-05-25 07:27:42"}, {"id_message": 20845040013, "message": "Seguro que lo consigues \ud83d\udda4", "date": "2022-05-25 07:29:06"}, {"id_message": 64468940775, "message": "Acabo de arreglar mi preinscripci\u00f3n al gimnasio si todo va como lo planeado en septiembre empiezo hdjsjs", "date": "2022-05-25 08:07:16"}]