[{"id_message": 98748532477, "message": "en la primer dieta yo dir\u00eda q coman la fruta ya de por si porque el licuado no llena mucho", "date": "2021-12-04 01:44:18"}, {"id_message": 66783639239, "message": "ba\u00f1arse con agua fr\u00eda tmb quemaba calor\u00edas no ?", "date": "2021-12-13 23:39:04"}, {"id_message": 85103099645, "message": "esto no es una comunidad", "date": "2022-02-03 21:57:04"}, {"id_message": 90961123764, "message": "es un transtorno , te digo nom\u00e1s", "date": "2022-02-03 21:57:11"}, {"id_message": 73849241014, "message": "no ten\u00e9s porq pedir perd\u00f3n", "date": "2022-02-03 21:58:48"}, {"id_message": 19467832574, "message": "solo te aviso , porq re puede arruinar la vida esto", "date": "2022-02-03 21:58:59"}, {"id_message": 53873513412, "message": "sinceramente te recomiendo que vayas a un nutricionista", "date": "2022-02-03 21:59:07"}, {"id_message": 84752229952, "message": "vas a bajar mucho m\u00e1s y no vas a morirte de hambre", "date": "2022-02-03 21:59:19"}, {"id_message": 61583738224, "message": "intenta yendo a un nutricionista porfa", "date": "2022-02-03 22:03:29"}, {"id_message": 41304066914, "message": "mira , yo te aviso que", "date": "2022-02-03 22:04:34"}, {"id_message": 53892020447, "message": "la anorexia no es algo que puedas provocarte", "date": "2022-02-03 22:05:25"}, {"id_message": 54796047874, "message": "yo tengo anorexia y no es nada lindo , me gustar\u00eda poder comer sin sentir culpa como lo hac\u00eda antes", "date": "2022-02-03 22:05:49"}, {"id_message": 71439021844, "message": "pero despu\u00e9s de todo , es tu decisi\u00f3n", "date": "2022-02-03 22:05:55"}, {"id_message": 34567190899, "message": "si quer\u00e9s dejar de comer o no", "date": "2022-02-03 22:06:04"}, {"id_message": 79807061941, "message": "la anorexia es un transtorno mental", "date": "2022-02-03 22:08:15"}, {"id_message": 9600348093, "message": "dejando de comer no ten\u00e9s anorexia", "date": "2022-02-03 22:08:23"}, {"id_message": 31082980216, "message": "es algo m\u00e1s profundo que eso", "date": "2022-02-03 22:08:29"}, {"id_message": 14455833633, "message": "por eso , no pod\u00e9s provocartela", "date": "2022-02-03 22:08:46"}, {"id_message": 51518457833, "message": "no sabr\u00eda explicartelo , no soy una profesional en el tema", "date": "2022-02-03 22:09:18"}, {"id_message": 71009066414, "message": "a la larga te hace peor", "date": "2022-02-03 22:09:54"}, {"id_message": 50016303048, "message": "me siento muy mal", "date": "2022-02-04 02:31:03"}, {"id_message": 35126546759, "message": "hace 5 d\u00edas que no como", "date": "2022-02-04 02:31:08"}, {"id_message": 78567328666, "message": "me siento muy cansada y con ganas de bomitar", "date": "2022-02-04 02:31:20"}, {"id_message": 91986364985, "message": "no , no me doy atracones", "date": "2022-02-04 02:35:18"}, {"id_message": 2342383857, "message": "baje 1kg en una noche", "date": "2022-02-04 02:35:34"}, {"id_message": 17907694177, "message": "benja , no pod\u00e9s sanarnos si eso es lo que quer\u00e9s", "date": "2022-02-04 02:51:10"}, {"id_message": 81871869793, "message": "y ganas de recuperarnos", "date": "2022-02-04 02:51:23"}, {"id_message": 4415573786, "message": "yo no tengo ninguna de esas cosas XD", "date": "2022-02-04 02:51:32"}, {"id_message": 23547794152, "message": "yo empec\u00e9 con esto porque me hac\u00edan bullying por gorda lmao , sufr\u00ed mucho tiempo ; empec\u00e9 a dejar de comer porque estaba harta , despu\u00e9s me puse a indagar y descubr\u00ed que hab\u00eda gente como yo y no era algo normal", "date": "2022-02-04 02:53:57"}, {"id_message": 963783288, "message": "y despu\u00e9s de muchos a\u00f1os sin comer", "date": "2022-02-04 02:54:03"}, {"id_message": 6985360354, "message": "no s\u00e9 si te pone feliz que diga toda la informaci\u00f3n", "date": "2022-02-04 02:54:15"}, {"id_message": 74501500841, "message": "no s\u00e9 a qu\u00e9 quer\u00e9s llegar exactamente", "date": "2022-02-04 02:54:24"}, {"id_message": 74818776540, "message": "fui a mil psic\u00f3logos para tratar este problema", "date": "2022-02-04 02:54:43"}, {"id_message": 62371906212, "message": "y nunca logr\u00e9 curarme", "date": "2022-02-04 02:54:51"}, {"id_message": 30753755180, "message": "pasaron mil cosas en mi vida", "date": "2022-02-04 02:55:22"}, {"id_message": 70692742857, "message": "que sinceramente no me acuerdo", "date": "2022-02-04 02:55:29"}, {"id_message": 28309529318, "message": "pero es un resumen", "date": "2022-02-04 02:55:33"}, {"id_message": 18013574212, "message": "benja busca un nutricionista , es la mil\u00e9sima vez que te lo digo", "date": "2022-02-04 02:55:53"}, {"id_message": 20613795996, "message": "no intentes ayudarnos porq es al pedo", "date": "2022-02-04 02:56:00"}, {"id_message": 14152795345, "message": "y llega a ser molesto", "date": "2022-02-04 02:56:07"}, {"id_message": 45513277256, "message": "Pide fotos de ustedes", "date": "2022-02-05 16:28:32"}, {"id_message": 8186074994, "message": "Chicas no caigan , abusa de nuestro estado vulnerable y te manda mensajes por otro contacto", "date": "2022-02-05 16:28:32"}, {"id_message": 84573354139, "message": "Jose Maria es un viejo verde b\u00e1sicamente", "date": "2022-02-05 17:49:58"}, {"id_message": 77943535711, "message": "acoso a varias chicas", "date": "2022-02-05 17:50:04"}, {"id_message": 7800864219, "message": "c\u00e1llate un poco viejo verde", "date": "2022-02-05 18:08:42"}, {"id_message": 4228872341, "message": "me chupa un huevo", "date": "2022-02-05 18:27:50"}, {"id_message": 46332688785, "message": "no digas ana boludito , no es tumblr 2015", "date": "2022-02-05 18:28:18"}, {"id_message": 21959370284, "message": "a los viejos verdes se les tiene q cortar los huevos , agradece que solo te insulte", "date": "2022-02-05 18:32:12"}, {"id_message": 13342954187, "message": "quien es el admin ac\u00e1 ?", "date": "2022-02-05 18:32:24"}, {"id_message": 56095663320, "message": "mostra una foto de tu cara", "date": "2022-02-05 18:33:30"}]