[{"id_message": 56249946742, "message": "Hola q bonita foto", "date": "2022-05-01 06:45:58"}, {"id_message": 58551274297, "message": "Ok mi edad 16 nombre sara", "date": "2022-05-01 06:47:11"}, {"id_message": 6661734351, "message": "Hola q bueno chicas poder comunicarnos", "date": "2022-05-07 23:22:15"}, {"id_message": 6557568229, "message": "Nombre maria edad 16 altura 173 peso 50 meta 42 soy ana", "date": "2022-05-08 23:04:58"}, {"id_message": 79450866090, "message": "Hola yo no creeo q llege a tener problemas", "date": "2022-05-21 16:59:18"}, {"id_message": 44782005001, "message": "Es mi dieta perder 10 kilos", "date": "2022-05-21 17:27:29"}, {"id_message": 56973815066, "message": "Espero q les sirva", "date": "2022-05-21 17:28:25"}, {"id_message": 1995964406, "message": "Antes d empezar esa dia yo peso 90 kilos gracias mia y esa dieta logre bajar lleguar mi peso actual 50 kilos", "date": "2022-05-22 00:32:43"}, {"id_message": 40989555144, "message": "Creeo eres una diosa", "date": "2022-05-22 02:43:12"}, {"id_message": 71126113332, "message": "Hola vas biem lo estas logrando", "date": "2022-05-22 03:00:35"}, {"id_message": 26468860331, "message": "Hola princesas como laxcente pastillia d carbodon axctivado", "date": "2022-05-22 13:22:53"}, {"id_message": 53811887515, "message": "Si pero es comer en peque\u00f1as porciones", "date": "2022-05-22 15:24:22"}, {"id_message": 15301564564, "message": "Hola estoy en plena astinecia", "date": "2022-05-22 23:49:15"}, {"id_message": 31556065802, "message": "Por me gusta el cafe", "date": "2022-05-22 23:50:16"}, {"id_message": 18561110390, "message": "Se es tenernos fe en nosotras y todo qui una razondon", "date": "2022-05-23 02:39:47"}, {"id_message": 55101026069, "message": "Hola princesas & principes yo estoy segundo dia d la diet d la sopa ( eh probado un pantallon q antes no me entraba y ahora me entrada )", "date": "2022-05-24 20:04:27"}, {"id_message": 88416421137, "message": "Ejerciodo 2 veces al dia", "date": "2022-05-24 20:08:02"}, {"id_message": 85970673414, "message": "Dos al mismo tiempo", "date": "2022-05-24 20:09:02"}, {"id_message": 68218878817, "message": "Facil dejsda el azucar x educorante y dejada la harina en exceso intenta comer yogur bebilede , ave y arroz y pasta y pspa con modetaccion por engorda", "date": "2022-05-24 23:20:56"}, {"id_message": 51851086317, "message": "Hola pues deberias usar otra bascula tal vez la q estas usando no esta biem", "date": "2022-05-27 01:16:06"}, {"id_message": 92704480735, "message": "Deberias probar con te d cola d caballo", "date": "2022-05-27 01:16:33"}]