[{"id_message": 33668509403, "message": "gracias \ud83e\udd17", "date": "2019-05-14 23:40:22"}, {"id_message": 12268951436, "message": "Soy fat pero no pasa nada vengo a ponerme fit", "date": "2019-05-14 23:40:56"}, {"id_message": 34944648404, "message": "Estais por aqu\u00ed un poquito desataillos no ?", "date": "2019-05-15 11:31:56"}, {"id_message": 43779705077, "message": "Que caliente est\u00e1s Lorena m\u00e1s que el palo de un churrero", "date": "2019-05-15 11:32:25"}, {"id_message": 99617792459, "message": "Como mola tu pircing del pezon", "date": "2019-05-15 11:34:23"}, {"id_message": 65369749560, "message": "Y se iluminan en la oscuridad ?", "date": "2019-05-15 11:36:25"}, {"id_message": 49569943062, "message": "Vaya pues que poco moderna eres", "date": "2019-05-15 11:38:07"}, {"id_message": 93566764807, "message": "Manda audio para ver que no eres troll", "date": "2019-05-15 11:43:09"}, {"id_message": 5879704494, "message": "Donde puedo comprar cuajo ?", "date": "2019-05-15 15:30:07"}, {"id_message": 35989795662, "message": "Te lo ten\u00eda qur decir", "date": "2019-05-15 15:34:20"}, {"id_message": 68102128818, "message": "No lees lo que dijo edu ?", "date": "2019-05-15 15:34:44"}, {"id_message": 731746465, "message": "Bueno mejor me voy sin me echesss", "date": "2019-05-15 15:35:18"}, {"id_message": 41601813404, "message": "Porque me has dicho que me echabas xD", "date": "2019-05-15 15:35:42"}]