[{"id_message": 2001345443, "message": "Buenas q rutina me recomendar\u00edan , soy corredor y preparo maratones pero tambi\u00e9n me gusta el gimnasio ( no como a la mayor\u00eda de corredores ) se q hipertrofiar no es bueno para correr ya q se coge mucho peso pero me gusta estar definido y con algo de m\u00fasculo no como esos maratonianos q solo tienen huesos , no se si sera mejor full body o otro tipo de rutina , Ya llevo un tiempo con rutina pecho - b\u00edceps , espalda-triceps y hombro-pierna m\u00e1s o menos 5 d\u00edas a la semana y luego salgo a correr . saludos cordiales .", "date": "2018-10-30 07:31:50"}, {"id_message": 72060406245, "message": "Gracias , alguien me podr\u00eda pasar alguna rutina full body ?", "date": "2018-10-30 09:12:07"}, {"id_message": 51140886024, "message": "O alguna p\u00e1gina donde buscarlas ?", "date": "2018-10-30 09:44:15"}, {"id_message": 86059051108, "message": "Este es un ejemplo del plan de este mes para la preparaci\u00f3n de la marat\u00f3n de Valencia , no lo sigo al pie pero casi .", "date": "2018-10-31 14:45:55"}, {"id_message": 40246564084, "message": "La preparo en 12 semanas m\u00e1s o menos y la idea es ir a 3h 15m", "date": "2018-10-31 14:47:28"}, {"id_message": 8906692831, "message": "A sobar despu\u00e9s de la serie a de hoy 4 veces 7 minutos , total 10km , ma\u00f1ana a madrugar y meter 15km y a la tarde gim . Har\u00e9 un poco full body . El viernes solo piscina .", "date": "2018-10-31 23:14:55"}, {"id_message": 83784380463, "message": "37 , corriendo llevo unos 7 a\u00f1os ya con 5 maratones , siempre echo deporte sobre todo f\u00fatbol , lo deje y me puse con 20 kg m\u00e1s q ahora q me quite en 6 meses aparte de dejar de fumar 2 paquetes de tabaco diario , ahora estoy en 71 y mido 1 ' 73", "date": "2018-10-31 23:18:36"}, {"id_message": 95760214951, "message": "As\u00ed es la idea es no hacer m\u00e1s hasta Sevilla 2020 y dedicar el 2019 a coger al gimnasio aunque de correr no lo dejar\u00e9 ...", "date": "2018-10-31 23:24:13"}, {"id_message": 93575219564, "message": "Me voy a sobar buenas noches", "date": "2018-10-31 23:29:23"}, {"id_message": 74277492208, "message": "Proteina My protein o prozis ? De precio sale mejor hoy my protein , yo siempre he gastado prozis que opinais ?", "date": "2018-11-23 09:33:56"}, {"id_message": 82730166204, "message": "Buenos d\u00edas que suplementos tom\u00e1is ? Yo estoy pensando en solo tomar proteina , creatina los d\u00edas de gin y lcarnita los d\u00edas q meta cardio . He tomado glusamina q no s\u00e9 si ser\u00e1 necesario , bcaa y chrominiun que dicen que ayuda en la perdida de peso y tampoco he notado nada . Buen d\u00eda gente .", "date": "2018-11-24 09:14:19"}, {"id_message": 86432365732, "message": "Hola bien el trabajo est\u00e1 echo la semana q viene para Valencia y a por las 3 horas .", "date": "2018-11-24 10:41:43"}, {"id_message": 4205816344, "message": "Si volvere a tomarla junto a la prote\u00edna pos entrene para ganar masa muscular . Ahora en estos 3 meses de preparaci\u00f3n del marat\u00f3n no la he tomado tengo entendido q retiene l\u00edquidos y se gana algo de peso aunque no s\u00e9 si estoy equivocado .", "date": "2018-11-24 10:43:56"}, {"id_message": 1332607666, "message": "La glutamina la estoy tomando tras los d\u00edas de series y tiradas largas para recuperar anuq no he notado mejor\u00eda la verdad", "date": "2018-11-24 10:45:31"}, {"id_message": 81826935335, "message": "Ok Fran ese suplemento me lo ahorro a partir de ahora", "date": "2018-11-24 10:46:33"}, {"id_message": 62445525536, "message": "Hola alguien conoce la spirulina ? Funciona ? Busco algo para calmar el apetito y no saltarme la dieta ya q soy mucho de picar por las tardes", "date": "2019-01-22 08:23:17"}, {"id_message": 26487964030, "message": "Buenos d\u00edas al lio", "date": "2019-03-27 07:50:04"}, {"id_message": 33738511925, "message": "Q opin\u00e1is de este termogenico ? alguien lo ha probado ?", "date": "2019-04-06 11:04:44"}]