[{"id_message": 22908476639, "message": "Ana o m\u00eda ~ Mia \ud83d\udc9c Peso actual ~ 45kg Peso meta ~ 35kg Estatura ~ 1.65 Edad ~ 18a\u00f1os", "date": "2021-08-14 07:39:15"}, {"id_message": 48787760169, "message": "Lo lograr\u00e1s \u00e1nimo princesa", "date": "2021-08-15 23:49:30"}, {"id_message": 57003343066, "message": "Segura que quieres entrar en esto ? ?", "date": "2021-08-18 06:00:22"}, {"id_message": 48229548860, "message": "Hola pues m\u00e1s o menos pues te recomiendo mojar tus dedos para que te d\u00e9 m\u00e1s m\u00e1s asco y resultados en mi hubo en m\u00e1s o menos 1 mes pero vomitando todo lo que consumas y tenga calor\u00edas", "date": "2021-08-23 21:29:32"}, {"id_message": 65690743788, "message": "Te recomiendo la \" Beyodecta \" o algo as\u00ed se escribe es muy buena", "date": "2021-09-30 16:34:59"}, {"id_message": 94763549634, "message": "Y no te sientes tan cansada", "date": "2021-09-30 16:35:16"}, {"id_message": 93301750270, "message": "Y vitamina E para evitar que se te caiga el cabello", "date": "2021-09-30 16:35:49"}, {"id_message": 88865937691, "message": "Si puedo te mando fotos al rato", "date": "2021-09-30 16:36:16"}, {"id_message": 83404606513, "message": "Al rato te la mando", "date": "2021-09-30 16:49:11"}, {"id_message": 4519252760, "message": "Ami me a servido bastante", "date": "2021-09-30 17:58:14"}, {"id_message": 76529501310, "message": "Espero que ati te sirva", "date": "2021-09-30 18:00:22"}, {"id_message": 36299125978, "message": "Bienvenida \u2764 \ufe0f \u2764 \ufe0f", "date": "2021-10-05 18:18:51"}, {"id_message": 81950270840, "message": "Te falta s\u00faper poco", "date": "2021-10-05 18:19:10"}, {"id_message": 10823923452, "message": "D\u00edmelo ami no eh podido bajar de 45kg", "date": "2021-10-05 18:20:46"}, {"id_message": 81130782614, "message": "Yo llevo una morada en el tobillo derecho por mia", "date": "2022-04-13 17:44:10"}, {"id_message": 24811567447, "message": "Desde cu\u00e1ndo lo eres ? ?", "date": "2022-04-15 19:18:00"}, {"id_message": 12949328232, "message": "Yo me veo gordisima", "date": "2022-04-18 17:01:05"}, {"id_message": 77188953250, "message": "Creo que muy pocas", "date": "2022-04-18 17:42:28"}, {"id_message": 53813230209, "message": "Oi ojal\u00e1 pudiera yo hacer eso pero me obligan a comer pero me doy atracones y v\u00f3mito", "date": "2022-04-18 17:45:43"}, {"id_message": 63275352456, "message": "D\u00e1selo a tu perro", "date": "2022-04-18 17:46:13"}, {"id_message": 45672924998, "message": "Ami si ya que tengo otra enfermedad ( gen\u00e9tica ) y estube internada desde enero como 5 veces ya que vomitaba sin yo provocarmelo", "date": "2022-04-18 17:48:41"}, {"id_message": 7263954524, "message": "Y me tienen checada qu\u00e9 coma ya que el doctor me quiere subir de peso pero gracias a m\u00eda en lugar de subir bajo", "date": "2022-04-18 17:49:28"}, {"id_message": 82571162950, "message": "Solo lo v\u00ed en unos tips de Ana y mia", "date": "2022-04-18 17:52:05"}, {"id_message": 99799423595, "message": "Si te sientes incomod @ no me digas", "date": "2022-04-18 17:53:29"}, {"id_message": 62550915362, "message": "Yo antes de Ana y mia llegu\u00e9 a pesar 90kg Mi peso actual es de 47.5 kg", "date": "2022-04-18 18:09:12"}, {"id_message": 81971163754, "message": "C\u00f3mo en tres a\u00f1os", "date": "2022-04-18 18:19:04"}, {"id_message": 40246029823, "message": "Tarde pero los baje", "date": "2022-04-18 18:19:10"}, {"id_message": 78139244889, "message": "Solo con m\u00eda ya que en mi casa me tienen checada de qu\u00e9 coma", "date": "2022-04-18 18:23:28"}, {"id_message": 82374895713, "message": "A ya esque tambi\u00e9n depende de ti estatura y mido 1.65", "date": "2022-04-18 18:24:38"}, {"id_message": 22433218386, "message": "Si pero \u00e1nimo si se puede", "date": "2022-04-18 18:25:26"}, {"id_message": 80361629959, "message": "Yo a\u00fan no llego a mi meta pero por ella voy a\u00fan", "date": "2022-04-18 18:25:49"}, {"id_message": 25174781604, "message": "Pues si pero al menos llegar a los 42kg en los que estaba antes", "date": "2022-04-18 18:36:25"}, {"id_message": 81480732354, "message": "Sub\u00ed cuando me internaron", "date": "2022-04-18 18:36:34"}, {"id_message": 4332828347, "message": "Ya me internaron por otra cosa tengo un enfermedad que me dan crisis", "date": "2022-04-18 18:42:48"}, {"id_message": 55420056532, "message": "La enfermedad se llama lupus", "date": "2022-04-18 18:43:07"}, {"id_message": 51194857378, "message": "Pero ay periodos de crisis muy graves", "date": "2022-04-18 18:44:42"}, {"id_message": 69919433810, "message": "Pero Ana y mia son tan adictivas", "date": "2022-04-18 18:44:59"}, {"id_message": 62776437242, "message": "Vale tomar\u00e9 tu consejo", "date": "2022-04-18 18:45:51"}, {"id_message": 81987317435, "message": "Okey \u2764 \ufe0f", "date": "2022-04-18 18:46:19"}, {"id_message": 90440016951, "message": "Bueno me tengo que ir despu\u00e9s hablamos", "date": "2022-04-18 18:48:37"}, {"id_message": 50057312758, "message": "\u2764 \ufe0f \ud83d\udc9c", "date": "2022-04-18 23:18:30"}, {"id_message": 77883902340, "message": "No creo Ami no me an cachado lo de mia", "date": "2022-04-27 13:15:50"}, {"id_message": 49091649329, "message": "Claro si no est\u00e1s en riesgo", "date": "2022-04-27 13:16:14"}, {"id_message": 13832768999, "message": "Joder que mala suerte", "date": "2022-04-28 06:32:30"}, {"id_message": 7977863208, "message": "Hola chicas me odio eh subido 2.5 kg", "date": "2022-04-29 19:30:17"}, {"id_message": 46284374925, "message": "Me da miedo no quiero ser una vaca", "date": "2022-04-29 19:31:04"}, {"id_message": 96476198254, "message": "Gracias me esforzar\u00e9 por hacerlo", "date": "2022-04-30 11:24:07"}, {"id_message": 37553455217, "message": "Oye algo es algo", "date": "2022-04-30 17:34:43"}, {"id_message": 72988340232, "message": "Ya mejor no contestes", "date": "2022-05-07 12:46:27"}, {"id_message": 57714217129, "message": "La seguridad es primero", "date": "2022-05-07 12:46:44"}]