[{"id_message": 31980818918, "message": "Acabo de ver la historia en insta", "date": "2018-11-23 14:36:32"}, {"id_message": 94091171019, "message": "Soy Cristina y vivo en Toledo", "date": "2018-11-23 14:36:52"}, {"id_message": 95376101210, "message": "Que ha pasado ? \ud83e\udd26\ud83c\udffb\u200d\u2640 \ufe0f", "date": "2018-11-23 14:37:00"}, {"id_message": 50238020981, "message": "He mirado el chat m\u00e1s arriba \ud83d\ude2c", "date": "2018-11-23 14:42:20"}, {"id_message": 76743362533, "message": "Yo algo voy creo \ud83e\udd2a", "date": "2018-11-23 14:43:56"}, {"id_message": 34089425278, "message": "Y findes \ud83d\ude02", "date": "2018-11-23 14:44:43"}, {"id_message": 13840379983, "message": "Equitaci\u00f3n aunq lo tengo abandonado", "date": "2018-11-23 14:45:30"}, {"id_message": 39337070985, "message": "Pero vamos lo que m\u00e1s padel y gym", "date": "2018-11-23 14:45:40"}, {"id_message": 49756377626, "message": "La dieta es lo m\u00e1s importante", "date": "2018-11-23 14:46:11"}, {"id_message": 56112581866, "message": "En mi casa no encuentras ning\u00fan mal procesado", "date": "2018-11-23 14:46:25"}, {"id_message": 62042423889, "message": "Eso es de anoche que sal\u00ed de cena \ud83d\ude02", "date": "2018-11-23 14:47:03"}, {"id_message": 85514864299, "message": "D\u00e9jate de dietas , ni pollo y br\u00f3coli . Ya pase x eso y no soy feliz as\u00ed", "date": "2018-11-23 14:47:33"}, {"id_message": 97197523353, "message": "Comer bien y hacer mucho deporte", "date": "2018-11-23 14:47:49"}, {"id_message": 51045403973, "message": "No hay m\u00e1s secreto", "date": "2018-11-23 14:47:52"}, {"id_message": 9171235331, "message": "Mis compras se basan en carne , pescado , fruta , verdura , hortalizas , frutos secos , l\u00e1cteos de calidad ...", "date": "2018-11-23 14:49:13"}, {"id_message": 37522198762, "message": "Hoy x ejemplo me toca correr , y luego ir\u00e9 al gym un rato con un chaval que entreno", "date": "2018-11-23 14:49:52"}, {"id_message": 49293065390, "message": "Cada uno tiene que intentar mejorarse a s\u00ed mismo , nada m\u00e1s", "date": "2018-11-23 14:50:25"}, {"id_message": 75580530063, "message": "No lo soy , me gano la vida con otra cosa , pero como estoy todo el d\u00eda haciendo mucho deporte y mi estilo de vida , pues hay gente de mi entorno que me pidieron despu\u00e9s de verano que si pod\u00edan entrenar conmigo , y b\u00e1sicamente es eso , pero m\u00e1s x el padel , xk doy entrenamientos espec\u00edficos f\u00edsicos de Psdel , y son compis m\u00edos de padel", "date": "2018-11-23 14:52:09"}, {"id_message": 23616478422, "message": "Yo tb como de todo pero con moderaci\u00f3n y fuera de casa , en mi casa como lo que considero que me beneficia , fuera de casa el mundo es libre \ud83d\ude02", "date": "2018-11-23 14:53:08"}, {"id_message": 990546166, "message": "\ud83d\udcaa\ud83c\udffb telita TOP", "date": "2018-11-23 14:53:29"}, {"id_message": 46153855516, "message": "El a\u00f1o pasado me levantaba a las 6 xk ten\u00eda otro trabajo y era cuando pod\u00eda \ud83e\udd26\ud83c\udffb\u200d\u2640 \ufe0f", "date": "2018-11-23 14:54:35"}, {"id_message": 77409780406, "message": "El caso es no parar LU", "date": "2018-11-23 14:55:22"}, {"id_message": 11240154215, "message": "Bueno no siempre se est\u00e1 al 100 %", "date": "2018-11-23 14:56:16"}, {"id_message": 66241743930, "message": "Hay \u00e9pocas de todo de estar al 80 , al 90 ...", "date": "2018-11-23 14:56:34"}, {"id_message": 79604498345, "message": "Bueno yo tengo 38 a\u00f1os eh", "date": "2018-11-23 14:56:46"}, {"id_message": 28714934617, "message": "No es la edad , es la mentalidad y las ganas", "date": "2018-11-23 14:57:00"}, {"id_message": 14037247912, "message": "Tu haz cositas todos los d\u00edas ver\u00e1s que es el secreto", "date": "2018-11-23 14:57:28"}, {"id_message": 59873925034, "message": "No siempre se est\u00e1 como uno pretende , xk te vas exigiendo m\u00e1s cada vez", "date": "2018-11-23 14:58:34"}, {"id_message": 28466875318, "message": "A mis 17 mi \u00fanico deporte era ir de caza y montar a caballo , ah y ya trabajaba y estudiaba \ud83e\udd2a", "date": "2018-11-23 14:59:30"}, {"id_message": 85181525162, "message": "Bueno hablemos de fitness y no entrenos en debates", "date": "2018-11-23 15:00:03"}, {"id_message": 14288236818, "message": "Quien de verdad conoce la caza con galgos sabe que se les quiere y se les cuida como a un hijo , y ellos corren detr\u00e1s de las liebres x instinto", "date": "2018-11-23 15:01:29"}, {"id_message": 72394811743, "message": "Luego hay como en todo , gente sin calificativo , como en el fitness", "date": "2018-11-23 15:02:02"}, {"id_message": 95586233196, "message": "Bueno debo confesar que ma\u00f1sns es mi primera carrera", "date": "2018-11-23 15:02:26"}, {"id_message": 54443969855, "message": "He sido muy negada toda la vida", "date": "2018-11-23 15:02:38"}, {"id_message": 40653157092, "message": "Y hace un mes dije hasta aqu\u00ed ! ! !", "date": "2018-11-23 15:02:47"}, {"id_message": 78657544966, "message": "Yo voy a correr xk siiiiiiii", "date": "2018-11-23 15:02:54"}, {"id_message": 46244451501, "message": "Empec\u00e9 hace un mes y no era capaz de correr un km seguido", "date": "2018-11-23 15:03:06"}, {"id_message": 70626013317, "message": "Tengo dos entrenadores . Pero se agradece", "date": "2018-11-23 15:03:30"}, {"id_message": 1279659587, "message": "Que va , pero bueno , llevo un mes entrenando y ya hago los 5 km seguidos sin morir", "date": "2018-11-23 15:04:12"}, {"id_message": 49413012753, "message": "Ma\u00f1ana ir\u00e9 a ver qu\u00e9 tal", "date": "2018-11-23 15:04:19"}, {"id_message": 75895816933, "message": "Ellos son corredores tb , no me ense\u00f1an t\u00e9cnica , me ense\u00f1an los tiempos y los entrenos , hay que empezar poco a poco ... y yo tampoco voy hacer maratones \ud83d\ude02", "date": "2018-11-23 15:05:10"}, {"id_message": 49223757240, "message": "Yo tengo unas nuevas que estrene cuando empec\u00e9 hace un mes", "date": "2018-11-23 15:10:04"}, {"id_message": 84504240292, "message": "Yo he entrado aqu\u00ed a trav\u00e9s de la hist\u00f3ria de comunityfitness de insta", "date": "2018-11-23 15:10:59"}, {"id_message": 70018582604, "message": "Lu se me olvidaba , soy motera sin moto \ud83d\ude02", "date": "2018-11-23 15:12:41"}, {"id_message": 26593532656, "message": "Tengo todo excepto la moto", "date": "2018-11-23 15:12:51"}, {"id_message": 56602309459, "message": "Pero esq mis amigos el 50 % tienen , y yo antes tenia de 125", "date": "2018-11-23 15:13:10"}, {"id_message": 9788162763, "message": "Bueno os dejo que tengo cosas que hacer , encantada y ya volver\u00e9 a ver qu\u00e9 os cont\u00e1is ! ! !", "date": "2018-11-23 15:15:30"}, {"id_message": 64031098144, "message": "Madre m\u00eda qu\u00e9 actividad hay x aqu\u00ed", "date": "2018-11-23 22:42:49"}, {"id_message": 30442024782, "message": "Os hab\u00e9is portado bien con las mexicanas ?", "date": "2018-11-23 22:43:04"}]