[{"id_message": 38963155922, "message": "Yo como no vivo con los que dicen no tomar , no se si mienten o no", "date": "2018-10-04 19:17:40"}, {"id_message": 75175610462, "message": "Pues quisiera empezar a hacer culturismo , pero en casa , no hay para gimnasios .. y no se como voy a plantearmelo , me romp\u00ed la mano y me operaron , ahora tengo mi mano diestra m\u00e1s debil que la otra , con algun que otro temblor y dolor , pero no quiero que me limite , quiero llevar a mi cuerpo al limite de forma natural y saludable", "date": "2018-10-04 19:27:38"}, {"id_message": 95139207137, "message": "Mm pues 1.84 y 70 kg , delgado , pero no estoy pegado , tengo un poco de grasa ( que quiero perder para pegarme y subir limpio )", "date": "2018-10-04 19:30:41"}, {"id_message": 1226277383, "message": "Forma fisica ninguna , osea estoy debilucho", "date": "2018-10-04 19:32:41"}, {"id_message": 70376151688, "message": "Tuve cierta forma pero solo con ejercicios caseros , por ejemplo en flexiones llegue a las 55-60 , en press movia unos 70 y en sentadilla llegu\u00e9 a mover 80 , pesaba unos 5 kilos menos", "date": "2018-10-04 19:37:05"}, {"id_message": 17508701019, "message": "Par\u00e9 una caida con el pu\u00f1o cerrado", "date": "2018-10-04 19:38:28"}, {"id_message": 16516150156, "message": "Y todo el peso se me fue ahi", "date": "2018-10-04 19:38:47"}, {"id_message": 52502704102, "message": "La mu\u00f1eca la tengo bien", "date": "2018-10-04 19:39:59"}, {"id_message": 41069976787, "message": "En el quinto meta , pero la palma qued\u00f3 tocada despues de la operacion y los nervios de otro dedo , pero bueno", "date": "2018-10-04 19:41:52"}, {"id_message": 69502512323, "message": "Al cerrar la mano normal no", "date": "2018-10-04 19:43:27"}, {"id_message": 60023792380, "message": "Los dolores son puntuales en el dia", "date": "2018-10-04 19:43:59"}, {"id_message": 64651891761, "message": "Fui un dia a rehabilitacion , me aburr\u00ed y ya no volv\u00ed , en 2-3 dias volvi a recuperar la movilidad en mi casa", "date": "2018-10-04 19:45:03"}, {"id_message": 82037984176, "message": "Pero si , me dieron pelota , y segui con pelota en mi casa", "date": "2018-10-04 19:45:52"}, {"id_message": 41947978068, "message": "Ya pas\u00f3 tiempo de eso , creo que podria intentar empezar sin ayudas de ese tipo", "date": "2018-10-04 19:49:17"}, {"id_message": 72297027110, "message": "Un a\u00f1o mas o menos", "date": "2018-10-04 19:49:31"}, {"id_message": 80077469458, "message": "Si .. el descanso se que es clave", "date": "2018-10-04 19:50:27"}, {"id_message": 82529478709, "message": "Siempre respetaba mis dias de descanso", "date": "2018-10-04 19:51:19"}, {"id_message": 84477561503, "message": "Tengo comprados unos guantes , para cuando empiece los levantamientos y no me duela tanto la barra", "date": "2018-10-04 19:52:12"}, {"id_message": 65887866944, "message": "Eso me dijo un amigo , pero le dije que vaya rareza \ud83d\ude06 x2", "date": "2018-10-04 19:53:48"}, {"id_message": 60725258354, "message": "Probar\u00e9 a ver si va mejor que los guantes", "date": "2018-10-04 19:54:48"}, {"id_message": 93732012961, "message": "Ojala .. mejor para mi", "date": "2018-10-04 19:56:27"}, {"id_message": 92504979046, "message": "Con pesas si que estuve varias veces con la barra atorada encima en press .. pero nunca me romp\u00ed nada .. bueno el cuello haciendo hombro una vez me dio un latigazo y estuve mucho tiempo sufriendo latigazos en el cuello", "date": "2018-10-04 19:57:59"}, {"id_message": 30431000626, "message": "\ud83d\ude06 doy fe", "date": "2018-10-04 19:58:50"}, {"id_message": 94547503846, "message": "Si lo se , .. pero si hacia eso me cargaba el suelo \ud83d\ude02 \ud83d\ude02 asi que me tocaba pelearme con la barra un rato", "date": "2018-10-04 20:01:21"}, {"id_message": 30858558698, "message": "Ostras ... x2 aunque el press al estar solo es otro problema", "date": "2018-10-04 20:07:59"}, {"id_message": 53434017709, "message": "Me recuerda a Coleman", "date": "2018-10-08 11:43:11"}, {"id_message": 10920662150, "message": "Tengo entendido que te cansas mas y No funcionas .. mas alla de eso no se , pero no hay que confundirse esas cosas las provoca tambien una carencia vitaminica importante ..", "date": "2018-10-08 16:23:35"}, {"id_message": 46273821557, "message": "Ni fotos ni nombres xd", "date": "2018-10-09 21:39:32"}, {"id_message": 68441085995, "message": "Recomiendas creatina para empezar a entrenar en casa ? Estando flojillo", "date": "2018-10-12 22:04:01"}, {"id_message": 42218450168, "message": "Lo digo para ganar algo de fuerza basica .. y ya seguir solo sin ella", "date": "2018-10-12 22:08:58"}, {"id_message": 30775351212, "message": "Perfecto .. la de myprotein es buena ?", "date": "2018-10-12 22:10:20"}, {"id_message": 4729569688, "message": "Estas fuerte \ud83d\udc4d \ud83d\udcaa", "date": "2018-10-12 22:28:22"}, {"id_message": 42054863614, "message": "Yo me chafo las piernas apoyandome eso \ud83d\ude06", "date": "2018-10-12 22:29:25"}, {"id_message": 88885153471, "message": "No .. si ya se que son ayudas para x temporadas .. no es para andar picado todo el a\u00f1o", "date": "2018-10-12 22:30:36"}, {"id_message": 35966934831, "message": "Kaske merece la pena mezclar la citrulina con la creatina ? O es cara para lo que da .. como unica suplementacion", "date": "2018-10-12 22:32:07"}, {"id_message": 17031310099, "message": "Mejor .. en cierto sentido , mas tranquilo", "date": "2018-10-12 22:32:52"}, {"id_message": 82315152848, "message": "Por que no lo harias ?", "date": "2018-10-12 22:33:04"}, {"id_message": 49545184592, "message": "Tienes razon ... Poco a poco", "date": "2018-10-12 22:36:13"}, {"id_message": 91805306610, "message": "Me hace falta un buen plan de entrenamiento con mancuernas que me cubra todo ... Tengo que ponerme a buscar algo y dejar de ir a mi rollo", "date": "2018-10-12 22:37:20"}, {"id_message": 45326914078, "message": "Yo pienso que son mas efectivas las mancuernas y barras que una maquina ... Desde la ignorancia", "date": "2018-10-12 22:43:09"}, {"id_message": 22627712574, "message": "Menudo fiera \ud83d\udcaa", "date": "2018-10-15 22:10:00"}, {"id_message": 16096438986, "message": "Y mantienes los abdominales ?", "date": "2018-10-15 22:11:48"}, {"id_message": 38132080430, "message": "Nada , cosas de medicos \ud83d\ude06 a mi ya me pusieron tambien una pastilla todos los meses", "date": "2018-10-15 22:13:55"}, {"id_message": 60031246155, "message": "Yo solo pienso que ya no se quien es mas femenina .. ella .. o por ejemplo miss espa\u00f1a ... Para mi los esteroides son solo cosa de hombres por machista que suene .. son hormonas masculinas , literalmente ..", "date": "2018-10-17 13:13:20"}, {"id_message": 45373093275, "message": "Hasta se le puso la voz mas grave que a heath", "date": "2018-10-17 13:14:02"}, {"id_message": 52558736697, "message": "Si fuera por mi solo existiria el cuturismo en hombres .. el fitness es otra historia , querer ver a una mujer hecha un hulk y valorarlo no me parece ni medio normal ..", "date": "2018-10-17 13:18:35"}, {"id_message": 14083271994, "message": "Y si est\u00e1 obvio que son silicona y los esteroides convirtieron sus pechos en pectorales .. al igual que debe tener un clitoris como el pene de algunos ..", "date": "2018-10-17 13:22:24"}, {"id_message": 50493374703, "message": "Esa es la hermosa candice amstrong", "date": "2018-10-17 13:25:52"}, {"id_message": 31601791072, "message": "Omega 3 y msm gratis", "date": "2018-10-20 22:09:59"}, {"id_message": 16185892123, "message": "Si no tienes dinero ... si", "date": "2019-06-10 22:09:08"}]