[{"id_message": 14442551734, "message": "Chic @s yo sigo bajando de peso y segun mi \" asesor \" me quedan 2 kilillos mas antes de entrar a volumen ... Paso foto para que me digais como lo veis :", "date": "2019-05-31 08:04:04"}, {"id_message": 61985829696, "message": "A donndeee \ud83d\ude02", "date": "2019-05-31 08:11:31"}, {"id_message": 8726477337, "message": "Pues seguremos bajando . Me quiere dejar en 15 % de grasa . Ahora esto en 16.5 o asi", "date": "2019-05-31 09:01:18"}, {"id_message": 4570861361, "message": "En el gym un asesor", "date": "2019-05-31 09:13:17"}, {"id_message": 72680249487, "message": "Chicos . Voy a estar 5 dias sin poder ir al gym Aconsejarme ejercicios para hacer en casa ... habia pensado hacer flexiones y alguna cosa mas . Andar me voy a hinchar a andar \ud83d\ude01", "date": "2019-06-01 16:00:02"}, {"id_message": 29408461550, "message": "Mola . Puez voy al decathlon ahora mismo . Gracias jose", "date": "2019-06-01 16:01:40"}, {"id_message": 82171794567, "message": "Casi imposible . Voy del.parque al hotel y asi ...", "date": "2019-06-01 16:53:12"}, {"id_message": 39419079914, "message": "Mas bolaca que el vader", "date": "2019-06-07 19:33:48"}, {"id_message": 78243276070, "message": "Tiene un pene de musculo ?", "date": "2019-06-07 21:01:36"}, {"id_message": 42011822018, "message": "Buena sgenteeee ya he llegado Tras 6 dias en disney comiendo \" mierdas \" practicamente he cogido 800 gramos ... Ma\u00f1ana . empezamos a quemarlos a tope \ud83d\udc4c", "date": "2019-06-10 14:34:32"}, {"id_message": 83312225027, "message": "Lo siento ... ^ ^ si te sientes mejor cambio el mensaje y pongo matalasca\u00f1as ... \ud83d\ude0a", "date": "2019-06-10 14:49:40"}, {"id_message": 97224407478, "message": "Jajaja me he liao y me han hechao del super ... Si no saben aguantar una broma me guardo la churra y me voy ... \ud83d\ude02 \ud83d\ude02 \ud83d\ude02", "date": "2019-06-12 13:46:39"}, {"id_message": 22009396579, "message": "Kaske es foto de internet", "date": "2019-06-12 13:46:49"}, {"id_message": 71875850076, "message": "A mi tambien . Dice que estoy cachas ... que alguien le.recomiende un.oftalmologo", "date": "2019-06-12 16:09:24"}, {"id_message": 60235679654, "message": "Osea que no se puede o debe meter la creatina junto a la.prote ? Yo.me.la.tomo asi tras el gym", "date": "2019-06-13 21:12:06"}, {"id_message": 5460969846, "message": "Ah vale Joer \ud83d\ude01", "date": "2019-06-13 21:15:42"}, {"id_message": 18720837767, "message": "Lleva 30 a\u00f1os haciendo volumen", "date": "2019-06-16 22:20:25"}, {"id_message": 80955639355, "message": "El.test wstaba patrocinado por aliexpres", "date": "2019-06-17 14:09:03"}, {"id_message": 48391754432, "message": "En granada no dejan a menored de 16", "date": "2019-06-17 20:53:47"}, {"id_message": 32043710264, "message": "Que opinais que es mejor para finalizar una sesion de gym ( perdiendo peso ) 25 minutos o de cinta corriendo o 40 minutos de remo ?", "date": "2019-06-19 10:49:59"}, {"id_message": 95494454633, "message": "Eso me ha puwsto wl dwl gym . La verdad no me.gusta nada la tabla", "date": "2019-06-19 10:51:19"}, {"id_message": 90091010081, "message": "Ya lo se . Quema mas el remo que xorrer ?", "date": "2019-06-19 10:51:58"}, {"id_message": 67375458607, "message": "Yo hago 20 m y ya wstoy hasta los c9jones ... y encima no me noto mas cansado que corriendo", "date": "2019-06-19 10:53:10"}, {"id_message": 92995278717, "message": "Ok . Eso hare . Yo suelo correr rapido y andar y voy alternando ... luego la tabla que me ha puesto durante 1 mes para bajar la grasa xorporal antes de empezar volumen ... no.me.gusta la verdad", "date": "2019-06-19 10:56:11"}, {"id_message": 20023195453, "message": "Me sentia.mejor antes cuando hacia f2 ... incluso noto que he perdido algo de musculo", "date": "2019-06-19 10:58:08"}, {"id_message": 1250728858, "message": "Buenas chic @s Estoy un poco estancado y no levanto mas peso que hace 1 mes \ud83d\ude21 \ud83d\ude21 \ud83d\ude21 Me recomendais alguna rutina de fuerza ? Aun sigo bajando.algo de grasa corporal al.menos 1.mes . Gracias gente \ud83d\ude0a", "date": "2019-06-23 15:35:34"}, {"id_message": 73095998585, "message": "Ahhhh bien . Logico \ud83d\ude0a", "date": "2019-06-23 15:40:53"}, {"id_message": 61682146239, "message": "Si perdiste.tu dinero.claro.que funcion\u00f3 \ud83d\ude01", "date": "2019-06-25 22:08:33"}, {"id_message": 89275798699, "message": "El relleno es la bomba ... proteina sabor chocolate blanco y limon , on agua y goma xantana para que quede tipo natillas", "date": "2019-07-01 18:24:20"}, {"id_message": 96266610622, "message": "Cuando quieraz \ud83d\ude0a", "date": "2019-07-01 18:26:48"}, {"id_message": 22349397577, "message": "Por cierto . Hoy me he acordao de ti Lu", "date": "2019-07-01 18:27:11"}, {"id_message": 31786683592, "message": "Yo tengo menos arte que tu pa posar \ud83d\ude01", "date": "2019-07-01 18:33:50"}, {"id_message": 56816483218, "message": "La masa es 100 gr claras huevo 40 gr de avena de chocolate y galleta Stevia al gusto . Relleno : 20gr proteina cocholate blanco y limon Un chorreon de agua 1 gr goma xantana", "date": "2019-07-01 18:35:54"}, {"id_message": 81751659201, "message": "Por que voy a cenarme un tortillon de 3 huevos \ud83d\ude01", "date": "2019-07-01 19:42:45"}, {"id_message": 76368384427, "message": "Suelo siempre hechar 1 huevo.tambien", "date": "2019-07-01 19:42:56"}, {"id_message": 93917472629, "message": "Lo se . Me refefia a que es gran\u00e1 , no granada \ud83d\ude02 Somos.paisanos", "date": "2019-07-03 17:30:18"}, {"id_message": 10875067433, "message": "A partir del lunes en lidl", "date": "2019-07-05 15:00:23"}, {"id_message": 9962019360, "message": "Si . He pillao 20 \ud83d\ude02", "date": "2019-07-05 18:56:32"}, {"id_message": 70684819069, "message": "Es que iba con 15 euros \ud83d\ude21", "date": "2019-07-05 19:05:51"}, {"id_message": 12990667936, "message": "Pero es en lidl a nivel nacional", "date": "2019-07-05 19:06:03"}, {"id_message": 54980560224, "message": "MJ las protes de lidl que puse son una mi ... ademas de caras . Puse la hoja del folleto en plan co\u00f1a pero hay xosas interessntes como los guantes . Eso si ... el queso fresco batido light ... insuperable por 69 xtms", "date": "2019-07-06 11:19:05"}, {"id_message": 40147759584, "message": "Mas bien ellas a ti \ud83d\ude02", "date": "2019-07-07 12:43:59"}, {"id_message": 87992836844, "message": "La vida son 3 dias y vamos por el.segundo \ud83d\ude01", "date": "2019-07-19 23:41:39"}, {"id_message": 50706397394, "message": "La madre que te pario . Y yo con 20 kilos \ud83d\ude02", "date": "2019-07-20 19:20:19"}, {"id_message": 90224184103, "message": "He leido m\u00e1s en revistas porno \ud83d\ude02 \ud83d\ude02", "date": "2019-07-21 00:52:22"}, {"id_message": 80417844123, "message": "No te rias ... que la gente deja el gym.con eso ... its magic \ud83d\ude02", "date": "2019-07-25 10:44:55"}, {"id_message": 91384838958, "message": "De verdad . No se que haceis algunos haciendo dieta ... con lo facil que es :", "date": "2019-07-27 14:13:27"}, {"id_message": 30140342587, "message": "Y yo merendando queso fresco y manzana \ud83d\ude21", "date": "2019-07-28 17:58:46"}, {"id_message": 78430318870, "message": "Si . \ud83d\ude01", "date": "2019-07-28 17:59:21"}, {"id_message": 58850146417, "message": "Peso de hoy ... como lo veis", "date": "2019-07-30 16:10:20"}]