[{"id_message": 47100056864, "message": "Animo bb , te esperamos con todo el cari\u00f1o , cu\u00eddate y si algo ntp las ponemos quietas . Abrazo . \ud83d\udc96", "date": "2021-10-13 20:43:35"}, {"id_message": 59813131938, "message": "S\u00faper ! ! ! Que bueno saber de ti . ! \ud83d\udc96", "date": "2021-10-18 19:52:31"}, {"id_message": 79113660228, "message": "Que puedo decir ? Antes yo era una ni\u00f1a muy delgada mi propia familia me hacia bullyng por lo mismo , pero tambi\u00e9n hay gen\u00e9tica que tiene obesidad y al verlos no se me daba miedo creo que sin pensar solo com\u00eda lo necesario generalmente caldos y as\u00ed que era lo que cocinaba mi abue poco despu\u00e9s escuchaba vomitar a mi mam\u00e1 ella siempre fue robusta y alta creo que ten\u00eda bulimia y no lo sab\u00eda no s\u00e9 era peque\u00f1a y no entend\u00eda bien s\u00f3lo sent\u00ed que yo no quer\u00eda ser gorda por que ve\u00eda a mis primos y t\u00edos gordos y no quer\u00eda ser asi . Un d\u00eda empec\u00e9 a engordar y estar por encima de mi peso uno o dos kg y mi mam\u00e1 me dec\u00eda que parec\u00eda periquito que era Peggy de los Muppets y a mi cabeza vino la panzota de una t\u00eda que un d\u00eda la vi en traje de ba\u00f1o y se ve\u00eda horrible , intente ser mia cuando sucedi\u00f3 eso pero se dieron cuenta y no pude continuar . Lo dej\u00e9 pero en mi cabeza siempre rondaba la idea de que no deb\u00eda y no quer\u00eda verme as\u00ed de mal las hermanas de mi abue siempre dec\u00edan que yo por lo delgada me ve\u00eda bien y bonita y no como esa t\u00eda del traje de ba\u00f1o . Pero sub\u00ed de peso horrible despu\u00e9s de que mi mam\u00e1 muri\u00f3 ( padec\u00eda diabetes e hipertensi\u00f3n ) y despu\u00e9s de eso aqu\u00ed ando luchando con no querer ser como mi familia y no verme as\u00ed y no para la gente si no para mi , para mirarme al espejo y ver la figura delgada que ve\u00eda antes , y al buscar estos grupos es porque no me siento sola con esto , y aqu\u00ed me siento motivada y no me siento como bicho raro .", "date": "2021-11-09 04:03:45"}, {"id_message": 44918517411, "message": "Perd\u00f3n si me extend\u00ed .", "date": "2021-11-09 04:04:22"}, {"id_message": 52948419112, "message": "Perd\u00f3n en lo de Peggy era \" puerquito \" en lugar de \" perquito . \"", "date": "2021-11-09 04:06:09"}, {"id_message": 52592545658, "message": "Apoyo , si usan info tuya m\u00ednimo .", "date": "2021-11-09 21:34:52"}, {"id_message": 49509254944, "message": "Gracias bb , son de mucha ayuda . \ud83d\ude0b", "date": "2021-11-16 08:09:10"}, {"id_message": 16874028929, "message": "Noo , yo la bloque\u00e9 , esta re loca", "date": "2021-11-17 00:55:59"}, {"id_message": 60220761798, "message": "Ponle marca de agua a los documentos .", "date": "2021-12-05 05:01:22"}, {"id_message": 79028258886, "message": "O conviertelos en im\u00e1genes y ponles ma marca de agua", "date": "2021-12-05 05:02:08"}, {"id_message": 50736976620, "message": "Gracias bb igual para ti . Abrazo \ud83e\udd17", "date": "2021-12-25 02:58:17"}, {"id_message": 94786048302, "message": "Gracias por la informaci\u00f3n .", "date": "2022-02-15 04:50:08"}, {"id_message": 90360110800, "message": "Gracias bb . \ud83d\ude0a", "date": "2022-02-15 04:52:12"}, {"id_message": 60268273579, "message": "Pues hay quienes se infiltran para que se \" retome el buen camino \" pero toma lo que te sirve . \ud83e\udd37\ud83c\udffb\u200d\u2640", "date": "2022-02-16 02:55:50"}, {"id_message": 42246225623, "message": "Pues depende de d\u00f3nde seas .", "date": "2022-02-16 03:35:00"}, {"id_message": 78989298509, "message": "Porque de d\u00f3nde yo soy hay una que dicen que es buena pero sn receta no la venden .", "date": "2022-02-16 03:35:46"}, {"id_message": 84480039157, "message": "Orlistat en el la de el dr . Simi venden 3 cajas como en 395 trae 21 pastillas cada caja .", "date": "2022-02-16 03:36:52"}, {"id_message": 14284421453, "message": "Pero la fentermina si es con receta .", "date": "2022-02-16 03:37:13"}, {"id_message": 23392013108, "message": "Si es buena literal defecas grasa . Solo ten cuidado a veces cuando haces gases salen con grasa . Y manchan la ropa , trata de usar pantiprotecotores en esa zona para evitar alg\u00fan accidente . No en todas las personas pasa pero m\u00e1s vale prevenir .", "date": "2022-02-16 03:47:34"}, {"id_message": 53772944729, "message": "Una casa vez que comas osea si comes 3 veces al d\u00eda te tomas 1 media hora antes .", "date": "2022-02-16 03:49:09"}, {"id_message": 45303721221, "message": "Si es as\u00ed una caja dura 7 d\u00edas .", "date": "2022-02-16 03:49:23"}, {"id_message": 43259486437, "message": "Yo cuando las llego a tomar solo tomo 2 ya que yo como un poco solo dos veces .", "date": "2022-02-16 03:49:53"}, {"id_message": 84770524782, "message": "Trata de reducir tu consumo de grasa y ver\u00e1s resultados en un par de meses .", "date": "2022-02-16 03:50:20"}, {"id_message": 67808472056, "message": "Eso si beber agua es fundamental .", "date": "2022-02-16 03:50:30"}, {"id_message": 48140505700, "message": "Trata de variar d\u00edas comer un poco m\u00e1s d\u00edas un poco menos ejercicio agua y as\u00ed no dejes que tu cuerpo haga reservas .", "date": "2022-02-16 23:55:18"}, {"id_message": 91116147160, "message": "Investiga y adapta lo que veas que mejor te funciona .", "date": "2022-02-16 23:55:43"}, {"id_message": 18917269021, "message": "Si los tacos tiene m\u00e1s de 30 min probablemente no salga entre m\u00e1s tardes menos sale tu proceso de digesti\u00f3n dura 2 hrs . Aprox .", "date": "2022-02-17 04:16:53"}, {"id_message": 80776033574, "message": "Medio kg . Menos es poco en 1 d\u00eda lo logras come solo fruta o Verdura y bebe agua o ayuna y lo habr\u00e1s logrado .", "date": "2022-02-17 07:25:13"}, {"id_message": 3533829438, "message": "Por un d\u00eda no pasa mucho , solo compensa la semana y si no bajas por lo menos no subir\u00e1s .", "date": "2022-02-20 04:31:46"}, {"id_message": 70139081408, "message": "Bueno un laxante no har\u00e1 que bajes porque finalmente los desechos son eso cosas que al cuerpo ya no le sirven y lo que comiste pues ya se absorbi\u00f3 as\u00ed que con laxante o sin el ya tu cuerpo tomo lo que quiso de eso que comiste .", "date": "2022-02-20 04:33:48"}, {"id_message": 228299310, "message": "Pues ayuno , comiendo poco entre 500 a 800 cal por d\u00eda en una semana se pierden como dos kg . En una semana . Para 5 kg entre semana y media a dos dependiendo como lleves la \" dieta \"", "date": "2022-02-20 05:50:27"}, {"id_message": 15957589069, "message": "\ud83d\ude0a \u00c1nimo lo que bajes ser\u00e1 un gran logro .", "date": "2022-02-20 05:59:50"}, {"id_message": 19736525344, "message": "Ser\u00eda bueno variar y tal vez comer sano . Para que tu organismo no haga sus reservas osea sacarlo de su zona de confort y hacerlo trabajar y eso a veces se logra comiendo", "date": "2022-02-22 06:05:17"}, {"id_message": 87466280867, "message": "Si mientras sean frutas y verduras , cosas sanas . Recurre a Alisa", "date": "2022-02-22 07:05:29"}, {"id_message": 2911659528, "message": "Lee investiga . Y adecua las cosas a tu organismo . Aprende que te sirve .", "date": "2022-02-22 07:06:01"}, {"id_message": 90082095844, "message": "Conoce tu cuerpo observa .", "date": "2022-02-22 07:06:14"}, {"id_message": 87851452235, "message": "Eso te har\u00e1 saber que puedes implementar y que te de resultados . No a todos nos funciona igual .", "date": "2022-02-22 07:06:56"}, {"id_message": 46363231023, "message": "De 800 y vas bajando y variando osea 1 d\u00eda 800 al otro 500 y despu\u00e9s 400 y al siguiente 300 y as\u00ed . Para que tu cuerpo no se acostumbre y no haga reserva . Y ayuno por lo menos unas 14 a 16 hrs si no aguantas mucho tiempo .", "date": "2022-02-26 14:47:05"}, {"id_message": 32551639190, "message": "Woow 27 kg y 160 cm ? ! !", "date": "2022-02-27 07:54:37"}]