[{"id_message": 60913768412, "message": "O con 5 voy bien", "date": "2018-11-09 15:49:41"}, {"id_message": 30607000595, "message": "Cuando fui me dijo que era normal en deportistas tener un poco m\u00e1s del l\u00edmite", "date": "2018-11-09 15:53:01"}, {"id_message": 85570460245, "message": "Pero como ya no me tomaba ...", "date": "2018-11-09 15:53:13"}, {"id_message": 80301395079, "message": "Solo amilopectina y prote\u00edna whey", "date": "2018-11-09 16:22:40"}, {"id_message": 59559133605, "message": "Que el eso del batido HUEL", "date": "2018-11-10 13:57:39"}, {"id_message": 53416527223, "message": "Vale , a ver si lo explica", "date": "2018-11-11 22:29:06"}, {"id_message": 74427018708, "message": "Por cierto qu\u00e9 tal la leche para meter en batidos ?", "date": "2018-11-11 22:29:33"}, {"id_message": 15930218337, "message": "Yo me tomo casi medio litro al d\u00eda as\u00ed", "date": "2018-11-11 22:29:51"}, {"id_message": 32152667683, "message": "Me tomo sin lactosa porque le\u00ed que era mejor", "date": "2018-11-11 22:30:04"}, {"id_message": 94938649734, "message": "Mi pregunta era la leche en los batidos no de prote\u00ednas sino en los normales sustitutivos de comida", "date": "2018-11-12 17:03:49"}, {"id_message": 52884390450, "message": "En la otra s\u00ed que le meto agua", "date": "2018-11-12 17:04:12"}, {"id_message": 82608304429, "message": "Mis batidos son de espinacas , leche avena y un platano", "date": "2018-11-12 17:05:53"}, {"id_message": 28002249065, "message": "Pe\u00f1a buenas tardes , como batido post entreno me tomo agua con prote\u00edna y amilopectina ... pero me est\u00e1n diciendo que mejor que agua le meta leche desnatada ... que aporta case\u00edna y otro tipo de prote\u00edna que no s\u00e9 cu\u00e1l es jajajajaja . Que me aconsej\u00e1is ? Suelo meter 25gr de prote\u00edna y 50gr de amilopectina . Muuuuchas gracias ! !", "date": "2019-01-25 21:22:33"}, {"id_message": 4535574156, "message": "Hola pe\u00f1a siempre he hecho rutina de grupo muscular por d\u00eda y ahora solo voy a poder ir al gym 4 d\u00edas a la semana y poco que pueda hacer en casa ... me gustar\u00eda variar un poco y he estado leyendo por internet pero en cada sitio dicen una cosa distinta ... cual cre\u00e9is que es la mejor rutina ? Full body ? Torso piernas ? ( Esta me atrae probarla ) o alguna otra ? Y ten\u00e9is alguna rutina por ah\u00ed que os haya dado buen resultado ? Mi objetivo es hipertrofia . Muchas gracias ! ! !", "date": "2019-01-28 11:14:07"}, {"id_message": 30208401222, "message": "Sabes de alguna rutina buena ? ? ?", "date": "2019-01-28 15:43:16"}, {"id_message": 16368069136, "message": "Para estar 1 hora en el gym no mas", "date": "2019-01-28 15:43:57"}, {"id_message": 14415943493, "message": "Gracias kaske ! Probar\u00e9 otras formas y ver\u00e9 resultado", "date": "2019-01-29 12:14:58"}, {"id_message": 15796426333, "message": "Hola gente , de la p\u00e1gina de HSN me recomend\u00e1is prote\u00edna de suero de leche que sep\u00e1is que va muy bien ? Es la primera vez que pido en esa p\u00e1gina . Consider\u00e1is que es bueno que lleve case\u00edna ? Nunca la he tomado pero oigo cosas buenas de ella . La quiero sabor neutro y lo m\u00e1s pura posible . Muuuuuchas gracias de antemano ! !", "date": "2019-02-26 11:24:31"}, {"id_message": 59013802685, "message": "Claro esa es la cosa", "date": "2019-02-26 11:49:59"}, {"id_message": 99564236859, "message": "Que si sab\u00edais de alguna que supierais que va bien", "date": "2019-02-26 11:50:16"}, {"id_message": 91073745134, "message": "Esa es la que ten\u00eda en mente", "date": "2019-02-26 11:50:59"}, {"id_message": 84808397536, "message": "Para que vale el c\u00f3digo ? Me sale el mismo importe su que pone aplicado correctamente", "date": "2019-02-26 12:20:59"}, {"id_message": 78975032566, "message": "Pe\u00f1a he encontrado este", "date": "2019-03-04 12:25:57"}, {"id_message": 47972955282, "message": "Que tal lo veis ?", "date": "2019-03-04 12:26:02"}, {"id_message": 98815014053, "message": "Es la primera vez que compr\u00f3 k\u00e9fir", "date": "2019-03-04 12:26:17"}, {"id_message": 1538829216, "message": "Que cantidad hay que tomarse ?", "date": "2019-03-04 12:26:41"}, {"id_message": 4420457867, "message": "Os le\u00ed que hay que tomarlo en ayunas y sin acompa\u00f1ar de nada no ?", "date": "2019-03-04 12:26:58"}, {"id_message": 84681432839, "message": "En Mercadona no , un s\u00faper de esquina", "date": "2019-03-04 13:06:21"}, {"id_message": 50822450930, "message": "Y es en ayunas y sin comer nada m\u00e1s con el no ?", "date": "2019-03-04 13:07:12"}, {"id_message": 34233055030, "message": "Y las de HSN ? Me acabo de comprar 2 kilos \ud83d\ude48", "date": "2019-03-09 18:14:07"}, {"id_message": 19215929093, "message": "Al contrario , si lo que dices es as\u00ed yo lo agradezco", "date": "2019-03-09 18:21:29"}, {"id_message": 58221346825, "message": "Hola por las ma\u00f1anas despu\u00e9s de tomar un k\u00e9fir en ayunas cuanto tiempo tiene que pasar para desayunar ? ? ?", "date": "2019-03-16 15:00:12"}, {"id_message": 22135307924, "message": "Pero no s\u00e9 supone que hay que tomarlo en ayunas para que haga mejor la asimilacion de sus nutrientes sin meterle nada m\u00e1s ? ?", "date": "2019-03-16 15:38:43"}, {"id_message": 29843138312, "message": "Y ya despu\u00e9s pues desayunar y eso , entonces por saber qu\u00e9 tiempo tiene que pasar", "date": "2019-03-16 15:39:22"}, {"id_message": 72995619827, "message": "Yo es que ten\u00eda pensado tomarme el k\u00e9fir en ayunas y pasada una media hora o 1 hora tomarme ya mi desayuno de mi s\u00e1ndwich de crema de cacahuete con jam\u00f3n de pavo y mi batido de leche , pl\u00e1tano , avena y espinacas", "date": "2019-03-16 16:22:33"}, {"id_message": 99575823516, "message": "Ese es el que tengo yo", "date": "2019-03-16 16:22:49"}, {"id_message": 78648418023, "message": "Y la pregunta era porque no sab\u00eda si era mejor esperar a que hiciera su efecto el k\u00e9fir y ya entonces desayunar despues", "date": "2019-03-16 16:23:46"}, {"id_message": 77782961777, "message": "Genial , a ver si tiene suerte y aprueba", "date": "2019-03-16 16:24:10"}, {"id_message": 57862453662, "message": "Al principio cuesta horrores pero ahora mismo ya me he acostumbrado y entra solo ... y el batido que te digo pufff", "date": "2019-03-16 16:25:03"}, {"id_message": 50307594825, "message": "No veas para que pase eso padentro pero es que es la \u00fanica manera de meterle vegetales al cuerpo ... no me gustan de ninguna manera \ud83d\ude48", "date": "2019-03-16 16:25:43"}, {"id_message": 90712427934, "message": "Yo o en batidoo o nada", "date": "2019-03-16 16:26:59"}, {"id_message": 37384861551, "message": "As\u00ed que al d\u00eda me meto 150gr en 2 veces de espinacas", "date": "2019-03-16 16:27:16"}, {"id_message": 79268023697, "message": "La mitad de la bolsa del Mercadona esa jajajaja", "date": "2019-03-16 16:27:37"}, {"id_message": 52597156378, "message": "Hola cu\u00e1l es un buen alimento para tomarse por la noche justo antes de dormir porque te da hambre o bien te levantas de madrugada y quieres atracar el frigo ? ?", "date": "2019-03-19 23:31:41"}, {"id_message": 66307347197, "message": "Chicos que opin\u00e1is de esto ?", "date": "2019-03-29 15:10:36"}, {"id_message": 75904467924, "message": "Es tan bueno como dicen ?", "date": "2019-03-29 15:10:44"}, {"id_message": 24465482092, "message": "He le\u00eddo que la case\u00edna es un buen preentreno ... Yo solo me tomo 3 gr de creatina en el preentreno con agua unos 30 minutos antes de empezar ... Lo ves buena opci\u00f3n para mejorar mi preentreno esa cuajada del Aldi mezclado con la creatina ? Con 30 minutos antes es suficiente ? ? Gracias ! ! !", "date": "2019-04-27 13:17:56"}, {"id_message": 63242055819, "message": "Entonces mejor para despu\u00e9s de cenar antes de irse a dormir ?", "date": "2019-04-27 13:56:39"}, {"id_message": 9119950381, "message": "Para la creatina meclada", "date": "2019-05-15 19:24:15"}, {"id_message": 57343144052, "message": "Alguno en especial que t\u00fa tomes ? Porque seguro que me pillo uno que este proceso o no sea del todo bueno", "date": "2019-05-16 00:53:48"}]