[{"id_message": 9250538326, "message": "Joer para que despu\u00e9s digan que los que van al gimnasio no leen \ud83e\udd2a", "date": "2019-05-15 13:42:12"}, {"id_message": 16393864509, "message": "Nunca me gusto el grupo musical de los Stones Pero admito que es admirable como parece que no pasan los a\u00f1os para ellos o si pero se mantienen siempre en forma", "date": "2019-05-15 23:50:32"}, {"id_message": 62027904921, "message": "Tranquila es pura prote\u00edna \ud83d\ude0e", "date": "2019-05-15 23:51:22"}, {"id_message": 23719782369, "message": "La gran mayor\u00eda de esas chicas fit de instagram tiene pareja", "date": "2019-05-16 00:10:50"}, {"id_message": 70808732138, "message": "Pero a ver eso de la personalidad etc es verdad pero de primeras te entra el f\u00edsico y si uno tiene un poco la autoestima tocada por lo que sea siempre se echar\u00e1 atr\u00e1s al ver una chica exuberante ya que siempre pensar\u00e1 que sus posibilidades son - 0", "date": "2019-05-16 00:14:08"}, {"id_message": 37927523897, "message": "Pero liz yo te lo digo desde la perspectiva del chico inseguro", "date": "2019-05-16 00:16:59"}, {"id_message": 74796571267, "message": "Saben aquel que diu ... \ud83e\udd73", "date": "2019-05-16 00:18:21"}, {"id_message": 44619750568, "message": "Yo creo que los / las que vamos al gym queremos estar con alguien que se cuide etc Ojo no ser un cachotas \ud83d\udcaa\ud83c\udffd Igual me equivoco pero creo que si Y si miramos m\u00e1s el f\u00edsico pero es porque nosotros / as nos esforzamos en moldear nuestro f\u00edsico y sabemos lo que cuesta y quiz\u00e1s equivocadamente \u201c exigimos \u201d un m\u00ednimo", "date": "2019-05-16 00:24:03"}, {"id_message": 65213252266, "message": "Te creo pero es que para llegar a saber el nivel de inteligencia primero ves como es por fuera obviamente y si no te gusta del todo no dir\u00e1s \u201c voy a ver si es inteligente \u201d O si ..", "date": "2019-05-16 00:28:23"}, {"id_message": 59902813057, "message": "Yo veo incompatible 100 % un chico que solo est\u00e1 en el sof\u00e1 y comiendo doritos con una chica que va al gym y se cuida", "date": "2019-05-16 00:31:03"}, {"id_message": 86425300912, "message": "Porque la que se cuida llegar\u00e1 un momento que dir\u00e1 \u201c y este no se mueve y yo pal gym a matarme ? \u201d", "date": "2019-05-16 00:32:05"}, {"id_message": 19129848656, "message": "No pasa nada \ud83d\ude0e", "date": "2019-05-16 00:33:21"}, {"id_message": 12503547779, "message": "Pues liz es la excepci\u00f3n que confirma la regla", "date": "2019-05-16 00:33:56"}, {"id_message": 31727670042, "message": "Tienes raz\u00f3n ... pero yo si pienso que puede afectar pero es mi opini\u00f3n Que igual me equivoco", "date": "2019-05-16 00:40:22"}, {"id_message": 65921873634, "message": "Buenas noches voy a \ud83d\udca4", "date": "2019-05-16 00:46:38"}, {"id_message": 83784664594, "message": "Gracias Lu \ud83d\ude0e", "date": "2019-05-16 00:47:17"}, {"id_message": 68419372374, "message": "Buenos d\u00edas \ud83d\ude0e \ud83d\udc4d\ud83c\udffb \ud83d\udcaa\ud83c\udffd \ud83e\udd5e", "date": "2019-05-16 06:08:31"}, {"id_message": 32798977472, "message": "Bueno a\u00fan te queda 20 y pico minutos \ud83d\ude0e", "date": "2019-05-16 06:09:53"}, {"id_message": 53414817508, "message": "Pero despertad ! \ud83d\ude23 \ud83d\ude02", "date": "2019-05-16 08:00:51"}, {"id_message": 24239063897, "message": "Su \u00fanico truco es cambiar comida de verdad por batidos Y gym claro", "date": "2019-05-16 19:54:29"}, {"id_message": 83888473791, "message": "Buenos d\u00edas \ud83e\udd5e", "date": "2019-05-17 07:33:35"}, {"id_message": 77399052394, "message": "A full \ud83e\udd18\ud83c\udffb \ud83d\udcaa\ud83c\udffd", "date": "2019-05-18 12:58:31"}, {"id_message": 65178109355, "message": "Si no est\u00e1 Bnet no hay nivel", "date": "2019-05-18 18:53:49"}, {"id_message": 86169751197, "message": "Ya pero mola rapeando", "date": "2019-05-18 18:55:15"}, {"id_message": 21310085186, "message": "Yo tambi\u00e9n voy ahora con unas agujetas pa morir \ud83d\ude02", "date": "2019-05-19 11:36:25"}, {"id_message": 81916315964, "message": "Muchas chicas fit est\u00e1n operadas O al menos parece la moda", "date": "2019-05-19 15:22:29"}, {"id_message": 8678933547, "message": "Por p\u00e9rdida de grasa tambi\u00e9n", "date": "2019-05-19 15:29:06"}, {"id_message": 92350221042, "message": "\ud83e\udd28", "date": "2019-05-19 18:52:10"}, {"id_message": 62291307671, "message": "Dios vaya cuerpo \ud83d\ude05", "date": "2019-05-20 08:18:07"}, {"id_message": 79005882686, "message": "\ud83d\udcaa\ud83c\udffd \ud83d\udcaa\ud83c\udffd", "date": "2019-05-20 09:50:10"}, {"id_message": 91366564064, "message": "Todo lo hiciste t\u00fa ?", "date": "2019-05-24 12:58:15"}, {"id_message": 95551411756, "message": "Esa pulsera azul es como la que tengo yo", "date": "2019-05-24 13:53:28"}, {"id_message": 18170814515, "message": "Est\u00e1s m\u00e1s guapo ahora \ud83d\ude3b", "date": "2019-05-24 16:35:30"}, {"id_message": 30716359394, "message": "Ahora enserio los pechos si se notan", "date": "2019-05-24 16:35:59"}, {"id_message": 5354158145, "message": "Y el brazo tambi\u00e9n", "date": "2019-05-24 16:36:26"}, {"id_message": 62025633568, "message": "Dale que la noche es joven \ud83e\udd73", "date": "2019-06-22 01:12:02"}]