[{"id_message": 6360160316, "message": "Os tengo que comunicar", "date": "2019-05-02 12:03:03"}, {"id_message": 7338790445, "message": "Me volver\u00e9 a operar", "date": "2019-05-02 12:03:11"}, {"id_message": 26095423398, "message": "Despu\u00e9s del verano , lo mas seguro", "date": "2019-05-02 12:10:38"}, {"id_message": 59175707673, "message": "En este v\u00eddeo se ve la piel", "date": "2019-05-02 12:21:37"}, {"id_message": 59982554925, "message": "31 cumplidos el 29 de abril jaja", "date": "2019-05-02 12:21:52"}, {"id_message": 50995349372, "message": "En noviembre tengo cita con el cirujano", "date": "2019-05-02 12:23:45"}, {"id_message": 8151828491, "message": "No s\u00e9 qu\u00e9 corte me har\u00e1", "date": "2019-05-02 12:23:52"}, {"id_message": 93329009214, "message": "S\u00ed solo uno horizontal", "date": "2019-05-02 12:24:11"}, {"id_message": 5679410478, "message": "O horizontal y vertical", "date": "2019-05-02 12:24:20"}, {"id_message": 58037270772, "message": "Por si quiere ver m\u00e1s fotos", "date": "2019-05-02 12:25:57"}, {"id_message": 50446541760, "message": "Muchas gracias chicos por vuestras palabras \u2764 \ufe0f \ud83e\udd70", "date": "2019-05-02 13:24:03"}, {"id_message": 67939764573, "message": "4 a\u00f1os y medio y dos operaciones de piel del a\u00f1o pasado", "date": "2019-05-02 13:24:38"}, {"id_message": 50477432194, "message": "Muchas gracias kaske , es mutuo \u2764 \ufe0f", "date": "2019-05-02 23:46:16"}, {"id_message": 41652248365, "message": "C\u00f3mo lo veis chicos", "date": "2019-05-12 10:46:32"}, {"id_message": 68968887273, "message": "La cara no se entrena \ud83d\ude05 \ud83d\ude02", "date": "2019-05-20 18:29:26"}, {"id_message": 44007037685, "message": "Que quieres saber @USER", "date": "2019-05-20 18:51:29"}, {"id_message": 10546507463, "message": "Yo no entreno abs", "date": "2019-05-20 18:54:30"}, {"id_message": 42943517824, "message": "D\u00e9ficit cal\u00f3rico y cardio", "date": "2019-05-20 18:54:47"}, {"id_message": 68911732532, "message": "Cuando haces sentadillas , peso muerto y miles de ejercicios m\u00e1s ... Ya los fortaleces", "date": "2019-05-20 18:55:32"}, {"id_message": 86348895773, "message": "Yo pens\u00e9 que no me saldr\u00edan despu\u00e9s de la operaci\u00f3n jajaja", "date": "2019-05-20 18:56:27"}, {"id_message": 75021809263, "message": "No hice ni uno jajaja", "date": "2019-05-20 18:56:36"}, {"id_message": 70779690002, "message": "Son feos los m\u00edos", "date": "2019-05-20 19:02:01"}, {"id_message": 45285367071, "message": "Y a\u00fan tengo que pegar m\u00e1s la piel", "date": "2019-05-20 19:02:07"}, {"id_message": 26933643874, "message": "Para que se noten m\u00e1s", "date": "2019-05-20 19:02:11"}, {"id_message": 11330177544, "message": "Ya ver\u00e1s \ud83d\ude01", "date": "2019-05-20 19:02:22"}, {"id_message": 50719158308, "message": "Hay que mejorar esta versi\u00f3n", "date": "2019-05-20 19:03:41"}, {"id_message": 83201723666, "message": "Ahora estoy en volumen", "date": "2019-05-20 19:03:45"}, {"id_message": 83533197240, "message": "Sub\u00ed ya casi 5 kg jaja", "date": "2019-05-20 19:03:53"}, {"id_message": 94898614330, "message": "Pesimista nos volvemos todos . Todos tenemos nuestros d\u00edas ! Pero ah\u00ed es cuando tienes que ser m\u00e1s fuerte que nunca y demostrar la diferencia", "date": "2019-05-20 19:54:35"}, {"id_message": 24062525524, "message": "Vamos as\u00ed con 6 semanas de volumen", "date": "2019-05-31 07:44:13"}, {"id_message": 24407571796, "message": "Yo te doy un consejo , para m\u00ed te faltar\u00edan mas de dos kg para perder . Apretar mucho m\u00e1s . Cuanto m\u00e1s apretes , luego vas a comer mucho m\u00e1s y ser\u00e1 distinto .", "date": "2019-05-31 08:58:06"}, {"id_message": 646461824, "message": "Gracias . \u2764 \ufe0f", "date": "2019-05-31 09:57:43"}, {"id_message": 46171469848, "message": "Estoy contento c\u00f3mo van evolucionando las piernas", "date": "2019-06-01 01:31:55"}, {"id_message": 52085466485, "message": "Gracias kaske \u2764 \ufe0f", "date": "2019-06-01 01:32:39"}, {"id_message": 61125680655, "message": "Muchas gracias chicos , seguimos \ud83d\udcaa \ud83d\udcaa", "date": "2019-06-07 22:22:29"}, {"id_message": 43829116596, "message": "No puedo esperar a ma\u00f1ana \ud83d\ude2d \ud83d\ude2d", "date": "2019-06-08 01:15:49"}, {"id_message": 83402246143, "message": "Es para ma\u00f1ana \ud83e\udd2a \ud83e\udd2a", "date": "2019-06-08 01:17:26"}, {"id_message": 75068664441, "message": "Esta en la nevera", "date": "2019-06-08 01:17:33"}, {"id_message": 81698955178, "message": "Todos tenemos un amigo jaja", "date": "2019-06-09 23:27:54"}, {"id_message": 6233997122, "message": "De hoy , el mejor ejercicio para b\u00edceps", "date": "2019-06-10 00:15:53"}, {"id_message": 85063523223, "message": "Gracias chicos \u2764 \ufe0f", "date": "2019-06-10 01:39:33"}, {"id_message": 48059944801, "message": "Hay que mejorar siempre", "date": "2019-06-10 01:39:38"}, {"id_message": 60101366088, "message": "Cada uno es libre de pensar lo que quiera . Para muchos parecer\u00e9 un payaso haciendo poses , un cre\u00eddo , un prepotente . Para m\u00ed , que es lo que realmente me importa , es la forma de ver si mejoro o no . Un corredor de maratones ve el reloj para ver si mejora , yo me veo al espejo .", "date": "2019-06-11 23:38:25"}, {"id_message": 91475136532, "message": "Primera vez que lo hago , que tal la t\u00e9cnica ?", "date": "2019-06-13 22:13:03"}, {"id_message": 17751162788, "message": "A\u00fan tengo mucho que practicar , que tal veis la pose , m\u00e1s o menos ?", "date": "2019-06-14 23:36:33"}, {"id_message": 98305725794, "message": "si mirais esta publicaci\u00f3n este chico tiene un tama\u00f1o normal , y al lado de 2 t\u00edos flacos no est\u00e1 m\u00e1s grande que ellos apenas", "date": "2019-06-17 12:42:47"}, {"id_message": 72434427773, "message": "Cualquier usuario con una gen\u00e9tica media que utilice aas al lado de sus amigos flacos parecer\u00e1 un gorila", "date": "2019-06-17 12:42:47"}, {"id_message": 9440115938, "message": "Para mi si puede ser natural perfectamente , las fotos donde la persona sale sola no suelen reflejar la realidad", "date": "2019-06-17 12:43:12"}, {"id_message": 40978703614, "message": "Vivan las vacaciones para desconectar !", "date": "2019-07-14 23:18:29"}, {"id_message": 71251699219, "message": "Por si os vale a alguno", "date": "2019-07-16 10:13:14"}]