[{"id_message": 11710291533, "message": "necesito que me ayuden", "date": "2022-01-19 04:15:38"}, {"id_message": 81046857525, "message": "tuve un atrac\u00f3n y me siento muy mal", "date": "2022-01-19 04:15:46"}, {"id_message": 80843233989, "message": "algunos tips para hacer ayuno ?", "date": "2022-01-19 04:15:55"}, {"id_message": 64509758252, "message": "ya llevo tiempo tomando agua para llenarme pero ya no me funciona", "date": "2022-01-19 04:16:10"}, {"id_message": 31775035447, "message": "oigan a ustedes les pasa que por d\u00edas pueden estar tranquilas y comer sin culpa y sin necesidad de restringir o vomitar ?", "date": "2022-01-27 04:37:20"}, {"id_message": 50964685900, "message": "llevo tres d\u00edas sin hacer alguna conducta compensatoria y ya me espant\u00e9 porque subir\u00e9 de peso :( (", "date": "2022-01-27 04:37:47"}, {"id_message": 53416905102, "message": "s\u00ed s\u00ed pero no s\u00e9 es muuuy raro porque he hecho todas mis comidas y no me siento mal o con culpa :( (", "date": "2022-01-27 04:40:57"}, {"id_message": 86499683629, "message": "tengo cita con la nutri\u00f3loga el martes y estoy segura que sub\u00ed de peso , ademas creo que por los s\u00edntomas premenstruales estoy teniendo mas antojos y hambre :(", "date": "2022-01-27 04:42:18"}, {"id_message": 54256224690, "message": "hay que hacer un reto de ayuno-ejercicio , plis", "date": "2022-01-27 04:54:55"}, {"id_message": 17589973200, "message": "\ud83d\ude29", "date": "2022-01-27 04:54:58"}, {"id_message": 71528796918, "message": "Hola ! Oigan estoy de for\u00e1nea ahorita en Ciudad de M\u00e9xico y me da mucho miedo subir de peso", "date": "2022-02-10 04:30:01"}, {"id_message": 25184897585, "message": "he salido con amigas y as\u00ed y he comido muy mal", "date": "2022-02-10 04:30:10"}, {"id_message": 59002364183, "message": "pero tmb me da culpa dejar que la comida se desperdicie", "date": "2022-02-10 04:30:26"}, {"id_message": 66074720327, "message": "siento que estoy perdiendo el control", "date": "2022-02-10 04:30:33"}, {"id_message": 60546404601, "message": "y me da miedo :( ( (", "date": "2022-02-10 04:30:38"}, {"id_message": 91312160471, "message": "voy a subir 1000 kilos", "date": "2022-02-10 04:30:47"}, {"id_message": 90902993230, "message": "saben c\u00f3mo controlar la ansiedad ? \ud83d\ude2d", "date": "2022-02-10 04:30:57"}]