[{"id_message": 46648389083, "message": "Pues yo ten\u00eda hace un tiempo la duda de si el Omega 3 serv\u00eda que son unas pastillas para bajar de peso ...", "date": "2020-11-03 00:19:13"}, {"id_message": 38871093716, "message": "Vale , gracias por responderme la duda \ud83d\ude0a \ud83d\udc4d", "date": "2020-11-03 21:39:28"}, {"id_message": 15710947056, "message": "Mi d\u00eda a d\u00eda", "date": "2020-11-09 02:38:18"}, {"id_message": 97115979072, "message": "Jajajaj que creativo lo de ponerle otro nombre \ud83d\ude02", "date": "2020-11-18 22:40:05"}, {"id_message": 93481584696, "message": "Puedes retractar el voto", "date": "2021-01-29 19:06:43"}, {"id_message": 33979426863, "message": "Haz mejorado mucho desde la \u00faltima vez \ud83d\udc4f \ud83e\udd73", "date": "2021-03-20 06:23:53"}, {"id_message": 17733361325, "message": "\ud83d\ude31 \ud83d\ude31 \ud83d\ude31", "date": "2021-05-25 19:33:40"}, {"id_message": 93815077920, "message": "no puedes disimular en plan estoy bien no tengo nada solo me preocupo por comer saludable y hacer ejercicio ? est\u00e1s bajo peso o tienes la garganta lastimada de vomitar ?", "date": "2021-06-28 22:36:30"}, {"id_message": 24674386296, "message": "Enserio la ves gorda ? :|", "date": "2021-07-09 09:29:21"}, {"id_message": 86060489803, "message": "creo que da hambre", "date": "2021-09-03 02:54:48"}, {"id_message": 58055370032, "message": "son muy malos , cuando los utilizas mucho hacen que tu metabolismo se vuelva lento", "date": "2021-11-04 17:41:37"}, {"id_message": 37410637940, "message": "muy buenos tus tips :)", "date": "2022-01-26 03:18:33"}, {"id_message": 7733587391, "message": "por qu\u00e9 no empiezas reduciendo poco a poco las cantidades y haciendo ejercicio diario ?", "date": "2022-02-21 19:33:58"}, {"id_message": 14575830345, "message": "vete sino te gusta", "date": "2022-03-07 00:37:17"}]