[{"id_message": 43214188327, "message": "si dejo de comer y vuelvo a comer no puedo pararr", "date": "2022-01-06 01:37:25"}, {"id_message": 86633439360, "message": "\u00bf Cuanto tiempo llevas as\u00ed ?", "date": "2022-01-06 01:39:40"}, {"id_message": 19163098814, "message": "yo quiero vomitar pero solo con el hecho que me escuchen me aterra", "date": "2022-01-06 01:40:25"}, {"id_message": 53576497512, "message": "\u00bf cu\u00e1ntas veces comen al d\u00eda ?", "date": "2022-01-06 01:48:22"}, {"id_message": 93190059114, "message": "por lo que veo algunas solo desayunan o almuerzan", "date": "2022-01-06 01:48:47"}, {"id_message": 42837968295, "message": "y has visto cambios ? ?", "date": "2022-01-06 01:57:09"}, {"id_message": 36437723369, "message": "yo tengo bastante busto y cuando me pongo ropa floja me veo m\u00e1s gorda \ud83d\ude3f \ud83d\ude3f", "date": "2022-01-06 01:58:18"}, {"id_message": 78332494926, "message": "yo hoy comi 4 galletas y un mango con pollo , no puedo ni vomitar porque esta ocupado el ba\u00f1o \ud83d\ude22", "date": "2022-01-06 02:17:33"}, {"id_message": 54541373465, "message": "cuanto se podra bajar sin comer por 3 semanas ? haha", "date": "2022-01-06 19:38:32"}, {"id_message": 52493083428, "message": "m urge \ud83d\ude2d", "date": "2022-01-06 19:38:40"}, {"id_message": 57657979994, "message": "ya lo debes de serr", "date": "2022-01-06 21:42:12"}, {"id_message": 47397949648, "message": "\u00bf qu\u00e9 es lo que quieres hacer para ser perfectaa ?", "date": "2022-01-06 21:42:30"}, {"id_message": 80618534597, "message": "tal vez no contesten , pero por alg\u00fan comentario que hicieron sobre su cuerpo quieren bajar de peso . \u00bf Cu\u00e1l fue ?", "date": "2022-01-07 19:18:53"}, {"id_message": 89783428923, "message": "\u00bf cu\u00e1nto pesas ahorita ?", "date": "2022-01-07 19:21:45"}, {"id_message": 79498088635, "message": "yo he intentado dejar de comer pero es tan dif\u00edcil , mi mam\u00e1 hace poco se entero y todas las ma\u00f1anas me levanta para comer yo lo meto en las bolsas de short mientras se va luego lo tiro pero aquella ansiedad por comer y comer no se quita se controlarme pero a\u00fan no del todo", "date": "2022-01-07 19:23:13"}, {"id_message": 88722201788, "message": "hey , felicidades has bajado bastante sigue as\u00ed", "date": "2022-01-07 19:23:43"}, {"id_message": 30050673487, "message": "yo solo he podido bajar 4kg , estaba en 58 ahora en 54 pero a veces me da por comer y bajo y subo", "date": "2022-01-07 19:24:40"}, {"id_message": 44088568484, "message": "pero en el cuarto d\u00eda me sentia super d\u00e9bil", "date": "2022-01-07 20:04:30"}, {"id_message": 1183622100, "message": "me tome un vaso de caf\u00e9 y estuve mejor", "date": "2022-01-07 20:04:54"}, {"id_message": 79251645979, "message": "holaa , lo m\u00e1s recomendable es que busques ayuda y creeme que todas / os estamos en la misma entonces no podriamos ayudarte mucho pero animo , ojal\u00e1 lo logres \ud83d\udc97", "date": "2022-01-08 02:46:45"}, {"id_message": 8560018396, "message": "no me deja escribirte al privadoo", "date": "2022-01-09 22:48:07"}, {"id_message": 44202810636, "message": "hablarles y as\u00ed hacer que se distraigan o en una que se volteen esconderla en vaso o servilleta , tambi\u00e9n lo que te alcanze puedes acomodarlo en tu boca y luego escupirlo o luego de comer te ba\u00f1as y vomitas con el agua no se escuchara", "date": "2022-01-10 03:48:23"}, {"id_message": 15790582886, "message": "oigaan si pasa 20 minutos despu\u00e9s de comer puedo vomitar todo ? ? ?", "date": "2022-01-16 20:27:31"}, {"id_message": 43206617858, "message": "no s\u00e9 si te ayude pero a veces es por la posici\u00f3n", "date": "2022-01-21 15:29:09"}, {"id_message": 38099723802, "message": "si lo haces sentada en el sentido de que por ejemplo solo te sentas en la taza del ba\u00f1o costara un poco m\u00e1s", "date": "2022-01-21 15:29:46"}, {"id_message": 58703246070, "message": "oigan , el martes es mi cumple y ese d\u00eda saldre con mi novio a comer comida china pero el fin ire con unos amigos a bailar tengo miedo de tomar de m\u00e1s o comer de m\u00e1s , ayuda ):", "date": "2022-02-05 21:24:17"}, {"id_message": 28846099024, "message": "aqu\u00ed son las 2:24 pm no hab\u00eda comido en 2 d\u00edas , me fui a comprar una ensalada tra\u00eda pepino , tomate , lechuga y zanahoria , no me la termine toda", "date": "2022-02-05 21:26:13"}, {"id_message": 83655614304, "message": "2 jugos de naranja y 1 bolsa de rosquillas :(", "date": "2022-02-05 21:26:27"}, {"id_message": 16589581935, "message": "me queda algo socado", "date": "2022-02-05 21:27:44"}, {"id_message": 37580501249, "message": "estoy pesando ahorita 107.5 libras , si ayuno desde hoy hasta el martes creen que baje ?", "date": "2022-02-05 21:29:27"}, {"id_message": 44092653046, "message": "ojal\u00e1 no tenga efecto rebote", "date": "2022-02-05 21:29:37"}, {"id_message": 22886158492, "message": "de igual manera ir\u00e9 a caminar para caminar unas 300 calorias", "date": "2022-02-05 21:30:41"}, {"id_message": 37158213127, "message": "y luego ire a pesarme , tendria que ir a una farmacia ya que a\u00fan no tengo mi bascula , aqu\u00ed esta a $ 36 as\u00ed que en estos d\u00edas la compro", "date": "2022-02-05 21:31:44"}, {"id_message": 20673738331, "message": "sii , cuando vengo a mi casa vengo rojisima aqu\u00ed el sol es horrible", "date": "2022-02-05 21:32:41"}, {"id_message": 53322182269, "message": "si subo de peso me voy a desanimar un monto\u00f3n", "date": "2022-02-05 21:33:36"}, {"id_message": 42245225504, "message": "si ando ganas de cancelarle a mi novio por eso", "date": "2022-02-05 21:33:49"}, {"id_message": 68842520991, "message": "sii , por eso quiere que vayamos a comer", "date": "2022-02-05 21:35:09"}, {"id_message": 27221885948, "message": "al menos que lo haga", "date": "2022-02-05 21:35:13"}, {"id_message": 23960256842, "message": "y luego lo vomite", "date": "2022-02-05 21:35:20"}, {"id_message": 28073446321, "message": "llevo tiempo sin vomitar la \u00faltima vez me costo un mont\u00f3n", "date": "2022-02-05 21:35:34"}, {"id_message": 79045930608, "message": "definitivamente no vuelvo a comer as\u00ed", "date": "2022-02-05 22:42:09"}, {"id_message": 19646063537, "message": "ayer pesaba 107.5 ahorita fui a pesarme y peso 108", "date": "2022-02-05 22:42:30"}, {"id_message": 71473665511, "message": "pero si ni comi mucho", "date": "2022-02-05 22:42:44"}, {"id_message": 77874227885, "message": "solo una ensalada y unas rosquillas", "date": "2022-02-05 22:42:54"}, {"id_message": 99661302523, "message": "saben alguna aplicaci\u00f3n en donde se puede ver hasta los huesos ? ? ?", "date": "2022-02-19 05:11:35"}, {"id_message": 90019390701, "message": "tienen alguna cuenta de netflix que me presten ? solo es para verla porque me salen muchos videos en tik tok y me mata la curiosidad ya que igual dicen que dan tips haha", "date": "2022-02-19 05:16:58"}, {"id_message": 18079998536, "message": "Aguant\u00e1 reina , no pienses en todo lo que queres comer , pens\u00e1 en todo el peso que vas a perder si AGUANTAS . Nunca te olvides de esas prendas de ropa que tanto te gustan y que ves en las vidrieras de las tiendas puestas en maniqu\u00edes con un lind\u00edsimo cuerpo , si AGUANTAS , va a quedarte igual alg\u00fan d\u00eda . AGUANT\u00c1 por vos , por todas las veces que te sentiste inc\u00f3moda siendo la persona m\u00e1s gorda en un lugar , por las veces que viste la diminuta panza de tu amiga y deseaste ser como ella . AGUANT\u00c1 . Solo ten\u00e9s que hacer eso , no consumas harinas , no consumas az\u00facares y JAM\u00c1S pases las 1000 calor\u00edas . Hac\u00e9 ejercicio , VOS PODES . Y creeme , lo vas a agradecer cada vez que te veas al espejo y recuerdes lo fuerte que sos .", "date": "2022-03-04 15:17:29"}, {"id_message": 50559390126, "message": "c\u00f3mo as\u00ed ? ? com\u00edas poco y lo vomitabas ? ?", "date": "2022-05-21 03:51:41"}, {"id_message": 26001541362, "message": "y qu\u00e9 comias ? un ejemplo bellaaa", "date": "2022-05-21 04:10:31"}, {"id_message": 27137185038, "message": "yes ! luego cuando se andan restringiendo tanto cuando comen pierden el control y viene el ciclo de atrac\u00f3n luego entrar a la bulimia y aumentan muy r\u00e1pido por el efecto rebote", "date": "2022-05-24 02:30:36"}]