[{"id_message": 13678265140, "message": "Despu\u00e9s de una d\u00e9cada en gimnasio estoy plante\u00e1ndome empezar a hacer el m\u00edo en casa , que cre\u00e9is que es lo m\u00e1s necesario", "date": "2019-05-23 21:42:58"}, {"id_message": 28497449221, "message": "Hab\u00eda pensado dos mancuernas , barra , banco multiposicion , estructura para dominadas y dos poleas laterales y jaula , nose si hay alg\u00fan aparato que unifique estas dos \u00faltimas en solo una", "date": "2019-05-23 21:43:20"}, {"id_message": 94548884556, "message": "Exacto eso me refer\u00eda \ud83d\udc4d", "date": "2019-05-24 02:29:19"}, {"id_message": 65788497888, "message": "Eso lo echar\u00e9 en falta , la familia que se crea en seg\u00fan que horarios y el ambiente . Veremos como va la prueba de fuego", "date": "2019-05-24 02:32:50"}, {"id_message": 14825660955, "message": "Mucho peor son los hombres que dicen no tomo suplementos porque no me quiero poner como swacheneger", "date": "2019-05-26 13:03:45"}, {"id_message": 4074231104, "message": "No ser\u00eda la primera vez que escucho lo de : yo voy light que tampoco me quiero pasar con medio a\u00f1o pisando un gym \ud83d\ude02", "date": "2019-05-26 13:08:19"}, {"id_message": 87962316174, "message": "Hablar de tetas siempre es agradable no hace falta que lo justifiques", "date": "2019-05-26 13:20:49"}, {"id_message": 72245305486, "message": "\ud83e\udd24 \ud83e\udd24 \ud83e\udd24 Receta ?", "date": "2019-05-26 15:10:03"}, {"id_message": 58261547875, "message": "Lo siento llevo un par de d\u00edas \ud83d\ude33 \ud83d\ude02 \ud83d\ude02", "date": "2019-05-26 15:13:25"}, {"id_message": 35577986004, "message": "Sufro de v\u00e9rtigos y cervicales ocasionalmente y puedo decir que entrenar me va muy bien cuando veo que voy a pasar mala noche", "date": "2019-05-26 21:13:22"}, {"id_message": 85831448226, "message": "Supongo que se acumulan ah\u00ed los nervios y es mi soluci\u00f3n quemarlo en los hierros", "date": "2019-05-26 21:13:58"}, {"id_message": 14469101566, "message": "Obviamente sin entrenar hombros ese d\u00eda y dominadas si veo que no sufrir\u00e9 despu\u00e9s", "date": "2019-05-26 21:17:07"}, {"id_message": 97127374500, "message": "+ 1 mi peso muerto no me lo quita naide los lunes", "date": "2019-05-27 11:07:08"}, {"id_message": 5910855848, "message": "Que gozo ver hoy las bancas compartidas y la jaula libre", "date": "2019-05-27 11:08:31"}, {"id_message": 8034474970, "message": "Hoy quemas toda la energ\u00eda de ayer y listo \ud83d\udcaa", "date": "2019-05-27 11:09:42"}, {"id_message": 85568340897, "message": "Con toda la hambre que llego de currar", "date": "2019-05-27 15:10:28"}]