[{"id_message": 56950724999, "message": "Bien , pregunta : Alguien sabe como quitar un dolor de cuello o sea Torticolis tras un entrenamiento de pesas intenso ?", "date": "2019-04-18 16:40:55"}, {"id_message": 85607924927, "message": "Pregunta : Alguien sabe como quitar un dolor de cuello o sea Torticolis tras un entrenamiento de pesas intenso ? \ud83e\udd15", "date": "2019-04-18 16:43:10"}, {"id_message": 49123454352, "message": "agua tibia , agua fria ?", "date": "2019-04-18 16:43:46"}, {"id_message": 32428269165, "message": "en estos momentos no tengo alguien asi conmigo para un masaje , y comprar un foam roller tomaria dias en mi pais ( Cuba ) , lo que necesito si alguien me puede decir , como yo mismo puedo quitar ese dolor ya que hoy tengo entrenamiento pesado y me toca trabajar espalda , o sea una solucion que ueda hacer desde hoy , desde ahora .", "date": "2019-04-18 16:50:07"}, {"id_message": 93382647422, "message": "\ud83d\ude2c no puede ser", "date": "2019-04-18 16:52:25"}, {"id_message": 1485796623, "message": "eso es lo que voy hacer", "date": "2019-04-18 16:53:22"}, {"id_message": 18139912194, "message": "\ud83d\udd25 calor creo que vendr\u00e1 bien .", "date": "2019-04-18 16:53:53"}, {"id_message": 39881273689, "message": "creo que ademas de los vegetales y todo lo demas que son buenos claro , lo son de gran importancia las carnes , todas , aun no entiendo porque hay gente que no comen carne , incluso deportistas de alto rendimiento", "date": "2019-04-18 17:36:07"}, {"id_message": 2622164802, "message": "establece bien tu plan , concentrate en las calorias y proteinas que debes consumir al dia y no te dejes llevar por la tentacion y el sabor de los azucares , hoy en el mercado existen muchos tipos de suplementos con los mismos sabores que las galletas y esas chuches , suplementos dise\u00f1ados para que subas de peso muscular y rindas mas en el gym , son una buena opcion .", "date": "2019-04-18 17:46:01"}, {"id_message": 2811991837, "message": "Me refiero a las Proteinas de Suero de Leche ( wheyProtein ) y demas .", "date": "2019-04-18 17:46:50"}, {"id_message": 31164412672, "message": "\ud83d\udcaa \ud83d\ude09", "date": "2019-04-18 17:51:10"}, {"id_message": 74303925444, "message": "las barras son buenisimas", "date": "2019-04-18 19:30:41"}, {"id_message": 10734705158, "message": "no , solo de un lado , fue del trainer de ayer que hubo un poco mas de peso de lo normal , e hice un mal gesto parece ..", "date": "2019-04-18 20:37:23"}, {"id_message": 65252618930, "message": "entonces , para concretar , al momento de la lesion es frio", "date": "2019-04-18 20:41:57"}, {"id_message": 75430831807, "message": "despues del entrenamiento caliente ?", "date": "2019-04-18 20:42:09"}, {"id_message": 34872089650, "message": "es entrenamiento con pesas", "date": "2019-04-18 20:42:21"}, {"id_message": 70375309288, "message": "\ud83d\udcaf", "date": "2019-04-18 20:43:06"}, {"id_message": 1910285907, "message": "ya , vale .. que me recomiendas tengo entrenamiento ahora a las 7pm y todavia al girar el cuello hacia la derecha siento un peque\u00f1o dolorcito pero nada comparado como estaba por la ma\u00f1ana , hoy tengo un plan de espalda con triceps , tendre q dejar pasar el dia x alto ?", "date": "2019-04-18 20:48:13"}, {"id_message": 75966691935, "message": "si me hecho el balsamo y entreno ?", "date": "2019-04-18 20:48:47"}, {"id_message": 20502986944, "message": "dioooos alguna motivacion o algo asi para el Leg day , algo asi como una cancion f\u00fanebre o algo XD", "date": "2019-04-24 20:52:25"}, {"id_message": 2336678244, "message": "\ud83e\udd23 \ud83e\udd23 \ud83e\udd23 tambien yo", "date": "2019-04-25 19:01:41"}, {"id_message": 49870148821, "message": "alobato 86 de donde eres ?", "date": "2019-04-25 19:07:19"}, {"id_message": 72037464834, "message": "pence q era el otro cubano aca", "date": "2019-04-25 19:08:56"}, {"id_message": 55065008495, "message": "jajjaaja si tiene cosas buenas muy buenas", "date": "2019-04-25 19:09:50"}, {"id_message": 6828535126, "message": "asi como que mas te gusto ?", "date": "2019-04-25 19:10:48"}, {"id_message": 89810478578, "message": "Pregunta : Si una persona tiene las piernas Arqueadas hacia afuera tendra repercuciones malas a la hora de entrenar con peso ?", "date": "2019-04-29 17:49:16"}, {"id_message": 96789549688, "message": "una loteriaa ? ? ? en serio", "date": "2019-04-29 18:07:49"}, {"id_message": 91221319134, "message": "alguien me puede explicar porq", "date": "2019-04-29 18:08:07"}, {"id_message": 99706042966, "message": "digo ... ponerle peso igualmente tienen que aumentar de tama\u00f1o como cualquier musculo no ?", "date": "2019-04-29 18:26:24"}, {"id_message": 7602502183, "message": "681 ! ! mensajes .. ponganme al tanto se\u00f1ores", "date": "2019-05-02 22:45:09"}, {"id_message": 21704700216, "message": "y con esto se puede construir musculos ? ? ? jaja yo creo que no", "date": "2019-05-02 22:45:51"}, {"id_message": 45500547049, "message": "ahh bueno pero tu quieres bajar de peso no ?", "date": "2019-05-02 22:46:55"}, {"id_message": 83902215990, "message": "( La comunidad me conoce por hacer tantas reguntas \ud83d\ude02 ) ... Mi pregunta es la siguiente : Estas en una etapa de construir musculos , tienes tus medidas , te organizas , tienes tu plan ... ahora ... sin tocar ningun tema acerca de suplementos digase Whey P , Creatina , etc , porque en mi pais es un poco dificil conseguirlos ( Cuba ) como le haces para planificar la dieta teniendo en cuenta de que el cubano promedio y digo casi todos comemos arroz y frijoles en todas las comidas y aca mi problema , cuando llego del gym a las 9PM ceno casi a las 10:30- 11:00 PM y me levanto por la ma\u00f1ana sin hambre y muy lleno , y esto creo que me esta dejando una barriga que ya no me la veo ... que deberia hacer ? Quitar un porciento de arroz en las cenas ? Quitarlo definitivamente ? ... OJO ESTOY DANDO 1 MILLON AL QUE ME AYUDE", "date": "2019-05-02 22:57:46"}, {"id_message": 28415411322, "message": "Genteee aiiuudaaa \ud83d\udc46 \ud83d\udc46 \ud83d\udc46", "date": "2019-05-02 22:58:24"}, {"id_message": 35954144142, "message": "jaja no men eso no importaa solo necesito ese consejo bro , que harian ustedes", "date": "2019-05-02 22:59:44"}, {"id_message": 88641075540, "message": "Gente que tiempo llevan haciendo ejercicios ? ?", "date": "2019-05-07 17:07:05"}, {"id_message": 13403597970, "message": "Rick y morty alguien sabe cuando a sacan XD", "date": "2019-05-13 16:29:01"}]