[{"id_message": 70383313327, "message": "ya he terminado la parte que est\u00e1 en negrita jajaja para el tema de proteina li\u00e9 una curiosa", "date": "2019-07-29 15:11:29"}, {"id_message": 6075615211, "message": "la grasa engorda si se almacena no ?", "date": "2019-07-29 15:20:28"}, {"id_message": 64459233312, "message": "en plan si llegas a tus kcal diarias no tiene por que", "date": "2019-07-29 15:20:47"}, {"id_message": 23566402658, "message": "lo de jay es otro nivel ...", "date": "2019-07-29 17:33:28"}, {"id_message": 48253266755, "message": "y hace como 10 a\u00f1os que no compite ...", "date": "2019-07-29 18:04:32"}, {"id_message": 63118935189, "message": "el otro tiene cerca de 40 tacos si no los tiene ya y a sido mr olympia \ud83d\ude02", "date": "2019-07-29 18:30:19"}, {"id_message": 39134579524, "message": "el bodybuilding de antes se asemeja mas al mens physique de ahora que a la categoria misma", "date": "2019-07-29 18:38:56"}, {"id_message": 36091478568, "message": "clarisimamente \ud83d\ude02", "date": "2019-07-29 21:49:04"}, {"id_message": 31402693823, "message": "@USER desde que ha comprado los rav 4 no quiere saber nada de nadie jajaja", "date": "2019-07-29 22:44:22"}, {"id_message": 76551233919, "message": "@USER aun pone procesando el pedido", "date": "2019-07-30 15:27:53"}, {"id_message": 18412463225, "message": "la virgen no tardan na", "date": "2019-07-30 15:27:59"}, {"id_message": 8664351271, "message": "fite con lo salao que soy", "date": "2019-07-30 15:45:50"}, {"id_message": 36445282096, "message": "por lo menos que por las molestias metan un shaker o algo", "date": "2019-07-30 15:46:19"}, {"id_message": 915500723, "message": "pero te han enviado el mensaje como que esta en reparto ?", "date": "2019-07-30 15:50:05"}, {"id_message": 2297462658, "message": "ami ni eso \ud83d\ude02", "date": "2019-07-30 15:50:48"}, {"id_message": 16578259003, "message": "cerquita de casa siempre y que tenga un pocl de todo", "date": "2019-07-30 19:36:19"}, {"id_message": 6343204021, "message": "tendr\u00e1 quizas una tolerancia mayor a la cafeina", "date": "2019-07-30 19:37:15"}, {"id_message": 27958160778, "message": "y no es lo mismo decir puaf tengo que coger el coche buscar aparcamiento ir a entrenar ... que decir voy andando al gym que esta aqui al lado", "date": "2019-07-30 20:38:52"}, {"id_message": 32551192872, "message": "si lleva extra de queso es mas anabolica \ud83d\ude02", "date": "2019-07-30 23:21:50"}, {"id_message": 6537749442, "message": "el libro he hecho una marca de agua que solo por eso ya merece ser ojeado \ud83d\ude02", "date": "2019-07-31 00:09:24"}, {"id_message": 39754408734, "message": "yo lo veo carisimo para lo que es", "date": "2019-07-31 08:24:12"}, {"id_message": 37485641410, "message": "30 \u20ac por un multivitaminico \ud83d\ude25", "date": "2019-07-31 08:24:30"}, {"id_message": 4247915289, "message": "pero pillalo en polvo si quieres comprarlo , en pastillas vienen muy grandes que si no te gusta el tema de las pastillas vas a estar un poco incomodo", "date": "2019-07-31 08:26:00"}, {"id_message": 4158595890, "message": "ojala entre esta vez", "date": "2019-07-31 13:30:36"}, {"id_message": 23384151665, "message": "a dejarme los huevos voy", "date": "2019-07-31 13:30:42"}, {"id_message": 56008190627, "message": "la marca universal esque es increible", "date": "2019-07-31 15:09:24"}, {"id_message": 85184185070, "message": "y antes venian mucho mas cargados sus productos", "date": "2019-07-31 15:09:38"}, {"id_message": 29804028597, "message": "Buenos dias chic @s tengo una duda curiosa", "date": "2019-08-01 09:25:42"}, {"id_message": 81312118259, "message": "var\u00eda el % de proteina en polvo en funcion del sabor ?", "date": "2019-08-01 09:26:23"}, {"id_message": 46973334248, "message": "me a resultado curioso la vd", "date": "2019-08-01 09:56:56"}, {"id_message": 49670278297, "message": "eso si que es una roca y no la de matalasca\u00f1as", "date": "2019-08-01 13:51:46"}, {"id_message": 42374350846, "message": "y mas que Lu ... \ud83d\ude02 \ud83d\ude02 \ud83d\ude02", "date": "2019-08-01 14:27:21"}, {"id_message": 70131557768, "message": "mas pecho , no mas tetas", "date": "2019-08-01 14:31:22"}, {"id_message": 25912873602, "message": "mas musculo si , mas grasa en esa zona no", "date": "2019-08-01 14:31:55"}, {"id_message": 91556393027, "message": "chic @s necesito opinion sobre los maps", "date": "2019-08-01 14:34:01"}, {"id_message": 95761193369, "message": "son tan milagrosos como dicen ?", "date": "2019-08-01 14:34:08"}, {"id_message": 63580018253, "message": "jajajaja la suerte es para los que no se esfuerzan", "date": "2019-08-03 09:34:09"}, {"id_message": 4383600802, "message": "si te lo has currado tarde o temprano te va a llegar", "date": "2019-08-03 09:34:38"}, {"id_message": 77244813962, "message": "yo soy fan de las roshe run", "date": "2019-08-03 12:54:32"}, {"id_message": 15404548709, "message": "para el tema de semana santa y demas que son muchas horas de pie vienen perfectas", "date": "2019-08-03 12:55:15"}, {"id_message": 65868465533, "message": "cuanto es \" bararita \" para ti \ud83d\ude02 \ud83d\ude02", "date": "2019-08-03 14:22:51"}, {"id_message": 15066153046, "message": "Chic @s donde puedo buscar info", "date": "2019-08-04 10:23:13"}, {"id_message": 77539285236, "message": "sobre la carga y descarga de hidratos", "date": "2019-08-04 10:23:21"}, {"id_message": 42967258610, "message": "algun canal / documentos / webs que podais recomendar ?", "date": "2019-08-04 10:23:48"}, {"id_message": 23072446884, "message": "por que lo dices ?", "date": "2019-08-04 11:51:58"}, {"id_message": 89011279535, "message": "nooo , de las que tiene no es ninguna", "date": "2019-08-04 17:40:16"}, {"id_message": 12583731089, "message": "acaba de hablarme una marca para patrocinarme \ud83d\ude02 \ud83d\ude02", "date": "2019-08-05 09:18:27"}, {"id_message": 35859147940, "message": "y me ven el insta 3 gatos", "date": "2019-08-05 09:18:37"}, {"id_message": 96553356922, "message": "me van a enviar como 2 botes as\u00ed de gratis y tengo que subirlo a todos lados y decir que es lo mejor de lo mejor", "date": "2019-08-05 09:20:19"}, {"id_message": 39376122254, "message": "y es una caca", "date": "2019-08-05 09:20:32"}]