[{"id_message": 93033892023, "message": "Amigos estoy quitando el pan de la dieta , qu\u00e9 sustitutivos us\u00e1is ?", "date": "2019-04-20 03:53:47"}, {"id_message": 56580593689, "message": "Te har\u00e9 caso , me est\u00e1 costando porque me gusta mucho el pan", "date": "2019-04-20 04:41:27"}, {"id_message": 6407503934, "message": "M\u00e1s bien h\u00e1bitos saludables , 1,86 y 83 kg estoy", "date": "2019-04-20 05:01:27"}, {"id_message": 47819852036, "message": "Hombre con la altura se puede hacer uno una idea , actualmente quiero ganar m\u00fasculo , estoy haciendo rutina full body a ver qu\u00e9 tal", "date": "2019-04-20 05:09:24"}, {"id_message": 85451211002, "message": "Si , en esa lucha estoy , y no es f\u00e1cil , sobre todo cuando sale uno de casa", "date": "2019-04-20 05:12:01"}, {"id_message": 9516874685, "message": "Se\u00f1ores , en qu\u00e9 momentos os soleis comer los frutos secos , pre , post o entre comidas ? Y cu\u00e1les son los que mas consum\u00eds ? A mi me pueden las almendras , anacardos y pistachos", "date": "2019-04-22 19:13:07"}, {"id_message": 80241001646, "message": "\ud83d\ude1c \ud83d\ude1c Gracias ! ! y Sand\u00eda ! Que la echaba de menos ! !", "date": "2019-04-23 17:31:16"}, {"id_message": 51986655188, "message": "Si ! ! No hab\u00eda terminado a\u00fan ! No suelo dejar nada ! \ud83d\ude0b", "date": "2019-04-23 17:39:26"}, {"id_message": 68501101124, "message": "Es la tercera comida ojo !", "date": "2019-04-23 17:43:26"}, {"id_message": 57761417880, "message": "Sii , ahora padel , f\u00fatbol luego pescado al llegar y si sigo despierto despu\u00e9s algo de ensalada !", "date": "2019-04-23 17:50:08"}, {"id_message": 55230980515, "message": "Depende de lo que quieras , yo hago 12 10 8 al fallo , es muy bien ejercicio", "date": "2019-04-26 12:24:47"}, {"id_message": 48253428430, "message": "Hola amigos , quiero en lo queda de semana hacer un peque\u00f1o bombardeo a loa biceps un dia , ya ver\u00e9 cu\u00e1l , no es un m\u00fasculo al que le dedique mucho tiempo , qu\u00e9 recomiedan ? Estoy en volumen ... ( 1,87 , 84 kg )", "date": "2019-05-15 19:17:04"}, {"id_message": 18200158179, "message": "Ah nono , solo quiero hacer un dia , solo ejercicios de biceps , no ser\u00edan 4 dias ...", "date": "2019-05-15 19:40:41"}, {"id_message": 11920568074, "message": "Siempre suelo meter un ejercicio de biceps al final de los entrenos ... pero ya estando agotado", "date": "2019-05-15 19:41:16"}, {"id_message": 97251629392, "message": "Y triceps , voy variando , hago rutina full body", "date": "2019-05-15 19:48:23"}, {"id_message": 93064915294, "message": "En funci\u00f3n de la incidencia que tiene los ejercicios que hago en biceps / triceps", "date": "2019-05-15 19:48:45"}, {"id_message": 52853159894, "message": "Amigos , recomiendan alg\u00fan ejercicio en concreto para el pectoral superior y la zona de las claviculas ? Tengo \u00e9stas muy marcadas y me gustar\u00eda llenarlas un poco ...", "date": "2019-05-16 01:48:00"}, {"id_message": 49879126622, "message": "Ma\u00f1ana mando que estoy en cama , trngo el pectoral inferior marcado pero el superior no", "date": "2019-05-16 01:52:35"}, {"id_message": 90151074785, "message": "@USER dime algo \ud83d\ude1c", "date": "2019-05-18 20:49:33"}, {"id_message": 38873657772, "message": "Te refieres al de esta \u00faltima foto ?", "date": "2019-05-18 20:52:36"}, {"id_message": 37863885604, "message": "No lo vi ! Disc\u00falpame , qu\u00e9 me dijiste ?", "date": "2019-05-18 22:09:13"}, {"id_message": 64933394189, "message": "Much\u00edsimas gracias ! De pecho hago pull over , banca plano y declinado con barra , inclinado con mancuernas y aperturas , todo ello repartido en cuatro dias de entrenamiento ( full body )", "date": "2019-05-18 22:34:17"}, {"id_message": 2875022353, "message": "Amigos , alguien me da una idea para proteger los dientes del soporte para las barras ?", "date": "2019-07-12 03:49:32"}, {"id_message": 72276655634, "message": "Osea eso , una goma o un pl\u00e1stico que se adapte a esa zona", "date": "2019-07-12 03:50:07"}, {"id_message": 99662554839, "message": "El tema es que cuando pongo las barras con mucho peso se quedan encajadas y cuesta sacarlas ...", "date": "2019-07-12 03:50:27"}, {"id_message": 34311398505, "message": "Chicos alg\u00fan consejo para sustituir la patata y el pan ? Con el pan estoy probando el de centeno , y con respecto a la patata ? Tengo costumbre de acompa\u00f1ar las comidas con patatas ...", "date": "2019-07-15 18:26:51"}, {"id_message": 11604985168, "message": "qu\u00e9 opin\u00e1is , yo como queso tierno casi todos los d\u00edas ...", "date": "2019-07-29 14:57:00"}]