[{"id_message": 64445989539, "message": "En cualquier momento del d\u00eda", "date": "2019-05-14 14:30:22"}, {"id_message": 66404342163, "message": "Lo importante es tomarla", "date": "2019-05-14 14:30:33"}, {"id_message": 88645038741, "message": "Desajuste de macros seguramente", "date": "2019-05-14 16:27:24"}, {"id_message": 31245958869, "message": "Pues que merienda m\u00e1s triste", "date": "2019-05-14 16:50:34"}, {"id_message": 97323276681, "message": "Espero que est\u00e9s de broma", "date": "2019-05-14 16:50:42"}, {"id_message": 89645156339, "message": "Yo tomo prote\u00edna y no compito", "date": "2019-05-14 20:35:31"}, {"id_message": 34879201606, "message": "La pesada de mi amiga Cris", "date": "2019-05-14 20:38:07"}, {"id_message": 63443556840, "message": "Que aproveche ib\u00e9rico \ud83d\udd96\ud83c\udffe", "date": "2019-05-14 20:59:42"}, {"id_message": 53892366193, "message": "Aqu\u00ed nos vamos a poner ib\u00e9ricas", "date": "2019-05-14 21:01:01"}, {"id_message": 8062632123, "message": "Buen consolador yo tengo uno de 30 cm", "date": "2019-05-14 21:03:57"}, {"id_message": 20927328338, "message": "Este tengo yo Cris", "date": "2019-05-14 21:06:20"}, {"id_message": 19811635273, "message": "Yo me lo meto entero jiji", "date": "2019-05-14 21:07:11"}, {"id_message": 43484002888, "message": "Yo la tengo m\u00e1s fuerte si", "date": "2019-05-14 21:08:14"}, {"id_message": 18268223444, "message": "Ya me conservo muy bien me echo crema anti arrugas del Lidl", "date": "2019-05-14 21:09:43"}, {"id_message": 52255107747, "message": "Pero vivo en Pontevedra si", "date": "2019-05-14 21:10:06"}, {"id_message": 72224783104, "message": "Y t\u00fa ? Te pregunt\u00e9 y t\u00fa respuesta fue : \" yo de @USER \"", "date": "2019-05-14 21:10:42"}, {"id_message": 89318744495, "message": "Pobre \ud83d\ude23", "date": "2019-05-14 22:08:28"}, {"id_message": 96533369791, "message": "Si a m\u00ed me gusta", "date": "2019-05-14 22:29:10"}, {"id_message": 37850050223, "message": "Yo lo hago el cuajo con leche reci\u00e9n orde\u00f1ada", "date": "2019-05-14 23:28:16"}, {"id_message": 92888145674, "message": "Yo las orde\u00f1o a mano en la granja de mi abuela", "date": "2019-05-14 23:32:00"}, {"id_message": 67278526971, "message": "Se me da muy bien", "date": "2019-05-14 23:32:12"}, {"id_message": 71682783434, "message": "Pongo a calentar la leche fresca con una pizca de sal hasta que llegue a los 54 grados . \u2013 Echo 6 gotas de cuajo en cada tarro . Y T\u00e1palos con papel de aluminio @USER", "date": "2019-05-14 23:38:31"}, {"id_message": 28655048251, "message": "Chi \ud83d\ude0a", "date": "2019-05-14 23:39:24"}, {"id_message": 39281381703, "message": "Yo le pille el tacto", "date": "2019-05-14 23:39:46"}, {"id_message": 66262071647, "message": "Prueba en comprar en una granja .", "date": "2019-05-14 23:46:05"}, {"id_message": 18180252643, "message": "Se me da muy bien orde\u00f1ar . Te puedo mandar leche", "date": "2019-05-14 23:51:13"}, {"id_message": 37301280319, "message": "Yo hago el paseo del pastor con barra hexagonal", "date": "2019-05-14 23:54:44"}, {"id_message": 84279474818, "message": "Gracias por las recomendaciones eres un sabio", "date": "2019-05-15 00:14:39"}, {"id_message": 91518611251, "message": "Yo me manejo sola leyendo llevo un a\u00f1o en este mundo .", "date": "2019-05-15 00:20:49"}, {"id_message": 93591638137, "message": "Wohh enhorabuena \ud83d\ude0d", "date": "2019-05-15 00:21:27"}, {"id_message": 51771699007, "message": "Me voy a tomar un l\u00e1cteo y me duermo ya", "date": "2019-05-15 00:55:37"}, {"id_message": 66274831719, "message": "Eso es para que cuaje", "date": "2019-05-15 00:55:53"}, {"id_message": 25617531036, "message": "A ti t gusta el cuajo ?", "date": "2019-05-15 01:01:14"}, {"id_message": 89302478655, "message": "Seguro que si lo has probado \ud83d\ude0f", "date": "2019-05-15 01:04:14"}, {"id_message": 19072883930, "message": "Jeje si de mi dependiera lo har\u00eda 2_3 veces pero al d\u00eda \ud83d\ude49", "date": "2019-05-15 10:42:49"}, {"id_message": 2716018559, "message": "C\u00f3mprate un dildo de 30 cm", "date": "2019-05-15 11:14:05"}, {"id_message": 44364330280, "message": "Haz como yo Leticia un dildo es tu mejor amigos le puedes poner incluso nombre \ud83d\udd96\ud83c\udffe", "date": "2019-05-15 11:17:05"}, {"id_message": 76967364230, "message": "T\u00fa eres de las mias que modelo usas ?", "date": "2019-05-15 11:19:55"}, {"id_message": 47891196473, "message": "Para m\u00ed es el mejor pre entreno", "date": "2019-05-15 11:21:00"}, {"id_message": 51037133738, "message": "Yo cuando follo antes del entrenamiento cojo m\u00e1s KGS en mi sesi\u00f3n \ud83d\udcaa\ud83c\udffd", "date": "2019-05-15 11:23:03"}, {"id_message": 88167790675, "message": "Eyacula en la boca", "date": "2019-05-15 11:26:48"}, {"id_message": 93842643421, "message": "Terminar fuera , en la boca es ideal el semen tiene buenas buenas propiedades", "date": "2019-05-15 11:31:45"}, {"id_message": 11659695546, "message": "Hola . Te han enga\u00f1ado este grupo no es de homosexuales", "date": "2019-05-15 11:37:31"}, {"id_message": 46248761106, "message": "Hola ! Ya que est\u00e1is con el tema ... Me han dicho que hay un grupo de homosexuales ? Ten\u00e9is el link ? \ud83d\ude05", "date": "2019-05-15 11:37:42"}, {"id_message": 6151090825, "message": "Si lo llego a saber no pas\u00f3 esta imagen", "date": "2019-05-15 11:41:13"}, {"id_message": 63107415383, "message": "El sexo es deporte ya que implica quemar calor\u00edas .", "date": "2019-05-15 11:42:04"}, {"id_message": 45469147864, "message": "Gracias \ud83d\udd96\ud83c\udffe", "date": "2019-05-15 11:42:23"}, {"id_message": 92670697784, "message": "Desde que entre ayer 4 menciones del grupo y todas suyas .", "date": "2019-05-15 11:43:43"}, {"id_message": 55785018641, "message": "Yo salgo del grupo no me gusta crear mal ambiente . Un saludo \ud83d\ude0a", "date": "2019-05-15 11:50:23"}]