[{"id_message": 75554343226, "message": "Hola soy nuevo y me gustar\u00eda saber c\u00f3mo hacerlo alguien me da unos consejos", "date": "2022-02-03 21:56:23"}, {"id_message": 5862940511, "message": "Es que \u00faltimamente me mir\u00f3 en el espejo y la verdad si me veo gordo", "date": "2022-02-03 21:57:47"}, {"id_message": 19701110859, "message": "He intentado vomitar con frecuencia y no puedo", "date": "2022-02-03 21:58:12"}, {"id_message": 89633673241, "message": "Estoy acostumbrado ha no comer mucho", "date": "2022-02-03 22:00:55"}, {"id_message": 96105700333, "message": "Y si es as\u00ed como lo hacen", "date": "2022-02-03 22:10:03"}, {"id_message": 78007425470, "message": "Es que hoy intente vomitar y no pude", "date": "2022-02-03 22:10:18"}, {"id_message": 1282833994, "message": "Cu\u00e9nteme por qu\u00e9 tuvieron anorexia y bulimia", "date": "2022-02-04 02:19:31"}, {"id_message": 38161485725, "message": "Entonces cu\u00e9ntenme por qu\u00e9 comenzaron", "date": "2022-02-04 02:22:41"}, {"id_message": 38609623874, "message": "Ustedes son perfectas tal y como est\u00e1n", "date": "2022-02-04 02:40:22"}, {"id_message": 64268950094, "message": "No tienen que pasar habr\u00e9 por qu\u00e9 crean que est\u00e1n gordas", "date": "2022-02-04 02:40:43"}, {"id_message": 53185159860, "message": "Por favor ustedes tambi\u00e9n vallan", "date": "2022-02-04 02:41:25"}, {"id_message": 91288393372, "message": "Yo tuve una amiga con trastornos alimenticios", "date": "2022-02-04 02:46:58"}, {"id_message": 95825251626, "message": "Y Vi como bajo de peso de una forma en la que me preocupe", "date": "2022-02-04 02:47:23"}, {"id_message": 37754552619, "message": "Me hicieron darme cuenta de eso", "date": "2022-02-04 02:48:24"}, {"id_message": 71992835448, "message": "Todo en la vida tiene soluci\u00f3n", "date": "2022-02-04 02:50:19"}, {"id_message": 31795626800, "message": "Todo lo \u00fanico para lo que no hay soluci\u00f3n es la muerte solo para eso no hay soluci\u00f3n", "date": "2022-02-04 02:51:01"}, {"id_message": 42883953974, "message": "Entonces quiero que piensen como comenz\u00f3 todo", "date": "2022-02-04 02:52:30"}, {"id_message": 47935601769, "message": "Perdonen por todas las molestias", "date": "2022-02-04 02:57:27"}, {"id_message": 98099235299, "message": "Si ustedes pueden busquen ayuda y si tambi\u00e9n quieren", "date": "2022-02-04 02:58:06"}, {"id_message": 91006782837, "message": "Que tengan buena vida y todas esas mierdas", "date": "2022-02-04 02:58:25"}, {"id_message": 78728176214, "message": "Mel literal fuiste la \u00fanica que me trat\u00f3 bien gracias", "date": "2022-02-04 02:58:54"}]