[{"id_message": 47768216008, "message": "este no es hamtaro", "date": "2019-06-16 02:11:50"}, {"id_message": 40022281118, "message": "es un plagio xino", "date": "2019-06-16 02:11:55"}, {"id_message": 56311338573, "message": "Ay que corcho con el t\u00edo Paco", "date": "2019-06-16 02:13:43"}, {"id_message": 62398520633, "message": "y kien ta dixo k no hago calistenia in da beach ?", "date": "2019-06-16 02:14:26"}, {"id_message": 51349875879, "message": "lo malo k yo no hago dieta", "date": "2019-06-16 02:17:13"}, {"id_message": 30428075544, "message": "tiene mas fuerza k yo cierto ?", "date": "2019-06-16 02:23:46"}, {"id_message": 67826620193, "message": "mira mi tableta mami", "date": "2019-06-16 02:24:18"}, {"id_message": 66688004911, "message": "los culturistas bebeis alcohol o es demasiado perjudicial", "date": "2019-06-16 02:25:24"}, {"id_message": 66664617502, "message": "voy a correr solo", "date": "2019-06-16 02:26:03"}, {"id_message": 66671085965, "message": "pa k tapas los azulejos del ba\u00f1o", "date": "2019-06-16 02:27:29"}, {"id_message": 82909192790, "message": "pero eso k tiene k ver con el culturismo", "date": "2019-06-16 02:29:15"}, {"id_message": 2704369162, "message": "yo he venido pa adiestrarme en el arte del culturismo", "date": "2019-06-16 02:31:23"}, {"id_message": 77315562243, "message": "pero kieren sacar mi vena troll", "date": "2019-06-16 02:31:29"}, {"id_message": 42571696361, "message": "@USER no esta deus vult aki", "date": "2019-06-16 02:32:35"}, {"id_message": 94409931432, "message": "si era la xaxa culturista oficial", "date": "2019-06-16 02:32:47"}, {"id_message": 16117957422, "message": "el de la cara destapada", "date": "2019-06-16 02:36:28"}, {"id_message": 51751382671, "message": "kien es el rey ?", "date": "2019-06-16 02:41:17"}, {"id_message": 90999138342, "message": "si os est\u00e1 baneando el bot", "date": "2019-06-17 17:58:14"}, {"id_message": 45669392351, "message": "si esos est\u00e1n jubilaos ya", "date": "2019-06-17 18:06:44"}, {"id_message": 64957540121, "message": "musculos around the world", "date": "2019-06-17 18:29:34"}, {"id_message": 31875647117, "message": "ligar con mozas cierto ?", "date": "2019-06-17 21:06:58"}, {"id_message": 616821059, "message": "ahora estan los preplayas", "date": "2019-06-17 21:08:22"}, {"id_message": 24591012913, "message": "k tiene toda la raz\u00f3n", "date": "2019-06-17 21:11:47"}, {"id_message": 81235473924, "message": "le dej\u00f3 mi like", "date": "2019-06-17 21:12:01"}]