[{"id_message": 82283918848, "message": "Suplementos alimenticios totalmente naturales .", "date": "2019-04-29 23:02:37"}, {"id_message": 55759752652, "message": "Un gusto estar con ustedes chicos ! ! ! \ud83d\ude0d \ud83d\ude31 \ud83d\udc8b \ud83e\udd29 \ud83e\udd29 \ud83e\udd29", "date": "2019-04-29 23:05:00"}, {"id_message": 67128954740, "message": "Es una p\u00e1gina donde venden productos para la", "date": "2019-05-04 00:13:21"}, {"id_message": 46155477584, "message": "Salud , totalmente naturales , e una tienda en l\u00ednea .", "date": "2019-05-04 00:13:57"}, {"id_message": 16371033880, "message": "Enfocados a la salud", "date": "2019-05-04 00:15:06"}, {"id_message": 42207587570, "message": "Es una tienda que he usado , hay productos muy buenos , a m\u00ed me han ayudado much\u00edsimo .", "date": "2019-05-04 00:15:42"}, {"id_message": 66508116673, "message": "Y se los quer\u00eda compartir .", "date": "2019-05-04 00:15:50"}, {"id_message": 36368068725, "message": "De qu\u00e9 pa\u00edses son amigos ?", "date": "2019-05-04 00:18:59"}, {"id_message": 95982332092, "message": "Y ya tienen buenos resultados . ?", "date": "2019-05-04 00:20:37"}, {"id_message": 15354334272, "message": "Esta es la p\u00e1gina amigo .", "date": "2019-05-04 00:20:51"}, {"id_message": 40852940948, "message": "Yo he hecho CROSSFIT , pero apenas me pasaron esta p\u00e1gina donde venden suplementos naturales que te da mucha energ\u00eda , y me ha permitido aguantar m\u00e1s las rutinas . \ud83d\udcaa", "date": "2019-05-04 00:22:30"}, {"id_message": 18939909402, "message": "Genial . Aqu\u00ed hace mucho calor .", "date": "2019-05-04 00:22:44"}, {"id_message": 93946616192, "message": "En eso tienes raz\u00f3n , el chico que me pas\u00f3 la p\u00e1gina me dijo que cada pa\u00eds tiene sus propios productos", "date": "2019-05-04 00:52:25"}, {"id_message": 28410318545, "message": "Aqu\u00ed en M\u00e9xico hay un producto que se llama Blue", "date": "2019-05-04 00:52:43"}, {"id_message": 63442965255, "message": "Me da much\u00edsima energ\u00eda , creo que por el guaran\u00e1 .", "date": "2019-05-04 00:53:14"}, {"id_message": 43172898205, "message": "Si es muy bueno , al menos a mi me ha dado byebos resultados y quise hacer mi aporte al grupo amigos .", "date": "2019-05-04 00:59:36"}, {"id_message": 21539537372, "message": "Siento que me ha dado mucha resistencia en mi organismo .", "date": "2019-05-04 01:51:45"}]