[{"id_message": 26798317183, "message": "No puedo ir a un gimnasio por que en agosto en mi pueblo todos cierran entonces me lo podrias calcular las o menos a una barra ?", "date": "2018-07-30 16:47:24"}, {"id_message": 70423376877, "message": "Que hay unas barras en el rio", "date": "2018-07-30 16:47:41"}, {"id_message": 65061564641, "message": "No es que quiera", "date": "2018-07-30 16:48:21"}, {"id_message": 65809439401, "message": "Es que hasta que no pase agosto no tengo otra", "date": "2018-07-30 16:48:30"}, {"id_message": 60962117429, "message": "Los gimnasios cierran todos", "date": "2018-07-30 16:48:36"}, {"id_message": 28775574172, "message": "En mi pueblo ( solo hay 2 osea ... )", "date": "2018-07-30 16:48:53"}, {"id_message": 55533743664, "message": "Bueno una cosilla mas", "date": "2018-07-30 16:50:33"}, {"id_message": 30538183900, "message": "Ademas de ser un pueblo", "date": "2018-07-30 16:50:43"}, {"id_message": 95864694735, "message": "Osea ahora mismo hacen 45 grados en la calle xD", "date": "2018-07-30 16:50:56"}, {"id_message": 39395138695, "message": "Solo puedo salir apartir de las 8", "date": "2018-07-30 16:51:03"}, {"id_message": 83460370115, "message": "Entonces alguna cosilla que se pueda en casa hasta esa hora ?", "date": "2018-07-30 16:51:33"}, {"id_message": 21235052716, "message": "Comprarme una mancuerna o algo ?", "date": "2018-07-30 16:51:46"}, {"id_message": 16378438740, "message": "De estas del dechatlon ?", "date": "2018-07-30 16:51:54"}, {"id_message": 42434993909, "message": "Vale pues solo una cosa mas", "date": "2018-07-30 16:52:36"}, {"id_message": 51004631617, "message": "No me interesa una dieta super estricta", "date": "2018-07-30 16:52:55"}, {"id_message": 91920124838, "message": "No me quiero poner como el hombre este que acaba de pasar la foto jajaja", "date": "2018-07-30 16:53:08"}, {"id_message": 72994167691, "message": "Solo estar de buen ver asecas", "date": "2018-07-30 16:53:14"}, {"id_message": 68771339717, "message": "Entonces los prohibido aparte de la pizza y los hidratos de carbono por la noche algo mas esta proibido ? XD", "date": "2018-07-30 16:53:55"}, {"id_message": 41188681930, "message": "No de aperitivos y eso no me gustan los dulces ni nada xD", "date": "2018-07-30 16:54:27"}, {"id_message": 23294010876, "message": "Vale osea que me coma lo que se comeria una cabra ? XD", "date": "2018-07-30 16:54:48"}, {"id_message": 43384695588, "message": "Es una filosofia un poco rara de ejercicio pero la pribare xD", "date": "2018-07-30 16:55:30"}, {"id_message": 9108883441, "message": "Si yo me e comprado pacena", "date": "2018-07-30 16:55:47"}, {"id_message": 58923525553, "message": "Que es aun mas sana que el azucar moreno", "date": "2018-07-30 16:55:55"}, {"id_message": 96530174588, "message": "La parte menos tratada y mas sana de la ca\u00f1a de azucar", "date": "2018-07-30 16:56:10"}, {"id_message": 4213494613, "message": "Va chicos pues muchas gracias jajaja", "date": "2018-07-30 16:56:55"}, {"id_message": 68466267781, "message": "Con los consejos que me disteis voy bastante bien", "date": "2018-08-15 18:02:29"}, {"id_message": 84536076530, "message": "E vuelto a recuperar mi forma y ahora estoy en proceso de mejorarla e vuelto a los 73 kg de 87 kg que pesaba", "date": "2018-08-15 18:03:04"}, {"id_message": 81623388741, "message": "Que va solo e recuperado el cuerpo estandar de persona normal jajajaja", "date": "2018-08-15 18:03:30"}, {"id_message": 58471161507, "message": "Ahora es cuando empezare a mejorarlo", "date": "2018-08-15 18:03:48"}, {"id_message": 40725184959, "message": "Pero hoy os vengo con otra duda", "date": "2018-08-15 18:03:59"}, {"id_message": 32677177785, "message": "Le comente a una amiga lo bien que me fue con vuestros consejos y me pidio que os preguntara", "date": "2018-08-15 18:04:18"}, {"id_message": 13164751132, "message": "Su situacion es distinta", "date": "2018-08-15 18:04:27"}, {"id_message": 58952975165, "message": "Ella es una chica de 1,65 aproximadamente", "date": "2018-08-15 18:04:43"}, {"id_message": 1399697090, "message": "Pero la chica no quiere dejar de estar gordita le gusta ser asi con sus curvas", "date": "2018-08-15 18:05:17"}, {"id_message": 88278718328, "message": "Como mucho quiere quedarse entre los 80 y 75", "date": "2018-08-15 18:05:32"}, {"id_message": 53841468324, "message": "Pero sobre todo quiere estilizar quitarase la barriga colgante y tonificar un poco pechos y gluteos", "date": "2018-08-15 18:06:21"}, {"id_message": 17962553924, "message": "Quiere ser una gordibuena para decirlo mal y pronto", "date": "2018-08-15 18:06:39"}, {"id_message": 77688886291, "message": "Entonces no sabia bien las pautas tiene que seguir para eso y os queria preguntar", "date": "2018-08-15 18:07:04"}, {"id_message": 89379332139, "message": "A bueno eso es importante", "date": "2018-08-15 18:07:28"}, {"id_message": 58244762284, "message": "No es que tenga bastante grasa", "date": "2018-08-15 18:07:37"}, {"id_message": 71010635570, "message": "Tiene pero tiene mas liquido", "date": "2018-08-15 18:07:44"}, {"id_message": 42960909691, "message": "Y quiere quemar ese liquido", "date": "2018-08-15 18:07:51"}, {"id_message": 25504533714, "message": "Eso como se hace ?", "date": "2018-08-15 18:07:57"}, {"id_message": 89474688038, "message": "Por que de echo me dijo mira toca tal", "date": "2018-08-15 18:08:24"}, {"id_message": 75518516959, "message": "Y la barriga no era algo duro de grasa", "date": "2018-08-15 18:08:33"}, {"id_message": 78281393832, "message": "Si no mas bien como un blandiblu", "date": "2018-08-15 18:08:42"}, {"id_message": 8081489195, "message": "Pero creo que va siendo mas el liquido lo que le hace tener la barriga que la grasa", "date": "2018-08-15 18:09:23"}, {"id_message": 27471066353, "message": "Tambien vi una cosa que se llama cola de caballo", "date": "2018-08-15 18:09:46"}, {"id_message": 71668232937, "message": "Pero no me fio mucho", "date": "2018-08-15 18:09:52"}, {"id_message": 96260322267, "message": "No quiere bajar peso quiere estilizar", "date": "2018-08-15 18:11:31"}]