[{"id_message": 26820834595, "message": "Hola ! Ana Actual 54 Meta 45 Edad 20", "date": "2022-04-13 09:07:16"}, {"id_message": 57276753176, "message": "Me pod\u00e9is pasar el enlace del grupo de verdad ?", "date": "2022-04-13 10:33:24"}, {"id_message": 88202060401, "message": "Aaaaah vale de acuerdo", "date": "2022-04-13 10:37:11"}, {"id_message": 17050682604, "message": "Adem\u00e1s que cuando hay mucha gente la mitad no habla", "date": "2022-04-13 10:38:31"}, {"id_message": 20341453106, "message": "Uf yo no he visto el reportaje entero pero que putadon", "date": "2022-04-13 10:39:55"}, {"id_message": 66386336252, "message": "Claro tiene ue ser dif\u00edcil de encontrar para gente de fuera pero f\u00e1cil para los de dentro", "date": "2022-04-13 10:41:58"}, {"id_message": 64405392159, "message": "Rulo esta en recovery ? ?", "date": "2022-04-13 10:44:04"}, {"id_message": 64562297613, "message": "Que fuerte , no ten\u00eda ni idea", "date": "2022-04-13 10:45:07"}, {"id_message": 1875958702, "message": "Es de las m\u00e1s antiguas", "date": "2022-04-13 10:45:13"}, {"id_message": 23397661168, "message": "Vosotros hac\u00e9is lo de la pulsera ?", "date": "2022-04-13 16:13:03"}, {"id_message": 80867617547, "message": "Es que yo llevo una roja siempre en la mano izquierda por Ana , pero me han dicho que va en la derecha", "date": "2022-04-13 16:13:22"}, {"id_message": 52248741482, "message": "Hola , no suelo haver estas cosas pero me han quitado mi cuenta de ig de 300 seguidores y estoy buscando a las cuentas de la comunidad . Es @USER", "date": "2022-04-14 13:04:54"}, {"id_message": 55480053537, "message": "Se puede decir m\u00e1s alto pero no m\u00e1s claro \ud83d\udc4f \ud83d\udc4f \ud83d\udc4f", "date": "2022-04-14 19:58:57"}, {"id_message": 34991724393, "message": "Exacto , por mucha madurez que creas que tengas estas en crecimiento y te vas a joder bien si sigues con esto . Pide ayuda por favor", "date": "2022-04-14 20:01:57"}, {"id_message": 89634296156, "message": "Si es jodido tener tca m\u00e1s a\u00fan siendo menor", "date": "2022-04-14 20:02:15"}, {"id_message": 61667467503, "message": "Y que cuanto m\u00e1s restrinjas m\u00e1s atracones vas a tener , y eso se te puede ir de las manos", "date": "2022-04-14 20:49:43"}, {"id_message": 43887438772, "message": "Te confundes con caquexia", "date": "2022-04-14 20:57:04"}, {"id_message": 9278104325, "message": "A ver la diferencia entre la anorexia y la bulimia es q las personas con anorexia suelen estar en peso tirando abajo y las otras m\u00e1s bien alto", "date": "2022-04-14 20:59:43"}, {"id_message": 95605332673, "message": "No me lo he inventado , me lo dijo mi psic\u00f3loga que es especialista", "date": "2022-04-14 20:59:56"}, {"id_message": 97840951155, "message": "Vamos que da clases de un m\u00e1ster sobre los tca", "date": "2022-04-14 21:00:08"}, {"id_message": 46170238232, "message": "Caquexia es un estado cl\u00ednico de desnutrici\u00f3n severa", "date": "2022-04-14 21:01:07"}, {"id_message": 29178831819, "message": "Yo soy t\u00e9cnico de laboratorio", "date": "2022-04-14 21:02:57"}, {"id_message": 1894979985, "message": "Pero ahora estoy estudiando veterinaria", "date": "2022-04-14 21:03:05"}, {"id_message": 33387403123, "message": "Uff yo no paro de mandar el cv pero nadie quiere a una estudiante", "date": "2022-04-14 21:03:38"}, {"id_message": 65645602539, "message": "Y mira que pido los horarios de noche y fines de semana", "date": "2022-04-14 21:03:47"}, {"id_message": 77452219164, "message": "Oye que tal est\u00e1is ?", "date": "2022-05-01 21:28:57"}, {"id_message": 14471681749, "message": "M\u00eda es la gente con bulimia , y Ana anorexia", "date": "2022-05-02 06:59:16"}, {"id_message": 10843487552, "message": "Ojo con el estereotipo de que las personas con tca est\u00e1n delgadas", "date": "2022-05-02 07:42:43"}, {"id_message": 63270939034, "message": "Me est\u00e1 entrando un ataque de ansiedad y necesito hablar", "date": "2022-05-06 17:04:14"}, {"id_message": 21615428256, "message": "Tengo un nudo en la garganta y me duele much\u00edsimo el pecho", "date": "2022-05-06 17:05:44"}, {"id_message": 28552639577, "message": "Y no me viene nada bien pq en 1:30 horas tengo que coger un tren", "date": "2022-05-06 17:06:05"}, {"id_message": 75036541411, "message": "Me voy a mi casa y no quiero preocupar a mis padres , adem\u00e1s que el viaje dura 3 joras", "date": "2022-05-06 17:06:32"}, {"id_message": 12285658218, "message": "Me he tomado la pastilla de la ansiedad hace un rato", "date": "2022-05-06 17:06:45"}, {"id_message": 8841969804, "message": "Me duele much\u00edsimo el pecho", "date": "2022-05-06 17:06:53"}, {"id_message": 43995586642, "message": "Me duele cada vez que respiro", "date": "2022-05-06 17:07:40"}, {"id_message": 57599024117, "message": "No se si deber\u00eda ir al medico", "date": "2022-05-06 17:08:20"}, {"id_message": 40923861773, "message": "Pero he vomitado antes y no quiero que lo note", "date": "2022-05-06 17:08:31"}, {"id_message": 43448952241, "message": "Uf esta subiendo mi compi de habitaci\u00f3n", "date": "2022-05-06 17:08:53"}, {"id_message": 71120690172, "message": "Estoy sentada , me cuesta respiraf", "date": "2022-05-06 17:09:55"}, {"id_message": 25712907623, "message": "Al fi al fui a urgencias , me trataron fatal y me dieron u a pastilla que me ha dejado s\u00faper drogada", "date": "2022-05-06 21:08:57"}, {"id_message": 89955525419, "message": "Me sigue doliendo el pecho y la varga ta , pero menos", "date": "2022-05-06 21:09:13"}, {"id_message": 54650231614, "message": "Absolutamente nda , solo me dio la pastilla", "date": "2022-05-07 14:21:24"}, {"id_message": 36485723506, "message": "Pero tienes el peso muy bajo ?", "date": "2022-05-07 21:47:25"}, {"id_message": 86728942253, "message": "Si eres nueva no te metas , en serio", "date": "2022-05-10 18:29:48"}, {"id_message": 85653191629, "message": "Una vez q entras no puedes salir", "date": "2022-05-10 18:29:54"}, {"id_message": 57217694753, "message": "Carta de Ana Hola , me presentar\u00e9 . Tengo diferentes nombres , los m\u00e9dicos me llaman anorexia pero t\u00fa , s\u00ed t\u00fa , puedes llamarme Ana soy tu amiga aunque apenas nos conozcamos . \u00bf Empiezas a preocuparte por tu f\u00edsico ? Eres muy joven \u00bf No te parece ? \u00bf Por qu\u00e9 crees que el f\u00edsico importa tanto para encajar ? \u00bf Es por eso que quieres ser un poco m\u00e1s delgada ? O tal vez porque te molestan por ser gorda o tambi\u00e9n podr\u00eda ser porque buscas la perfecci\u00f3n o ser aceptada por los dem\u00e1s \u2026 \u00a1 No puedes hablar de esto con nadie ! Con nadie que no sea como nosotras , yo soy perfecta y quiero ayudarte a ti a serlo , pero tienes que poner de tu parte , ya que una vez que me meto en tu vida nunca voy a salir de ella . Siempre me amaras y respetar\u00e1s mis reglas para alcanzar la perfecci\u00f3n , si no lo cumples ser\u00e1s una gorda , una gorda que nadie acepte . Y cuidado con nombrarme con tus padres porque har\u00e1n todo para alejarnos , ellos dicen que soy mala pero no es as\u00ed , yo solo quiero ayudar a mis princesas , a mis hermosas princesas . Empezar\u00e1s con verte en el espejo y no sentirte bien contigo misma , te sientes \u2026 \u00bf Fea ? \u00bf Esa es la palabra ? Fea y gorda . Fea , gorda y sola , los gordos comen comida insana \u00bf No ? Tu tambi\u00e9n la comias \u00bf Quieres seguir siendo como esos gordos horrendos ? No , \u00bf verdad ? Dejemos la comida insana . Aqu\u00ed es cuando piensas \u201c No ya no comer\u00e9 eso , no quiero engordar mas \u201d Pero tu madre te compra helado , te compra frituras y tu piensas \u201c Bueno hoy sera el ultimo d\u00eda , a partir de ma\u00f1ana comenzar\u00e9 \u201d Pero no , al otro d\u00eda ocurre lo mismo y piensas en la misma frase . Esto sigue hasta el d\u00eda en que te ves en el espejo y muy decepcionada de ti , te dir\u00e9 \u201c Eres una gorda , no puedes con nada , no lo resistes , no muestras fuerzas de voluntad . Ya no seras mi amiga y ser\u00e1s para siempre una gorda asquerosa , vaca fea y sola \u201d No eso no te gusta , \u00bf verdad ? Mejor empecemos en serio , ahora s\u00ed decimos \u201c No mam\u00e1 no quiero , no vuelvas a comprarme eso ya no me gusta , gracias \u201d Ya por fin \u00a1 Fuera comida insana ! ya no te molestar\u00e1 . Empezar\u00e1s a buscar en internet dietas para bajar de peso en poco tiempo , ya estas harta de ser una gorda . Buscaras la manera de bajar tu panza , tus lonjas , tu grasa que te sobra y te da asco . Pero comer\u00e1s sano o al menos lo intentaras \u2026 Pasar\u00e1 un tiempo en el cual de verdad no comer\u00e1s comida basura y comes cosas sanas . Pero cuando te pesas ah\u00ed hay un problema \u2026 \u00a1 No bajaste absolutamente nada \u00a1 Sigues siendo la foca de antes ! \u00bf Te puedo decir algo ? \u00bf Qu\u00e9 es lo que te hace engordar ? La comida , S\u00cd , la comida . Por lo tanto la comida es mala , es veneno . Las princesas deben de odiar la comida , debes odiarla como tu y tus hermanas . Pero Ana piensa que es mala , es cierto que lo es . Pero muchos en nuestra vida nos confunden y dicen que es buena , no lo es . Pero por desgracia no podemos vivir sin ella , as\u00ed que mejor comamos lo menos que podamos , \u00bf s\u00ed ? \u201c Mam\u00e1 dame poco \u201d Comes y te sientes mal , sientes que fallaste . Pero bueno si no comias ibas a desmayarte . Queremos ser princesas , no pacientes de un hospital . Cada d\u00eda comer\u00e1s menos y te obsesionaras m\u00e1s y m\u00e1s ; y cada d\u00eda mucho m\u00e1s . Ya somos una , somos dos en un mismo cuerpo . Ya form\u00f3 parte de ti . Empiezas con ejercicio , ejercicio que cada d\u00eda se vuelve m\u00e1s pesado y m\u00e1s doloroso . Puede que empieces con 15 abdominales , pasar\u00e1n a 30 , luego 50 y terminar\u00e1s haciendo 500 por d\u00eda . Buscaras videos , contaras las calor\u00edas . Te pesaras cada d\u00eda , cada hora sin sentir mejora alguna . Es m\u00e1s , cuando te veas en el espejo , aunque seas flaca \u2026 Te har\u00e9 ver como lo que en verdad eres , una gorda . \u00bf Qu\u00e9 hago con la comida ? Mi mam\u00e1 empieza a sospechar . P\u00eddele m\u00e1s , p\u00eddele chatarra , pero NI QUE SE TE OCURRA COMERLO . Lo guardaras en una bolsa , lo esconder\u00e1s y cuando nadie te vea lo tiraras , fin del asunto . Comer\u00e1s menos , una vez al d\u00eda , tomaras mucha agua y masticaras chicles sin az\u00facar . Te lavaras los dientes muy seguido . Empiezo a notar diferencia en la b\u00e1scula \u201c \u00a1 Eh bajado 5 kilos en menos de un mes ! Me siento genial , me siento una princesa \u201d . Pero te dire algo \u2026 No lo eres , aun eres gorda .", "date": "2022-05-10 20:13:57"}, {"id_message": 63419064720, "message": "\u201c \u00bf Pesas 50 kilos ? No es suficiente , debes rondar los 60 kilos es tu peso ideal \u201d . \u00bf Peso ideal ? Ese es el peso de las gordas . Las princesas debemos de pesar menos de 50 kilos , pero tampoco pasarnos . No queremos morir , queremos ser princesas . Como yo , verdad ? Como Ana , su reina . Est\u00e1s m\u00e1s delgada , llegaste a los 45 kilos . Todos lo notan y te lo dicen . Tus padres lo notaron tambi\u00e9n , te llevaron a lavarte el cerebro , a un m\u00e9dico , a un psiquiatra o a un psic\u00f3logo . Te repito , te dir\u00e1n que soy mala , que te hago da\u00f1o pero no es as\u00ed . Si tu eres fuerte dilo , di que comes , que comes mucho . Ellos te revisaran y dir\u00e1n que mientes , que no te alimentas bien . Tu dir\u00e1s que s\u00ed y que por m\u00e1s que te mediquen , seguir\u00e1s siendo la misma de antes . La misma que Ana domin\u00f3 y que nunca dejara libre . Ya eres una princesa , eres perfecta . Pero cuidado , esa perfecci\u00f3n podr\u00eda costarte la vida . A menos que seas consciente y que no te pases de la raya . Un esqueleto sin absolutamente nada de grasa , no es bonito . Queremos tener el cuerpo de las modelos de revista , \u00bf no ? No queremos acabar en un ata\u00fad . Si quieres tener ese estilo de vida , perfecto . Pero te advierto , no es un juego de ni\u00f1as , no es una tonter\u00eda y si no te pones un l\u00edmite podr\u00eda acabar con tu vida . Atentamente , Ana", "date": "2022-05-10 20:13:58"}, {"id_message": 97337128506, "message": "Que pesados est\u00e1n \u00faltimamente los fetichistas", "date": "2022-05-15 19:02:21"}, {"id_message": 13648789712, "message": "Yo lo que hac\u00eda tb era ue recog\u00eda los platos d elos dem\u00e1s , empezaba a poner los restos juntis en mi plato , a apilar el resto y luego lo tiraba todo a la basura", "date": "2022-05-24 09:03:47"}, {"id_message": 44921160779, "message": "As\u00ed hasta lo agradec\u00eda y no se daban cuenta si dejaba comida", "date": "2022-05-24 09:04:04"}]