[{"id_message": 8623877004, "message": "Hoy mi templo estaba cerrado pero ma\u00f1ana a primera hora all\u00ed ok", "date": "2019-01-06 15:21:37"}, {"id_message": 46262652420, "message": "Claro el cuerpo necesita RECUPERARSE", "date": "2019-01-06 15:24:01"}, {"id_message": 18607924708, "message": "Hostia no se me hab\u00eda ocurrido", "date": "2019-01-06 18:22:43"}, {"id_message": 61804791469, "message": "Yo los miro fijamente y luego hago un movimiento con la cabeza hacia la izquierda y me dejan la m\u00e1quina libre", "date": "2019-01-06 22:15:30"}, {"id_message": 24532923108, "message": "Eso no es fit ;(", "date": "2019-01-06 22:37:18"}, {"id_message": 40451329951, "message": "Si en volumen no se te ven los abdominales est\u00e1s gordo . No lo digo yo , lo dice Jose Maria Forte \ud83d\ude02", "date": "2019-01-07 12:03:14"}, {"id_message": 67120852431, "message": "Alguna vez os ha dado un c\u00f3lico nefr\u00edtico ? Porque vengo que urgencias menudo puto dolor", "date": "2019-01-08 03:30:13"}, {"id_message": 87993938113, "message": "Adem\u00e1s me ha dado un ataque de ansiedad", "date": "2019-01-08 03:30:27"}, {"id_message": 58410988588, "message": "Yo creo que esto nos ha pasado a muchos si no a todos \ud83e\udd23", "date": "2019-01-08 12:38:36"}, {"id_message": 75376425732, "message": "Pensaba que ibas a decir otro tipo de drogas", "date": "2019-01-08 20:08:12"}, {"id_message": 62934200644, "message": "Me he equivocado de grupo", "date": "2019-01-14 23:03:33"}, {"id_message": 6059009960, "message": "Joder me equivocado de grupo", "date": "2019-01-21 23:11:27"}, {"id_message": 85978711204, "message": "Entonces eres de Granada que se parece el acento", "date": "2019-01-30 10:42:27"}, {"id_message": 58767092628, "message": "Press guillotina se llama", "date": "2019-01-30 22:36:49"}, {"id_message": 86124546674, "message": "Horrible para el hombro en mi opinion", "date": "2019-01-30 22:40:32"}, {"id_message": 12448497096, "message": "Murcia , monte de las cenizas", "date": "2019-02-10 18:53:50"}, {"id_message": 48086244490, "message": "Ca\u00f1onaco para disparar cosas", "date": "2019-02-10 18:54:35"}, {"id_message": 10626001473, "message": "Yo la veo bien repartida de macros , 2500ckal no s\u00e9 si ser\u00e1n demasiadas , depende de tu metabolismo basal , con el tiempo se ver\u00e1 . La verdura si la haces al vapor pierde menos micronutrientes que cocida .", "date": "2019-03-28 09:52:28"}, {"id_message": 30899605395, "message": "Si no tienen forma de regularse ? no lo entiendo \ud83d\ude05", "date": "2019-03-28 11:17:15"}, {"id_message": 47752151678, "message": "Los micronutrientes es algo que la gente olvida much\u00edsimo , por eso yo le he dicho que la menos la verdura la tome al vapor que es como menos pierde . En general la gente toma muy poca fruta y verdura .", "date": "2019-03-28 11:28:15"}, {"id_message": 88992318598, "message": "Tampoco le he visto legumbres , que es algo a lo que soy muy aficionado", "date": "2019-03-28 11:28:47"}, {"id_message": 12246757784, "message": "Si la acompa\u00f1as de vitamina C se absorbe mejor el hierro que llevan", "date": "2019-03-28 11:32:38"}, {"id_message": 6598227248, "message": "puedes explicarlo ? que yo no como carne me interesa", "date": "2019-03-28 11:40:15"}, {"id_message": 78496401970, "message": "se que hay que combinar con cereales pero no se a que te refieres con esas pautas", "date": "2019-03-28 11:40:44"}]