[{"id_message": 29748699409, "message": "Yo a la plancha", "date": "2022-10-14 00:45:26"}, {"id_message": 4639283579, "message": "Yo 4 huevos m\u00e1s 50 ml de claras y 300 de patatas", "date": "2022-10-14 00:46:06"}, {"id_message": 22940203729, "message": "Yo luego tengo para las 5 una tortita de clara y avena de pre entreno", "date": "2022-10-14 00:46:51"}, {"id_message": 54779911825, "message": "Yo compro una en el carrefur que lleva trocitos de cacahuete", "date": "2022-10-14 00:50:01"}, {"id_message": 69851722249, "message": "Esta que te digo yo encima es ligera", "date": "2022-10-14 00:52:15"}, {"id_message": 19189183612, "message": "Cundo llegue a casa te la mando", "date": "2022-10-14 00:54:59"}, {"id_message": 79136067277, "message": "\ud83e\udd78", "date": "2022-10-14 03:36:53"}, {"id_message": 95348196665, "message": "Van de lujo tambi\u00e9n tengo las rodilleras y las mu\u00f1equeras", "date": "2022-10-18 13:06:13"}, {"id_message": 84438033138, "message": "Nos vamos de fiesta jajaja", "date": "2022-10-18 15:17:35"}, {"id_message": 26493070739, "message": "La harina de avena es fantas\u00eda", "date": "2022-10-22 20:45:53"}, {"id_message": 33872730379, "message": "Remo con barra \ud83e\udd56", "date": "2022-10-22 20:50:17"}, {"id_message": 48955230264, "message": "Primero aproximaci\u00f3n y luego las efectivas", "date": "2022-10-22 20:52:01"}, {"id_message": 49765538407, "message": "Y jam\u00f3n del bueno me cag\u00f3 en la historia", "date": "2022-10-22 20:53:03"}, {"id_message": 39451143735, "message": "Lo resultados no vienen en casa jugando a la pley", "date": "2022-10-22 20:54:21"}, {"id_message": 32043138139, "message": "Pull lover para calentar y final para estirar", "date": "2022-10-22 20:58:34"}, {"id_message": 91000200954, "message": "Peor hay que saberlo hacer yo entreno en un Synergym y fliparias la Pe\u00f1a", "date": "2022-10-22 20:59:08"}, {"id_message": 9615104260, "message": "Encima no hay monitores en la sala", "date": "2022-10-22 20:59:20"}, {"id_message": 20141000107, "message": "Solo para las clases dirigidas", "date": "2022-10-22 20:59:28"}, {"id_message": 84593164037, "message": "Que es lo que les interesa", "date": "2022-10-22 20:59:34"}, {"id_message": 31138694830, "message": "Los que entrenamos 3 horas y hacemos ruido no interesa", "date": "2022-10-22 21:00:05"}, {"id_message": 309621900, "message": "Obvio si pesas menos de 100 kilos \ud83d\ude02 \ud83d\ude02 \ud83d\ude02 \ud83e\udd56 \ud83d\udc89", "date": "2022-10-22 21:38:46"}, {"id_message": 84893471992, "message": "Con parada arriba \u2b06 \ufe0f", "date": "2022-10-22 21:39:08"}, {"id_message": 53032104607, "message": "Yo prefiero cargar en Remo", "date": "2022-10-22 21:43:43"}, {"id_message": 67904223271, "message": "Dala a la aproximaci\u00f3n y luego efectivas m\u00e1s peso muerto mas rdl", "date": "2022-10-23 11:26:40"}, {"id_message": 57679443146, "message": "Para mi la mejor es el pres banca", "date": "2022-11-13 00:39:27"}, {"id_message": 52185095950, "message": "Marcando paquete \ud83d\ude02 \ud83d\ude02", "date": "2022-11-19 18:06:36"}, {"id_message": 93304561575, "message": "Te vas a quedar con hambre \ud83e\udd24 \ud83d\ude02", "date": "2022-12-06 15:34:16"}, {"id_message": 26578376004, "message": "Cambia el arroz por la patata hervida", "date": "2022-12-07 05:11:40"}, {"id_message": 52844190072, "message": "Est\u00e1n las mallas de oferta ?", "date": "2022-12-09 23:49:17"}, {"id_message": 1403653933, "message": "Siempre se puede mejorar", "date": "2022-12-09 23:58:57"}, {"id_message": 84828644743, "message": "Fantas\u00eda \ud83d\ude0b", "date": "2022-12-10 00:45:36"}]