[{"id_message": 86056543626, "message": "Si el enlace no les lleva , ir a Instagram , est\u00e1 en el \u00faltimo post de @USERralketo_s", "date": "2022-02-01 00:37:01"}, {"id_message": 9003560447, "message": "Y en mis historias @USERle muestro los que hice \ud83d\ude09 \ud83d\udc4d\ud83c\udffb", "date": "2022-02-01 00:37:55"}, {"id_message": 41385381524, "message": "A continuaci\u00f3n les voy a compartir unos audios de Vero , donde nos cuenta c\u00f3mo est\u00e1 yendo Ariel , su marido , diab\u00e9tico tipo 2 , insulinodependiente con el plan de 3 meses de la Consejer\u00eda y su men\u00fa completamente personalizado . Por que estoy tan feliz de c\u00f3mo est\u00e1 yendo , que hay que contarlo , ac\u00e1 hay muchas que son diab\u00e9ticas o tienen maridos o familiares diab\u00e9ticos y es importante que sepan lo buena que es esta alimentaci\u00f3n , adaptada a cada uno y bajo supervisi\u00f3n , obviamente \ud83d\udcaa\ud83c\udffb \ud83d\udcaa\ud83c\udffb \ud83d\udcaa\ud83c\udffb \ud83d\udc4f\ud83c\udffb \ud83d\udc4f\ud83c\udffb \ud83d\udc4f\ud83c\udffb \ud83d\udc4f\ud83c\udffb \ud83c\udf89 \ud83c\udf89 \ud83c\udf89 \ud83d\udc47\ud83c\udffb \ud83d\udc47\ud83c\udffb \ud83d\udc47\ud83c\udffb", "date": "2022-02-03 17:25:01"}, {"id_message": 31378738580, "message": "\ud83e\udd73 \ud83e\udd73 \ud83e\udd73 \ud83c\udf89 \ud83c\udf89 \ud83c\udf89 Estamos d\u00eda s\u00ed , d\u00eda no pendientes de \u00e9l , y ya le hemos dicho a Vero que pensamos m\u00e1s en su marido nosotras que ella jajajaja \ud83d\ude02 \ud83e\udd70 \ud83e\udd70 \ud83e\udd70 Para empezar el plan , tuvieron que viajar creo que casi 2 horas ! ! ! Para poder hacer la compra de los alimentos \ud83d\udcaa\ud83c\udffb \ud83d\udcaa\ud83c\udffb \ud83d\udcaa\ud83c\udffb La salud no tiene precio \ud83d\ude0c Adem\u00e1s Ariel hace repartos y carga y descarga cosas todo el d\u00eda , as\u00ed que no es un trabajo de oficina lo que hace , lo cu\u00e1l tiene m\u00e1s m\u00e9rito para \u00e9l lo que est\u00e1 logrando \ud83d\ude0d \ud83e\udd70 \ud83d\udc4f\ud83c\udffb \ud83d\udc4f\ud83c\udffb \ud83d\udc4f\ud83c\udffb \ud83d\udc4f\ud83c\udffb", "date": "2022-02-03 17:25:54"}, {"id_message": 86242130970, "message": "Recuerda que para cualquier consulta puedes escribir en el chat del grupo o por mensaje directo , en nuestro Instagram @USERralketo_s o en mi Instagram personal @USERle \ud83d\ude09 \ud83d\ude18", "date": "2022-02-03 17:27:05"}, {"id_message": 61747595364, "message": "\u00bf Cu\u00e1ntas veces has so\u00f1ado con eliminar la dichosa celulitis ? \ud83e\udd14 Muchas veces pensamos que la celulitis es siempre la misma independientemente de la edad pero la realidad es que hay diferentes tipos de celulitis . \u00bf Conoces cu\u00e1l es la tuya ? \u261d\ud83c\udffb Os dejo unos tips para que sep\u00e1is c\u00f3mo cambiarla y mejorarla . ES HORA DE DECIR ADI\u00d3S DEFINITIVAMENTE \ud83d\ude4b\u200d\u2640 \ufe0f \ud83d\ude4b\u200d\u2640 \ufe0f", "date": "2022-02-10 08:41:00"}, {"id_message": 28818593526, "message": "Aqu\u00ed les dejo el enlace al canal de Ejercicios ! ! ! En estos d\u00edas estaremos subiendo rutinas f\u00e1ciles para hacer en casa . Cero escusas ! ! ! vamos a movernos \ud83d\udcaa\ud83c\udffb \ud83d\udcaa\ud83c\udffb \ud83d\udcaa\ud83c\udffb \ud83e\udd73 \ud83e\udd73 \ud83e\udd73", "date": "2022-02-15 12:39:11"}, {"id_message": 37814531208, "message": "EJERCICIOS Y RUTINAS SALUDABLES ! ! ! \ud83d\udcaa\ud83c\udffb \ud83c\udfcb\u200d\u2642 \u26f9 \ufe0f \ud83e\udd38\ud83c\udffb\u200d\u2640 \ufe0f Este grupo se activar\u00e1 cada vez que hagamos el Reto Fit . Si quieres estar m\u00e1s conectado y al d\u00eda , sigue el enlace de Telegram del canal \" Comer Sano y Saludable \" \ud83d\ude09 \ud83e\udd70 \ud83c\udf53 \ud83c\udf52 o s\u00edgueme en IG @USERle URL", "date": "2022-02-15 12:39:22"}, {"id_message": 75515330989, "message": "EJERCICIOS Y RUTINAS SALUDABLES ! ! ! \ud83d\udcaa\ud83c\udffb \ud83c\udfcb\u200d\u2642 \u26f9 \ufe0f \ud83e\udd38\ud83c\udffb\u200d\u2640 \ufe0f Si quieres estar m\u00e1s conectado y al d\u00eda , sigue el enlace de Telegram del canal \" Comer Sano y Saludable \" \ud83d\ude09 \ud83e\udd70 \ud83c\udf53 \ud83c\udf52 o s\u00edgueme en IG @USERle URL", "date": "2022-02-17 09:38:34"}, {"id_message": 34837623958, "message": "Recuerden que esta semana estamos haciendo rutinas f\u00e1ciles , en nuestro grupo de Ejercicios Saludables ! ! ! Ac\u00e1 dejo el link de acceso \ud83d\udc46\ud83c\udffb", "date": "2022-02-17 09:39:46"}, {"id_message": 94158398195, "message": "Muy buena receta , y sale rica rica POLLO A LA ANDALUZA \u25aa Ingredientes para 4 personas : 1 kilo de Pollo 2 a 3 Dientes de Ajo 1 Cebolla Mediana 1 Cucharada de Almendras Piment\u00f3n Comino Perejil 1 Huevo Vino Para Cocinar Aceite de Oliva Caldo de Pollo o Agua Sal y Pimienta .", "date": "2022-02-18 19:10:28"}, {"id_message": 10358812407, "message": "INI_BOLD Preparaci\u00f3n END_BOLD : 1 - Trozamos el pollo , salpimentamos y lo reservamos 2 - Pelamos los ajos y los cortamos en 2 mitabdes . 3 - En una sart\u00e9n o cazuela ponemos aceite de oliva , cantidad suficiente para cubrir bien el fondo y al fuego . Una vez caliente a\u00f1adimos los ajos . Una vez dorados retiramos del fuego y en un mortero machacamos . Mientras tanto colocamos el huevo a hervir . Cdo est\u00e9 listo lo sacamos y dejamos enfriar . 4 - En el mismo sart\u00e9m echamos el pollo , subimos el fuego , y vamis dando vueltas mientras se dora . Una vez dorado quitamos de alli y reservamos . 5 - la cebolla picada fina , ahora a la sart\u00e9n , bajamos a fuego medio y rehogamos 4 o 5 minutos , luego agregamos 1 cucharadita de piment\u00f3n revolvemos y agregamos el pollo ya dorado . Agregamos tambi\u00e9n 1 copa de vino y 500 ml de agua o caldo de pollo . INI_BOLD Tips END_BOLD si usaste agua , agrega sal .", "date": "2022-02-18 19:11:13"}, {"id_message": 37480326488, "message": "\ud83d\udca8 \u00bf \ud835\udc0f\ud835\udc11\ud835\udc08\ud835\udc12\ud835\udc00\ud835\udc12 ? \ud835\udc0d\ud835\udc0e \ud835\udc07\ud835\udc00\ud835\udc18 \ud835\udc0f\ud835\udc11\ud835\udc0e\ud835\udc01\ud835\udc0b\ud835\udc04\ud835\udc0c\ud835\udc00 \u2705 \ud83c\udf74 \u2063 \u2063 6 ideas f\u00e1ciles , saludables y r\u00e1pidas para llevarnos y hacer la comida en el trabajo , clases , vacaciones , playa .. \u2063 \ud83d\udc49\ud83c\udffc Br\u00f3coli con alb\u00f3ndigas de pavo . \ud83d\udc49\ud83c\udffc Ensalada con vegetales variados y at\u00fan \ud83d\udc49\ud83c\udffc Ternera y br\u00f3coli , salteados con cebolla y nata . \ud83d\udc49\ud83c\udffc Huevo duro , queso , pavo y tomate cherry \ud83d\udc49\ud83c\udffc Esp\u00e1rragos con salm\u00f3n y tomates cherry \ud83d\udc49\ud83c\udffc Yogur natural con nueces , ar\u00e1ndanos y fresas . \u00a1 D\u00c9JATE DE EXCUSAS Y PONTE AL L\u00cdO ! ! ! \ud83d\ude01 \ud83d\ude09 \ud83d\udcaa\ud83c\udffb", "date": "2022-02-28 15:35:58"}, {"id_message": 21241180025, "message": "\" No tengo dinero para ir al gimnasio \" \" Me duele todo y no puedo hacer mucho ejercicio \" \" Entre el trabajo y la casa , no tengo tiempo de ir al gimnasio \" Te identificas con alguna de estas frases ? ? ? Yo en casi todas ! ! ! \ud83e\udd26\ud83c\udffb\u200d\u2640 \ufe0fjajaja Por que s\u00ed , por que lo que nos cuesta solemos dejarlo para despu\u00e9s o siempre tener una excusa perfecta y v\u00e1lida tal vez , pero excusa al fin \ud83e\udd37\ud83c\udffb\u200d\u2640 \ufe0f As\u00ed que a partir de ma\u00f1ana , Martes 2 de Marzo , empezamos rutinas simples y cortas para hacer en casa o en un parque que tengas cerca , CERO EXCUSAS ! ! ! \ud83d\udcaa\ud83c\udffc \ud83d\udcaa\ud83c\udffc \ud83d\udcaa\ud83c\udffc \ud83d\udcaa\ud83c\udffc Vamos a hacer que nuestro cuerpo comience a segregar endorfina y a sentirnos m\u00e1s felices y capaces de hacer peque\u00f1os cambios , que nos llevar\u00e1n al \u00e9xito . Te apuntas ? ? ? \ud83d\ude09 \ud83d\udc46\ud83c\udffb \ud83d\udc4f\ud83c\udffb \ud83c\udf53 \ud83e\udd51 \ud83c\udf52", "date": "2022-03-01 21:28:38"}, {"id_message": 58585592845, "message": "* EQUILIBRIO HORMONAL : * \ud83d\udc49\ud83c\udffc Es un factor en la salud de la mujer , ya que la funci\u00f3n de las hormonas femeninas , especialmente los estr\u00f3genos y los gest\u00e1genos , trasciende la regulaci\u00f3n del ciclo menstrual y un impacto directo sobre la salud general , el peso y el estado de \u00e1nimo . En este sentido , la alimentaci\u00f3n puede desempe\u00f1ar un papel importante , al incluir en la dieta habitual una serie de alimentos que ayudan a regular el equilibrio hormonal . \ud83d\udc49\ud83c\udffc Aqu\u00ed te dejo algunos de los alimentos que ayudan a ese equilibrio hormonal que las mujeres tanto necesitamos :", "date": "2022-03-01 21:41:02"}, {"id_message": 97280282141, "message": "Saludito del d\u00eda de la mujer \ud83d\udc46\ud83c\udffb Por que son toda una inspiraci\u00f3n cada una de ustedes \u2764 \ufe0f Regalarnos un \" me gusta \" ! ! ! \ud83e\udd70 \ud83d\ude18", "date": "2022-03-08 11:00:13"}, {"id_message": 24123825765, "message": "Para quienes piensan que comer cualquier fruta es sano , tanto para los diab\u00e9ticos como si est\u00e1s en perdida de peso ! ! ! \ud83d\udc4d\ud83c\udffc \ud83d\udc4f\ud83c\udffb \ud83d\udc4f\ud83c\udffb \ud83d\udcaa\ud83c\udffc \ud83d\udcaa\ud83c\udffc \ud83d\udcaa\ud83c\udffc", "date": "2022-03-12 14:14:24"}, {"id_message": 97930048399, "message": "Elegimos bien al comer ? ? ? Te dejo algunas ideas \ud83d\udc47\ud83c\udffb", "date": "2022-03-22 13:25:08"}, {"id_message": 12012475034, "message": "\ud83d\udd0a \u26a0 \ufe0f \ud83c\udf3f COMO INFLUYE LA BUENA ALIMENTACI\u00d3N EN TU ESTADO DE \u00c1NIMO \u2763 \ud83d\ude01 \ud83d\udc4c \u2757 \u2757 \u2757 \u2197 \ufe0f \u00bf Crees que la comida no tiene nada que ver en c\u00f3mo te sientes ? Conoce los aspectos de la alimentaci\u00f3n que pueden interferir en tu estado de \u00e1nimo \ud83d\udc4c \ud83c\udf4d \ud83c\udf52 \ud83c\udf53 \ud83c\udf4f \ud83c\udf47 \ud83c\udf38 \ud83d\udd37 \ufe0f \u26a0 \ufe0f \u00a1 No a las dietas milagrosas ! \u26a0 \ufe0f \u2197 \ufe0fLas \u201c dietas m\u00e1gicas o milagrosas \u201d deber\u00edan evitarse por completo , ya que adem\u00e1s de ser muy malas para la salud tienen un efecto rebote , haci\u00e9ndote recuperar f\u00e1cilmente los kilos perdidos ya que solo bajan peso en agua y masa muscular dejando el volumen de grasa intacto \u2757 \u2757 \u2757 \u2714 Lo ideal ser\u00eda : \ud83c\udf53 Idear un plan adaptado para cada persona \ud83e\udd51 Recomendable , hacer ejercicio f\u00edsico . \ud83c\udf52 Llevar un estilo de vida saludable y armonioso . \ud83d\udd37 \ufe0f \u26a0 \ufe0fEvita el estre\u00f1imiento \u26a0 \ufe0f \u2197 \ufe0fUna de las grandes molestias que puede sentir una persona en cuanto a su organismo es estar ESTRE\u00d1IDO . \u2197 \ufe0fEsto se da en muchos casos debido a : \u274e la mala alimentaci\u00f3n . \ud83d\udc4e \u274e la falta de ejercicio . \ud83d\udc4e \u274e el escaso consumo de agua \ud83d\udc4e CONCLUSI\u00d3N : \u2197 \ufe0fPara evitar que esto te pase : \ud83c\udf43 \ud83c\udf3f \ud83d\udc4c Consume alimentos ricos en grasa saludable como : \u2714 aceite de coco \u2714 Quesos y huevo \u2714 Carnes preferentemente blancas \ud83d\udc4d\ud83c\udffc Est\u00e1s te dar\u00e1n saciedad . \u2795 Y si te ataca \u00e9ste problema : \u274e evita comer arroz , legumbres \u274e Avena \u274e Trigo y sus derivados y todo producto ultra procesado . \u2197 \ufe0f \ud83d\udd36 \ufe0f \ud83c\udf38 Y T\u00da QU\u00c9 HACES PARA TENER UNA ACTITUD POSITIVA Y EN\u00c9RGICA ? \u2763 \ud83d\ude01 \ud83c\udf53 \ud83e\udd51 \ud83c\udf52 \ud83e\udd2a", "date": "2022-03-24 14:25:00"}, {"id_message": 33390761291, "message": "EJERCICIOS Y RUTINAS F\u00c1CILES Y SALUDABLES ! ! ! \ud83d\udcaa\ud83c\udffb \ud83c\udfcb\u200d\u2642 \ud83e\udd38\ud83c\udffb\u200d\u2640 \ufe0f Si quieres tener ideas de recetas o tips de salud , puedes seguir el enlace de Telegram del canal \" Comer Sano y Saludable \" \ud83d\ude09 \ud83e\udd70 \ud83c\udf53 \ud83c\udf52 o s\u00edgueme en IG @USERle URL", "date": "2022-04-01 14:34:36"}, {"id_message": 14736401564, "message": "A\u00fan no est\u00e1s en el grupo de Ejercicios ? ? ? aqu\u00ed tienes el enlace para unirte \ud83d\ude09 \ud83d\ude18 \u261d \ufe0f\ud83c\udffc", "date": "2022-04-01 14:34:59"}, {"id_message": 55904849164, "message": "Se viene KETOTERTULIA ! ! ! Siii despu\u00e9s de tanto tiempo , ma\u00f1ana mi\u00e9rcoles 20hs Espa\u00f1a , estaremos charlando , hablando con Alesita de @USERuki sobre un gran tema ! ! ! HAMBRE REAL VS HAMBRE EMOCIONAL ! ! ! y si est\u00e1s en directo participa ! ! ! Te esperamos ! ! ! \ud83d\ude09 \ud83d\ude18 INI_HASHTAG keto ter tulia END_HASHTAG INI_HASHTAG hambre real vs hambre emocional END_HASHTAG INI_HASHTAG cambia tush a bit os END_HASHTAG INI_HASHTAG comers a no tener salud END_HASHTAG INI_HASHTAG comer con hambre END_HASHTAG INI_HASHTAG comer por emociones END_HASHTAG URL", "date": "2022-04-06 15:45:38"}, {"id_message": 18513314357, "message": "Aqu\u00ed les dejo el enlace a mi Instagram , para que no se pierdan el directo de hoy ! ! ! \ud83d\udc4f\ud83c\udffb \ud83d\udc4f\ud83c\udffb \ud83d\udc4f\ud83c\udffb \ud83d\ude18", "date": "2022-04-06 15:45:38"}, {"id_message": 18092700683, "message": "HAMBRE REAL VS HAMBRE EMOCIONAL ! ! ! \ud83e\udd14 \ud83d\ude09 \ud83c\udf53 \ud83e\udd51 \ud83c\udf52 Que significa cada una y como diferenciarlas ? ? C\u00f3mo combatir el hambre emocional ? ? Herramientas para detectarla y no caer en la culpa . Que pasa cuando seguimos una dieta estricta ? ? Y varias cositas m\u00e1s hemos podido hablar en esta bella KETOTERTULIA ! ! ! Gracias a todas las que estuvieron con nosotras en directo y si no pudiste aqu\u00ed te dejamos la grabaci\u00f3n \ud83d\udc46\ud83c\udffb \ud83d\ude09 \ud83d\ude18 C\u00f3mo siempre decimos , ESTAMOS A UN MENSAJE DE DISTANCIA ! ! ! @USERralketo_s \ud83c\udf53 \ud83e\udd51 \ud83c\udf52 @USERle @USERuki . . . . INI_HASHTAG conse jeri a integral keto salud able END_HASHTAG INI_HASHTAG somos keto END_HASHTAG INI_HASHTAG somos salud able s END_HASHTAG INI_HASHTAG hambre real vs hambre emocional END_HASHTAG INI_HASHTAG hambre emocional END_HASHTAG INI_HASHTAG hambre real END_HASHTAG URL", "date": "2022-04-06 23:04:39"}, {"id_message": 79549933305, "message": "Aqu\u00ed les dejo el directo de hoy , por si alguien se lo perdi\u00f3 \u261d\ud83c\udffb Nos ayudar\u00eda mucho que le dieras un me gusta y si puedes compartirlo en tus historias \ud83d\ude09 \ud83d\ude18 Gracias \ud83c\udf53 \ud83e\udd51 \ud83c\udf52", "date": "2022-04-06 23:05:53"}, {"id_message": 4648361779, "message": "Pancito sin Harina \u261d\ud83c\udffb", "date": "2022-04-15 15:26:42"}, {"id_message": 30020460284, "message": "\ud83d\udca1 SAB\u00cdAS QUE \u2026 .. ? \ud83d\udc49\ud83c\udffc NO TIRES EL LIQUIDO DEL YOGUR : Muchas personas acostumbran a tirar el l\u00edquido del yogur que se ve al abrirlo , sin embargo su aporte de prote\u00ednas es muy importante : est\u00e1 formado por agua y sales minerales y es rico en calcio y f\u00f3sforo . \u00a1 Mejor com\u00e9telo todo ! \ud83d\udc49\ud83c\udffc ALMENDRAS Y AVELLANAS PARA LA PIEL La vitamina E es una gran aliada para cuidar de nuestra piel . Aunque est\u00e1 presente en muchos frutos secos , las Almendras y las avellanas son las m\u00e1s ricas en esta vitamina . \ud83d\udc49\ud83c\udffc EL CONSUMO DE PERA EVITA EL ESTRE\u00d1IMIENTO \ud83d\udc49\ud83c\udffc LOS ALIMENTOS TE PUEDEN AYUDAR A DORMIR : Existen alimentos que te ayudar\u00e1n a descansar . Algunos como los l\u00e1cteos o los cereales integrales , son ricos en tript\u00f3fano por lo que te ayudar\u00e1n a potenciar la melatonin ( la hormona que te ayudar\u00e1 a dormir ) \ud83d\udc49\ud83c\udffc \u00bf SED ? \u00bf HAMBRE ? Muchas personas confunden estos dos conceptos . De hecho la sensaci\u00f3n de sed suele conducirnos a comer m\u00e1s , por eso es importante tomar un vaso de agua antes de las comidas para controlarnos y comer verdaderamente lo que necesitamos . \ud83d\udc49\ud83c\udffc LA FRUTA ES MEJOR ENTERA QUE CORTADA : Al trocear una fruta estamos modificando muchas de sus propiedades , debido a la oxidaci\u00f3n con el aire y a la consecuente p\u00e9rdida de vitaminas . \ud83d\udc49\ud83c\udffc EL AGUACATE PUEDE SERVIR COMO SUSTITUTO DE LA MANTEQUILLA EN LAS RECETAS \ud83d\udc49\ud83c\udffc EL TOFU : Es uno de los alimentos m\u00e1s nutritivos , contiene los 8 amino\u00e1cidos esenciales . Rico en magnesio , f\u00f3sforo , selenio . Vitamina B1 , calcio y hierro . \ud83d\udc49\ud83c\udffc FRUTAS CON M\u00c1S PROTE\u00cdNAS Guayaba , pl\u00e1tano , coco , aguacate , granada", "date": "2022-04-18 15:05:22"}, {"id_message": 87864238914, "message": "\u270b\ud83c\udffc NO SUFRIR M\u00c1S ANSIEDAD DE LA NECESARIA \u2b07 \ufe0f As\u00famelo , en este momento es muy posible que tengas que vivir situaciones m\u00e1s estresantes en tu vida y puedas sentir un poquito de ansiedad . El objetivo es aceptar esta ansiedad . La ansiedad no es un error del cerebro , no es algo \u201c malo \u201d . La clave es que la incluyas en tu vida . Por ejemplo : Esta situaci\u00f3n me pone nerviosa , qu\u00e9 puedo hacer o qu\u00e9 puedo solucionar en ese momento para llevar la ansiedad mejor . Aceptar la ansiedad es m\u00e1s saludable para no sentir esa inquietud . TRAMPAS MENTALES QUE AUMENTAN TU ANSIEDAD \u2b07 \ufe0f \ud83e\udde0 \u26a1 \ufe0fInvertir mucho tiempo en pensar el problema y no reflexionar lo que depende de ti y lo que no depende de ti . \u26a1 \ufe0fIntentar cambiar muy r\u00e1pido . \u26a1 \ufe0fComparaciones \u26a1 \ufe0fNo ejercitar tu cerebro diariamente \u26a1 \ufe0fCreer en el : Y si .. \u26a1 \ufe0fAnticiparse \u00bf C\u00f3mo mejorar esta ansiedad ? \u2705 \u2705 Rutina de ejercicios f\u00edsicos . \u2705 Cu\u00eddate y duerme . \u2705 Practica ser m\u00e1s positivo y agradecido de lo que SI tienes . \u2705 Tu c\u00edrculo de apoyo . \u2705 Conf\u00eda en el proceso , nada es eterno .", "date": "2022-04-23 13:35:23"}, {"id_message": 91824340175, "message": "EQUILIBRIO HORMONAL : \ud83d\udc49\ud83c\udffc Es un factor en la salud de la mujer , ya que la funci\u00f3n de las hormonas femeninas , especialmente los estr\u00f3genos y los gest\u00e1genos , trasciende la regulaci\u00f3n del ciclo menstrual y un impacto directo sobre la salud general , el peso y el estado de \u00e1nimo . En este sentido , la alimentaci\u00f3n puede desempe\u00f1ar un papel importante , al incluir en la dieta habitual una serie de alimentos que ayudan a regular el equilibrio hormonal . \ud83d\udc49\ud83c\udffc Aqu\u00ed te dejo algunos de los alimentos que ayudan a ese equilibrio hormonal que las mujeres tanto necesitamos :", "date": "2022-05-02 13:51:01"}, {"id_message": 81443637088, "message": "\u00bf Cu\u00e1nto sabes sobre el caf\u00e9 ? \u00bf Sab\u00edas que es uno de los alimentos con mayores propiedades que existen ? Te voy a contar algo m\u00e1s sobre el , que seguro que te interesa ! \ud83d\ude4b\ud83c\udffd\u200d\u2640 \ufe0f \ud83d\ude4b\ud83c\udffd\u200d\u2640 \ufe0f \ud83d\ude4b\ud83c\udffd\u200d\u2640 \ufe0f Seg\u00fan un estudio publicado por el International Journal of Dermatology , la cafe\u00edna act\u00faa estimulando el crecimiento del pelo y disminuye la fase de ca\u00edda al bloquear la hormona DTH , responsable de da\u00f1ar el fol\u00edculo piloso y aumentar la p\u00e9rdida de cabello . Tambi\u00e9n potencia la aparici\u00f3n de cabello nuevo , haciendo que este crezca m\u00e1s fuerte y sano . Adem\u00e1s del consumo , el caf\u00e9 tiene propiedades si es aplicado en el cabello , los cuales van desde los ya mencionados , hasta para te\u00f1irlo , muy \u00fatil para quienes ya sufren el paso de los a\u00f1os y quieren disimular las canas . Pero para qu\u00e9 vamos a \u201c desperdiciar \u201d este elixir en el pelo , \u00bf cierto ? . Y ojo . Por mucho que te encante el caf\u00e9 , no debes usarlo como el sustituto de tus cremas , porque no funciona de este modo . Sigue disfrutando de tu caf\u00e9 , contin\u00faa con tus cremas y ver\u00e1s que tu pelo , y tu d\u00eda , ser\u00e1n m\u00e1s lindos .", "date": "2022-05-04 11:48:08"}, {"id_message": 900045481, "message": "Como hacer en casa tu propia Mantequilla clarificada . Dudas ? ? Escribime por privado , en mi perfil tienes mi WhatsApp \ud83d\udc4d\ud83c\udffc \ud83c\udf53 \ud83e\udd51 \ud83c\udf52 INI_HASHTAG man tequilla clar if i cada END_HASHTAG INI_HASHTAG soy keto END_HASHTAG INI_HASHTAG keto en casa END_HASHTAG URL", "date": "2022-05-11 12:28:03"}, {"id_message": 95707844633, "message": "Muchas veces se habla de ser \" saludable \" pero te has puesto a pensar si realmente lo eres ? ? \ud83e\udd14 Solemos centrar la salud en estar sin enfermedad aparente , f\u00edsica , y decimos ser saludables por que supuestamente comemos \" balanceado \" ( sea cual sea tu estilo de alimentaci\u00f3n , este post no va de eso ) y algunos hasta hacen deporte \ud83d\ude0c \ud83d\ude42 Ahora s\u00ed nos detenemos a buscar la definici\u00f3n de salud , dice : \u00ab La salud es un estado de completo bienestar f\u00edsico , mental y social , y no solamente la ausencia de afecciones o enfermedades \u00bb . Seg\u00fan esta definici\u00f3n , el bienestar de las personas , el ser saludables no s\u00f3lo consiste en cuidar nuestro cuerpo , tambi\u00e9n es importante trabajar nuestra mente , nuestros sentimientos y emociones , permitirnos re\u00edr y llorar si es necesario , y como no , encontrar el bienestar social , rodearnos de personas que d\u00eda a d\u00eda suman a nuestras vidas , aportan amor , amistad , lealtad , sinceridad y tantos valores m\u00e1s que en nuestros tiempos escasean \ud83d\ude14 Ahora mi pregunta es ... Crees que eres realmente saludable ? ? ? \ud83d\ude42 Que haces para lograrlo ? ? \u263a \ufe0f Te leo \ud83d\udc47\ud83c\udffb \ud83c\udf53 \ud83e\udd51 \ud83c\udf52 @USERralketo_s INI_HASHTAG salud able END_HASHTAG INI_HASHTAG soy keto END_HASHTAG INI_HASHTAG estilo de vida END_HASHTAG INI_HASHTAG soy yo END_HASHTAG URL", "date": "2022-05-11 12:34:09"}, {"id_message": 81355447261, "message": "Ten\u00e9s hambre al hacer dieta ? ? \ud83e\udd14 Ac\u00e1 te dejo una idea de que hacer para resolverlo \ud83d\udc46\ud83c\udffb Que hac\u00e9s cuando est\u00e1s cansado ? Dorm\u00eds \ud83e\udd37\ud83c\udffb\u200d\u2640 \ufe0f Que hac\u00e9s cuando ten\u00e9s ganas de hacer pis ? ? ? Vas al ba\u00f1o \ud83e\udd37\ud83c\udffb\u200d\u2640 \ufe0f Pues el hambre es una llamada de atenci\u00f3n de tu cuerpo igualita a la de estar cansado o de hacer pip\u00ed , por que no la vas a solucionar igual que a las dem\u00e1s ? ? \ud83d\ude0c Ahora si quer\u00e9s saber que alimentos son los mejores y que te dan m\u00e1s saciedad para no estar toooodo el tiempo con hambre , escribime por privado y te cuento \ud83d\ude09 \ud83d\udc4d\ud83c\udffc \u00c1mate , m\u00edmate y se paciente con vos mismo , la VIDA ES UNA SOLA ! ! ! \ud83c\udf53 \ud83e\udd51 \ud83c\udf52 @USERralketo_s INI_HASHTAG comers a no tener salud END_HASHTAG INI_HASHTAG com eres una necesidad END_HASHTAG INI_HASHTAG elige bien lo que comes END_HASHTAG INI_HASHTAG somos keto END_HASHTAG INI_HASHTAG somos low carb END_HASHTAG URL", "date": "2022-05-11 13:14:53"}, {"id_message": 60679246397, "message": "S\u00e1bado sabadete ! ! ! \u2764 \ufe0f LEVANTATE AUNQUE TE CUESTE ! ! ! \ud83d\udcaa\ud83c\udffc \ud83d\ude09 \ud83d\ude18 VOS POD\u00c9S , ANIMATE Y DEJ\u00c1 DE MIRAR A TU ALREDEDOR , TEN\u00c9S TODO LO QUE NECESIT\u00c1S PARA HACERLO POSIBLE ! ! ! Si ves que solo o sola no pod\u00e9s , escribirme , te ayudo \u263a \ufe0f \ud83e\udd70 \ud83c\udf53 \ud83e\udd51 \ud83c\udf52 @USERralketo_s INI_HASHTAG motiva cion END_HASHTAG INI_HASHTAG tu puedes END_HASHTAG INI_HASHTAG vos podes END_HASHTAG INI_HASHTAG adelante END_HASHTAG INI_HASHTAG no estas solo END_HASHTAG INI_HASHTAG tea yu do END_HASHTAG URL", "date": "2022-05-14 15:40:06"}, {"id_message": 71898318175, "message": "* Pastelitos de salm\u00f3n : * * Ingredientes * - 2 huevos - 1 lata de salm\u00f3n al natural - Una pizca de levadura - Especias al gusto * Elaboraci\u00f3n * Escurrimos muy bien el salm\u00f3n Aparte en un cuenco ponemos los huevos , las especias , la levadura y el salm\u00f3n . Mezclamos todos los ingredientes y rellenamos los moldes . Precalentar el horno e introducir los moldes unos 20-30 minutos a 180 \u00b0 o en el microondas 30 segundos a m\u00e1xima potencia . Esperar a que enfr\u00eden un poco para desmoldar y a disfrutar .", "date": "2022-05-23 13:30:02"}, {"id_message": 20519035406, "message": "Video de Luchy @USERle", "date": "2022-05-31 09:32:45"}, {"id_message": 71653701507, "message": "\u00a1 BUENOS D\u00cdAS S\u00daPER GRUPO ! Hoy quiero empezar el d\u00eda con una reflexi\u00f3n \ud83d\udcad porque no todo es la b\u00e1scula \u203c \ufe0f \ud83d\udc47\ud83c\udffb \u2b07 \ufe0f SE\u00d1ALES QUE EST\u00c1S PROGRESANDO \u2b07 \ufe0f \u2705 Peso + cent\u00edmetros \u2705 Pliegues cut\u00e1neos \u2705 Tallaje y ropa \u2705 Ausencia de enfermedades \u2705 Energ\u00eda \u2705 Mejor\u00eda en la ansiedad \u2705 Menos dolores \u2705 Mejor estado an\u00edmico \u2705 Mejor sue\u00f1o \u2705 Estabilidad mental y emocional \u2705 Mayor saciedad \u2705 M\u00e1s autoestima \u2705 M\u00e1s claridad mental \u2705 M\u00e1s motivaci\u00f3n \u2705 Mejores digestiones \u2705 M\u00e1s vitalidad \u2705 Mayor manejo en las comidas en cuanto a entender de nutrici\u00f3n Cuando est\u00e9s llevando un proceso , un d\u00e9ficit cal\u00f3rico o un aumento de masa muscular NO te fijes s\u00f3lo en un n\u00famero o en una b\u00e1scula , valora todo lo que hay m\u00e1s all\u00e1 de eso .. \ud83d\ude4f\ud83c\udffc \u2728 El n\u00famero NO significa TODO .", "date": "2022-06-14 10:39:41"}, {"id_message": 59405848908, "message": "\u00bf TE CUESTA SACIARTE ? \ud83d\ude4b\ud83c\udffc\u200d\u2640 \ufe0f Prueba estos tips b\u00e1sicos pero que ayudan bastante \u2b07 \ufe0f \u25aa \ufe0fAUMENTAR VERDURAS : Las verduras verdes tienen que ser las protagonistas de todas tus comidas . Al menos un 50 % tiene que tener tu plato . Esta opci\u00f3n no es negociable . \u25aa \ufe0fAUMENTAR PROTE\u00cdNAS : La prote\u00edna es el macronutriente que m\u00e1s contribuye a controlar el hambre , y la carne y el pescado son dos alimentos ricos en dicha sustancia . \u25aa \ufe0fCOMER DESPACIO : Aunque comer despacio no adelgaza , s\u00ed aumenta la sensaci\u00f3n de saciedad haciendo por tanto , que ingeramos menos cantidad de alimentos \u201d . Y es que , resulta que cuanto m\u00e1s hayamos masticado , antes llega esa sensaci\u00f3n .", "date": "2022-06-30 14:48:01"}, {"id_message": 2838434744, "message": "\u00a1 Buenos d\u00edas ! Feliz viernes a todo el mundo \ud83d\ude4b\u200d\u2640 \ufe0f \u00bf Eres de aprovechar o desperdiciar ? \ud83e\udd37\u200d\u2640 \ufe0f Os dejamos este consejito sobre COCINA DE APROVECHAMIENTO Siempre que vamos a comer y a cocinar tenemos que tener en mente que no debemos desperdiciar alimentos . Cocinar lo que vamos a comer o utilizar los alimentos justos para cocinar nuestros platos \ud83c\udf7d es lo mejor para aprovechar los alimentos al m\u00e1ximo . Pero siempre nos encontramos con elaboraciones o recetas en las que tenemos que utilizar ingredientes que luego sobran o cocinamos comida de m\u00e1s . Por este motivo , \u00fanete a la cocina de aprovechamiento y aprende c\u00f3mo cocinar con alimentos que hemos utilizado antes o con comida que nos ha sobrado . Al hablar de \u201c Cocina de aprovechamiento \u201d nos referimos a toda una filosof\u00eda que debemos aplicar a nuestro d\u00eda a d\u00eda , de forma que al preparar una receta \ud83d\udcdd aprovechemos los recortes y partes no utilizadas de los ingredientes para otras elaboraciones y no tiremos a la basura alimentos que pueden servirnos perfectamente , y a la vez , con las raciones que nos sobren de los alimentos ya cocinados , aprender a darles una vuelta para configurar con ellos otras recetas que pueda disfrutar nuestra familia sin comer siempre lo mismo . Con recortes de pescado \ud83d\udc1f puedes preparar ceviche , hacer caldo o utilizarlo junto con mejillones y almejas para preparar un rico arroz \ud83c\udf5a o fideua . Cuando te sobre alg\u00fan tipo de verdura u hortaliza \ud83c\udf46 en la preparaci\u00f3n de tus platos , p\u00edcalo , gu\u00e1rdalo en bolsitas peque\u00f1as de pl\u00e1stico y cong\u00e9lalo para pr\u00f3ximas preparaciones . Esto puede ocurrir cuando en algunos platos hay que utilizar medio pimiento \ud83e\uded1 o media cebolla \ud83e\uddc5 en este caso lo trocear\u00edamos todo y el sobrante lo congelar\u00edamos como hemos dicho . Con los sobrantes de carne \ud83e\udd69 podemos prepararlos a la plancha y as\u00ed aprovecharlos para otra comida junto con arroz o con tus verduras preferidas . De esta forma vamos a aprovechar todo tipo de alimentos . Recu\u00e9rdalo siempre que te sobren , aprovecharlos \ud83d\ude46\u200d\u2640 \ufe0f", "date": "2022-07-01 10:14:27"}, {"id_message": 48947304360, "message": "BUENOS D\u00cdAS \ud83d\ude4b\ud83c\udffc\u200d\u2640 \ufe0f Os dejo por aqu\u00ed 6 tips b\u00e1sicos para ponerte en forma y tener la constancia diaria que te va a llevar a conseguir ese objetivo f\u00edsico que tienes en mente \ud83e\udde0 \u2705 Objetivos realistas \u2705 Prioridad a tu objetivo \u2705 Es l\u00f3gico fallar un d\u00eda y descansar \u2705 Divertirse siempre es la mejor opci\u00f3n , disfruta del proceso . \u2705 Vestirse bien , arreglarse , parece una tonter\u00eda pero hace much\u00edsimo a la actitud con la que enfrentas el d\u00eda . \u2705 Pensar a largo plazo , para tener una \u201c motivaci\u00f3n \u201d y un enfoque sostenible , pero muy importante que te pongas metas a corto plazo para ir viendo que avanzas y si que tienes logros . Adelante ! ! ! \ud83d\udcaa\ud83c\udffb \ud83d\ude18 \u00a1 Feliz Viernes ! ! ! \ud83c\udf53 \ud83e\udd51 \ud83c\udf52", "date": "2022-07-01 10:23:10"}, {"id_message": 85705583375, "message": "Hay un mundo de sabor m\u00e1s all\u00e1 de las 4 especias de siempre ... \u00a1 y tienes que descubrirlo ! \ud83d\ude0d No es lo mismo verduras al horno con aceite y sal que ... unas verduras con especias a la BBQ \ud83d\ude0b . Os dejo unos combos para que pod\u00e1is probar por vosotros mismos y pas\u00e9is de un plato com\u00fan a un s\u00faper plato lleno de sabor \ud83e\udd24 Ya me contar\u00e9is \ud83d\ude1c \ud83e\udd70", "date": "2022-07-08 13:31:58"}, {"id_message": 76870410081, "message": "* El aceite de coco , una grasa saludable * Hace ya un tiempo se desterr\u00f3 la idea de que el aceite de coco era malo para nuestra salud por su contenido elevado en grasas saturadas . De hecho , su consumo cada vez es m\u00e1s habitual , se utiliza para preparar postres crudiveganos , para cocinar platos ex\u00f3ticos ( y no tan ex\u00f3ticos ) e incluso como cosm\u00e9tico natural tanto para hidratar nuestra piel como para reparar nuestro cabello . A nivel culinario , adem\u00e1s de estar delicioso , su uso es muy interesante ya que posee un punto de humo bastante elevado a diferencia de lo que sucede con otros aceites poliinsaturados como pueden ser el de ma\u00edz , girasol o soja . Esto quiere decir que a la misma temperatura su oxidaci\u00f3n es menor y por lo tanto no se forma un exceso de radicales libres como podr\u00eda pasar con un aceite poliinsaturado . Pero m\u00e1s all\u00e1 de su aporte a nivel organol\u00e9ptico y su utilidad como cosm\u00e9tico , el aceite de coco cuenta con muchos otros beneficios y esto se debe en parte a la presencia de sus \u00e1cidos grasos , y m\u00e1s en concreto a un tipo de \u00e1cido graso que predomina en este alimento , el \u00e1cido l\u00e1urico . \u00bf Sab\u00edas que tambi\u00e9n encontramos \u00e1cido l\u00e1urico en la leche materna y que este nutriente resulta imprescindible para el desarrollo del sistema inmune del beb\u00e9 ? El \u00e1cido laurico destaca por sus propiedades antibacterianas y antifubgicas . Puede ser un buen aliado para ayudarnos a perder peso gracias a que eleva nuestra termog\u00e9nesis ( la capacidad que tiene nuestro organismo para generar calor a partir de reacciones metab\u00f3licas ) , aumenta nuestra saciedad y nuestro gasto energ\u00e9tico . Eso s\u00ed , siempre hablando de una alimentaci\u00f3n saludable . Tambi\u00e9n es rico en vitamina E , vitamina K y compuestos antioxidantes . Todos estos nutrientes nos ayudan a prevenir el ataque de los radicales libres , nos aportan propiedades antiinflamatorias y nos ayudan a combatir el envejecimiento prematuro .", "date": "2022-07-15 12:15:28"}, {"id_message": 70384572531, "message": "Buenos d\u00edas mis valientes ! ! ! \u2600 La celulitis es una de las cosas m\u00e1s dif\u00edciles de combatir y la que menos nos gusta a la hora de ponernos unos shorts o el bikini . \ud83d\udc59 Por eso os dejo por aqu\u00ed este ebook con consejos para mejorarla ! \ud83d\udcda Para que aprendamos truquitos que te ayudar\u00e1n a combatirla y / o a mejorarla much\u00edsimo ! ! ! \ud83c\udf53 \ud83e\udd51 \ud83c\udf52", "date": "2022-07-24 16:40:13"}, {"id_message": 36330778269, "message": "MUY BUEN MARTES ! ! ! \ud83d\ude4b\ud83c\udffb\u200d\u2640 \ufe0f Un poquito de info para hoy ? ? \ud83d\udc47\ud83c\udffb EQUILIBRIO HORMONAL : \ud83d\udc49\ud83c\udffc Es un factor en la salud de la mujer , ya que la funci\u00f3n de las hormonas femeninas , especialmente los estr\u00f3genos y los gest\u00e1genos , trasciende la regulaci\u00f3n del ciclo menstrual y un impacto directo sobre la salud general , el peso y el estado de \u00e1nimo . En este sentido , la alimentaci\u00f3n puede desempe\u00f1ar un papel importante , al incluir en la dieta habitual una serie de alimentos que ayudan a regular el equilibrio hormonal . \ud83d\udc49\ud83c\udffc Aqu\u00ed les dejo algunos de los alimentos que ayudan a ese equilibrio hormonal que las mujeres tanto necesitamos :", "date": "2022-08-23 11:57:40"}, {"id_message": 15438679333, "message": "Hola mi gente bella ! ! ! \ud83d\ude4b\ud83c\udffb\u200d\u2640 \ufe0f La piel es muy sensible a las carencias nutricionales porque , al ser un tejido vivo en constante renovaci\u00f3n , necesita el aporte continuo de ciertos nutrientes para la producci\u00f3n de las c\u00e9lulas nuevas . Te dejo algunos de los mejores alimentos para mantenerla sana \ud83e\udd70 \ud83d\udc4f\ud83c\udffc \ud83d\udc47\ud83c\udffb", "date": "2022-08-26 14:22:05"}, {"id_message": 48095224835, "message": "Hoy reflexionamos \ud83d\udc47\ud83c\udffb", "date": "2022-08-29 15:42:38"}, {"id_message": 83613439807, "message": "\u26d4 Decir NO a los ESTEREOTIPOS de belleza \ud83d\udeab \u2757 \ud83d\udd34 \u00bf Hasta d\u00f3nde eres capaz de llegar para alcanzar el IDEAL DE BELLEZA de la sociedad actual ? \u2197 \ufe0f Aunque dura , esta pregunta nos confronta con una REALIDAD SOCIAL DIF\u00cdCIL DE OCULTAR : \u274c \ud83d\udd25 La ausencia de l\u00edmites en las mujeres al momento de asemejarse a los estereotipos de belleza \u2757 \u2757 \u2757 \u26a0 \ufe0f \u26a0 \ufe0f COMBATIR este prototipo es : \u2714 \ud83e\udd1b EL RETO DE LAS FAMILIAS ACTUALES . \u2714 \ud83c\udf3f De algunos grupos de personas COMPROMETIDAS CON LA SALUD . \u2714 \ud83d\ude0d \ud83e\udd23 El bienestar de la mujer \ud83d\udc51 \ud83d\udcad \ud83d\udd25 Algunas de las razones para que se presenten estos S\u00edNTOMAS son : \u274c Burlas al aspecto f\u00edsico desde la ni\u00f1ez . \u274c Comunicaci\u00f3n deficiente con los padres . \u274c Falta de control sobre las emociones . \u274c Ausencia de cari\u00f1o o reconocimientos positivos . \u274c No ajustarse al ideal de belleza de la sociedad . \u27a1 \ufe0f \u26a0 \ufe0fPara PREVENIR ESTOS S\u00cdNTOMAS es IMPORTANTE que \u26a0 \ufe0f \u2757 \u2757 \u2757 : \u2714 Haya un acompa\u00f1amiento constante de los padres en la etapa de formaci\u00f3n de la personalidad . \u2714 Las bases familiares son determinantes en la forma de REVOLVER LOS CONFLICTOS y enfrentar la presi\u00f3n social . \u26d4 OLV\u00cdDATE DE LAS APARIENCIAS \u2757 \u2757 : \u2714 Cuando te amas a ti misma \u2763 \ud83d\ude0d los dem\u00e1s lo sienten . \ud83d\udc57 Crea tu propio estilo y enf\u00f3cate en tu felicidad \ud83e\udd17 \ud83e\udd23 . \u26d4 ACEPTA LA DIFERENCIA \u2757 \u2757 : \u2714 Abre tu mente . \u2714 \ud83d\udde3 Permite que cada persona se exprese diferente . \u2714 LIBERATE de los juicios apresurados y practica el respeto por los dem\u00e1s . \u26d4 MANEJA EL ESTR\u00c9S \u2757 \u2757 \u2757 : \u2714 Busca el equilibrio en tu vida . \u2714 Aprende a manejar tus emociones . \u26d4 ALIMENTA TUS RELACIONES PERSONALES \u2757 \u2757 : \u2714 Fortalece los v\u00ednculos afectivos con las personas que te rodean . \u26d4 PREOCUPATE POR VERTE BIEN \u2757 \u2757 : \u2714 Cuida tu figura , pero NO TE OBSESIONES CON ELLA . \u2714 Adquiere H\u00c1BITOS DE VIDA SALUDABLES que te hagan sentir bien \ud83d\ude0a \ud83d\udc86\u200d\u2640 \ufe0f \ud83d\udc83 \ud83c\udf53 \ud83e\udd51 \ud83c\udf52 . \u26d4 DEDICA TIEMPO PARA LO QUE TE GUSTA : \u2714 La vitalidad expresa belleza \ud83e\udd17 \ud83d\udc83 \u2763 \u2714 Hacer lo que te gusta fortalece tu autoestima \ud83e\udd23 \ud83e\udd1b \ud83d\ude0d . \u27a1 \ufe0fCONCLUSI\u00d3N : \u2763 \ud83d\ude0a LA CONFIANZA EN TI MISMO ES LA CLAVE PARA COMBATIR LOS ESTEREOTIPOS \ud83e\udd1b \ud83d\udd25 \ud83e\udd55", "date": "2022-08-29 15:42:42"}, {"id_message": 93037421696, "message": "INI_BOLD AMA Y ACEPTA TU PROCESO END_BOLD", "date": "2022-08-29 15:43:01"}, {"id_message": 65651448041, "message": "Muy buen Lunes y bendecido comienzo de semana mis Valientes ! ! ! \ud83e\udd73 \ud83c\udf8a \ud83c\udf89 Les dejo algo para leer y reflexionar \ud83d\ude09 \ud83e\udd70 \ud83d\udc47\ud83c\udffb \u00bf C\u00d3MO CUIDAR M\u00c1S DE TU SALUD MENTAL ? \ud83e\udde0 \ud83e\udd0d 5 TIPS PARA APLICAR : \ud83d\udc49\ud83c\udffc No te compares : No todas somos iguales , no tenemos el mismo cuerpo , la misma piel , estilo de vida ... Cuando comprendas que eres hermosa y valiosa tal y como eres comenzar\u00e1s a atraer cosas positivas a tu vida . \ud83d\udc49\ud83c\udffc No trates de cambiar a los dem\u00e1s : Las actitudes y palabras de los dem\u00e1s no est\u00e1n en tu poder , deja de preocuparte tanto por cosas que no est\u00e1n bajo tu control y comienza a preocuparte por lo que haces y dices t\u00fa . \ud83d\udc49\ud83c\udffc Mejora lo que no te gusta : Si es cierto que debemos amarnos tal cual somos , tambi\u00e9n podemos mejorar aquello que no nos gusta . \u00bf Quieres tener el cabello m\u00e1s bonito ? Comienza a cuidarlo . \u00bf Quieres ser m\u00e1s delgada ? Comienza por cambiar tu alimentaci\u00f3n y a hacer algo de ejercicio . Y as\u00ed con todo , recuerda que debemos sentirnos c\u00f3modas con nuestro cuerpo , este es la casa de nuestra alma . \ud83d\udc49\ud83c\udffc Debes ser tu prioridad : No es dejar de pensar en los dem\u00e1s , pero a veces necesitas hacer lo que quieres para ti , y darte prioridad . \ud83d\udc49\ud83c\udffc Al\u00e9jate de todo lo negativo : Tanto de personas como de lugares , no vuelvas a donde no te sientes bien , a donde tu presencia o tu forma de ser no sea recibida ni valorada .", "date": "2022-10-31 11:59:52"}, {"id_message": 65789236655, "message": "Buen\u00edsimas Tardes mis valientes ! ! ! \ud83d\ude4b\ud83c\udffb\u200d\u2640 \ufe0f \ud83d\ude18 \u00bf SAB\u00cdAS LOS BENEFICIOS DE SALTAR A LA COMBA ? 1 . El equipamiento que necesitas es muy b\u00e1sico , simplemente una cuerda de saltar y un poco de espacio . 2 . Requiere una importante coordinaci\u00f3n entre tus pies y tus manos , por lo que mejora la percepci\u00f3n , y ayuda a desarrollar tus reflejos y tu equilibrio . 3 . Ayuda a desarrollar masa \u00f3sea ; los constantes saltos generan estr\u00e9s en tus huesos y obligan a tu cuerpo a fortalecer su estructura \u00f3sea . 4 . Se desarrolla la velocidad , y por tanto la capacidad \u2018 explosiva \u2019 o potencia de tus piernas . 5 . Es un ejercicio de cuerpo entero , que trabaja muchos m\u00fasculos de manera simult\u00e1nea : Brazos , hombros ( deltoides ) y espalda . 6 . Saltar cuerda requiere coordinaci\u00f3n , equilibrio , para lo cual se activan los m\u00fasculos abdominales , lumbares , m\u00fasculos de la cadera y espalda . M\u00fasculos de las piernas : gemelos , muslos , gl\u00fateos y otros m\u00fasculos estabilizadores . Es un ejercicio aer\u00f3bico , al mismo nivel que correr o nadar , por lo que favorece las adaptaciones del sistema cardiovascular . Y piensa que 10 minutos saltando a la comba equivale a 30 minutos corriendo ... \u00bf \u00bf Te animas ? ?", "date": "2022-11-03 18:56:11"}]