[{"id_message": 14580791378, "message": "Hola tengo 15 a\u00f1os peso 117 mi meta es 90 o menos", "date": "2020-05-07 18:32:22"}, {"id_message": 18543926741, "message": "No se si me pueden explicar", "date": "2020-05-07 18:33:34"}, {"id_message": 26853581670, "message": "Soy nueva no se muy como son las cosas", "date": "2020-05-07 18:36:08"}, {"id_message": 54646944792, "message": "Esta bien , como lo puedo hacer", "date": "2020-05-07 18:39:52"}, {"id_message": 34825379435, "message": "Ok gracias por decirme", "date": "2020-05-07 18:41:37"}, {"id_message": 13971865838, "message": "M\u00e1s o menos en cuanto tiempo tendr\u00eda que bajar de peso si hago todo", "date": "2020-05-07 18:42:27"}, {"id_message": 95112384492, "message": "Ok muchas gracias por tu tip", "date": "2020-05-07 18:43:30"}, {"id_message": 60834964226, "message": "Si eso are muchas gracias por tu tiempo", "date": "2020-05-07 18:45:09"}, {"id_message": 2928525708, "message": "Bueno eso are entonces", "date": "2020-05-07 18:46:13"}, {"id_message": 93559457564, "message": "Cuanto tiempo llevan con esto", "date": "2020-05-07 18:46:25"}, {"id_message": 78527421929, "message": "Muchas gracias en serio no quiero ser gorda", "date": "2020-05-07 18:47:19"}, {"id_message": 56688847498, "message": "Ya llevas bastante tiempo y no se dan cuanta tus padres", "date": "2020-05-07 18:49:07"}, {"id_message": 14319878159, "message": "Ojala los aprenda r\u00e1pido", "date": "2020-05-07 18:51:26"}, {"id_message": 99044087639, "message": "Ojala si \u263a \ufe0f", "date": "2020-05-07 18:54:50"}]