[{"id_message": 57556488332, "message": "BUENAS A TODOS ! \u00a1", "date": "2018-10-29 16:09:46"}, {"id_message": 9661993264, "message": "\ud83d\udcaa\ud83c\udffc \ud83d\udcaa\ud83c\udffc \ud83d\udcaa\ud83c\udffc \ud83d\udcaa\ud83c\udffc", "date": "2018-10-30 12:34:33"}, {"id_message": 4568168441, "message": "BUENAS TARDES A TODOS \ud83d\udcaa\ud83c\udffc \ud83d\udcaa\ud83c\udffc \ud83d\udcaa\ud83c\udffc", "date": "2018-11-04 15:12:54"}, {"id_message": 98442816381, "message": "BUENAS A TODOS NUEVO POR AQUI", "date": "2019-01-13 15:18:10"}, {"id_message": 34271564406, "message": "Bu \ud83d\udcaa\ud83c\udffc nas noches gente * * *", "date": "2019-01-13 22:32:47"}, {"id_message": 1853385513, "message": "Aqui estams un ratito mas ... dps descansar y ma\u0148ana empezar la semana a top \ud83d\udcaa\ud83c\udffc \ud83d\udcaa\ud83c\udffc \ud83d\udcaa\ud83c\udffc \ud83d\udcaa\ud83c\udffc", "date": "2019-01-13 22:43:43"}, {"id_message": 97668096851, "message": "Buena semana de entreno a todos \ud83d\udcaa\ud83c\udffc \ud83d\udcaa\ud83c\udffc", "date": "2019-01-13 22:44:09"}, {"id_message": 13085394036, "message": "Buenos dias grupo Y buena semana de entremamiento ! NO PAIN NO GAIN \ud83d\udc4d \ud83d\udcaa\ud83c\udffc \ud83e\udd19", "date": "2019-01-14 11:15:08"}, {"id_message": 78340512177, "message": "\ud83d\udcaa\ud83c\udffc \ud83d\udcaa\ud83c\udffc \ud83d\udcaa\ud83c\udffc \ud83d\udcaa\ud83c\udffc \ud83d\udcaa\ud83c\udffc \ud83d\udcaa\ud83c\udffc \ud83d\udc4d \ud83d\udc4d \ud83d\udc4d \ud83e\udd19 \ud83e\udd19 \ud83d\udc4f vamos ! ! !", "date": "2019-01-14 11:16:46"}, {"id_message": 49716718541, "message": "Buenas si eso es cierto Con el cambio de movil no tenia telegram ... hasta que me he decidido instalarlo de nuevo y aqui estamos de vuelt \ud83d\udcaa\ud83c\udffc \ud83d\udcaa\ud83c\udffc \ud83d\udcaa\ud83c\udffc", "date": "2019-01-16 11:18:51"}, {"id_message": 2464604148, "message": "Si ... seguro \ud83d\udcaa\ud83c\udffc \ud83d\udcaa\ud83c\udffc \ud83d\udc4d Lo bueno es q estamos d vuelt \ud83d\ude09", "date": "2019-01-16 11:19:58"}, {"id_message": 54847290638, "message": "Aqui seguimos en la lucha ... entreno ... dieta ... descanso y poco a poco cresciendo \ud83d\ude09", "date": "2019-01-16 11:22:14"}, {"id_message": 84756897290, "message": "Yo estoy tb en volumen ... hay q darle duro \ud83d\udcaa\ud83c\udffc", "date": "2019-01-16 11:24:01"}, {"id_message": 65634495548, "message": "Yo casi siempre entreno pesado ... si bajo los pesos ... es como que no hago nada ... costumbres ...", "date": "2019-01-16 11:26:11"}, {"id_message": 58693161576, "message": "Yo estare con la diet de volumen 2 meses mas ... y dps cortar un poco ...", "date": "2019-01-16 11:29:15"}, {"id_message": 23130125204, "message": "Yo pues eso ... dieta de volumen y entreno ... a raja tabla y no me puedo quejar ... voy aumentando de peso ... cada 15 me peso y genial ...", "date": "2019-01-16 11:32:10"}, {"id_message": 65812949161, "message": "Buenas noches grupo Gente de madrid ?", "date": "2019-01-19 20:20:03"}, {"id_message": 66255735965, "message": "Por nada en especial Como hay gente de varias ciudades pues a ver quien esta x madrid", "date": "2019-01-19 23:52:54"}, {"id_message": 67160109589, "message": "Buenas noches grupo \ud83d\udc4d \ud83d\udc4d", "date": "2019-01-20 22:56:06"}, {"id_message": 33690785807, "message": "Buenas Como vamos por aqui ? \u00bf En un ratito a descansar que empezaremos la semanita a top \ud83d\udcaa\ud83c\udffc \ud83d\udcaa\ud83c\udffc \ud83d\udcaa\ud83c\udffc", "date": "2019-01-20 23:00:01"}, {"id_message": 50948356842, "message": "Eso es a mi tb me gusta entrenar por las ma\u0148anas ... un desayuno como dios manda ... esperar un rato y a darle duro", "date": "2019-01-20 23:02:09"}, {"id_message": 26483713639, "message": "Despertar meter 1 batido de protes Dps 1 batido de platano avena y leche de almendras dps carne roja con arroz", "date": "2019-01-20 23:04:18"}, {"id_message": 94164212144, "message": "En el tema del desayuno vitaminico y otros suples", "date": "2019-01-20 23:05:43"}, {"id_message": 72392303436, "message": "Si ya ves jjj ... espero mi horita y 40 y a darle", "date": "2019-01-20 23:06:24"}, {"id_message": 61325629563, "message": "Ya durante todo el dia Suelo comer mucho", "date": "2019-01-20 23:10:33"}, {"id_message": 66641290451, "message": "Solo quito un poco mas los carbos", "date": "2019-01-20 23:11:42"}, {"id_message": 41356132090, "message": "Pues yo comidas solidas he echo 5", "date": "2019-01-20 23:13:05"}, {"id_message": 80169872942, "message": "Ultimamente meto mucho pollo / pavo / ternera", "date": "2019-01-20 23:14:19"}, {"id_message": 22346152759, "message": "Pescado no es mi fuerte Exepto el atun ...", "date": "2019-01-20 23:16:32"}, {"id_message": 45565155993, "message": "Yo tiro mas x el atun ... Y la carne si ... la q quieras", "date": "2019-01-20 23:17:34"}, {"id_message": 64876560069, "message": "Si si mas liviano", "date": "2019-01-20 23:18:49"}, {"id_message": 64852486362, "message": "Eso es buenas noches ! ! Y buena semana de entreno para todos \ud83e\udd19 \ud83d\udc4d \ud83e\udd19 \ud83d\udcaa\ud83c\udffc \ud83d\udc4d \ud83d\udc4d \ud83d\udcaa\ud83c\udffc \ud83d\udcaa\ud83c\udffc", "date": "2019-01-20 23:20:56"}, {"id_message": 95277553446, "message": "Buenas noches a todos ! ! !", "date": "2019-02-07 22:01:21"}, {"id_message": 34716170769, "message": "Aqui estamos despues de unos dias * desaparecido * \ud83d\ude0b", "date": "2019-02-07 22:02:34"}, {"id_message": 27981322068, "message": "Yo llevo entrenando 13 dias sin pausa el descanso es fundamental Pero me recupero rapido y asi puedo seguir", "date": "2019-02-07 22:04:58"}, {"id_message": 76168205185, "message": "Estoy bien Dandole duro Pegando pesado Comiendo mas que bien Y descansare este find", "date": "2019-02-07 22:07:43"}, {"id_message": 45277156648, "message": "Si si ... sin duda ... asi que este find relax ... He subido de peso lo voy a mantener 1mes mas para despues empezar a rajar", "date": "2019-02-07 22:09:41"}, {"id_message": 99717744415, "message": "Si si ... si yo soy consciente Pero como he dicho antes ... me recuperaba bien en 1 ... 1.5 dia ... asi que le he dado ms q ca\u0148a ... ahora ya descansar ... si o si \ud83d\ude09", "date": "2019-02-07 22:12:06"}, {"id_message": 33825143536, "message": "Si duele es q has trabajado bien \ud83d\udc4d \ud83d\udc4d", "date": "2019-02-07 22:18:54"}, {"id_message": 85027515787, "message": "Ya ... me lo creo pq hay dias que salgo del gym y no sient las piernas y eso q soy nuevo . . Jajajs", "date": "2019-02-07 22:21:43"}, {"id_message": 23806469238, "message": "Yo utilizo maquinas y peso libre tb .", "date": "2019-02-07 22:23:28"}]