[{"id_message": 26633924844, "message": "Me gustar\u00eda ver el v\u00eddeo de lo que dijeron de las comunidades peligrosas pero no me deja como lo puedo hacer ?", "date": "2022-04-13 21:02:18"}, {"id_message": 94391920623, "message": "Llevo tres a\u00f1os siendo Ana", "date": "2022-04-13 21:02:38"}, {"id_message": 98845571008, "message": "A vale , muchas gracias", "date": "2022-04-13 21:36:04"}, {"id_message": 99002146520, "message": "Por qu\u00e9 no hacemos que el grupo sea m\u00e1s activo con tips de comida o lo que sea", "date": "2022-04-14 18:44:26"}, {"id_message": 60961341278, "message": "Hacer bastante ejercicio y ocultar la comida en servilletas", "date": "2022-04-14 18:46:23"}, {"id_message": 8840586129, "message": "Y beber agua con sal es un poco asqueroso pero funciona", "date": "2022-04-14 18:46:52"}, {"id_message": 16797576407, "message": "Para que hagas la digesti\u00f3n r\u00e1pido y tener menos grasa", "date": "2022-04-14 18:47:56"}, {"id_message": 33482488461, "message": "No se el m\u00edo es 15 y peso 38", "date": "2022-04-14 18:51:11"}, {"id_message": 79900008434, "message": "Si pero para m\u00ed no es mucho", "date": "2022-04-14 18:53:25"}, {"id_message": 59699167313, "message": "Por qu\u00e9 tendr\u00eda que mentir", "date": "2022-04-14 18:54:00"}, {"id_message": 92349282218, "message": "Lo se pero creo que no me pasar\u00e1 nada malo y me gusta ese peso", "date": "2022-04-14 18:57:52"}, {"id_message": 76860078842, "message": "Pero es que peso 38 entonces que bajo", "date": "2022-04-14 19:00:25"}, {"id_message": 64715633808, "message": "Tenido 17 peso 38 y mi estatura es de uno 54", "date": "2022-04-14 19:02:06"}, {"id_message": 90864604175, "message": "Mi doctora dice que estoy en infrapeso", "date": "2022-04-14 19:03:40"}, {"id_message": 63543735556, "message": "Ok pero soy menor y no quiero que me quites", "date": "2022-04-14 19:43:49"}, {"id_message": 68899076580, "message": "Dije en terapia pero por otras cosas", "date": "2022-04-14 19:45:35"}, {"id_message": 15802524018, "message": "Esa no soy yo", "date": "2022-04-14 19:46:51"}, {"id_message": 62451203652, "message": "Que no me llamo asin", "date": "2022-04-14 19:48:37"}, {"id_message": 60334378032, "message": "Pero tambi\u00e9n voy por m\u00e1s cosas no he metido", "date": "2022-04-14 19:49:00"}]