[{"id_message": 1536874038, "message": "Hola soy Ana y Mia comenzando Peso actual : 63 Peso meta 45 Edad 19", "date": "2021-12-13 19:57:50"}, {"id_message": 77747325151, "message": "Me odio quiero ser princesa", "date": "2021-12-13 20:00:31"}, {"id_message": 79666968485, "message": "Puedo estar en el oficial ?", "date": "2021-12-21 07:20:28"}, {"id_message": 96259494696, "message": "Chicos y chicas estoy s\u00faper feliz", "date": "2021-12-30 12:18:23"}, {"id_message": 77857799061, "message": "He bajado dos kilos", "date": "2021-12-30 12:18:30"}, {"id_message": 49728693572, "message": "Siento molestar pero me hac\u00eda ilusi\u00f3n", "date": "2021-12-30 12:18:52"}, {"id_message": 72915969313, "message": "Ya ya lo se es q en este ya estaba", "date": "2022-01-01 19:46:39"}, {"id_message": 66654051078, "message": "Pero me sal\u00ed sin querer", "date": "2022-01-01 19:46:45"}, {"id_message": 98080627744, "message": "Y lo estaba buscando", "date": "2022-01-01 19:46:54"}, {"id_message": 6332351958, "message": "Estoy feliz de momento peso 61.6 cuando empec\u00e9 pesaba 64.8", "date": "2022-01-05 14:24:37"}, {"id_message": 49555855849, "message": "Me cost\u00f3 pero lo he conseuguido", "date": "2022-01-08 18:16:53"}]