[{"id_message": 96918231767, "message": "qu\u00e9 te hizo decantarte por la nacional ?", "date": "2018-12-24 23:27:35"}, {"id_message": 20023800993, "message": "llevo ya un tiempo con la torso pierna , alguna rutina que solo incluya un dia de piernas ?", "date": "2018-12-26 11:45:33"}, {"id_message": 15526366393, "message": "era una rutina de 4 dias con el miercoles de descanso", "date": "2018-12-26 11:48:11"}, {"id_message": 34198345107, "message": "al rev\u00e9s , solo un dia de piernas y no dos como vengo haciendo", "date": "2018-12-26 11:49:05"}, {"id_message": 53083564286, "message": "si encuentras un pc con ssd aunque sea poco lo notar\u00e1s", "date": "2018-12-26 11:50:02"}, {"id_message": 92477178048, "message": "yo no me termino de fiar de los reacondicionados en tecnolog\u00eda", "date": "2018-12-26 11:52:30"}, {"id_message": 99515278337, "message": "mucha gente se la cuela a amazon y te lo puedes comer tu", "date": "2018-12-26 11:52:43"}, {"id_message": 8267251759, "message": "los d\u00edas de no entreno tomais los mismos 5g ?", "date": "2019-01-11 08:24:32"}, {"id_message": 26747864727, "message": "recomend\u00e1is algun video en especial para hacer correctamente la t\u00e9cnica de peso muerto y sentadillas ?", "date": "2019-01-31 18:19:53"}, {"id_message": 77929564656, "message": "yo ten\u00eda un compa\u00f1ero que tomaba concerta que creo que era de asimilacion lenta", "date": "2019-02-20 10:43:01"}, {"id_message": 59053043243, "message": "es la palabra en clave para los esteroides", "date": "2019-02-21 20:38:36"}, {"id_message": 21003698616, "message": "recomend\u00e1is alg\u00fan multivitanimico en particular ?", "date": "2019-03-05 22:20:44"}, {"id_message": 23255180053, "message": "yo tom\u00e9 una temporada multicentrum y no not\u00e9 ning\u00fan efecto secundario", "date": "2019-03-05 22:23:38"}, {"id_message": 93034484529, "message": "alg\u00fan consejo para la rueda ? cada vez que la hago noto el lumbar y no me gusta un pelo porque es lesivo he leido", "date": "2019-03-06 19:31:06"}, {"id_message": 9481562672, "message": "tienes algun video para la t\u00e9cnica correcta ?", "date": "2019-03-06 19:33:51"}, {"id_message": 8409221282, "message": "yo le recomiendo al admin que los elimine de los documentos del grupo porque el responsable es el admin del grupo", "date": "2019-04-25 12:07:01"}, {"id_message": 11729715843, "message": "yo lo digo por el delito de propiedad intelectual , que el responsable \u00faltimo es el admin del grupo , ya las fotos personales cada uno con su vida que haga lo que quiera", "date": "2019-04-25 12:17:12"}, {"id_message": 20908769666, "message": "no me est\u00e1is entendiendo", "date": "2019-04-25 12:18:13"}, {"id_message": 65119208057, "message": "por las fotos no hay ning\u00fan problema", "date": "2019-04-25 12:18:38"}, {"id_message": 89572603391, "message": "yo intento ayudar en lo que se", "date": "2019-04-25 12:19:11"}, {"id_message": 41862821952, "message": "no creo que nadie se meta con eso", "date": "2019-04-25 12:21:48"}, {"id_message": 20938902695, "message": "las mejores las de los pueblos en mi opini\u00f3n", "date": "2019-05-06 16:12:29"}]