[{"id_message": 53851287689, "message": "Pasa el link ese", "date": "2019-06-18 18:08:50"}, {"id_message": 22944099001, "message": "Con mayor lordosis se activan los erectores espinales", "date": "2019-06-18 19:01:52"}, {"id_message": 89349925316, "message": "Por eso al final del movimiento se tiende a hacer hiperlosrdosis cu\u00e1ndo cuesta levantar el peso", "date": "2019-06-18 19:02:21"}, {"id_message": 21651763782, "message": "Est\u00e1 bien pero el aceite de lino te lo mandara para obtener dha , el problema es que la conversi\u00f3n en grasas vegetales es muy peque\u00f1a", "date": "2019-06-19 12:31:50"}, {"id_message": 5129709189, "message": "Ser\u00eda mejor meter Omega 3 directamente", "date": "2019-06-19 12:32:00"}, {"id_message": 72115261633, "message": "Tu has visto la peli de la cena de los idiotas ?", "date": "2019-06-20 15:22:29"}, {"id_message": 22874965827, "message": "Eres como el puto protagonista", "date": "2019-06-20 15:22:37"}, {"id_message": 53810896941, "message": "Liz juega al p\u00e1del , eso aumenta los estrogenos", "date": "2019-06-20 15:59:50"}, {"id_message": 94243141537, "message": "Por la tarde en teor\u00eda hay mejor rendimiento pero a nivel de ganancias es irrelevante", "date": "2019-07-01 09:02:54"}, {"id_message": 10161142347, "message": "La temperatura corporal es mayor", "date": "2019-07-01 09:03:03"}, {"id_message": 67658387602, "message": "Mejor por la nariz", "date": "2019-07-22 16:16:17"}, {"id_message": 42077485766, "message": "El que est\u00e1 escondido cascandosela", "date": "2019-07-24 10:16:53"}]