[{"id_message": 3478016581, "message": "Pues voy al gimnasio , levantamiento de pesas", "date": "2018-05-15 17:49:43"}, {"id_message": 61823172512, "message": "Y cardio lo justo", "date": "2018-05-15 17:49:53"}, {"id_message": 34285671815, "message": "Lo que mas hago es culo", "date": "2018-05-15 17:50:59"}, {"id_message": 3608952311, "message": "que es lo \u00fanico que sirve", "date": "2018-05-15 17:51:04"}, {"id_message": 65526224418, "message": "Con hacer culo suficiente", "date": "2018-05-15 17:51:50"}, {"id_message": 80087243608, "message": "Yo es que hago lo mismo que todas las que van al gimnasio", "date": "2018-05-15 17:52:37"}, {"id_message": 46717977287, "message": "Anab\u00f3lic eres chico o chica ?", "date": "2018-05-15 17:53:40"}, {"id_message": 89729335974, "message": "Para que van a hacer piernas los chicos ... Si no les sirve para nada", "date": "2018-05-15 17:54:53"}, {"id_message": 22470852085, "message": "En mi gimnasio hay una chica nueva entrenadora que es la hostia", "date": "2018-05-15 17:55:55"}, {"id_message": 57668364048, "message": "Pues la entrenadora esa , nos cont\u00f3 una vez que esta ah\u00ed gracias a todos los que la dijeron que no serv\u00eda y que por ser mujer la menospreciaban", "date": "2018-05-15 17:57:57"}, {"id_message": 47300673738, "message": "Oye de donde sois ?", "date": "2018-05-15 17:58:19"}, {"id_message": 98635824597, "message": "Sii me parece bien", "date": "2018-05-15 18:00:08"}, {"id_message": 52124399379, "message": "No uso redes sociales", "date": "2018-05-15 18:03:14"}, {"id_message": 63427465814, "message": "Ni instagram ni facebook tengo", "date": "2018-05-15 18:03:21"}, {"id_message": 88530264397, "message": "\ud83d\ude15 \ud83d\ude15 \ud83d\ude15", "date": "2018-05-15 18:03:55"}, {"id_message": 29318290414, "message": "Germ\u00e1n estoy de acuerdo contigo , nunca me menospreciast ni me faltaste \u00e9l respeto , fui yo que me cabree", "date": "2018-05-15 18:12:07"}, {"id_message": 37404529836, "message": "Germ\u00e1n eres un crack", "date": "2018-05-15 18:13:48"}, {"id_message": 84208187188, "message": "as\u00ed que no digas eso", "date": "2018-05-15 18:13:52"}, {"id_message": 97620665290, "message": "Germ\u00e1n no te lo cont\u00e9 ... Me llamaron de un gimnasio nuevo", "date": "2018-05-15 18:16:30"}, {"id_message": 29674846360, "message": "Me llamaron al d\u00eda siguiente de estar contigo en logro\u00f1o y que se nos fuera de mas manos todo ...", "date": "2018-05-15 18:17:12"}, {"id_message": 4515238209, "message": "Ya se que es \u00e9l mejor ... Pero puedes venir a entrenar conmigo", "date": "2018-05-15 18:24:22"}, {"id_message": 16818621752, "message": "Germ\u00e1n , vino a verme \u00e9l en cuanto se entero", "date": "2018-05-15 18:34:42"}, {"id_message": 25982422184, "message": "En serio te has comprado eso ?", "date": "2018-05-16 11:11:55"}]