[{"id_message": 44438390708, "message": "M\u00eda Peso actual 55 kg Meta 40 kg Edad : 15", "date": "2020-04-17 00:46:43"}, {"id_message": 28434763770, "message": "Porque soy algo inexperta con esto de vomitar aparte que soy principiante", "date": "2020-04-17 00:47:13"}, {"id_message": 46967578332, "message": "Y por cierto cuando vomito , cuando se que ya estoy vac\u00eda ?", "date": "2020-04-17 01:18:57"}, {"id_message": 51177779953, "message": "Pero como sabes que ya acabaste", "date": "2020-04-17 01:46:47"}, {"id_message": 66911753409, "message": "Gracias pero algo que me molesta es el ardor y el dolor que queda en la garganta pero ni modo todo por llegar a mi meta \ud83d\ude0e \ud83d\udc4c", "date": "2020-04-17 01:50:38"}, {"id_message": 86350286675, "message": "Si que consejos necesitas", "date": "2020-04-17 02:05:33"}, {"id_message": 13214305557, "message": "No intentaste vomitar lo que comiste", "date": "2020-04-17 02:07:30"}, {"id_message": 31151453985, "message": "Es normal el sentimiento de culpa por comer y teniendo una meta , procura quitar la ansiedad como con algo de fruta con una fresa o un pedazo de banana , o ll\u00e9nate de agua .", "date": "2020-04-17 02:08:10"}, {"id_message": 18214677973, "message": "Yo estoy buscando otros grupos pero no encuentro :/", "date": "2020-04-17 02:09:57"}, {"id_message": 99919044616, "message": "Si queres yo te puedo ayudar", "date": "2020-04-17 02:10:07"}, {"id_message": 42795221180, "message": "Ahora contas conmigo :D", "date": "2020-04-17 02:11:25"}, {"id_message": 67835559889, "message": "De que pa\u00eds eres ?", "date": "2020-04-17 02:13:48"}, {"id_message": 46578025001, "message": "En mi pa\u00eds siempre hace calor", "date": "2020-04-17 02:13:53"}, {"id_message": 21587333250, "message": "Euuu Mexico Es hermoso he logrado ir un par de veces", "date": "2020-04-17 03:01:24"}, {"id_message": 4388499818, "message": "Los atardeceres en cualquier lado se ven s\u00faper lindo", "date": "2020-04-17 03:02:56"}, {"id_message": 2408264536, "message": "Oigan que hago si tengo la sensaci\u00f3n de comer ?", "date": "2020-04-17 18:00:42"}, {"id_message": 87338390557, "message": "Como digamos que quieres comer pero te sent\u00eds llena pero querr\u00e1 hacerlo", "date": "2020-04-17 18:49:09"}, {"id_message": 88002287494, "message": "Altas ganas de ser as\u00ed :(", "date": "2020-04-17 20:59:42"}, {"id_message": 2049161849, "message": "Es de locos aunque en donde estoy es de noche", "date": "2020-04-17 21:06:22"}, {"id_message": 75908626482, "message": "En que pa\u00eds est\u00e1s ?", "date": "2020-04-17 21:23:18"}, {"id_message": 25903309168, "message": "Si se puede decir que si hace unas horas vine al norte : , ) y hace m\u00e1s fr\u00edo ac\u00e1 que en la capital", "date": "2020-04-17 21:25:53"}, {"id_message": 15308233007, "message": "Yo no soy tan fan pero es mejor que el calor", "date": "2020-04-17 21:26:43"}, {"id_message": 75148543199, "message": "Si , en donde estudio si haces algo en la escuela rayas paredes o cosas as\u00ed tenes que pagar por la pintura", "date": "2020-04-17 21:27:38"}, {"id_message": 17221689428, "message": "Espa\u00f1a si es lindo", "date": "2020-04-17 21:27:52"}, {"id_message": 2455461185, "message": "En tres d\u00edas bajaste 3 kilos : o eso si es bueno", "date": "2020-04-18 20:53:31"}, {"id_message": 59075790539, "message": "Oh eso es bueno", "date": "2020-04-18 21:47:47"}, {"id_message": 69718226565, "message": "Si , se me hace un poco inc\u00f3modo provocar el vomito con los dedos porque tengo u\u00f1as acr\u00edlicas y siento que aveces me lastimo", "date": "2020-04-20 19:06:41"}, {"id_message": 87591070021, "message": "Con que otra cosa puedo provocarlo ?", "date": "2020-04-20 19:06:55"}, {"id_message": 23188500329, "message": "Cual es el grupo oficial", "date": "2020-04-20 20:49:00"}]