[{"id_message": 31795179225, "message": "Que tal va el dia ?", "date": "2019-04-25 17:41:51"}, {"id_message": 55767635770, "message": "Merendando ! Y recuperando del entrenamiento", "date": "2019-04-25 17:44:51"}, {"id_message": 90638095569, "message": "Que aproveche \ud83d\ude09", "date": "2019-04-25 17:46:45"}, {"id_message": 78645273665, "message": "Yo un vaso de los de las fiestas , con leche de avena , bastante avena , arroz inflado , canela con un pl\u00e1tano y una tostada", "date": "2019-04-25 17:51:53"}, {"id_message": 19462448226, "message": "Te entiendo , en ese tiempo comer con prisa juega malos ratos al estomago", "date": "2019-04-25 17:54:32"}, {"id_message": 98874944758, "message": "Animo en el trabajo !", "date": "2019-04-25 17:55:55"}, {"id_message": 75525944462, "message": "Si , es todo un interesado", "date": "2019-05-03 16:12:24"}, {"id_message": 33805243923, "message": "Que tal el dia ?", "date": "2019-05-04 00:22:25"}, {"id_message": 32705355309, "message": "Aqui , llueve a cantaros", "date": "2019-05-04 00:23:01"}, {"id_message": 44276628476, "message": "Que envidia , aqui en navarra , ha llovido un rato una tormenta a la tarde que pffff", "date": "2019-05-04 00:24:56"}, {"id_message": 78373212547, "message": "Yo soy mas de secano jajajaj", "date": "2019-05-04 00:25:31"}, {"id_message": 27077114227, "message": "Aqui al trigo y la cebada les viene bien", "date": "2019-05-04 00:26:11"}, {"id_message": 69377156007, "message": "Pero mucha agua no les hace falta", "date": "2019-05-04 00:26:26"}, {"id_message": 69817873681, "message": "Bueno , ahora a cuidarlo !", "date": "2019-05-04 00:36:55"}, {"id_message": 32225834022, "message": "Como va ese mod ? ?", "date": "2019-05-12 14:39:38"}, {"id_message": 48784587782, "message": "Trae un poco de calor pa navarra", "date": "2019-05-12 15:01:36"}, {"id_message": 37390788876, "message": "No , yo pensaba lo mismo", "date": "2019-07-28 12:23:43"}]