[{"id_message": 74166098685, "message": "De que se trata ?", "date": "2021-06-16 03:06:07"}, {"id_message": 61107878798, "message": "Si est\u00e1 idea me parece bien", "date": "2021-06-26 14:45:32"}, {"id_message": 4494143229, "message": "Yo creo m\u00e1s sobre rutinas diarias", "date": "2021-06-26 14:46:11"}, {"id_message": 77024592243, "message": "Me pasa que en la semana me controlo y el fin de semana estoy con mi pareja y el dele que come tonteras y yo le picoteo", "date": "2021-06-26 20:25:17"}, {"id_message": 64049120717, "message": "Y siempre me dice que porque consumo pocas cosas en las comidas", "date": "2021-06-26 20:25:56"}, {"id_message": 9633122820, "message": "Igual , de ah\u00ed le pido que me acompa\u00f1e a caminar para distraernos , pero no es suficiente", "date": "2021-06-27 14:06:10"}, {"id_message": 67205464842, "message": "Si tambi\u00e9n comenzar\u00e9 a trotar , mantiene las piernas muy lindas", "date": "2021-06-27 16:50:58"}, {"id_message": 27244620659, "message": "Fue mi mejor \u00e9poca", "date": "2021-06-27 16:51:05"}, {"id_message": 68806847403, "message": "Ma\u00f1ana empieza el reto para bajar kilos ?", "date": "2021-06-28 02:20:46"}, {"id_message": 30628823996, "message": "Al final de que trata , siempre he sido sola y no participado de estas cosas", "date": "2021-06-28 03:05:45"}, {"id_message": 76705168648, "message": "Ser\u00e1 que nos ponemos metas ? Por ejemplo 21 d\u00edas sin comer x alimento", "date": "2021-06-28 17:51:24"}, {"id_message": 48826526367, "message": "Deber\u00edamos activar m\u00e1s la cosa", "date": "2021-06-29 14:30:31"}, {"id_message": 44967464505, "message": "Me parece muy bueno hasta ah\u00ed", "date": "2021-07-03 00:14:40"}]