[{"id_message": 53562150153, "message": "\ud83d\uddd2 5 BENEFICIOS PARA LA SALUD DE LOS PIMIENTOS \ud83c\udf36 Quemar grasas , mejoran los esfuerzos para perder peso . \ud83c\udf36 Controlan el colesterol . \ud83c\udf36 Mantienen la artritis a raya . \ud83c\udf36 Reduce el riesgo de c\u00e1ncer de seno . \ud83c\udf36 Previene el derrame cerebral . \ud83e\udd57 3 REGLAS PARA PERDER GRASA \ud83d\udca7 1\u20e3Evita calor\u00edas l\u00edquidas . \ud83e\udd64 \u274c \ud83c\udf75 \ud83c\udf79 \u2705 2\u20e3No te pierdas dos buenas comidas al d\u00eda . \ud83e\udd57 \ud83c\udf55 \ud83c\udf54 \u274c \ud83e\udd57 \ud83c\udf6a \ud83c\udf72 \u2705 3\u20e3Focal\u00edzate en lo que de verdad importa . Ayuno intermitente , sin gluten \u274c Calor\u00edas , actividad diaria , consistencia \u2705 \ud83d\udc9a \ud83c\udf72 LOS BENEFICIOS DE CENAR TEMPRANO \ud83c\udf5b \ud83d\udc9a \ud83d\ude34 | Mejora tu calidad de sue\u00f1o : Cenar temprano evitar\u00e1 que tu cuerpo tenga que seguir trabajando para asimilar los alimentos mientras duermes \ud83d\ude13 | Alivia la acidez : \u00bf Sab\u00edas que dormir justo despu\u00e9s de cenar puede ser la raz\u00f3n por la que est\u00e9s sufriendo de acidez estomacal en las noches ? \ud83e\uddc2 | Reduce los niveles de az\u00facar en la sangre : Cenar temprano puede ayudar a los pacientes a reducir los niveles de az\u00facar en la sangre y reducir el riesgo de algunas enfermedades , como la diabetes . \ud83e\udd64 \u00bf C\u00d3MO PREPARAR EL BANANA MILK ? \ud83c\udf4c Ingredientes : \ud83e\udd5b 200 ml de leche de vaca o agua . \ud83c\udf4c Uno o dos pl\u00e1tanos . \ud83e\udd44 Un poco de canela ( a tu gusto ) . \ud83e\uddc2 Media cucharadita de az\u00facar Pasos a seguir : \u3030 Basta con licuar todos los ingredientes hasta obtener una mezcla completamente l\u00edquida y homog\u00e9nea . \u3030 Recuerda consumirlo en peque\u00f1as cantidades ya que se trata de una fruta rica en az\u00facares . \ud83e\udd64 BENEFICIOS DE TOMAR BANANA MILK \ud83e\udd5b \ud83c\udf4c \ud83c\udf4c Nutre tu cuerpo : Debido a sus dosis de vitaminas , beneficia el correcto funcionamiento del cuerpo en m\u00faltiples maneras al cuerpo , entre ellas a la piel . \ud83c\udf4c Mejora tu rutina de ejercicio : El banana milk es excelente si te encanta ejercitarte pues , debido a sus altos niveles de az\u00facar , aporta gran energ\u00eda y , gracias al potasio , previene los calambres . \ud83c\udf4c Evita la retenci\u00f3n de l\u00edquidos : As\u00ed que podr\u00e1s olvidarte de la odiosa inflamaci\u00f3n y otros problemas que se derivan de ello . \ud83c\udf4c Tiene efecto saciante : El pl\u00e1tano te ayuda a sentirte satisfecho por m\u00e1s tiempo , por lo que evitar\u00e1s andar picando comida chatarra . \ud83c\udf4c Mejora notablemente la digesti\u00f3n : Lo que favorece a tu est\u00f3mago \u00a1 por mucho ! , pues ayuda a procesar mejor los alimentos y sus vitaminas , beneficiando indirectamente tu piel y tu figura . \ud83e\udd57 ALIMENTOS PARA CONTROLAR LA ANSIEDAD Y MEJORAR TU ESTADO DE \u00c1NIMO \u2705 \ud83e\udd63 Avena : Adem\u00e1s de ser rica , saciante y vers\u00e1til , la avena reduce la ansiedad gracias a un amino\u00e1cido esencial en su contenido : el tript\u00f3fano . Este es un nutriente que tiene efectos positivos sobre la atenci\u00f3n , la memoria , la ansiedad y la depresi\u00f3n \u2014 \u2014 \u2014 \ud83e\udd5b Yogurt : El yogurt que tiene probi\u00f3ticos es el que debes elegir para disminuir la ansiedad , ya que estas \u201c bacterias buenas \u201d protegen el intestino , un \u00f3rgano que est\u00e1 conectado con el cerebro \u2014 \u2014 \u2014 \ud83c\udf6b Chocolate oscuro : S\u00ed , el chocolate es bueno para controlar la ansiedad , pero debes comerlo con moderaci\u00f3n y en su versi\u00f3n oscura o con m\u00e1s del 70 % de cacao . Este tipo de chocolate es rico en antioxidantes que mejoran la circulaci\u00f3n de sangre al cerebro y permiten que este se adapte mejor a situaciones estresantes , sin causar ansiedad . \u2014 \u2014 \u2014 \ud83d\udc1f Pescado : Los pescados azules como el at\u00fan , el salm\u00f3n , la caballa , las anchoas y las sardinas poseen altos niveles de magnesio y de selenio , dos minerales fundamentales para calmar la ansiedad . Estos promueven la actividad mental , bajan el estr\u00e9s , elevan el estado de \u00e1nimo , luchan contra el s\u00edndrome premenstrual , reducen la migra\u00f1a y combaten la depresi\u00f3n . \ud83d\udca1 INI_HASHTAG Sab\u00edas Que END_HASHTAG El t\u00e9 de lim\u00f3n y canela trata la obesidad , el aparato digestivo , el mal aliento , la presi\u00f3n arterial , manchas en la piel , blanquea los dientes y aumenta las defensas . \ud83c\udf75 \ud83d\udca1 INI_HASHTAG Sab\u00edasque END_HASHTAG El t\u00e9 de jengibre y canela es muy bajo en calor\u00edas , es \u00fatil contra las n\u00e1useas matutinas t\u00edpicas del embarazo , posee propiedades antiinflamatorias , ayuda a proteger contra las enfermedades card\u00edacas y ayuda a controlar la obesidad . \ud83c\udf75 \ud83e\udd64 ALGUNAS BEBIDAS RELAJANTES PARA UN BUEN SUE\u00d1O \ud83d\ude34 \u2705 T\u00e9 de manzanilla . \ud83c\udf75 Bebe t\u00e9 de manzanilla sin az\u00facar media hora antes de acostarte y dormir", "date": "2020-10-16 19:21:13"}, {"id_message": 51516437748, "message": "\u00e1s como un beb\u00e9 . \u2705 T\u00e9 de menta . \ud83c\udf75 Te ayudar\u00e1 a calmarte y relajarte . Adem\u00e1s , el t\u00e9 de menta es bueno para las n\u00e1useas . \u2705 Chocolate caliente . \u2615 \ufe0f Muy a menudo , el chocolate caliente se confunde con el cacao ; sin embargo , el chocolate caliente es mucho m\u00e1s espeso \u00a1 El chocolate caliente es una de las bebidas m\u00e1s deliciosas para dormir bien ! \ud83c\udf4e GU\u00cdA COMPLETA PARA AUMENTAR DE PESO \ud83d\ude31 \ud83d\udc49 Muchas personas desean subir unos kilos debido a que se encuentran demasiado delgadas , ya sea por causa natural o producto de una enfermedad . \ud83d\udc49 Queremos comenzar una gu\u00eda detallada sobre pasos , consejos y recomendaciones para que logres tu objetivo de Aumentar Peso . ( Al terminar haremos otra gu\u00eda pero para bajar de peso \ud83d\ude09 ) \u27a1 \ufe0f @USER \u2747 \ufe0fPRIMERAMENTE , \u00bf CU\u00c1L DEBER\u00cdA SER MI PESO IDEAL ? \ud83e\udd14 \u3030 La Organizaci\u00f3n Mundial de la Salud estima que un peso saludable es el que se sit\u00faa entre valores de 18,5 y 24,9 . \u3030 Los valores inferiores a 18,5 nos indican un peso demasiado bajo . \u3030 Si son iguales o superiores a 25 se considerar\u00eda ya sobrepeso . Si supera los 30 se trata de obesidad . \u3030 Hay que tener en cuenta que el c\u00e1lculo del IMC \u201c s\u00f3lo es v\u00e1lido entre personas de 20 y 65 a\u00f1os y nunca para ni\u00f1os , embarazadas , madres lactantes o personas que realizan mucho deporte o de alta competici\u00f3n \u201d . \ud83d\udc49 El peso ideal se calcula dividiendo el peso en kilogramos por el cuadrado de la altura en metros ( kg / m2 ) . Ejemplo : Si una persona pesa 40 kilos y mide 1,50 el resultado final ser\u00eda 17.7 En este ejemplo la persona tendr\u00eda un peso muy bajo . \u2747 \ufe0fPARA SABER LO QUE DEBES COMER DIARIAMENTE \ud83e\udd51 \u3030 Usa una calculadora de IMC . Luego , calcula la cantidad de calor\u00edas que sueles consumir cada d\u00eda . Lleva un registro de tu alimentaci\u00f3n durante una semana completa . \u3030 Puedes consultar en los libros sobre calor\u00edas o fijarte en la informaci\u00f3n nutricional de los paquetes . Esto te dar\u00e1 un promedio de la cantidad de calor\u00edas que consumes por d\u00eda . \u3030 Para aumentar de peso de manera natural deber\u00e1s incrementar las calor\u00edas equilibradamente . Si deseas subir cerca de 1 kilo , deber\u00e1s subir entre 500 a 1000 calor\u00edas diarias . \ud83d\udcc3 CONSEJOS PARA AUMENTAR DE PESO \ud83e\udd6a \ud83d\udd38 Incrementa la porci\u00f3n de cada comida saludable . Por ejemplo , unos 60 gramos de pollo magro te aportar\u00e1n 100 calor\u00edas . Adem\u00e1s , a\u00f1adir un aguacate a la ensalada te aportar\u00e1 unas 300 calor\u00edas m\u00e1s . Tal vez esto puede sonar poco alentador , pero con cambios simples en tu alimentaci\u00f3n podr\u00e1s asegurarte que esos kilos se mantengan en tu cuerpo por m\u00e1s tiempo y no los adelgaces r\u00e1pidamente . \u2014 \u2014 \u2014 \ud83d\udd38 Come con m\u00e1s frecuencia durante el d\u00eda , a\u00f1adiendo comidas . Estas pueden consistir en frutas , frutos secos o granos enteros . Una buena rutina alimenticia podr\u00eda ser as\u00ed : desayuna bien temprano , a eso de las 7.30 , almuerza a las 11.30 , come de nuevo a las 15.30 , cena a las 19 e incluye un refrigerio a eso de las 21 . \u2014 \u2014 \u2014 \ud83d\udd38 Lleva una rutina de ejercicios o entrenamiento f\u00edsico enfocado en tu objetivo de aumentar de peso . Al ir al gimnasio debes explicar al entrenador que es lo que deseas conseguir . \ud83d\udcc3 CONSEJOS ADICIONALES \ud83c\udf67 \u2713 Mant\u00e9n constancia con la dieta que est\u00e1s siguiendo \ud83e\udd51 . No la abandones si no consigues resultados en los primeros d\u00edas . \u2713 No olvides consumir suficiente agua durante el d\u00eda . \ud83d\udeb0 Es necesario que te mantengas hidratado . \u2713 Trata de incluir una gran variedad de alimentos en cada comida \ud83e\udd57 , no consumas siempre los de un mismo grupo . \u2713 Duerme lo suficiente , entre 7 y 8 horas por d\u00eda , \u23f0 para que los m\u00fasculos puedan reconstruirse y crecer . \u2713 Come algo nutritivo antes de dormir , as\u00ed el cuerpo no precisa tomar las calor\u00edas que consumi\u00f3 durante el d\u00eda . \ud83d\ude34 En ese momento las c\u00e9lulas se encuentran en reparaci\u00f3n y regeneraci\u00f3n . \u2713 T\u00f3mate tu tiempo para comer , \u23f3 no lo hagas a las apuradas . \u2713 Toma zumos de frutas naturales y frescas , \ud83e\uddc3 pero no mientras est\u00e9s comiendo porque eso har\u00e1 que te llenes y se te quite el apetito . Mejor antes de comer o cuando tengas sed . \ud83e\udd57 ALIMENTOS INCRE\u00cdBLES PARA GANAR PESO \ud83d\udcaa Recuerda que aumentar de peso de manera natural no significa consumir cualquier alimento . \ud83e\udd69 Las carnes rojas son unos de los alimentos", "date": "2020-10-16 19:21:13"}, {"id_message": 47229451253, "message": "que m\u00e1s prote\u00ednas te aportar\u00e1n , siendo ideales para aumentar la masa muscular . \ud83e\udd5a Incluye por lo menos una fuente de prote\u00edna en cada una de tus comidas . Entre estos destacan : l\u00e1cteos descremados , carne de res , huevos , pescados y mariscos , embutidos de jam\u00f3n o pavo bajo en calor\u00edas , y pollo sin piel . \ud83e\udd66 No dejes de lado las frutas y las verduras , sobre todo los de hojas verdes como son las espinacas , las acelgas y los br\u00f3colis . \ud83c\udf30 Los frutos secos con ricos en grasa , minerales y vitaminas son ideales para las dietas para aumentar de peso . \ud83c\udf4f PARA UN AUMENTO DE PESO SALUDABLE , LOS SIGUIENTES CONSEJOS PUEDEN AYUDAR \ud83d\udc47 : \u2713 A\u00f1ada calor\u00edas saludables \ud83c\udf5e . Puede aumentar las calor\u00edas al agregar coberturas de nueces o semillas , queso y guarniciones saludables . Intente comer almendras , frutas o cereales integrales , pan integral tostado . \u2014 \u2014 \u2014 \u2713 Ingiera comidas nutritivas \ud83e\udd57 . En vez de comer calor\u00edas vac\u00edas y comida chatarra , coma alimentos ricos en nutrientes . Considere consumir carnes de alto valor proteico , que pueden ayudar a que desarrolle m\u00fasculo . Adem\u00e1s , elija los carbohidratos nutritivos , tales como arroz integral y otros granos enteros . \u2014 \u2014 \u2014 \u2713 Consuma bocadillos \ud83e\udd5c . Considere opciones , como frutos secos , barras o bebidas proteicas , y galletas o mantequilla de man\u00ed . Adem\u00e1s , disfrute de los refrigerios que contienen \u201c grasas buenas \u201c , como las nueces y aguacates . \u2014 \u2014 \u2014 \u2713 Coma comidas peque\u00f1as \ud83e\udd63 . Considere comer comidas peque\u00f1as durante todo el d\u00eda para aumentar su consumo de calor\u00edas . \u2014 \u2014 \u2014 \u2713 Aumente su masa muscular \ud83d\udcaa . Mientras que el exceso de ejercicio aer\u00f3bico quema calor\u00edas y trabaja en contra de su meta de peso , el entrenamiento de fuerza puede ayudar . Esto incluye el levantamiento de pesas o yoga . \u2500 \u2500 \u2500 \ud83d\udc49 R E C U E R D A \ud83d\udc48 \u2500 \u2500 \u2500 Antes de comenzar un programa de aumento de peso , hable con su m\u00e9dico \ud83d\udc68\u200d\u2695 . El bajo peso se puede deber a un problema de salud subyacente . No se corregir\u00e1 mediante cambios en la dieta \ud83c\udf4f . Su m\u00e9dico podr\u00e1 ayudar a controlar su progreso . Se asegurar\u00e1 de que est\u00e9 realizando cambios saludables \u2713 . \ud83d\uddd2 PROTE\u00cdNAS EN TU DIETA PARA GANAR MASA MUSCULAR \ud83e\udd69 \u3030 Los m\u00fasculos est\u00e1n hechos en esencia de prote\u00ednas , por eso las necesitan para compensar el desgaste que ocurre con el esfuerzo . \u3030 En casos extremos las prote\u00ednas tambi\u00e9n pueden cumplir una funci\u00f3n energ\u00e9tica , us\u00e1ndose como combustible . \u3030 Aunque puede variar en cada persona seg\u00fan su metabolismo , de manera estandarizada se recomienda un consumo diario de entre 1,8 a 2,5 gramos por cada kilogramo de peso . \u3030 No existe una cantidad de ingestas \u00f3ptima porque cada cuerpo reacciona de manera diferente pero excederte en las ingestas no har\u00e1 m\u00e1s eficiente la absorci\u00f3n de las prote\u00ednas y liberaci\u00f3n de los amino\u00e1cidos sino todo lo contrario . \ud83d\uddd2 CARBOHIDRATOS EN TU DIETA PARA GANAR MASA MUSCULAR \ud83c\udf5e \u3030 Los hidratos de carbono tienen la caracter\u00edstica de convertirse en energ\u00eda de una manera m\u00e1s r\u00e1pida que las grasa . En el m\u00fasculo , los carbohidratos son usados para producir energ\u00eda o almacenados en forma de gluc\u00f3geno para ser usados m\u00e1s adelante . \u3030 Una buena cantidad de carbohidratos facilitar\u00e1 que tu dieta para ganar masa muscular tenga un super\u00e1vit cal\u00f3rico necesario para hacer crecer el m\u00fasculo . \u00bf Cu\u00e1l es el problema ? Que un exceso de estos se podr\u00eda acumular en el tejido adiposo . \u3030 Por eso , escoger la fuente de los carbohidratos puede hacer una gran diferencia en tu ganancia muscular . \ud83d\uddd2 GRASAS EN TU DIETA PARA GANAR MASA MUSCULAR \ud83e\udd51 \u3030 De los macronutrientes , la grasa es el que aporta m\u00e1s energ\u00eda ( en promedio unas 9 Kcal por cada gramo ) . A su vez , la grasa es indispensable para funciones corporales tan importantes como la fabricaci\u00f3n de hormonas , la integridad de las membranas de las c\u00e9lulas o una buena resoluci\u00f3n de una inflamaci\u00f3n . \u3030 Si existe un d\u00e9ficit de grasas en tu dieta para ganar masa muscular la producci\u00f3n de hormonas anab\u00f3licas ser\u00e1 insuficiente . \u3030 Mis fuentes de grasas recomendadas son : Yema de huevo , frutos secos , Aceite de oliva , Aguacate , Pescado azul .", "date": "2020-10-16 19:21:15"}, {"id_message": 24495089026, "message": "esulta beneficioso . \ud83c\udf45 \ud83e\udd65 \ud83c\udf4d \ud83c\udf4e \ud83c\udf4b \ud83c\udf4a \ud83c\udf47 \ud83c\udf49 \ud83e\udd51 \ud83e\udd52 \ud83c\udf36 \ud83c\udf3d D\u00cdA DE CURIOSIDADES ALIMENTICIAS \ud83d\udca1 \ud83c\udf53 \ud83c\udf48 \ud83c\udf60 \ud83c\udf4f \ud83c\udf4a \ud83e\uddc4 \ud83e\udd55 \ud83e\uddc0 \ud83e\udd56 \ud83c\udf6f \ud83c\udf6b \ud83e\udd69 INI_HASHTAG Sab\u00edasque END_HASHTAG \u2501 \u2501 \u2501 \u2726 \u2717 \u2726 \u2501 \u2501 \u2501 \ud83c\udf6f Est\u00e1 cient\u00edficamente comprobado que la miel es un t\u00f3pico efectivo para tratar diversas infecciones y heridas como \u00falceras en piernas por pie diab\u00e9tico , lesi\u00f3n o cirug\u00eda , incluso quemaduras . \ud83c\udf6f INI_HASHTAG Sab\u00edasque END_HASHTAG \u2501 \u2501 \u2501 \u2726 \u2717 \u2726 \u2501 \u2501 \u2501 \ud83c\udf5a El arroz integral te dar\u00e1 la energ\u00eda que necesitas para estar con la pila al 100 desde que despiertas hasta que te cuestas ; esta es una de las razones por la que es muy recomendado el arroz integral despu\u00e9s de hacer alg\u00fan deporte o ejercicio f\u00edsico . \ud83c\udf5a INI_HASHTAG Sab\u00edasque END_HASHTAG \u2501 \u2501 \u2501 \u2726 \u2717 \u2726 \u2501 \u2501 \u2501 \ud83c\udf3f Las espinacas son una fuente excelente de potasio , hierro , carotenos y vitamina C y adem\u00e1s existen evidencias cient\u00edficas que sugieren que son de los vegetales m\u00e1s potentes para prevenir la aparici\u00f3n de c\u00e9lulas cancer\u00edgenas . \ud83c\udf3f INI_HASHTAG Sab\u00edasque END_HASHTAG \u2501 \u2501 \u2501 \u2726 \u2717 \u2726 \u2501 \u2501 \u2501 \ud83d\udd35 Algunos estudios sugieren que consumir ar\u00e1ndanos ayuda a prevenir enfermedades cardiacas , ya que aumenta los niveles de colesterol bueno en la sangre , lo que a su vez se traduce en un incremento de la cantidad de antioxidantes . \ud83d\udd35 INI_HASHTAG Sab\u00edasque END_HASHTAG \u2501 \u2501 \u2501 \u2726 \u2717 \u2726 \u2501 \u2501 \u2501 \ud83e\uddc5 La cebolla , en particular la morada , garantiza el buen funcionamiento del sistema inmunol\u00f3gico . Combate infecciones producidas por virus o bacterias , es antiinflamatoria y expectorante . Adem\u00e1s estimula la digesti\u00f3n . \ud83e\uddc5 INI_HASHTAG Sab\u00edasque END_HASHTAG \u2501 \u2501 \u2501 \u2726 \u2717 \u2726 \u2501 \u2501 \u2501 \ud83c\udf75 El t\u00e9 de or\u00e9gano alivia los dolores estomacales y los espasmos intestinales . Tambi\u00e9n es excelente para aliviar las molestias de la menstruaci\u00f3n , reduce la inflamaci\u00f3n y los c\u00f3licos . ? ? Investigaciones encuentran que comer almendras como snack puede reducir aproximadamente 30 % el riesgo relativo ajustado de padecer una enfermedad cardiovascular . \ud83c\udf30 \ud83e\uddec \ud83d\udee1 PRODUCTO PARA LA INMUNIDAD \ud83d\udee1 \ud83e\uddea \ud83c\udf6f MIEL La miel de abeja natural es la forma m\u00e1s f\u00e1cil y al mismo tiempo eficaz para fortalecer el sistema inmunol\u00f3gico . Lo mejor es utilizar este producto junto con el t\u00e9 , poniendo una peque\u00f1a cantidad de \u00e9l en una rebanada de manzana o en pan fresco . Cada d\u00eda es suficiente comer s\u00f3lo una cucharada de miel natural . La clave del \u00e9xito en este caso ser\u00e1 no s\u00f3lo la calidad del producto de la abeja , sino tambi\u00e9n la regularidad de su uso . \u26a0 \ufe0f \u00a1 Es importante ! \u00a1 Nunca a\u00f1adas miel a las bebidas calientes , porque bajo la influencia de altas temperaturas la mayor\u00eda de las sustancias valiosas ser\u00e1n destruidas ! \ud83e\udd52 \ud83e\udd57 DIETA PARA GANAR M\u00daSCULOS \ud83d\udcaa \ud83c\udfcb Las dietas para aumentar la masa muscular se basan en men\u00fas hiperproteicos y bajos en grasa Deben hacerse un m\u00ednimo de cinco comidas al d\u00eda m\u00e1s la comida de recuperaci\u00f3n tras el entrenamiento . \u23f0 \ud83d\udc49 Aqu\u00ed te traemos un men\u00fa completo para realizar esta dieta \ud83d\udc48 \ud83d\uddd2 Men\u00fa de Desayuno : \ud83e\udd5a Revuelto hecho con 8 claras de huevo ( s\u00f3lo las claras , no las yemas ) . \ud83c\udf5e Tostadas de pan integral con tomate natural y jam\u00f3n de pavo . \ud83e\udd5b Batido de frutas con leche desnatada . \ud83d\uddd2 Men\u00fa de Almuerzo : \ud83e\udd57 Ensalada . \ud83c\udf5a Arroz ( 250 gramos ) . \ud83d\udc1f At\u00fan ( 250 gramos ) . \ud83e\udd5b Un yogur desnatado . \ud83d\uddd2 Men\u00fa de Merienda : \ud83e\udd63 Un bol de fruta con yogur desnatado y frutas . \ud83d\uddd2 Men\u00fa de Cena : \ud83c\udf5a Arroz tres delicias . \ud83e\udd69 Un filete de pechuga de pollo a la plancha . \ud83e\uddc0 Un trozo de queso fresco . \ud83c\udf4c Un pl\u00e1tano . Hola , hoy les tengo algunos tips para el d\u00eda de ma\u00f1ana que es Navidad \ud83c\udf38 1 . Si van a comer pavo pidan una porci\u00f3n no muy grande , si les dicen porqu\u00e9 digan que quieren guardar espacio para lo dem\u00e1s . 2 . En dado caso que vayan a comer pastas pongan una cara de asco y digan que esa pasta no les gusta , pero si les insisten hagan un poco de drama y digan completamente que no . 3 . Si les sirven alg\u00fan otro tipo de carnes corten el pedazo en trozos peque\u00f1os y ve esparsiendolo por el plato pero eso s\u00ed , come de 1 a 4 pedazos para que nadie te diga algo . 4 . En cuanto a las 12 uvas \u00a1 No te preocupes ! 1 uva s\u00f3lo tiene aproximadamente unas 5.083 calor\u00edas . \u00bf Qu\u00e9 m\u00e1s necesitan saber ?", "date": "2020-10-18 21:20:25"}, {"id_message": 73780285346, "message": "Creados por una seguidora ! ! ! Gracias por mandar los \u2665 \ufe0f \u2665 \ufe0f", "date": "2020-10-24 07:06:14"}, {"id_message": 76303206159, "message": "Si es que tienen grupos pro Ana y m\u00eda y quieren que los ponga en el canal mandenme los , al igual de si tienen blogs", "date": "2020-10-24 19:07:47"}, {"id_message": 21504998537, "message": "URL Grupo Ana telegram @USERpro_anaymia Ese es el canal URL Grupo de Telegram", "date": "2020-10-25 21:52:18"}, {"id_message": 33468741593, "message": "INI_BOLD Defectos en el hueso , una de las consecuencias de la anorexia . END_BOLD \u201c Las personas con anorexia tienen un problema con su masa mineral \u00f3sea , siendo este uno de los problemas m\u00e1s importantes asociados a esta condici\u00f3n \u201d . En general , en los casos menos graves , pueden padecer osteopenia ( fragilidad del hueso que no es osteoporosis ) y , en los m\u00e1s graves , osteoporosis . Los problemas \u00f3seos son bastante complejo , ya que no suelen responder bien a los tratamientos habituales @USER", "date": "2020-10-27 20:05:55"}, {"id_message": 82674839980, "message": "Lo pongo para que vean en lo que se meten", "date": "2020-10-27 20:06:12"}, {"id_message": 71103053518, "message": "Mi contrato con Anna Yo___candela ___ ( tu nombre ) a partir de Hoy ___27 / 10/18 ___ ( la fecha que todo empez\u00f3 ) Y hasta el d\u00eda que llegue a la perfecci\u00f3n no voy a amarme ni valorarme ni mucho menos aceptarme como soy , me comprometo a ver cuales son las necesidades que tengo que liberar porque ya no me sirven y me hacen da\u00f1o , elijo gratificarme con nuevos pensamientos que me nutran y que me llenen de satisfacci\u00f3n . Declaro que hoy libero mi necesidad de comer compulsivamente , libero mi necesidad de atacar el refrigerador por las noches , libero mi necesidad de calmar mi ansiedad con comida ( me comprometo a recurrir a mi hermana Mia y vomitar todo lo que coma , me comprometo a no pensar en otra cosa que no sea mi sue\u00f1a y mi meta , me comprometo a que si tengo novio este no estorbe ni me impida concentrarme en mi sue\u00f1o y meta ) Estos pensamientos forman parte del pasado los dejo ir veo como se alejan llev\u00e1ndose los kilos que me sobran por eso gracias Ana y Mia . Ahora elijo ser yo ; elijo ser perfecta , una princesa de cristal pienso por mi misma y me complacer\u00e9 buscando respuestas que me ayuden . Tengo el poder de hacer un alto en mis pensamientos y calmar mi ansiedad con : una vuelta a la manzana , 2 horas de ejercicios , mas de 3 litros de agua ( comer y vomitar ; no comer y pasar el agradable dolor de hambre pensando que soy la persona mas horrible que puede existir , y lo soy porque siento que nadie me quiere ni yo misma , piensa que te van a querer cuando est\u00e9s delgada , cuando seas un simbolo de perfecci\u00f3n ) Ahora elijo alimentarme con lo mejor , creo para mi los mejores h\u00e1bitos alimenticios gozo de la moderaci\u00f3n , saboreo mi triunfo me veo feliz disfrutando de mi nuevo estilo de vida y as\u00ed me ver\u00e9 a mi misma si sigo los consejos de Ana y Mia delgada y feliz perfecta \u2026 \u2026 como siempre lo so\u00f1e \u2026 ! ! Me comprometo a mirarme a los ojos a ser sincera con migo a premiarme con el amor de Ana y Mia con una compra . Me odiare cuando caiga y recurrir\u00e9 a toda la furia de Mia , ella me ense\u00f1ara a liberarme de toda la comida que tengo dentro y que esta de mas en mi estomago , me comprometo a volver a empezar a estar alerta a lo que siento a reconocer cuales son las situaciones que me desv\u00edan del camino que tanto deseo el camino a la perfecci\u00f3n , y volver\u00e9 a empezar cada ves que caiga , empezare hasta ganar la batalla y la guerra siempre , ahora deseo y manifiesto en mi vida mi delgadez en la perfecci\u00f3n \u2026 .. Porque ser delgada es ser Perfecta ! ! Juro que siempre llevare mi pulsera para identificarme en caso de ser Ana ( pulsera roja en la mano izquierda ) y en caso de ser Mia ( pulsera morada en la mano derecha ) . Declaro que hoy solo acepto lo que es bueno para mi Juro que llegare a las ultimas consecuencias para llegar a la perfecci\u00f3n y si tengo que morir pues entonces lo aceptare y morir\u00e9 feliz con arte porque soy una princesa y nadie dijo que fuera facil serlo . En el nombre de Ana y Mia : JURO NUNCA RROMPER MI CONTRATO HASTA LLEGAR A LA PERFECCI\u00d3N . Firma___candela rulo ___ ( tu nombre o apodo )", "date": "2020-10-27 22:49:26"}, {"id_message": 21526106915, "message": "Empoderate y se una verdadera perra \u2764 \ufe0f", "date": "2020-11-02 06:04:37"}, {"id_message": 23991228052, "message": "Ana y M\u00eda , rex y bill lo son todo pero ojo no te dejes enga\u00f1ar despu\u00e9s de un tiempo nos abras si haces lo correcto buscar\u00e1s respuestas y preguntar\u00e1s cosas que no tienen una . Cuidado el mundo es peligroso una vez me dijieron .. Un paso a la vez y 5 despu\u00e9s Poco a poco ve buscando tu Corona Es nuestro secreto promete que callaras y obedecer\u00e1s no seas idiota \u2764 \ufe0f By rulo \ud83d\ude12 \ud83d\udc69\ud83c\udffb\u200d\ud83e\uddb1", "date": "2020-11-02 06:08:07"}, {"id_message": 52254315634, "message": "Creo que solo le aparecen a las que se unen al grupo vinculado", "date": "2020-11-03 18:11:11"}, {"id_message": 79543319185, "message": "C\u00f3mo leer la etiqueta de los alimentos que compramos ? \u2935 \ufe0f Este detalle pasa desapercibido para casi todos los que buscan una dieta saludable ... Saber lo que est\u00e1 comiendo es extremadamente importante cuando se trata de perder peso , por lo que leer la etiqueta de los alimentos no puede pasar desapercibido de ninguna manera . La mayor\u00eda de las veces , consumimos alimentos que parecemos saludables , pero en realidad es solo un villano disfrazado de buen tipo ... Y si realmente quiere perder peso , es esencial saber todo lo que se pone en la boca , especialmente si se trata de alimentos procesados . Y para resolver este problema que atraviesa la mayor\u00eda de las personas , publiqu\u00e9 en mi Instagram una publicaci\u00f3n completa donde ense\u00f1o c\u00f3mo sabr\u00e1 qu\u00e9 alimentos realmente se pueden comer o dejar de lado . Si quieres saber m\u00e1s : \u00a1 Accede aqu\u00ed \u2014 \u2014 > URL Suele comprar y no lee la etiqueta de los alimentos que compra ? Aqu\u00ed est\u00e1 la soluci\u00f3n .", "date": "2020-11-04 17:35:27"}, {"id_message": 27223745867, "message": "Estos son los tips que uso en Mia . Desde ya les digo que no soy mia , solo lo soy cuando me sobrepaso con la comida , pero les dire los tips que YO utilizo . 1 . - PREPARAR TODO LE KE SE NECESITA : PAPEL , TOALLITA ( PARA LIMPIARSE LA BOCA Y LOS DEDOS ) , UNA BOTELLA DE LITRO Y MEDIO DE AGUA , UNA LIGA PARA EL PELO , GOTAS PARA LOS OJOS . 2 . - IR AL BA\u00d1O DESPUES DE LA COMIDA , LO MAS RAPIDO KE SE PUEDA , YA KE SI SE ESPERAN MUCHO TIEMPO DESPUES ES MAS DIFICIL SACAR LA COMIDA . 3 . - NO SE PONGAN DE RODILLAS FRENTE AL EXCUSADO , ES MAS FACIL SACAR LACOMIDA SI ESTAN DE PIE , SOLO INCLINENSE . 4 . - TOMAR UN BUEN TRAGO DE AGUA ( SE SUPONE QUE YA TIENEN LA BOTELLA CON AGUA ) , Y EMPEZAR A SACAR TODO.SE INTRODUCEN 2 DEDOS , ( UNO SOLO NO FUNCIONA ) A LA BOCA ASTA KE TOKEN UNA COMO LENG\u00dcITA KE ESTA EN LA ENTRADA DE LA GARGANTA . HAY KE ROSAR LA \" LENGUILLA \" PARA KE DEN MAS GANAR DE VOMITAR . 5 . - LUEGO EMPIEZAN A SALIVAR Y A TENER CONTRACCIONES DEL ESTOMAGO KERIENDO HECHAR LA COMIDA . SIGAN ASI ASTA KE TODO LO HECHEN . 1 . aprender a vomitar no es solo cuestion de tecnica , sino de practica ya que una de las cosas que necesitas es que los musculos que producen el vomito se desarrollen , y como cualquier musculo , solo se desarrollaran con practica y al principio puede costar y hasta doler , pero en dos o tres semanas vas a llegar a poder sacarte de adentro casi toda la comida que te engorda y practicamente sin esfuerzo ni dolor . 2 . vomitar te ayuda a eliminar el 85 % de las calorias que comes , pero solo si lo haces en la primera hora despues del primer bocado , luego cuanto mas tiempo pasa mas gorda estas . Ademas de hecho si bien vas a eliminar ese 85 % lo haces vaciando tu estomago , asi que vas a andar con hambre muy pronto , ademas perdes el 90 % del l\u00edquido ( que se absorbe recien en el intestino grueso ) asi que siempre despues de vomitar trat\u00e1 de tomar al menos un vaso de agua para llenar el estomago y recuperar l\u00edquido . 3 . intenta no vomitar mas de 2 o 3 veces al d\u00eda y vas a estar bien . 4 . no tomes laxantes para adelgazar , es un mito estupido , lo unico que logras es perder liquido , lo mismo dar\u00eda que orines 500 gramos y creas que acabas de adelgazar medio kilo , con la diferencia de que los laxantes son adictivos y arruinan tus intestinos . 5 . Vomitar es la forma mas divertida de verse bien , porque podes comer todo lo que otras que estan a dieta no pueden , vos simplemente lo solucionas con tus deditos mas tarde , sin embargo nunca desestimes una buena dosis de ejercicio y ayuno , de hecho la mejor combinacion para estar perfecta es la anorexia y la bulimia , pero siempre informate antes de hacer algo , hay riesgos , todo depende de ti y de TU control sobre el tema . C\u00f3mo producirte el v\u00f3mito : La cosa es simple , te paras frente al inodoro , un balde o simplemente en la ba\u00f1era y te agachas sin flexionar las rodillas para que la flexi\u00f3n presione tu estomago , usa el dedo indice y el mayor para masajear suavemente el punto donde nace la garganta , detras y debajo de la campanill ( SUAVEMENTE ! ) el reflejo de vomito va a aparecer casi de inmediato , lo dificil las primeras veces va a ser dejar tus dedos ah\u00ed , de hecho seguir masajeando la zona aun a pesar de los reflejos ya que sucede que estos son tan molestos como el verdadero vomito pero no te sirven para nada , y si sacas el dedo , pues fueron inutiles y trabajaste por nada y tienes que volver a comenzar . si tenes u\u00f1as largas vas a tener que cortarte al menos las de esos dos dedos y mantenelas limadas y bien suaves . No te desesperes si las primeras veces no sale todo , de hecho eso es lo normal , al principio empeza con un vomito al d\u00eda o incluso cada dos d\u00edas , aunque no hayas comido nada , toma medio litro de agua y ejercita tus habilidades purgatorias , y a medida que veas que no te duele anda aumentando la frecuencia pero NO TE PASES DE 3 O 4 VECES AL DIA . Y observ\u00e1 bien tu salud , no queres jugar con eso , creeme . Las mejores comidas para vomitar : en realidad cualquier cosa puede ser vomitada , pero al principio querras probar con cosas f\u00e1ciles para ir aprendiendo , como helado ( tanto como puedas comer ! ! ) y cosas liquidas o sino muy bi", "date": "2020-11-04 17:35:27"}, {"id_message": 93341107023, "message": "\ud83e\uddda\u200d\u2640 \ufe0f \ud83e\udd40 SI ME QUIEREN CONTACTAR \ud83e\udd40 \ud83e\uddda\u200d\u2640 \ufe0f Instagram @USER Y el de Twitter @USER Mi blog URL @USER este e mi user si me quieren hablar telegram", "date": "2020-11-04 17:35:27"}, {"id_message": 59314427579, "message": "Link de grupos , calorias , blogs etc", "date": "2020-11-04 17:35:50"}, {"id_message": 74426188457, "message": "Si tienen una cuenta de ed ig , o ed Twitter , o alg\u00fan blog pro Ana o donde cuentes su d\u00eda , pueden mandarlo al priv as\u00ed hago una recopilaci\u00f3n de blogs y webs activas , que tengan un buen miercoles l @s amo", "date": "2020-11-04 17:37:09"}, {"id_message": 41484831993, "message": "Quiero gritar , decir lo que me pasa quiero ser libre llorar y as\u00ed poder arrancarme el maldito nudo en mi garganta 122 pastillas ser\u00e1n suficientes ? A caso cuando termina ? camino en c\u00edrculos . Rutina mon\u00f3tona , vida mon\u00f3tona , quien soy yo para decidir para decir o para hablar ? Que es lo que causa esto ? Por que existen cosas tan malas en el mundo ? Cual es el maldito punto de todo esto ? La vida es corta y por que no es eterna ?", "date": "2020-11-08 05:26:25"}, {"id_message": 2985198425, "message": "Por que esto tiene que ser el maldito objetivo", "date": "2020-11-08 05:29:29"}, {"id_message": 97890270005, "message": "Por que ? ? ? Siempre digo que el d\u00eda que me sienta v\u00e1lida ser\u00e1 el sia en que me tengan que obligar a comer a tal punto de meterme una sonda , por que nos hacemos esto ? Cada d\u00eda mueren personas por tca , cada d\u00eda odio m\u00e1s mi cuerpo , no paro de llorar y no el tipo de llanto de l\u00e1grimas es ese sentimiento de angustia bronca por no poder cambiar algo y estar igual que hace meses", "date": "2020-11-08 05:31:18"}, {"id_message": 10275700845, "message": "\u00bf Qu\u00e9 \u200b \u200b promete \u200b \u200b Anorexia ? Seguridad \u200b en \u200b \u200b t\u00ed \u200b \u200b misma . \u200b \u200b \u200b \u00c9ste \u200b \u200b es \u200b \u200b uno \u200b \u200b de \u200b \u200b los \u200b \u200b primeros \u200b \u200b sabores \u200b \u200b dulzones \u200b \u200b con \u200b \u200b los \u200b \u200b que \u200b \u200b te enga\u00f1a , \u200b \u200b de \u200b \u200b dos \u200b \u200b formas : \u200b \u200b d\u00e1ndote \u200b \u200b sensaci\u00f3n \u200b \u200b de \u200b \u200b control \u200b \u200b y \u200b \u200b sensaci\u00f3n \u200b \u200b de \u200b \u200b capacidad \u200b \u200b y \u200b \u200b \u00e9xito \u200b \u200b por \u201c al \u200b \u200b menos \u201d \u200b \u200b conseguir \u200b \u200b mantener \u200b \u200b a \u200b \u200b raya \u200b \u200b tu \u200b \u200b alimentaci\u00f3n \u2026 \u200b \u200b \u200b \u200b Pero \u200b \u200b el \u200b \u200b sabor \u200b \u200b no \u200b \u200b dura , \u200b \u200b y \u200b \u200b pronto \u200b \u200b la sensaci\u00f3n \u200b \u200b de \u200b \u200b control \u200b \u200b se \u200b \u200b va \u200b \u200b sustituyendo \u200b \u200b por \u200b \u200b sentirte \u200b \u200b cada \u200b \u200b vez \u200b \u200b m\u00e1s \u200b \u200b controlada \u200b \u200b por \u200b \u200b la enfermedad \u200b \u200b y \u200b \u200b una \u200b \u200b sensaci\u00f3n \u200b \u200b de \u200b \u200b descontrol \u200b \u200b en \u200b \u200b todas \u200b \u200b las \u200b \u200b dem\u00e1s \u200b \u200b \u00e1reas \u200b \u200b de \u200b \u200b tu \u200b \u200b vida . \u200b \u200b La sensaci\u00f3n \u200b \u200b de \u200b \u200b capacidad \u200b \u200b va \u200b \u200b seguida \u200b \u200b de \u200b \u200b una \u200b \u200b amenaza \u200b \u200b de \u200b \u200b fracaso \u200b \u200b cada \u200b \u200b vez \u200b \u200b m\u00e1s \u200b \u200b constante , una \u200b \u200b autocr\u00edtica \u200b \u200b cada \u200b \u200b vez \u200b \u200b m\u00e1s \u200b \u200b feroz , \u200b \u200b un \u200b \u200b sentimiento \u200b \u200b de \u200b \u200b incapacidad \u200b \u200b cada \u200b \u200b vez \u200b \u200b m\u00e1s paralizante . Nunca es suficiente para Anorexia . Nota tomada del Blog \" comete el mundo \" Twitter :@ LauraHgzCriado @USER", "date": "2020-11-09 16:31:30"}, {"id_message": 35723937867, "message": "Sacado de un blog", "date": "2020-11-09 16:33:09"}, {"id_message": 32949016245, "message": "\u2764 \ufe0f\u0493\u0280\u1d00s\u1d07s \u1d0d\u1d0f\u1d1b\u026a\u1d20\u1d00\u1d05\u1d0f\u0280\u1d00s \u1d05\u1d07 \u1d00\u0274\u1d00 \u028f \u1d0d\u026a\u1d00 \ud83d\udc9c \u2764 \ufe0f\ud835\udc47\ud835\udc62 \ud835\udc5d\ud835\udc62\ud835\udc52\ud835\udc51\ud835\udc52\ud835\udc60 \ud835\udc5a\ud835\udc4e\ud835\udc5b\ud835\udc61\ud835\udc52\ud835\udc5b\ud835\udc52\ud835\udc5f \ud835\udc61\ud835\udc62 \ud835\udc4f\ud835\udc5c\ud835\udc50\ud835\udc4e \ud835\udc50\ud835\udc52\ud835\udc5f\ud835\udc5f\ud835\udc4e\ud835\udc51\ud835\udc4e \u2764 \ufe0f\ud835\udc38\ud835\udc5b \ud835\udc4f\ud835\udc5c\ud835\udc50\ud835\udc4e \ud835\udc50\ud835\udc52\ud835\udc5f\ud835\udc5f\ud835\udc4e\ud835\udc51\ud835\udc4e \ud835\udc5b\ud835\udc5c \ud835\udc52\ud835\udc5b\ud835\udc61\ud835\udc5f\ud835\udc4e\ud835\udc5b \ud835\udc58\ud835\udc56\ud835\udc59\ud835\udc5c\ud835\udc60 \ud83e\udd10 \u2764 \ufe0f \u2764 \ufe0f\ud835\udc41\ud835\udc4e\ud835\udc51\ud835\udc56\ud835\udc52\ud835\udc5b \ud835\udc51\ud835\udc56\ud835\udc57\ud835\udc5c \ud835\udc5e\ud835\udc62\ud835\udc52 \ud835\udc60\ud835\udc52\ud835\udc5f \ud835\udc62\ud835\udc5b\ud835\udc4e \ud835\udc5d\ud835\udc5f\ud835\udc56\ud835\udc5b\ud835\udc50\ud835\udc52\ud835\udc60\ud835\udc4e \ud835\udc60\ud835\udc52\ud835\udc5f\ud835\udc56\ud835\udc4e \ud835\udc4e\ud835\udc59\ud835\udc54\ud835\udc5c \ud835\udc53\ud835\udc4e\ud835\udc50\ud835\udc56\ud835\udc59 \ud83d\udc78\ud83c\udffc \u2764 \ufe0f \u2764 \ufe0f\ud835\udc3f\ud835\udc4e \ud835\udc4f\ud835\udc52\ud835\udc59\ud835\udc59\ud835\udc52\ud835\udc67\ud835\udc4e \ud835\udc50\ud835\udc62\ud835\udc52\ud835\udc60\ud835\udc61\ud835\udc4e \u2764 \ufe0f \u2764 \ufe0f\ud835\udc36\ud835\udc62\ud835\udc52\ud835\udc5f\ud835\udc5d\ud835\udc5c \ud835\udc5b\ud835\udc62\ud835\udc52\ud835\udc63\ud835\udc5c \ud835\udc52\ud835\udc5b \ud835\udc50\ud835\udc5c\ud835\udc5b\ud835\udc60\ud835\udc61\ud835\udc5f\ud835\udc62\ud835\udc50\ud835\udc50\ud835\udc56\ud835\udc5c\ud835\udc5b \u2764 \ufe0f \u2764 \ufe0f\ud835\udc3f\ud835\udc4e \ud835\udc50\ud835\udc5c\ud835\udc5a\ud835\udc56\ud835\udc51\ud835\udc4e \ud835\udc52\ud835\udc60 \ud835\udc50\ud835\udc5c\ud835\udc5a\ud835\udc5c \ud835\udc52\ud835\udc59 \ud835\udc4e\ud835\udc5f\ud835\udc61\ud835\udc52 \ud835\udc52\ud835\udc65\ud835\udc56\ud835\udc60\ud835\udc61\ud835\udc52 \ud835\udc60\ud835\udc5c\ud835\udc59\ud835\udc5c \ud835\udc5d\ud835\udc4e\ud835\udc5f\ud835\udc4e \ud835\udc5a\ud835\udc56\ud835\udc5f\ud835\udc4e\ud835\udc5f\ud835\udc59\ud835\udc4e \ud83d\uddbc \ufe0f \u2764 \ufe0f \u2764 \ufe0f\ud835\udc41\ud835\udc52\ud835\udc50\ud835\udc52\ud835\udc60\ud835\udc56\ud835\udc61\ud835\udc4e\ud835\udc60 \ud835\udc60\ud835\udc52\ud835\udc5f \ud835\udc51\ud835\udc52\ud835\udc59\ud835\udc54\ud835\udc4e\ud835\udc51\ud835\udc4e , \ud835\udc5a\ud835\udc56\ud835\udc5f\ud835\udc4e\ud835\udc61\ud835\udc52 \u2764 \ufe0f \u2764 \ufe0f\ud835\udc41\ud835\udc4e\ud835\udc51\ud835\udc4e \ud835\udc51\ud835\udc52 \ud835\udc59\ud835\udc5c \ud835\udc5e\ud835\udc62\ud835\udc52 \ud835\udc62\ud835\udc60\ud835\udc52\ud835\udc60 \ud835\udc51\ud835\udc52 \ud835\udc5f\ud835\udc5c\ud835\udc5d\ud835\udc4e \ud835\udc59\ud835\udc62\ud835\udc50\ud835\udc56\ud835\udc5f\ud835\udc4e \ud835\udc52\ud835\udc5b \ud835\udc61\ud835\udc62 \ud835\udc50\ud835\udc62\ud835\udc52\ud835\udc5f\ud835\udc5d\ud835\udc5c \u2764 \ufe0f \u2764 \ufe0f\ud835\udc46\ud835\udc4e\ud835\udc4f\ud835\udc52\ud835\udc60 \ud835\udc5e\ud835\udc62\ud835\udc52 \ud835\udc61\ud835\udc5c\ud835\udc51\ud835\udc4e\ud835\udc60 \ud835\udc52\ud835\udc60\ud835\udc4e\ud835\udc60 \ud835\udc50\ud835\udc4e\ud835\udc59\ud835\udc5c\ud835\udc5f\ud835\udc56\ud835\udc4e\ud835\udc60 \ud835\udc5b\ud835\udc5c \ud835\udc60\ud835\udc52 \ud835\udc5e\ud835\udc62\ud835\udc52\ud835\udc5a\ud835\udc4e\ud835\udc5b \ud835\udc60\ud835\udc5c\ud835\udc59\ud835\udc4e\ud835\udc60 \ud83e\udd75 \u2764 \ufe0f \u2764 \ufe0f\ud835\udc36\ud835\udc5c\ud835\udc5a\ud835\udc52\ud835\udc5f \ud835\udc5b\ud835\udc5c \ud835\udc61\ud835\udc52 \ud835\udc59\ud835\udc59\ud835\udc52\ud835\udc63\ud835\udc4e\ud835\udc5f\ud835\udc4e \ud835\udc4e \ud835\udc5b\ud835\udc4e\ud835\udc51\ud835\udc4e \ud835\udc5a\ud835\udc4e\u0301\ud835\udc60 \ud835\udc5e\ud835\udc62\ud835\udc52 \ud835\udc4e\ud835\udc59\ud835\udc4e \ud835\udc54\ud835\udc5c\ud835\udc5f\ud835\udc51\ud835\udc62\ud835\udc5f\ud835\udc4e , \ud835\udc4e\ud835\udc66\ud835\udc62\ud835\udc5b\ud835\udc4e \u2764 \ufe0f \u2764 \ufe0f\ud835\udc47\ud835\udc56\ud835\udc52\ud835\udc5b\ud835\udc52\ud835\udc60 \ud835\udc5e\ud835\udc62\ud835\udc52 \ud835\udc59\ud835\udc59\ud835\udc52\ud835\udc54\ud835\udc4e\ud835\udc5f \ud835\udc4e \ud835\udc61\ud835\udc62 \ud835\udc5a\ud835\udc52\ud835\udc61\ud835\udc4e \u2764 \ufe0f \u2764 \ufe0f\ud835\udc3b\ud835\udc4e\ud835\udc67 \ud835\udc62\ud835\udc5b \ud835\udc52\ud835\udc60\ud835\udc53\ud835\udc62\ud835\udc52\ud835\udc5f\ud835\udc67\ud835\udc5c \ud835\udc5a\ud835\udc52\ud835\udc5b\ud835\udc61\ud835\udc4e\ud835\udc59 , \ud835\udc5c\ud835\udc59\ud835\udc63\ud835\udc56\ud835\udc51\ud835\udc4e \ud835\udc59\ud835\udc4e \ud835\udc50\ud835\udc5c\ud835\udc5a\ud835\udc56\ud835\udc51\ud835\udc4e \u2764 \ufe0f \u2764 \ufe0f\ud835\udc47\ud835\udc56\ud835\udc52\ud835\udc5b\ud835\udc52\ud835\udc60 \ud835\udc5e\ud835\udc62\ud835\udc52 \ud835\udc60\ud835\udc4e\ud835\udc50\ud835\udc4e\ud835\udc5f \ud835\udc4e \ud835\udc59\ud835\udc4e \ud835\udc50\ud835\udc5c\ud835\udc5a\ud835\udc56\ud835\udc51\ud835\udc4e \ud835\udc51\ud835\udc52 \ud835\udc61\ud835\udc62 \ud835\udc4f\ud835\udc5c\ud835\udc50\ud835\udc4e \ud835\udc51\ud835\udc52 \ud835\udc61\ud835\udc62 \ud835\udc5a\ud835\udc52\ud835\udc5b\ud835\udc61\ud835\udc52 \u2764 \ufe0f \u2764 \ufe0f\ud835\udc34\ud835\udc59\ud835\udc4e \ud835\udc5a\ud835\udc56\ud835\udc52\ud835\udc5f\ud835\udc51\ud835\udc4e \ud835\udc59\ud835\udc4e \ud835\udc50\ud835\udc5c\ud835\udc5a\ud835\udc56\ud835\udc51\ud835\udc4e , \ud835\udc61\ud835\udc52\ud835\udc5b\ud835\udc54\ud835\udc5c \ud835\udc5e\ud835\udc62\ud835\udc52 \ud835\udc60\ud835\udc52\ud835\udc5f \ud835\udc51\ud835\udc52\ud835\udc59\ud835\udc54\ud835\udc4e\ud835\udc51\ud835\udc4e \u2764 \ufe0f \u2764 \ufe0f\ud835\udc3f\ud835\udc4e \ud835\udc50\ud835\udc5c\ud835\udc5a\ud835\udc56\ud835\udc51\ud835\udc4e \ud835\udc60\ud835\udc5c\ud835\udc59\ud835\udc5c \ud835\udc5a\ud835\udc52 \ud835\udc5a\ud835\udc4e\ud835\udc61\ud835\udc4e \u2764 \ufe0f \u2764 \ufe0f\ud835\udc43\ud835\udc5f\ud835\udc56\ud835\udc5a\ud835\udc52\ud835\udc5f\ud835\udc5c \ud835\udc5a\ud835\udc62\ud835\udc52\ud835\udc5f\ud835\udc61\ud835\udc4e \ud835\udc5e\ud835\udc62\ud835\udc52 \ud835\udc54\ud835\udc5c\ud835\udc5f\ud835\udc51\ud835\udc4e \u2764 \ufe0f \u2764 \ufe0f\ud835\udc41\ud835\udc4e\ud835\udc51\ud835\udc4e \ud835\udc60\ud835\udc4e\ud835\udc4f\ud835\udc52 \ud835\udc5a\ud835\udc52\ud835\udc57\ud835\udc5c\ud835\udc5f \ud835\udc5e\ud835\udc62\ud835\udc52 \ud835\udc60\ud835\udc52\ud835\udc5f \ud835\udc51\ud835\udc52\ud835\udc59\ud835\udc54\ud835\udc4e\ud835\udc51\ud835\udc4e \u2764 \ufe0f \u2764 \ufe0f\ud835\udc34\ud835\udc60\ud835\udc56 \ud835\udc5e\ud835\udc62\ud835\udc52 \ud835\udc62\ud835\udc5b\ud835\udc4e \ud835\udc50\ud835\udc5c\ud835\udc5a\ud835\udc56\ud835\udc51\ud835\udc4e \ud835\udc5a\ud835\udc52\ud835\udc5b\ud835\udc5c\ud835\udc60 ! ! ! \u2764 \ufe0f \u2764 \ufe0f\ud835\udc36\ud835\udc5c\ud835\udc5a\ud835\udc52 \ud835\udc5a\ud835\udc52\ud835\udc5b\ud835\udc5c\ud835\udc60 , \ud835\udc5d\ud835\udc52\ud835\udc60\ud835\udc4e \ud835\udc5a\ud835\udc52\ud835\udc5b\ud835\udc5c\ud835\udc60 \u2764 \ufe0f \u2764 \ufe0f\ud835\udc48\ud835\udc5b\ud835\udc4e \ud835\udc5d\ud835\udc5f\ud835\udc56\ud835\udc5b\ud835\udc50\ud835\udc52\ud835\udc60\ud835\udc4e \ud835\udc5b\ud835\udc62\ud835\udc50\ud835\udc4e \ud835\udc4f\ud835\udc4e\ud835\udc57\ud835\udc4e \ud835\udc60\ud835\udc62 \ud835\udc50\ud835\udc4e\ud835\udc4f\ud835\udc52\ud835\udc67\ud835\udc4e , \ud835\udc60\ud835\udc62 \ud835\udc50\ud835\udc5c\ud835\udc5f\ud835\udc5c\ud835\udc5b\ud835\udc4e \ud835\udc5d\ud835\udc5c\ud835\udc51\ud835\udc5f\ud835\udc56\ud835\udc4e \ud835\udc50\ud835\udc4e\ud835\udc52\ud835\udc5f\ud835\udc60\ud835\udc52 \ud83d\udc51 \u2764 \ufe0f \u2764 \ufe0f\ud835\udc3f\ud835\udc4e\ud835\udc60 \ud835\udc5d\ud835\udc5f\ud835\udc56\ud835\udc5b\ud835\udc50\ud835\udc52\ud835\udc60\ud835\udc4e\ud835\udc60 \ud835\udc5b\ud835\udc5c \ud835\udc59\ud835\udc59\ud835\udc5c\ud835\udc5f\ud835\udc4e\ud835\udc5a\ud835\udc5c\ud835\udc60 \ud835\udc60\ud835\udc5c\u0301\ud835\udc59\ud835\udc5c \ud835\udc5a\ud835\udc5c\ud835\udc5f\ud835\udc56\ud835\udc5a\ud835\udc5c\ud835\udc60 \ud835\udc51\ud835\udc52 \ud835\udc61\ud835\udc5f\ud835\udc56\ud835\udc60\ud835\udc61\ud835\udc52\ud835\udc67\ud835\udc4e \ud83d\ude0c \u2764 \ufe0f \u2764 \ufe0f\ud835\udc41\ud835\udc5c \ud835\udc4e\ud835\udc50\ud835\udc52\ud835\udc5d\ud835\udc61\ud835\udc52\ud835\udc60 \ud835\udc59\ud835\udc4e \ud835\udc5a\ud835\udc4e\ud835\udc5b\ud835\udc67\ud835\udc4e\ud835\udc5b\ud835\udc4e \ud835\udc52\ud835\udc5b\ud835\udc63\ud835\udc52\ud835\udc5b\ud835\udc52\ud835\udc5b\ud835\udc4e\ud835\udc51\ud835\udc4e \ud835\udc5e\ud835\udc62\ud835\udc52 \ud835\udc61\ud835\udc52 \ud835\udc5c\ud835\udc53\ud835\udc5f\ud835\udc52\ud835\udc67\ud835\udc50\ud835\udc4e \ud835\udc59\ud835\udc4e \ud835\udc4f\ud835\udc5f\ud835\udc62\ud835\udc57\ud835\udc4e \u2764 \ufe0f \u2764 \ufe0f\ud835\udc37\ud835\udc52 \ud835\udc5f\ud835\udc52\ud835\udc5d\ud835\udc52\ud835\udc5b\ud835\udc61\ud835\udc52 \ud835\udc60\ud835\udc52 \ud835\udc5a\ud835\udc52 \ud835\udc5e\ud835\udc62\ud835\udc56\ud835\udc61\ud835\udc5c \ud835\udc52\ud835\udc59 \u210e\ud835\udc4e\ud835\udc5a\ud835\udc4f\ud835\udc5f\ud835\udc52 \u2764 \ufe0f \u2764 \ufe0f\ud835\udc34\ud835\udc5b\ud835\udc4e \ud835\udc60\ud835\udc52 \ud835\udc61\ud835\udc56\ud835\udc52\ud835\udc5b\ud835\udc52 \ud835\udc5e\ud835\udc62\ud835\udc52 \ud835\udc50\ud835\udc5c\ud835\udc5b\ud835\udc63\ud835\udc52\ud835\udc5f\ud835\udc61\ud835\udc56\ud835\udc5f \ud835\udc52\ud835\udc5b \ud835\udc61\ud835\udc62 \ud835\udc5f\ud835\udc52\ud835\udc59\ud835\udc56\ud835\udc54\ud835\udc56\ud835\udc5c\u0301\ud835\udc5b \ud835\udc66 \ud835\udc5a\ud835\udc56\ud835\udc4e \ud835\udc61\ud835\udc62 \ud835\udc5d\ud835\udc5f\ud835\udc5c\ud835\udc53\ud835\udc52\ud835\udc50\ud835\udc56\ud835\udc5c\u0301\ud835\udc5b \u2764 \ufe0f \u2764 \ufe0f\ud835\udc47\ud835\udc5c\ud835\udc51\ud835\udc5c \ud835\udc52\ud835\udc60 \ud835\udc5a\ud835\udc52\ud835\udc57\ud835\udc5c\ud835\udc5f \ud835\udc50\ud835\udc5c\ud835\udc5b \ud835\udc52\ud835\udc59 \ud835\udc52\ud835\udc60\ud835\udc61\ud835\udc5c\ud835\udc5a\ud835\udc4e\ud835\udc54\ud835\udc5c \ud835\udc63\ud835\udc4e\ud835\udc50\ud835\udc56\ud835\udc5c \u2764 \ufe0f \u2764 \ufe0f\ud835\udc41\ud835\udc5c \ud835\udc50\ud835\udc5c\ud835\udc5a\ud835\udc4e\ud835\udc60 \u2764 \ufe0f \u2764 \ufe0f \u00bf \ud835\udc34\ud835\udc54\ud835\udc62\ud835\udc4e \ud835\udc5c \ud835\udc50\ud835\udc4e\ud835\udc59\ud835\udc5c\ud835\udc5f\ud835\udc56\ud835\udc4e\ud835\udc60 ? \u2764 \ufe0f \u2764 \ufe0f \u00bf \ud835\udc34\ud835\udc66\ud835\udc62\ud835\udc5b\ud835\udc4e\ud835\udc5f \ud835\udc5c \ud835\udc50\ud835\udc5c\ud835\udc5a\ud835\udc52\ud835\udc5f ? \u2764 \ufe0f \u2764 \ufe0f\ud835\udc47\ud835\udc52 \ud835\udc4e\ud835\udc5a\ud835\udc5c \u210e\ud835\udc4e\ud835\udc60\ud835\udc61\ud835\udc4e \ud835\udc59\ud835\udc5c\ud835\udc60 \u210e\ud835\udc62\ud835\udc52\ud835\udc60\ud835\udc5c\ud835\udc60 \ud83e\uddb4 \u2764 \ufe0f \u2764 \ufe0f\ud835\udc46\ud835\udc56 \ud835\udc5a\ud835\udc62\ud835\udc52\ud835\udc5f\ud835\udc52\ud835\udc60 \ud835\udc5e\ud835\udc62\ud835\udc52 \ud835\udc60\ud835\udc52\ud835\udc4e \ud835\udc51\ud835\udc52\ud835\udc59\ud835\udc54\ud835\udc4e\ud835\udc51\ud835\udc4e \ud835\udc5d\ud835\udc5c\ud835\udc5f \ud835\udc59\ud835\udc5c \ud835\udc5a\ud835\udc52\ud835\udc5b\ud835\udc5c\ud835\udc60 \u2620 \ufe0f \u2764 \ufe0f \u2764 \ufe0f\ud835\udc47\ud835\udc62 \ud835\udc5b\ud835\udc5c \ud835\udc61\ud835\udc56\ud835\udc52\ud835\udc5b\ud835\udc52\ud835\udc60 \u210e\ud835\udc4e\ud835\udc5a\ud835\udc4f\ud835\udc5f\ud835\udc52 \u2764 \ufe0f \u2764 \ufe0f\ud835\udc44\ud835\udc62\ud835\udc52\ud835\udc5f\ud835\udc52\ud835\udc5a\ud835\udc5c\ud835\udc60 \ud835\udc60\ud835\udc52\ud835\udc5f \ud835\udc5d\ud835\udc5f\ud835\udc56\ud835\udc5b\ud835\udc50\ud835\udc52\ud835\udc60\ud835\udc4e\ud835\udc60 \ud835\udc5b\ud835\udc5c \ud835\udc5d\ud835\udc4e\ud835\udc50\ud835\udc56\ud835\udc52\ud835\udc5b\ud835\udc61\ud835\udc52\ud835\udc60 \ud835\udc51\ud835\udc52 \ud835\udc62\ud835\udc5b \u210e\ud835\udc5c\ud835\udc60\ud835\udc5d\ud835\udc56\ud835\udc61\ud835\udc4e\ud835\udc59 \u2764 \ufe0f \ud83d\udc9c \ud835\udc3f\ud835\udc4e \ud835\udc5e\ud835\udc62\ud835\udc52 \ud835\udc5b\ud835\udc5c \ud835\udc63\ud835\udc5c\ud835\udc5a\ud835\udc56\ud835\udc61\ud835\udc4e \ud835\udc5b\ud835\udc5c \ud835\udc52\ud835\udc60 \ud835\udc4f\ud835\udc5c\ud835\udc5b\ud835\udc56\ud835\udc61\ud835\udc4e \ud83d\udc9c \ud83d\udc9c \ud835\udc48\ud835\udc5b\ud835\udc4e \ud835\udc63\ud835\udc5c\ud835\udc5a\ud835\udc56\ud835\udc61\ud835\udc4e\ud835\udc51\ud835\udc4e \ud835\udc5a\ud835\udc4e\u0300\ud835\udc60 \ud835\udc66 \ud835\udc61\ud835\udc52\ud835\udc5b\ud835\udc51\ud835\udc5f\ud835\udc52 \ud835\udc62\ud835\udc5b \ud835\udc50\ud835\udc62\ud835\udc52\ud835\udc5f\ud835\udc5d\ud835\udc5c \ud835\udc5d\ud835\udc52\ud835\udc5f\ud835\udc53\ud835\udc52\ud835\udc50\ud835\udc61\ud835\udc5c \ud83d\udc9c \ud83d\udc9c \ud835\udc36\ud835\udc62\ud835\udc4e\ud835\udc5b\ud835\udc51\ud835\udc5c \ud835\udc63\ud835\udc5c\ud835\udc5a\ud835\udc56\ud835\udc61\ud835\udc4e\ud835\udc60 \ud835\udc60\ud835\udc56\ud835\udc52\ud835\udc5b\ud835\udc61\ud835\udc52\ud835\udc60 \ud835\udc5e\ud835\udc62\ud835\udc52 \ud835\udc59\ud835\udc56\ud835\udc4f\ud835\udc52\ud835\udc5f\ud835\udc4e\ud835\udc60 \ud835\udc5a\ud835\udc4e\ud835\udc5f\ud835\udc56\ud835\udc5d\ud835\udc5c\ud835\udc60\ud835\udc4e\ud835\udc60 \ud83e\udd8b \ud83d\udc9c \ud83d\udc9c \ud835\udc46\ud835\udc56\ud835\udc52\ud835\udc5a\ud835\udc5d\ud835\udc5f\ud835\udc52 \ud835\udc5e\ud835\udc62\ud835\udc52 \ud835\udc59\ud835\udc52 \ud835\udc53\ud835\udc4e\ud835\udc59\ud835\udc59\ud835\udc5c \ud835\udc4e \ud835\udc34\ud835\udc5b\ud835\udc4e , \ud835\udc40\ud835\udc56\ud835\udc4e \ud835\udc52\ud835\udc60\ud835\udc61\ud835\udc4e\ud835\udc5f\ud835\udc4e \ud835\udc5d\ud835\udc4e\ud835\udc5f\ud835\udc4e \ud835\udc4e\ud835\udc5d\ud835\udc5c\ud835\udc66\ud835\udc4e\ud835\udc5f\ud835\udc5a\ud835\udc52 \ud83d\udc9c \ud83d\udc9c \ud835\udc46\ud835\udc56\ud835\udc52\ud835\udc5b\ud835\udc61\ud835\udc5c \ud835\udc4e\ud835\udc60\ud835\udc50\ud835\udc5c \ud835\udc5d\ud835\udc5c\ud835\udc5f \ud835\udc5a\ud835\udc56 \ud835\udc5a\ud835\udc56\ud835\udc60\ud835\udc5a\ud835\udc4e \ud83d\udc9c \ud83d\udc9c \ud835\udc46\ud835\udc56 \ud835\udc59\ud835\udc56\ud835\udc5b\ud835\udc51\ud835\udc4e \ud835\udc5e\ud835\udc62\ud835\udc56\ud835\udc52\ud835\udc5f\ud835\udc52\ud835\udc60 \ud835\udc52\ud835\udc60\ud835\udc61\ud835\udc4e\ud835\udc5f \ud835\udc59\ud835\udc4e \ud835\udc4f\ud835\udc5c\ud835\udc50\ud835\udc4e \ud835\udc51\ud835\udc52\ud835\udc4f\ud835\udc52\ud835\udc60 \ud835\udc50\ud835\udc52\ud835\udc5f\ud835\udc5f\ud835\udc4e\ud835\udc5f \ud83d\udc9c \u2764 \ufe0f\ud835\udc34\ud835\udc5b\ud835\udc4e \ud835\udc66 \ud835\udc40\ud835\udc56\ud835\udc4e \ud83d\udc9c \ud835\udc60\ud835\udc5c\ud835\udc5b \ud835\udc50\ud835\udc4e\ud835\udc5a\ud835\udc56\ud835\udc5b\ud835\udc5c\ud835\udc60 \ud835\udc5e\ud835\udc62\ud835\udc52 \ud835\udc5b\ud835\udc5c\ud835\udc60 \ud835\udc59\ud835\udc59\ud835\udc52\ud835\udc63\ud835\udc4e\ud835\udc5b \ud835\udc4e \ud835\udc60\ud835\udc52\ud835\udc5f \ud835\udc5d\ud835\udc52\ud835\udc5f\ud835\udc53\ud835\udc52\ud835\udc50\ud835\udc61\ud835\udc4e\ud835\udc60 \ud83d\udc9c \u2764 \ufe0f \ud83d\udc9c \ud835\udc3f\ud835\udc4e\ud835\udc60 \ud835\udc5d\ud835\udc5f\ud835\udc56\ud835\udc5b\ud835\udc50\ud835\udc52\ud835\udc60\ud835\udc4e\ud835\udc60 \ud835\udc34\ud835\udc5b\ud835\udc4e \ud835\udc66 \ud835\udc40\ud835\udc56\ud835\udc4e \ud835\udc60\ud835\udc5c\ud835\udc5a\ud835\udc5c\ud835\udc60 \ud835\udc5a\ud835\udc4e\u0301\ud835\udc60 \ud835\udc53\ud835\udc62\ud835\udc52\ud835\udc5f\ud835\udc61\ud835\udc52\ud835\udc60 \ud835\udc5e\ud835\udc62\ud835\udc52 \ud835\udc59\ud835\udc4e \ud835\udc50\ud835\udc5c\ud835\udc5a\ud835\udc56\ud835\udc51\ud835\udc4e \u2764 \ufe0f \ud83d\udc9c \ud83d\udc9c \ud835\udc37\ud835\udc56\ud835\udc50\ud835\udc52\ud835\udc5b \ud835\udc5e\ud835\udc62\ud835\udc52 \ud835\udc59\ud835\udc4e\ud835\udc60 \ud835\udc5d\ud835\udc5f\ud835\udc56\ud835\udc5b\ud835\udc50\ud835\udc52\ud835\udc60\ud835\udc4e\ud835\udc60 \ud835\udc60\ud835\udc52 \ud835\udc50\ud835\udc5c\ud835\udc5f\ud835\udc61\ud835\udc4e\ud835\udc5b ! \ud83d\udc9c \ud83d\udc9c \ud835\udc38\ud835\udc60\ud835\udc61\ud835\udc5c \ud835\udc5b\ud835\udc5c \ud835\udc52\ud835\udc60 \ud835\udc62\ud835\udc5b\ud835\udc4e \ud835\udc52\ud835\udc5b\ud835\udc53\ud835\udc52\ud835\udc5f\ud835\udc5a\ud835\udc52\ud835\udc51\ud835\udc4e\ud835\udc51 \ud835\udc5c \ud835\udc62\ud835\udc5b \ud835\udc50\ud835\udc4e\ud835\udc5d\ud835\udc5f\ud835\udc56\ud835\udc50\u210e\ud835\udc5c \ud835\udc52\ud835\udc60 \ud835\udc60\ud835\udc56\ud835\udc5a\ud835\udc5d\ud835\udc59\ud835\udc52\ud835\udc5a\ud835\udc52\ud835\udc5b\ud835\udc61\ud835\udc52 \ud835\udc62\ud835\udc5b \ud835\udc52\ud835\udc60\ud835\udc61\ud835\udc56\ud835\udc59\ud835\udc5c \ud835\udc51\ud835\udc52 \ud835\udc63\ud835\udc56\ud835\udc51\ud835\udc4e \ud835\udc45\ud835\udc52\ud835\udc50\ud835\udc62\ud835\udc52\ud835\udc5f\ud835\udc51\ud835\udc4e \ud835\udc5d\ud835\udc5f\ud835\udc56\ud835\udc5b\ud835\udc50\ud835\udc52\ud835\udc60\ud835\udc4e \ud835\udc5e\ud835\udc62\ud835\udc52 \ud835\udc52\ud835\udc60\ud835\udc61\ud835\udc5c \ud835\udc52\ud835\udc60 \ud835\udc62\ud835\udc5b \ud835\udc60\ud835\udc52\ud835\udc50\ud835\udc5f\ud835\udc52\ud835\udc61\ud835\udc5c \ud835\udc66 \ud835\udc5b\ud835\udc5c \ud835\udc5d\ud835\udc62\ud835\udc52\ud835\udc51\ud835\udc52\ud835\udc60 \u210e\ud835\udc4e\ud835\udc4f\ud835\udc59\ud835\udc4e\ud835\udc5f \ud835\udc51\ud835\udc52 \ud835\udc52\ud835\udc60\ud835\udc61\ud835\udc5c \ud835\udc50\ud835\udc5c\ud835\udc5b \ud835\udc5b\ud835\udc4e\ud835\udc51\ud835\udc56\ud835\udc52\ud835\udc5b \ud835\udc5e\ud835\udc62\ud835\udc52 \ud835\udc5b\ud835\udc5c \ud835\udc60\ud835\udc52\ud835\udc4e\ud835\udc5a\ud835\udc5c\ud835\udc60 \ud835\udc5b\ud835\udc5c\ud835\udc60\ud835\udc5c\ud835\udc61\ud835\udc5f\ud835\udc4e\ud835\udc60 \ud835\udc43\ud835\udc5f\ud835\udc5c \ud835\udc34\ud835\udc5b\ud835\udc4e\ud835\udc60 \ud835\udc66 \ud835\udc43\ud835\udc5f\ud835\udc5c \ud835\udc40\ud835\udc56\ud835\udc4e\ud835\udc60 \ud835\udc61\ud835\udc4e\ud835\udc5a\ud835\udc4f\ud835\udc56\ud835\udc52\ud835\udc5b \ud835\udc59\ud835\udc4e\ud835\udc60 \ud835\udc43\ud835\udc5f\ud835\udc5c \ud835\udc34\ud835\udc59\ud835\udc56\ud835\udc60\ud835\udc60\ud835\udc4e\ud835\udc60", "date": "2020-11-09 16:33:40"}, {"id_message": 17017817570, "message": "Porque las pulseras ana / mia originales no solo las usan las chicas ana y mia , sino tambi\u00e9n casi todas las chicas a las que les gusta hacer pulseras . Debido a que es dif\u00edcil saber si alguien es ana / mia o solo est\u00e1 usando una pulsera de moda , se agrega una nueva pulsera . ( Tienes que usar tanto el brazalete de cuentas original de ama / mia como el brazalete de plata con dije de ana . Este brazalete tambi\u00e9n es m\u00e1s efectivo que el brazalete original porque puedes escuchar los encantos mientras mueves el brazo , por lo que solo el ruido ayudar\u00e1 recuerda lo que representa y no debe comer ni caer en la tentaci\u00f3n . Reglas de Ana Charm Para comenzar su propia pulsera ana charm , solo necesita una cadena de plata normal que vaya en el mismo brazo que su pulsera ana bead . Los encantos son Mariposa / flor : representa la belleza y la libertad . Coraz\u00f3n plateado : representa el amor ( nadie te amar\u00e1 a menos que seas delgado y hermoso como la mariposa ) . Coraz\u00f3n rojo o azul / p\u00farpura : representa la unidad y el apoyo . Rojo para ana y azul / morado para mia Skull / Bones : representa ser mortalmente delgado y mostrar tus huesos y tambi\u00e9n significa morir por ser delgado . Arco : representa la perfecci\u00f3n y te recuerda que debes vestirte y lucir lo mejor que puedas . Encanto de grupo : cada ni\u00f1a ana / mia debe estar en un grupo o tener su propio grupo de amigas . Cada grupo tendr\u00e1 un encanto que representar\u00e1 al grupo con el que est\u00e1 involucrado . Si no tiene un grupo propio , puede unirse a un grupo en l\u00ednea que tenga este proyecto publicado para ProAnaPrincess , nuestro encanto es una tiara o una corona . Signo de la paz : representa obviamente la paz y nos ayuda a recordarnos que no debemos juzgar y amar a todos , incluso si luchan , y ayudar a otros a progresar en nuestras creencias y dejar entrar a aquellos que quieren ser parte de Pro Ana / Mia y no expulsarlos . . Todos los dijes deben estar en la pulsera y puedes agregar otros que tengan significado para ti .", "date": "2020-11-09 19:19:39"}, {"id_message": 704472494, "message": "Ah y muchas me pidieron el link del grupo de whats URL", "date": "2022-05-06 02:03:53"}, {"id_message": 67812800317, "message": "Tambi\u00e9n les dejo el del blog", "date": "2022-05-06 02:04:30"}, {"id_message": 37376201994, "message": "Pongo la conversaci\u00f3n por las dudas si hace quil\u00f3mbo", "date": "2022-05-06 02:19:53"}, {"id_message": 4414893932, "message": "En parte tiene raz\u00f3n pero bueno no se que opinan", "date": "2022-05-06 02:20:16"}, {"id_message": 9410587967, "message": "Si me pasan tips para vomitar se los agradecer\u00eda mucho", "date": "2022-05-08 07:26:45"}, {"id_message": 83292025633, "message": "Chikis voy a publicar cosas en el blog de que quieren que hable ?", "date": "2022-05-08 22:45:25"}, {"id_message": 27839548162, "message": "Aviso Estoy buscando chicas o chicos que quieran contar como empezaron con Ana y m\u00eda , si est\u00e1n en tratamiento , que se siente todo esto , el por qu\u00e9 de esto , alguna reflexi\u00f3n o algo , alguna meta o sue\u00f1o que quieran lograr en base a esto lo que sea , lo estar\u00e9 publicando tanto aqu\u00ed como en mi blog agradecer\u00eda mucho la difusi\u00f3n , quien quiera participar de esto lo puede hacer an\u00f3nimamente o no y dejar sus redes y tal Contacto @USER telegram Tcainprogress@USER.com MAIL Cafecitoo / tcainprogres en Twitter Tiktok Tcain progress Insta Tcainprogress Y el de Tumblr no me lo acuerdo jaja", "date": "2022-05-08 22:46:21"}, {"id_message": 40379558870, "message": "Estoy sin ideas de que publicar en el blog", "date": "2022-05-09 01:43:25"}, {"id_message": 23704430163, "message": "Ya publique nuevas cosas en el blog", "date": "2022-05-09 03:09:24"}, {"id_message": 7353187354, "message": "hay nuevas publicaciones en el blog", "date": "2022-05-14 15:10:53"}, {"id_message": 32979408353, "message": "Que otras cosas quieren que publique solo tengo lo del ayuno que ya ahora lo voy a publicar pero no tengo nada m\u00e1s", "date": "2022-05-14 18:00:45"}, {"id_message": 10946771561, "message": "URL Dietas de las coreanas", "date": "2022-05-15 22:22:06"}, {"id_message": 92895136276, "message": "Por aqui les dejo una guia super completa sobre alimentacion saludable !", "date": "2022-05-17 22:09:19"}, {"id_message": 88163961194, "message": "voy a estar inactiva por que se me rompio el celu", "date": "2022-05-22 02:04:37"}, {"id_message": 40376400795, "message": "estoy desde la compu", "date": "2022-05-22 02:04:55"}, {"id_message": 252004871, "message": "cualquier cosa me escriben al mail", "date": "2022-05-22 02:05:03"}, {"id_message": 82272327572, "message": "Ya tengo el celu", "date": "2022-05-25 22:56:18"}, {"id_message": 81906946760, "message": "L\u00e9anlo es muy \u00fatil", "date": "2022-05-25 23:14:23"}, {"id_message": 13937636929, "message": "Como muchos preguntan el porqu\u00e9 no hago m\u00e1s grupos de whats es por lo siguiente : No puedo administrarlos y son demasiados obvios para que los infiltrados se unan , ademas Telegram tiene m\u00e1s herramientas para ver quien est\u00e1 y eliminarlo si es inactivo bots entre otras cosas por ende si quiero hacer un grupo de whats tiene que ser muy peque as\u00ed est\u00e1 bien controlado y tendr\u00eda que tener 500 como para que todos est\u00e9n y no quiero dejar a nadie a fuera", "date": "2022-05-25 23:18:48"}, {"id_message": 90819496406, "message": "Que quieren que publique en el blog o aqu\u00ed ?", "date": "2022-05-26 01:54:09"}, {"id_message": 67596327664, "message": "No tengo problema en recibir este tipo de cosas las contesto con todo el amor del mundo mientra sea todo an\u00f3nimo y sin exposici\u00f3n de todo mi trabajo", "date": "2022-05-26 05:04:33"}, {"id_message": 67360310374, "message": "Por que quiero que esta comunidad siga en pie por que no es para nada mala ni t\u00f3xica", "date": "2022-05-26 05:04:53"}, {"id_message": 84548182586, "message": "Realmente creo que mientra mas sepan por alguien que lo vive y no por gente que solo lo estudio creo que van a entender mejor c\u00f3mo funciona esto y no nos van a cuestionar tanto", "date": "2022-05-26 05:07:34"}, {"id_message": 40717719842, "message": "Si tienen m\u00e1s testimonios o quieren que suba el suyo me avisan al privado y lo subo", "date": "2022-05-26 06:00:35"}, {"id_message": 93087276608, "message": "\u00a1 Ech\u00e1 un vistazo a este tablero en Pinterest ! URL", "date": "2022-05-26 09:29:19"}]