[{"id_message": 37133310002, "message": "Hola chaval @s ! Queria definir , sin bajar m\u00fasculo , peso 83 kg en ayunas , y mido 185 cm aproxima . No sigo ninguna dieta , como de todo pero m\u00e1s o menos sano , alguna dieta para seguir ? gracias", "date": "2019-07-11 00:46:16"}, {"id_message": 92291410441, "message": "Suplementos no tomo , intento suplir con la comida la prote\u00edna diaria , quiero coger un pre entreno , y poco mas", "date": "2019-07-11 00:49:03"}, {"id_message": 73465281486, "message": "El c4 es el que me cogido", "date": "2019-07-11 01:07:13"}, {"id_message": 51777024652, "message": "Todo eso te tomas ? ?", "date": "2019-07-11 01:10:13"}, {"id_message": 79121174885, "message": "Yo es para mejores entrenamientos y hacer cardio", "date": "2019-07-11 01:11:05"}, {"id_message": 64024345958, "message": "Con dos kilos que le quite , pero peco de comer dulces cuando me estreso", "date": "2019-07-11 01:11:31"}, {"id_message": 80453371798, "message": "Voy a intentar no tomar y darle al remo", "date": "2019-07-11 01:12:46"}, {"id_message": 68237182157, "message": "Gracias ! lo que ando perdido es en los alimentos , por ejemplo : como mucha fruta , pero no estoy seguro de si hago bien", "date": "2019-07-11 01:18:37"}, {"id_message": 48382484646, "message": "Vegetales y poco hidratos de carbono y si como por la ma\u00f1ana-mediod\u00eda", "date": "2019-07-11 01:19:10"}, {"id_message": 5058556379, "message": "Me tomaba cafe\u00edna y por eso cambio al c4", "date": "2019-07-11 01:19:57"}, {"id_message": 12004966914, "message": "Pasa que los dulces ...", "date": "2019-07-11 01:22:33"}, {"id_message": 57149526837, "message": "\ud83d\ude28", "date": "2019-07-11 01:22:50"}, {"id_message": 55081799731, "message": "Como muy bien , soy conductor y en todas las gasolineras .. te lo ponen ah\u00ed .. y es por aburrimiento , pero tendr\u00e9 que llevarme otros snacks m\u00e1s saludables y suplirlos", "date": "2019-07-11 01:26:43"}, {"id_message": 56130586928, "message": "Bueno maja , os leer\u00e9 por aqu\u00ed , muchas gracias por tu ayuda , buenas noches \ud83d\ude00", "date": "2019-07-11 01:27:43"}, {"id_message": 55731956919, "message": "Yo voy a empezar hacer aer\u00f3bico co la la m\u00e1quina de remo , he le\u00eddo que es muy completa", "date": "2019-07-11 08:16:44"}, {"id_message": 12709867253, "message": "D\u00e9jate de esteroides , aqu\u00ed en uk son legales , imag\u00ednate como van los ciclos", "date": "2019-07-11 10:49:23"}, {"id_message": 10797526442, "message": "Eso es trampa , eso es lo f\u00e1cil , ning\u00fan m\u00e9rito , cada uno ... a mi me da risa cuando los veo descompensados de pierna y mucho tronco superior", "date": "2019-07-11 11:20:38"}, {"id_message": 62209773542, "message": "A la farmacia no se , pero on-line ... En mi gimnasio , hay mujeres m\u00e1s fuertes que muchos hombres incluido yo , hay mucha mezcla , y unas gen\u00e9ticas muy buenas + esteroides cuando compiten", "date": "2019-07-11 11:28:12"}, {"id_message": 96212948846, "message": "Trampa o insano , cada uno que haga lo que quieras , no te sientas ofendido , pero uno de las cosas que me apunt\u00e9 al gym , fue por salud , y para mi no entra en mis espectativas . Tengo muchos amigos que se chutan , y es lo que me dicen .. otros , se drogan , otros beben , fuman , y ellos no , cada uno decide lo que hace con su vida , peace and love \ud83d\ude00", "date": "2019-07-11 16:21:59"}]