[{"id_message": 41499254801, "message": "Joer ! ! 51kg est\u00e1 genial", "date": "2018-12-09 23:12:41"}, {"id_message": 8374474108, "message": "Tiene buena pinta la verdad", "date": "2018-12-09 23:13:34"}, {"id_message": 40516132374, "message": "\ud83d\ude31 \ud83d\ude31 me imagino que pesa", "date": "2018-12-09 23:14:22"}, {"id_message": 15947812486, "message": "\ud83d\ude4a yo peso 78 y mido 1,75", "date": "2018-12-09 23:15:57"}, {"id_message": 62212204030, "message": "Y me quiero quedar en 75", "date": "2018-12-09 23:16:34"}, {"id_message": 98439906861, "message": "La verdad que eso que has hecho es muy acertado", "date": "2018-12-09 23:19:59"}, {"id_message": 36584652423, "message": "Te mide , te pesa y te controla", "date": "2018-12-09 23:20:23"}, {"id_message": 95274053797, "message": "Lo bueno que te ir\u00e1 cambiando cuando lo necesites", "date": "2018-12-09 23:20:56"}, {"id_message": 40465331972, "message": "Yo hasta que no pase navidades ...", "date": "2018-12-09 23:21:52"}, {"id_message": 53143391183, "message": "Hay que reconocer que son momentos dif\u00edciles \ud83c\udf78 \ud83c\udf78 \ud83e\udd58 \ud83e\udd58", "date": "2018-12-09 23:24:58"}, {"id_message": 84998774097, "message": "Yo tengo el hombro tocado hace dos semanas y ahora s\u00f3lo cardio", "date": "2018-12-09 23:26:54"}, {"id_message": 48806075905, "message": "Joer pero esto de parar ...", "date": "2018-12-09 23:28:13"}, {"id_message": 8388728418, "message": "Eso yendo al fisio", "date": "2018-12-09 23:28:43"}, {"id_message": 47473982922, "message": "Si pero con descanso", "date": "2018-12-09 23:29:19"}, {"id_message": 45715086681, "message": "El problema que si no se trata", "date": "2018-12-09 23:29:35"}, {"id_message": 59460925819, "message": "Cuando tu cuerpo dice hasta , tu mente dice sigue adelante ...", "date": "2018-12-09 23:31:35"}, {"id_message": 17449680964, "message": "Yo voy a las 6 am", "date": "2018-12-09 23:31:53"}, {"id_message": 36776954350, "message": "Sin problema ! ! Deja el tel\u00e9fono encendido y te mando llamada a las 5:00 \ud83d\ude02 \ud83d\ude02", "date": "2018-12-09 23:35:16"}, {"id_message": 99901775985, "message": "A que hora vais vosotros", "date": "2018-12-09 23:36:11"}, {"id_message": 32649933849, "message": "Es que a esas horas estoy trabajando", "date": "2018-12-09 23:37:16"}, {"id_message": 56204514334, "message": "Ahora cuando me toke la loter\u00eda ...", "date": "2018-12-09 23:37:54"}, {"id_message": 52405375819, "message": "La verdad que a esas horas se entrena mejor y cuando yo llego ya hay gente sudando como pollos", "date": "2018-12-09 23:40:39"}, {"id_message": 57256879228, "message": "Bueno ! Hasta ma\u00f1ana y a descansar \ud83d\udcaa \ud83d\udcaa \ud83d\udcaa", "date": "2018-12-09 23:44:13"}, {"id_message": 24283765167, "message": "\ud83d\ude31 \ud83d\ude31 \ud83d\ude31 buenos d\u00edas a todos", "date": "2018-12-10 09:22:26"}, {"id_message": 62985477249, "message": "Por que no pon\u00e9is un ejemplo de una bien estructurada", "date": "2018-12-10 10:02:50"}, {"id_message": 17955528344, "message": "Para m\u00ed el chute no es sano ni deportivo", "date": "2018-12-10 10:03:24"}, {"id_message": 94204226093, "message": "Si pero es m\u00e1s natural", "date": "2018-12-10 10:04:10"}, {"id_message": 5681442738, "message": "No te deja tocado", "date": "2018-12-10 10:04:23"}, {"id_message": 40747254782, "message": "David manda una dieta \ud83d\ude02 \ud83d\ude02", "date": "2018-12-10 10:05:18"}, {"id_message": 63527652091, "message": "Una dieta se hace en base a tu metabolismo , gen\u00e9tica , etc", "date": "2018-12-10 10:07:28"}, {"id_message": 2386107421, "message": "Ella que pruebe a ver como le va", "date": "2018-12-10 10:08:45"}, {"id_message": 52333982599, "message": "Bueno voy a seguir currando , pasarlo bonito ! \ud83e\udd17", "date": "2018-12-10 10:09:32"}, {"id_message": 68508479870, "message": "Buenas noches a todos \ud83d\udcaa \ud83d\udcaa \ud83d\udcaa estoy contigo en todo", "date": "2018-12-10 22:53:05"}, {"id_message": 23089440351, "message": "Joer no parais \ud83d\ude02 \ud83d\ude02 \ud83d\ude02", "date": "2018-12-10 22:53:31"}, {"id_message": 73667751849, "message": "\ud83d\udcaa \ud83d\udcaa \ud83d\udcaa buenos dias", "date": "2018-12-11 09:41:26"}, {"id_message": 19605679731, "message": "Me pod\u00e9is decir un buen preentrenoBBB \ud83d\ude02 \ud83d\ude02", "date": "2018-12-11 11:03:20"}, {"id_message": 421895970, "message": "Termogenico tb \ud83d\ude1c", "date": "2018-12-11 11:03:41"}, {"id_message": 29859084785, "message": "A las 5 ya me lo tomo", "date": "2018-12-11 11:14:22"}, {"id_message": 5671770264, "message": "Pero como ya me tomo 5 al dia \ud83d\ude14 \ud83d\ude14 \ud83d\ude14 \ud83d\ude31 \ud83d\ude31 \ud83d\ude31", "date": "2018-12-11 11:14:54"}, {"id_message": 33002603574, "message": "Yo creo que ya no me hace nada", "date": "2018-12-11 11:15:16"}, {"id_message": 49014605526, "message": "Hay algunos que dicen que si , otros que no", "date": "2018-12-11 11:38:43"}, {"id_message": 63033906425, "message": "El boniato es bueno ?", "date": "2018-12-11 11:40:35"}, {"id_message": 79518636860, "message": "A mi no me va", "date": "2018-12-11 11:40:48"}, {"id_message": 71310195940, "message": "Que asco de m\u00fasculos mal ciclados \ud83d\ude48 \ud83d\ude48 \ud83d\ude48", "date": "2018-12-12 10:21:54"}, {"id_message": 31420582273, "message": "Probar\u00e9 a ver que tal , gracias \ud83d\udcaa \ud83d\udcaa", "date": "2018-12-12 12:41:13"}, {"id_message": 17705918389, "message": "Buenas a todos y FELIZ NAVIDAD \ud83c\udf84 \ud83c\udf84 \ud83c\udf78 \ud83c\udf78", "date": "2018-12-24 15:01:59"}]