[{"id_message": 20254161605, "message": "De todas formas , una f2 tienes que tener un nivel y hacer otras cosas bastante bien como comer descansar , si no , no creo que le saques rentabilidad a una f2", "date": "2022-10-16 19:14:04"}, {"id_message": 75832861790, "message": "Si entrenas fuerte de verdad , yo lo veo una barbaridad", "date": "2022-10-16 19:14:23"}, {"id_message": 58712475910, "message": "Te pregunt\u00e9 lo de la edad m\u00e1s que nada por eso mismo , alomejor descansando un poquito m\u00e1s y si lo crees necesario reestructurar el entrenamiento y vas a tener mejores sensaciones", "date": "2022-10-16 19:29:46"}, {"id_message": 56643718315, "message": "Est\u00e1s empezando la casa por el tejado", "date": "2022-10-16 19:43:24"}, {"id_message": 33536637766, "message": "Para m\u00ed gusto lo primero ser\u00eda entrenar y crear un h\u00e1bito , desde ahi puedes empezar a pulir , mejorar dietas , entrenos y ir mejorando la calidad de todo", "date": "2022-10-16 19:45:10"}, {"id_message": 86920366258, "message": "Ir a entrenar ya es h\u00e1bito", "date": "2022-10-16 19:46:03"}, {"id_message": 95715474264, "message": "Tampoco es una locura , recurrimos como un cuerpo \" normal \"", "date": "2022-10-16 19:47:17"}, {"id_message": 40620167531, "message": "A comer y entrenab", "date": "2022-10-16 19:47:36"}, {"id_message": 35999406482, "message": "A m\u00ed totalmente al reve", "date": "2022-10-16 19:51:28"}, {"id_message": 58283880394, "message": "Si eso de saberlo bien , a m\u00ed me cuesta mucho comer", "date": "2022-10-16 19:53:34"}, {"id_message": 49758174597, "message": "Pero los ben jerrys de cookie", "date": "2022-10-16 19:59:13"}, {"id_message": 46538050573, "message": "Que cojones haces t\u00fa awui", "date": "2022-10-16 20:01:42"}, {"id_message": 98928695129, "message": "Me sigues eeeh rey m\u00edo", "date": "2022-10-16 20:02:08"}, {"id_message": 2544948177, "message": "Pero c\u00f3mo le das admin a ese tipejo \ud83d\ude12", "date": "2022-10-16 20:20:37"}, {"id_message": 5554095891, "message": "Que le dicho de entrenar juntos por lo menos 3 veces", "date": "2022-10-16 20:20:50"}, {"id_message": 63534839512, "message": "Sabe m\u00e1s que 2 t\u00edos el cabron", "date": "2022-10-16 20:21:04"}, {"id_message": 20612468256, "message": "Pues a mi me pareci\u00f3 divertido , es un buen entreno para el apocalipsis zombie , le enrollas un alambre o le pones 4 clavos y ojito", "date": "2022-10-23 14:55:15"}, {"id_message": 18336630705, "message": "El pecho es un m\u00fasculo grande ( algo complicado de localizar ) , m\u00e1s que hacer ejercicios por hacer intenta localizarlos y buscar trabajar realmente el pecho", "date": "2022-10-28 19:43:38"}, {"id_message": 41890232027, "message": "Yo quer\u00eda estar fuerte el s\u00e1bado", "date": "2022-10-28 19:53:01"}, {"id_message": 17054103183, "message": "Te voy a decir un secreto , los ejercicios var\u00edan bastante poco en todo el mundo \ud83e\udd23 no te creas que en zimbague tienen un ejercicio secreto o algo parecido jajajaja", "date": "2022-10-28 20:16:25"}, {"id_message": 90661554433, "message": "Da gusto en el pene", "date": "2022-10-29 14:08:02"}, {"id_message": 63225450644, "message": "Ella tiene su canal en Youtube y todo creo", "date": "2022-11-03 21:06:25"}, {"id_message": 16515326841, "message": "Si es muy posible que s\u00ed", "date": "2022-11-03 21:58:21"}, {"id_message": 20021310967, "message": "O alomejor no , lo mejor ser\u00eda preguntarle", "date": "2022-11-03 21:58:46"}, {"id_message": 11857930820, "message": "Alguien m\u00e1s pensaba que la yaya le iba a dar m\u00e1s fuerte a Andoni ?", "date": "2022-11-04 07:22:52"}, {"id_message": 55007484576, "message": "S\u00f3lo a dicho lo m\u00e1s obvio del mundo \ud83d\ude02", "date": "2022-11-04 07:27:25"}, {"id_message": 38792686184, "message": "Por qu\u00e9 no est\u00e1n hechas m\u00e1s de 1 ' 80", "date": "2022-11-04 13:25:24"}, {"id_message": 81452247826, "message": "Nop , a no ser que encuentre una m\u00e1quina muy c\u00f3moda y de su tama\u00f1o", "date": "2022-11-04 13:25:55"}, {"id_message": 64008911142, "message": "Yo siempre fui defensor de los 90 \u00b0 grados , pero a medida que iba aumentando el rom , terminaron por no hacerme sentir bien", "date": "2022-11-04 13:26:58"}, {"id_message": 31603691312, "message": "Pero vamos que entiendo perfectamente el sentir que una m\u00e1quina no es c\u00f3moda por tama\u00f1o", "date": "2022-11-04 13:27:25"}, {"id_message": 86690465367, "message": "Y si encima tienes problemas lumbares", "date": "2022-11-04 13:27:45"}, {"id_message": 18498493281, "message": "A m\u00ed personalmente me da mejores sensaciones la hacka", "date": "2022-11-04 13:28:03"}, {"id_message": 11799857098, "message": "Y cuando se trata de bajar a full mas", "date": "2022-11-04 13:28:10"}, {"id_message": 48422475587, "message": "Pero cada cuerpo es un mundo", "date": "2022-11-04 13:28:18"}, {"id_message": 67416513858, "message": "Trabajar al fallo tampoco es algo que puedas prolongar por mucho tiempo , estilo voy 4 meses al fallo en todos los ejercicios , eso desde mi punto de vista no es real", "date": "2022-11-05 08:56:54"}, {"id_message": 12618428553, "message": "Yo alomejor , por poner un ejemplo meto sentadilla , prensa y extensi\u00f3n de cu\u00e1driceps , la extensi\u00f3n va al fallo tanto en series como el repes", "date": "2022-11-05 09:03:49"}, {"id_message": 42863577096, "message": "Si eso est\u00e1 claro , lo que quer\u00eda decir es que no consideraba bueno salir del gym escuchado borroso", "date": "2022-11-05 09:07:00"}, {"id_message": 55408226170, "message": "Claro es una tonter\u00eda a rir 2 una drop set", "date": "2022-11-05 09:07:44"}, {"id_message": 24759077, "message": "No es pesado ni de lejos jajajaja", "date": "2022-11-05 09:07:59"}, {"id_message": 57713563806, "message": "En mi entreno aveces tambi\u00e9n tengo eso", "date": "2022-11-05 09:08:23"}, {"id_message": 77692724426, "message": "Un rir muy bajo barbaridad de repetici\u00f3n", "date": "2022-11-05 09:08:32"}, {"id_message": 77412222537, "message": "Entrenador es una persona a la que pagas para que t marque unas pautas", "date": "2022-11-08 20:53:19"}, {"id_message": 88000219570, "message": "Por qu\u00e9 se supone que t\u00fa le has mandado tus datos + objetivos", "date": "2022-11-08 20:54:08"}, {"id_message": 83937673154, "message": "Y ojo se puede equivocar y si eso pasa pues tendr\u00e1s que hacerle un reporte y trabajar en ese problema", "date": "2022-11-08 20:55:24"}, {"id_message": 43668511261, "message": "Hasta que se pulsa la tecla y se empieza a trabajar bien pasan muchas cosas \ud83d\ude05", "date": "2022-11-08 20:55:56"}, {"id_message": 23119492190, "message": "Quienes son los due\u00f1os ?", "date": "2022-11-27 17:39:43"}]