[{"id_message": 76668003496, "message": "Hola ! Soy Cristine Peso 68 kg Mido 1,60 Mi meta por ahora es llegar a 50kg", "date": "2020-04-12 02:21:46"}, {"id_message": 60420318872, "message": "Tienen mucho tiempo en esto de Ana y M\u00eda ?", "date": "2020-04-12 06:11:50"}, {"id_message": 36240258719, "message": "Pues he escuchado que es dif\u00edcil ser Ana y M\u00eda y pues ya llevas 7 a\u00f1os", "date": "2020-04-12 07:27:02"}, {"id_message": 21525368641, "message": "Cu\u00e1l es la app ?", "date": "2020-04-13 05:19:07"}, {"id_message": 44206807279, "message": "Bienvenida \ud83e\udd70", "date": "2020-04-13 05:21:54"}, {"id_message": 52701818773, "message": "Tengo mucha hambre \ud83d\ude2b", "date": "2020-04-15 08:38:34"}, {"id_message": 38845795281, "message": "Hoy casi no com\u00ed y pues no estoy acostumbrada porque reci\u00e9n inicio y es horrible", "date": "2020-04-15 08:39:05"}, {"id_message": 66471034729, "message": "He estado tomando agua pero a\u00fan as\u00ed no se me quita el hambre", "date": "2020-04-15 08:40:17"}, {"id_message": 8952384358, "message": "No se cu\u00e1ntas pero fueron menos de 600", "date": "2020-04-15 08:42:17"}, {"id_message": 10498833674, "message": "No lo s\u00e9 yo solo com\u00eda cuando me daba hambre pero lo malo es que com\u00eda demasiado", "date": "2020-04-15 08:43:35"}, {"id_message": 88010039753, "message": "Y por eso trat\u00f3 de no comer porque una ves que empiezo no puedo parar \ud83d\ude1e", "date": "2020-04-15 08:43:59"}, {"id_message": 96730042374, "message": "Mil gracias \ud83e\udd70", "date": "2020-04-15 08:46:36"}]