[{"id_message": 64630286252, "message": "Soy Ana . Mi peso actual 68 Mi peso meta 62 Altura 1.73 Tengo 18 a\u00f1os", "date": "2022-05-13 11:52:18"}, {"id_message": 79771551314, "message": "A m\u00ed tambi\u00e9n , lo voy a bloquear", "date": "2022-05-15 18:44:05"}, {"id_message": 19344351556, "message": "Y alguien sabe qu\u00e9 buscan con eso ?", "date": "2022-05-15 19:04:07"}, {"id_message": 98043866075, "message": "Yo dir\u00eda que lo \u00fanico que engorda de verdad un mont\u00f3n es la cerveza , de resto me pasa igual que a ti", "date": "2022-05-16 02:32:11"}, {"id_message": 4876566527, "message": "Pero comer en la noche produce m\u00e1s andiedad , no ? A dem\u00e1s poner muy lento el metabolismo", "date": "2022-05-24 04:57:34"}, {"id_message": 65624499430, "message": "Si crees que pueden tener autocontrol est\u00e1 perfecto , en mi caso me despierta m\u00e1s el hambre en la noche", "date": "2022-05-24 05:03:28"}, {"id_message": 14357785846, "message": "Si me pasa jajaj , prefiero dejar de comer", "date": "2022-05-24 05:28:34"}, {"id_message": 79141677127, "message": "Supongo que depende de tu constancia , y disciplina , tambi\u00e9n la actividad f\u00edsica que hagas , aproximadamente de 3 a 4 kilos si eres muy disciplinada con tu dieta", "date": "2022-05-24 05:36:17"}, {"id_message": 19645114544, "message": "Aunque puede ser peligroso en el aspecto de que si no tienes experiencia en el ayuno", "date": "2022-05-24 05:36:54"}, {"id_message": 17724578891, "message": "Si claro , pero siento que es m\u00e1s efectivo saltar la cuerda", "date": "2022-05-24 05:38:38"}, {"id_message": 12549878135, "message": "Te recomiendo esto , por si no tienes mucha experiencia con el ejercicio", "date": "2022-05-24 05:41:57"}, {"id_message": 72297926674, "message": "Pero si ya tienes algo de experiencia , empieza con 30 minutos diarios , eso hago yo", "date": "2022-05-24 05:42:25"}, {"id_message": 25234840802, "message": "Si eres disciplinado claroo ! Te recomiendo que hagas una comida en el d\u00eda y que sea una media hora antes de saltar para aguantar el impacto", "date": "2022-05-24 05:47:20"}, {"id_message": 58613506621, "message": "Y si deseas en el resto del d\u00eda , t\u00e9 , de el sabor que t\u00fa quieras", "date": "2022-05-24 05:47:36"}, {"id_message": 3420639072, "message": "3 kilos por semana si eres estricta con la dieta , o incluso m\u00e1s , todo depende mucho", "date": "2022-05-24 05:48:32"}, {"id_message": 90764821447, "message": "Esa est\u00e1 muy buena , la voy a aplicar", "date": "2022-05-24 09:33:57"}, {"id_message": 35056253371, "message": "Te entiendo , pero puedes hacer cambios de a poco , si lo haces de golpe te vas a frustrar", "date": "2022-05-25 05:29:17"}]