[{"id_message": 54671004532, "message": "Gracias bro \ud83d\udcaa\ud83c\udffd \ud83d\udcaa\ud83c\udffd", "date": "2019-06-11 14:45:13"}, {"id_message": 39321057826, "message": "Con el culo al aire por el gym", "date": "2019-06-11 15:02:45"}, {"id_message": 27717458610, "message": "Un chek de piernas todos", "date": "2019-06-12 15:40:03"}, {"id_message": 2182804021, "message": "Hay que basarae en la experiencia", "date": "2019-06-12 22:18:54"}, {"id_message": 99009861255, "message": "Sale ... mientras salga ya va bien \ud83d\ude05 \ud83d\ude05", "date": "2019-06-13 12:49:10"}, {"id_message": 84061104160, "message": "Habeis probado de entrenar con oclusi\u00f3n en los b\u00edceps ? ?", "date": "2019-06-13 13:07:14"}, {"id_message": 6236428842, "message": "Parece que te va a reventar el b\u00edceps", "date": "2019-06-13 13:07:34"}, {"id_message": 72051843942, "message": "Pues es ponerte un material en la parte superior del m\u00fasculo y hacer que la sangre quede en el m\u00fasculo que trabajas", "date": "2019-06-13 13:12:51"}, {"id_message": 11213027380, "message": "Pobre ... \ud83e\udd23 \ud83e\udd23 \ud83e\udd23", "date": "2019-06-13 13:44:09"}, {"id_message": 33750118646, "message": "A ver en un ejercicio con poco peso tampoco pasa nada pero tienes toda la raz\u00f3n", "date": "2019-06-13 13:50:55"}, {"id_message": 41138247910, "message": "Es as\u00ed ... y aplicarlo de vez en cuando es una buena herramienta para aportar mas sangre al m\u00fasculo trabajado", "date": "2019-06-13 13:57:41"}, {"id_message": 8223254516, "message": "Y la voltereta de regalo", "date": "2019-06-13 15:26:41"}, {"id_message": 31424029651, "message": "Es un muro el carb\u00f3n rebota en el suelo", "date": "2019-06-13 15:29:52"}, {"id_message": 47836742833, "message": "\ud83e\udd23 \ud83e\udd23 \ud83e\udd23 y yo", "date": "2019-06-16 22:21:27"}, {"id_message": 56687295348, "message": "Yo esta semana lo voy a probar", "date": "2019-06-17 16:21:01"}]