[{"id_message": 50517888483, "message": "+ 1 solo corrigiendo los ejercicios a las chavalitas", "date": "2019-05-01 20:05:19"}, {"id_message": 22486111245, "message": "8 pavos por el rebujito pague yo el a\u00f1o pasado , y queso 8 pavos y jam\u00f3n 10", "date": "2019-05-06 16:11:22"}, {"id_message": 3001999711, "message": "Vamos , si te lo tomas fuera sale poco m\u00e1s barato", "date": "2019-05-06 16:11:42"}, {"id_message": 80312055302, "message": "Pues depende de la hora , y del d\u00eda , pero he estado en privadas y tambi\u00e9n hab\u00eda gente", "date": "2019-05-06 16:12:33"}, {"id_message": 26958460876, "message": "Ir a una feria y pensar que no hay gente ...", "date": "2019-05-06 16:12:46"}, {"id_message": 71116834669, "message": "Si no quieres gente , adivina qu\u00e9 tienes que hacer \ud83d\ude02", "date": "2019-05-06 16:13:06"}, {"id_message": 70936887175, "message": "Lo mejor para volumen sin duda alguna", "date": "2019-05-23 09:28:18"}, {"id_message": 55730065746, "message": "Tampoco te cueles , depende de c\u00f3mo cuadres xD", "date": "2019-05-23 09:33:31"}, {"id_message": 24589058338, "message": "Comer una cosa tampoco implica no comer la otra", "date": "2019-05-23 09:36:24"}, {"id_message": 33365362888, "message": "Hay cosas peores , siguiendo tu argumento", "date": "2019-05-23 09:42:38"}, {"id_message": 36003388097, "message": "hiciste de extra para una peli de campo de exterminio o algo ? \ud83d\ude01", "date": "2019-05-24 07:24:53"}, {"id_message": 9871199831, "message": "\ud83e\udd28 \ud83e\uddd0", "date": "2019-06-08 17:13:39"}, {"id_message": 52055116711, "message": "En cualquier caso poner ayuno y restricci\u00f3n cal\u00f3rica como t\u00e9rminos contrapuestos es un poco incongruente as\u00ed de primeras \ud83d\ude02 \ud83d\ude02 \ud83d\ude02", "date": "2019-06-08 18:42:35"}, {"id_message": 85610736943, "message": "Personalmente , yo he hecho ayuno y tal y es algo que recomiendo , de manera controlada , pero lo del nota del hilo ...", "date": "2019-06-23 23:53:16"}, {"id_message": 62214837356, "message": "A ver , que lo m\u00e1s probable es que no le ocurra nada", "date": "2019-06-23 23:53:31"}, {"id_message": 85656621436, "message": "Pero viendo otros hilos suyos , se ve que la cabeza muy bien amueblada no la tiene", "date": "2019-06-23 23:54:11"}, {"id_message": 20405727813, "message": "Y que hay que tener cuidado con ciertos mensajes porque la l\u00ednea a cruzar para desarrollar un transtorno de la conducta alimentaria en ciertas personas es muy fina", "date": "2019-06-23 23:55:29"}, {"id_message": 57080763918, "message": "Y es un tema delicado", "date": "2019-06-23 23:55:34"}, {"id_message": 49870003356, "message": "Sobre todo con chavales j\u00f3venes", "date": "2019-06-23 23:56:05"}, {"id_message": 27366486464, "message": "Hombre , en el faro no fue , fue un poco m\u00e1s paentro", "date": "2019-06-30 12:46:56"}, {"id_message": 57982481609, "message": "Yo tomo yogurt griego de grecia , no el que venden en Espa\u00f1a como \" griego \" que es una estafa", "date": "2019-07-13 22:48:14"}]