[{"id_message": 23293364304, "message": "Hola ! Buenas he entrado aqu\u00ed para aprender y eso", "date": "2019-05-20 12:57:15"}, {"id_message": 9324940482, "message": "Veo que resolveis dudas y coment\u00e1is no ?", "date": "2019-05-20 12:57:47"}, {"id_message": 5550055875, "message": "Jajjaja vale gracias \ud83d\ude0a", "date": "2019-05-20 12:58:04"}, {"id_message": 45883124804, "message": "Buenas dices que el cuerpo no hace dos cosas a la vez como digesti\u00f3n y ejercicio yo que almuerzo y a lo 15 minutos me voy al gym . Es una locura no ?", "date": "2019-05-20 13:31:10"}, {"id_message": 85587557672, "message": "Ya hombre pero me refiero que deber\u00eda de esperar m\u00e1s no ?", "date": "2019-05-20 13:32:37"}, {"id_message": 89807710338, "message": "Llevo mucho tiempo con este m\u00e9todo pero el no rendir tanto puede que se por eso . Gracias", "date": "2019-05-20 13:37:31"}, {"id_message": 12837366372, "message": "Vale gracias probar\u00e9 esta semana", "date": "2019-05-20 13:40:15"}, {"id_message": 39719344914, "message": "Yo suelo ir a las 16 todo el a\u00f1o", "date": "2019-06-02 22:51:13"}, {"id_message": 24016746231, "message": "El salm\u00f3n del mercadona en lata est\u00e1 muy bien , para cambiar", "date": "2019-06-06 22:11:59"}, {"id_message": 29282472123, "message": "Este no lo he probado", "date": "2019-06-06 22:13:27"}, {"id_message": 22263649602, "message": "Lo probare lo que pasa que en mi pueblo no hay me tengo que desplazar", "date": "2019-06-06 22:15:35"}, {"id_message": 52644135164, "message": "Ah vale no lo sabia", "date": "2019-06-06 22:22:09"}, {"id_message": 73445131718, "message": "Perd\u00f3n , creia que no . Te he entendido mal .", "date": "2019-06-06 22:24:52"}]