[{"id_message": 14698478658, "message": "Como estan ! Me pueden ayudar a llegar a mi meta ?", "date": "2020-04-18 04:42:21"}, {"id_message": 43636619512, "message": "\ud83d\ude14", "date": "2020-04-18 04:42:27"}, {"id_message": 40904992913, "message": "Gracias ! ! ! \u2764 \ufe0f Lo que pasa es que me obligan a comer y ademas estamos en la cuarentena y demasiado me aburro y termino comiendo \ud83d\ude2d \ud83d\ude2d \ud83d\ude2d", "date": "2020-04-18 04:50:12"}, {"id_message": 99012775859, "message": "Me podes pasar dietas para empezar ? Cuando puedo no como nada por el dia , pero cuando me obligan ...", "date": "2020-04-18 04:51:09"}, {"id_message": 76951392085, "message": "Muchas veces hago eso , pero suelen hacer comidas por la noche ...", "date": "2020-04-18 05:05:04"}, {"id_message": 30134479331, "message": "No , no me dejan", "date": "2020-04-18 05:14:04"}, {"id_message": 16384885669, "message": "Es posible bajar 8kg en 15dias ?", "date": "2020-04-18 05:14:50"}, {"id_message": 33396760988, "message": "Se que pido mucho , pero me contento con 30 dias xd", "date": "2020-04-18 05:15:23"}, {"id_message": 54017381489, "message": "Cuantos kg puedo bajar con eso ? Una amiga bajo 5 kg ayunando por 9 dias sin hacer ejercicios", "date": "2020-04-18 05:18:33"}, {"id_message": 41042630231, "message": "Y laxantes naturales ? Ya me pasaron muchos pero nunca me funcionan \ud83d\ude14", "date": "2020-04-18 05:19:14"}, {"id_message": 90127835586, "message": "Eso me paso la \u00faltima vez que me fuy", "date": "2020-04-18 05:25:27"}, {"id_message": 45205556627, "message": "Oki , y que ayuno / dieta me recomiendas ?", "date": "2020-04-18 05:25:47"}, {"id_message": 21822756061, "message": "Oki ... Gracias \ud83d\udc96 \u2728", "date": "2020-04-18 05:31:55"}, {"id_message": 40214350920, "message": "Gracias \ud83d\udc9e \ud83d\udc9e", "date": "2020-04-18 14:28:37"}, {"id_message": 29474024794, "message": "Www voy poner picante ya que no me gusta", "date": "2020-04-18 15:36:23"}, {"id_message": 62754828334, "message": "Thank \ud83d\udc96 \ud83d\udc96 \ud83d\udc96", "date": "2020-04-18 15:36:44"}, {"id_message": 51076834765, "message": "Una pregunta mas xd Mi profesor dic que si bajo hasta 40 me muero , es cierto ?", "date": "2020-04-18 15:38:15"}, {"id_message": 32461244649, "message": "Hielo no me sierve xd", "date": "2020-04-18 15:38:32"}, {"id_message": 17544696878, "message": "\ud83d\ude10", "date": "2020-04-18 15:38:40"}, {"id_message": 42105999201, "message": "No creo que llegue a este punto", "date": "2020-04-18 15:52:02"}, {"id_message": 98185542425, "message": "Wowwww ! ! ! Como podesss ? ? ? \ud83d\ude15", "date": "2020-04-19 00:51:52"}, {"id_message": 62895444492, "message": "Estoy ayunando ... Pero como estoy empezando solo estoy haciendo de 1 d\u00eda , luego como algo y mas 1 dia ... Pero hoy mis padres van a comprar pizza y si o si me van obligar a comer ... Asi que Mia me tiene que esperar en el ba\u00f1o ekside ... Quiero estar con 40kg hasta volver las clases ( creo que en septiembre o algo asi )", "date": "2020-04-19 00:54:44"}, {"id_message": 59070155242, "message": "Sisi \ud83d\udc98", "date": "2020-04-19 01:05:21"}, {"id_message": 85965651641, "message": "Ya comi ... Pero no consegu\u00ed vomitar todo \ud83d\ude2d Ahora voy ayunar por 2dias y si es que puedo , mas", "date": "2020-04-19 05:30:25"}, {"id_message": 47000343684, "message": "\ud83d\udc96 \u2728", "date": "2020-04-19 14:41:39"}, {"id_message": 80744279498, "message": "Bienveni Beth \u2764 \ufe0f \ud83d\ude0d", "date": "2020-04-19 17:09:05"}, {"id_message": 70227220020, "message": "Holis xd ... Yo tenia 60kg ahora 52 ( estaba con 51 \ud83d\ude2d \ud83d\ude2d ) Puedes hacer ejercicios . Te paso los mios \u2601 \ufe0f200 abdominales \u2601 \ufe0f30 flexiones \u2601 \ufe0f100 sentadillas \u2601 \ufe0f10 minutos cardio \u2601 \ufe0f1 minuto plancha ( 3vs ) ... \ud83d\udc51 Ayuno algunas veces ( no hago muchos ejercicios , solo lo que puedo ) ... Tips : \ud83c\udf52 Comer y no tragar \ud83c\udf52 Comer hielo \ud83c\udf52 Chicle sin azucar \ud83c\udf52 Mia \ud83c\udf52 Estar en mi habitaci\u00f3n , asi no veo la comida y no deseo \ud83c\udf52 Si me voy en la cocina , busco no mirar las comidas xd \ud83c\udf52 Tomar 2litros de agua ( no mas , mucha agua es dani\u00f1a ) \ud83c\udf52 Veo barbie xd , asi veo su cuerpo y no como \ud83c\udf52 Tomar cafe sin azucar ( ayuda con la hambre )", "date": "2020-04-19 17:19:21"}, {"id_message": 54898522401, "message": "Weno , yo solo cuando llegue a los 40kg", "date": "2020-04-19 17:21:37"}, {"id_message": 75475060301, "message": "Y eso es bueno ...", "date": "2020-04-19 17:21:44"}, {"id_message": 7368333501, "message": "Ose ayer empec\u00e9 ayunar y quiero seguir por 2 dias ( porque nunca hice ayunos tan largos )", "date": "2020-04-19 17:22:19"}, {"id_message": 36353774958, "message": "Luego como algo y sigo por 3 dias", "date": "2020-04-19 17:22:29"}, {"id_message": 22543488214, "message": "Nunca hic mas de un dia", "date": "2020-04-19 17:28:01"}, {"id_message": 76971646880, "message": "Yo estaba ayunando desde viernes , pero ayer compraron pizza y comi xd ( vomite despues ) y ahora empeze otra vez", "date": "2020-04-19 17:33:56"}, {"id_message": 90923243947, "message": "X2 ! ! ! Siento que no sale todo !", "date": "2020-04-20 14:54:02"}, {"id_message": 63938105537, "message": "Ayer empec\u00e9 una dieta : media manzana por 13 dias xd", "date": "2020-04-20 15:03:21"}, {"id_message": 70197782928, "message": "Creo que puedo bajar como 5kg", "date": "2020-04-20 15:03:35"}, {"id_message": 74777934774, "message": "Ayer no mas empeze xd ... No tengo tanta hambre ...", "date": "2020-04-20 15:04:03"}, {"id_message": 85556920027, "message": "Tenemos que entrar en el otro grupo ?", "date": "2020-04-20 15:04:44"}, {"id_message": 54956209073, "message": "Cuantos kilos decis que puedo bajar ?", "date": "2020-04-20 15:05:14"}, {"id_message": 39720968608, "message": "Puedo enviar foto de lo que me aparece ?", "date": "2020-04-20 15:41:38"}, {"id_message": 60028146837, "message": "Ese tenemos que responder ?", "date": "2020-04-20 15:42:07"}, {"id_message": 46107052848, "message": "Si , pero me dice que no es compatible ...", "date": "2020-04-20 15:44:29"}, {"id_message": 74974488938, "message": "No dice ser invalido", "date": "2020-04-20 15:46:40"}, {"id_message": 43449149349, "message": "Me podes pasar en pv una foto del archivo ? ! Porfisss ... O en el grupo ( por si no le abre a alguien )", "date": "2020-04-20 15:47:32"}, {"id_message": 84358806877, "message": "Solo este ... Pero ya c que dieta voy hacer ...", "date": "2020-04-20 15:49:15"}, {"id_message": 1254915630, "message": "Gracias \ud83d\udc99 \ud83e\udde1 \ud83d\udc9c", "date": "2020-04-20 15:49:22"}, {"id_message": 78083701612, "message": "Eres una buena staff ! ! \ud83d\udc96", "date": "2020-04-21 14:13:44"}, {"id_message": 54690294885, "message": "Man hoy comi 2 bananas y una manzana me quiero matarrrr", "date": "2020-04-22 04:12:20"}, {"id_message": 40366705460, "message": "Puedo comer otra banana ? \ud83d\ude01 Me explota la cabeza", "date": "2020-04-22 04:15:32"}, {"id_message": 40423182888, "message": "O hablar para olvidar ?", "date": "2020-04-22 04:15:48"}]