[{"id_message": 87959952643, "message": "Hola ! Soy nueva que tal est\u00e1n ?", "date": "2022-01-13 01:09:59"}, {"id_message": 8015189701, "message": "Me llamo Laura , tengo 26 a\u00f1os", "date": "2022-01-13 01:10:47"}, {"id_message": 5815194410, "message": "Yo con suerte pierdo 2 a la semana", "date": "2022-01-14 08:02:19"}, {"id_message": 12562229853, "message": "Yo hoy me he levantado temprano para entrenar en ayunas", "date": "2022-01-14 08:03:02"}, {"id_message": 51184290863, "message": "Antes hac\u00eda ayuno intermitente pero con las pastillas que tom\u00f3 ahora tienen que ser con el desayuno ...", "date": "2022-01-14 08:03:37"}, {"id_message": 2854094640, "message": "Lo bueno es que se supone que estas pastillas adelgazan", "date": "2022-01-14 08:04:03"}, {"id_message": 72153291133, "message": "Empezar el colegio ? ? What ?", "date": "2022-01-14 17:21:02"}, {"id_message": 19139444912, "message": "Aqu\u00ed es que el colegio hace como 4 meses", "date": "2022-01-14 17:22:05"}, {"id_message": 11153806560, "message": "Yo no recomiendo vomitar ni dietas extreamas", "date": "2022-01-15 00:03:04"}, {"id_message": 5430701165, "message": "Poruque mi problema son los atracones", "date": "2022-01-15 00:03:15"}, {"id_message": 65333879949, "message": "As\u00ed que trato de hacer como mucho 2 comidas al d\u00eda y hacer bastante ejercicio", "date": "2022-01-15 00:03:39"}, {"id_message": 66830498400, "message": "Medimos lo mismo que curiosos", "date": "2022-01-15 00:07:05"}, {"id_message": 89313701399, "message": "Me han recetado un mill\u00f3n de pastillas", "date": "2022-01-15 00:07:25"}, {"id_message": 27465774560, "message": "Estoy empezando a tomarlas poriwe hya que empezar muy poco a poco", "date": "2022-01-15 00:07:39"}, {"id_message": 31696857710, "message": "A ver si me sirven", "date": "2022-01-15 00:07:44"}, {"id_message": 96143777162, "message": "Porque no puedo mas", "date": "2022-01-15 00:07:47"}, {"id_message": 71794181181, "message": "Yo antes era \" delgada \" unos 55-54 kilos", "date": "2022-01-15 00:08:04"}, {"id_message": 6494851987, "message": "Y ahora ... Dios que verguenza me doy", "date": "2022-01-15 00:08:26"}, {"id_message": 27364354067, "message": "Pues le hable al medico", "date": "2022-01-15 00:10:09"}, {"id_message": 79765597675, "message": "Y me mand\u00f3 nuevas", "date": "2022-01-15 00:10:14"}, {"id_message": 13747237629, "message": "Y me cambio una que ya me tomaba", "date": "2022-01-15 00:10:24"}, {"id_message": 6092426747, "message": "No son para adelgazar en si", "date": "2022-01-15 00:10:52"}, {"id_message": 56522988474, "message": "Pero yo tomaba citalopram para tema ansiedad depresi\u00f3n", "date": "2022-01-15 00:11:11"}, {"id_message": 89236505737, "message": "Y me engordado creo", "date": "2022-01-15 00:11:17"}, {"id_message": 77404754702, "message": "Y se lo dije al doctor , enronces me cambi\u00f3 a fluoxetina , que dice que es para los atracones", "date": "2022-01-15 00:11:41"}, {"id_message": 70724271103, "message": "Si si , si yo la fluoxetina tambi\u00e9n es para la depresion", "date": "2022-01-23 16:17:57"}, {"id_message": 21201143054, "message": "Por eso convenc\u00ed al m\u00e9dico de que me recetar\u00e1 la fluoxetina , porque esa s\u00ed que te lo quita jajajaja", "date": "2022-01-23 16:32:01"}, {"id_message": 53339580594, "message": "Bueno yo no tengo amigas XD", "date": "2022-01-23 17:05:48"}, {"id_message": 88661147526, "message": "Las perd\u00ed hace mucho tiempo porque nadie aguanta mis transtornos mentales", "date": "2022-01-23 17:06:04"}, {"id_message": 70304311053, "message": "Y luego que salir es un infierno , porque aqu\u00ed en granada , cuando vas a un bar y te pides una cerveza siempre te sirven comida", "date": "2022-01-23 17:06:35"}, {"id_message": 41242408354, "message": "En plan gratis , la tapa", "date": "2022-01-23 17:06:42"}, {"id_message": 58191097446, "message": "En otras provincias la tienes que pagar a parte", "date": "2022-01-23 17:06:57"}, {"id_message": 7658188939, "message": "En granada si te pides algo de beber , aunque sea refresco , cerveza o lo que sea siempre te ponen comida", "date": "2022-01-23 17:07:22"}, {"id_message": 11942126094, "message": "En la mayor\u00eda de los sitios o solo puedes elegir dos variedades por mesa , y la gente de pide rollo un bocadillo , carne en salsa con patatas , tortilla de patatas", "date": "2022-01-23 17:08:15"}, {"id_message": 82586694092, "message": "Y tu ah\u00ed viendo que co\u00f1o te pides que no tenga como 4mil calor\u00edas", "date": "2022-01-23 17:08:40"}, {"id_message": 66063293597, "message": "Yo tampoco que se cojones hacer ya", "date": "2022-01-23 18:01:53"}, {"id_message": 37267310402, "message": "Sinceramente creo que me jod\u00ed el metabolismo", "date": "2022-01-23 18:02:05"}, {"id_message": 18942513344, "message": "Quiero hacer alguna dieta que no sea ayuno porque no pues ayunar", "date": "2022-01-23 18:02:26"}, {"id_message": 72249710927, "message": "Intent\u00e9 la de IU y la coreana esa de los huevos", "date": "2022-01-23 18:02:45"}, {"id_message": 79448066070, "message": "Que ten\u00edas como que comer 6 huevos cocidos al dia", "date": "2022-01-23 18:02:55"}, {"id_message": 76894177925, "message": "Y casi me muero de asco", "date": "2022-01-23 18:03:01"}, {"id_message": 95517947398, "message": "Pero dec\u00edan que era muy buena", "date": "2022-01-23 18:03:09"}, {"id_message": 65231688012, "message": "Si pueden recomendar alguna ...", "date": "2022-01-23 18:03:17"}, {"id_message": 99408727653, "message": "Ay , quiero hacer esta dieta", "date": "2022-01-23 21:24:45"}, {"id_message": 67181692725, "message": "Solo que no puedo comer pl\u00e1tano porque soy al\u00e9rgica", "date": "2022-01-23 21:24:58"}, {"id_message": 33986890289, "message": "Lo cambiare por manzana", "date": "2022-01-23 21:25:16"}, {"id_message": 99893809517, "message": "Lo que no se es i con el gym me morir\u00e9 o no XD", "date": "2022-01-23 21:25:29"}, {"id_message": 22242738156, "message": "Igual a\u00f1ado un batido de prote\u00ednas despu\u00e9s de entrenar y ya", "date": "2022-01-23 21:25:54"}, {"id_message": 50886886339, "message": "Los vlogs de dietas coreanas son mi adicci\u00f3n", "date": "2022-01-23 21:28:35"}, {"id_message": 91545979460, "message": "Yo compro las del Mercadona", "date": "2022-01-23 22:34:48"}]