[{"id_message": 19108572072, "message": "Ver\u00f3nica , M\u00eda sinceramente ns mi peso actual pq mis padres tiraron la pesa , me gustar\u00eda pesar 44 , 16 a\u00f1os", "date": "2020-04-19 20:28:18"}, {"id_message": 98393812656, "message": "Te metes los dedos", "date": "2020-04-19 20:49:37"}, {"id_message": 90757256217, "message": "A mi me cost\u00f3 unas semanas", "date": "2020-04-19 20:49:58"}, {"id_message": 46683905754, "message": "Ah de forma cl\u00e1sica yo v\u00f3mito pq si dejo de comer se Dan cuenta", "date": "2020-04-19 20:51:18"}, {"id_message": 8237249179, "message": "Es q quer\u00eda poner *", "date": "2020-04-19 21:05:09"}, {"id_message": 23422030307, "message": "M\u00eda ayuda a personas q nos vigilan comer", "date": "2020-04-19 21:05:26"}, {"id_message": 25335604894, "message": "No tengo otra soluci\u00f3n", "date": "2020-04-19 21:05:39"}, {"id_message": 91861839490, "message": "Supongo q no es tan efectivo", "date": "2020-04-19 21:06:06"}, {"id_message": 68301976631, "message": "Pero al menos me ayuda a sentirme menos mierda", "date": "2020-04-19 21:06:20"}, {"id_message": 66386967002, "message": "T\u00edo , eres la mejor admin d grupo d los q he visto hasta ahora \u2764 \ufe0f \u2764 \ufe0f", "date": "2020-04-20 00:03:03"}, {"id_message": 40539777358, "message": "T implicas mucho por apoyarnos :) )", "date": "2020-04-20 00:03:23"}]