[{"id_message": 64368479553, "message": "Un poco tarde para los buenos d\u00edas pero ando a tope de curro", "date": "2018-05-15 13:05:40"}, {"id_message": 7123113870, "message": "\ud83e\udd2d", "date": "2018-05-15 16:33:07"}, {"id_message": 22280176425, "message": "Qu\u00e9 os toca entrenar hoy ?", "date": "2018-05-15 16:33:23"}, {"id_message": 25466374512, "message": "Me suena que empezabas con 8 y cada a\u00f1o ganabas 1 o 2 si no te\u00edas infracciones", "date": "2018-05-15 17:03:06"}, {"id_message": 4231490306, "message": "Holaaa bienvenido / a \ud83d\ude0a", "date": "2018-05-15 17:11:29"}, {"id_message": 18836361419, "message": "A m\u00ed me pone Puri", "date": "2018-05-15 17:17:49"}, {"id_message": 86552086714, "message": "Yo a m\u00ed es que me pone eso que se llama Puri , pero si dices que es Nere pues no s\u00e9 . Me fui del grupo porque nos enfadamos y bueno pues eso", "date": "2018-05-15 17:26:01"}, {"id_message": 19429960031, "message": "Ohhh y . Qu\u00e9 deporte haces Puri ?", "date": "2018-05-15 17:49:28"}, {"id_message": 53945868632, "message": "Ohh muy bien el cardio apesta", "date": "2018-05-15 17:51:25"}, {"id_message": 6077539247, "message": "Ohhh en serio Puri ?", "date": "2018-05-15 17:59:27"}, {"id_message": 94531391901, "message": "A ver si queda.os un d\u00eda para hacer culo", "date": "2018-05-15 17:59:50"}, {"id_message": 61492690982, "message": "\ud83d\ude1d", "date": "2018-05-15 17:59:54"}, {"id_message": 49588729839, "message": "ohh pues si de verdad eres Nere , hola . Espero que podamos hacer las paces", "date": "2018-05-15 18:11:25"}, {"id_message": 71896936659, "message": "Lo pasado , pasado est\u00e1", "date": "2018-05-15 18:11:43"}, {"id_message": 23879641822, "message": "Yo lo siento si no supe estar a la altura", "date": "2018-05-15 18:13:20"}, {"id_message": 92169815499, "message": "T\u00fa tambi\u00e9n Nere \ud83d\ude18", "date": "2018-05-15 18:15:58"}, {"id_message": 95270383598, "message": "Me alegro mucho por t\u00ed \ud83d\ude18 \ud83d\ude18", "date": "2018-05-15 18:17:37"}, {"id_message": 80885042273, "message": "Ese gym es el mejor de Burgos y no me puedo oponer a eso . Lo importante es tu futuro", "date": "2018-05-15 18:23:01"}, {"id_message": 40705987176, "message": "Me encantar\u00eda \ud83d\ude0a", "date": "2018-05-15 18:25:39"}, {"id_message": 21378222981, "message": "A\u00fan sigues con \u00e9l ? ?", "date": "2018-05-15 18:37:56"}, {"id_message": 93949813471, "message": "Not bad , aunque yo bajar\u00eda m\u00e1s despacio para tener un tiempo bajo tensi\u00f3n m\u00e1s alto", "date": "2018-05-15 21:18:16"}, {"id_message": 36390586496, "message": "Hoy por ejemplo haciendo curl con barra , con apenas 40 kilos pero con un TUT de 6 segundos . Acabas las 10 repes que te queman los brazos", "date": "2018-05-15 21:29:49"}, {"id_message": 31771666574, "message": "Yaaa . Siempre me siento desbordado de poder", "date": "2018-05-15 21:49:02"}, {"id_message": 9464008620, "message": "Es m\u00e1s , he ido a entrenar veces con un dolor de cabeza que no me ten\u00eda y salir con m\u00e1ximas y sin dolor de cabeza", "date": "2018-05-15 21:50:10"}, {"id_message": 54059995147, "message": "No me gusta tomar medicinas", "date": "2018-05-15 21:52:20"}, {"id_message": 22404903705, "message": "@USER la l\u00edbido no est\u00e1 relacionada con el.deseo ?", "date": "2018-05-18 07:02:29"}, {"id_message": 97932513975, "message": "El d\u00eda de pierna es el mejor", "date": "2018-05-18 07:49:46"}, {"id_message": 84706317093, "message": "Me gusta entrenar pierna y ya", "date": "2018-05-18 07:55:38"}, {"id_message": 83919706116, "message": "Si , acabo que tengo que salir arrastr\u00e1ndome , pero esa sensaci\u00f3n mola", "date": "2018-05-18 08:01:38"}, {"id_message": 89479872671, "message": "Al menos a m\u00ed", "date": "2018-05-18 08:01:44"}, {"id_message": 68243345510, "message": "Pues debo de ser raro . Yo es que me pone a tope ah\u00ed con 300 en la prensa . Estar muriendo y acabar con una sonrisa", "date": "2018-05-18 08:19:27"}, {"id_message": 28803311935, "message": "Caf\u00e9 solo para apreciar los matices", "date": "2018-05-18 11:11:08"}, {"id_message": 90851191086, "message": "De ah\u00ed lo \u00fanico que dejar\u00eda ser\u00eda la creatina", "date": "2018-05-19 11:24:57"}, {"id_message": 22933411347, "message": "Quiero decir , yo s\u00f3lo tomar\u00eda creatina . Todo lo dem\u00e1s fuera", "date": "2018-05-19 11:26:00"}, {"id_message": 54931833516, "message": "La gasolina del cuerpo es el ATP", "date": "2018-05-19 11:26:28"}, {"id_message": 95265178426, "message": "Lo que hace la creatina es \" fabricar \" m\u00e1s ATP", "date": "2018-05-19 11:27:14"}, {"id_message": 12136032547, "message": "Con la creatina puedes tirar un par de repes m\u00e1s y ya", "date": "2018-05-19 11:27:58"}, {"id_message": 43243457479, "message": "No s\u00e9 si me he explicado", "date": "2018-05-19 11:28:24"}, {"id_message": 96047214814, "message": "Yo la \u00faltima cog\u00ed fue la decathlon", "date": "2018-05-19 11:29:19"}, {"id_message": 77752968130, "message": "Pero a ver funciona por acumulaci\u00f3n . Es decir , tienes que estudiar los dep\u00f3sitos de las c\u00e9lulas primero", "date": "2018-05-19 11:30:06"}, {"id_message": 19764598800, "message": "Pues hombre a mi me va de pm", "date": "2018-05-19 11:31:48"}, {"id_message": 53067645650, "message": "S\u00ed que noto que el / los d\u00edas que estoy cargado voy con m\u00e1s explosividad", "date": "2018-05-19 11:32:50"}, {"id_message": 87571439194, "message": "De nada . Para eso estamos \u263a \ufe0f", "date": "2018-05-19 11:39:05"}, {"id_message": 30161675721, "message": "Y lo del preentreno ... pues es que yo sinceramente soy m\u00e1s de tomarme mi taza de caf\u00e9 y ha", "date": "2018-05-19 11:50:26"}, {"id_message": 97324329312, "message": "Que no te gusta el caf\u00e9 ? Bueno pues entonces igual s\u00ed , pero tomarlo \" porque s\u00ed \" pues yo personalmente no", "date": "2018-05-19 11:51:30"}, {"id_message": 3421706503, "message": "Y no te lo digo a mal ehh MJ", "date": "2018-05-19 11:51:52"}, {"id_message": 48733972572, "message": "Buenos d\u00edas y bienvenido", "date": "2018-05-20 12:04:51"}, {"id_message": 53953837443, "message": "Se me revent\u00f3 el m\u00f3vil", "date": "2018-05-24 15:52:43"}, {"id_message": 52476226222, "message": "De repente se apag\u00f3 y ya no iba", "date": "2018-05-24 15:56:40"}, {"id_message": 44649689326, "message": "Ten\u00eda bater\u00eda y todo", "date": "2018-05-24 15:56:50"}]