[{"id_message": 95862212577, "message": "Ana Peso : 54 kilos Peso meta : 45 kilos Edad : 26 a\u00f1os .", "date": "2022-04-14 19:28:36"}, {"id_message": 39135153936, "message": "Buena noche ! Alguien podr\u00eda pasarme tips para las ojeras .. \u00a1 Gracias !", "date": "2022-04-15 04:59:16"}, {"id_message": 3694017156, "message": "Pero , tu pap\u00e1 c\u00f3mo dio con esa cuenta ? \ud83d\ude31", "date": "2022-04-15 05:52:14"}, {"id_message": 63100229504, "message": "Que miedoooooo , espero que no hayas dejado rastro de que era tuyo .", "date": "2022-04-15 06:22:26"}, {"id_message": 96077756684, "message": "Es verdad \ud83d\ude22", "date": "2022-04-18 21:22:50"}, {"id_message": 75198290557, "message": "Si es solo una , me la regalaron .", "date": "2022-04-18 21:23:37"}, {"id_message": 23545405213, "message": "Ya acabo de comerme solo un trocito , lo otro lo regale \ud83d\ude01", "date": "2022-04-18 21:26:56"}, {"id_message": 48052233549, "message": "Si , pero es verdad es mejor no porque genera m\u00e1s ansiedad ... ya hace muchoooo que no com\u00eda un dulce .", "date": "2022-04-18 21:28:09"}, {"id_message": 98414406143, "message": "Y no estuvo tan rico .", "date": "2022-04-18 21:28:28"}, {"id_message": 59585201593, "message": "Jaja sii , Eso era lo que me da miedo .", "date": "2022-04-18 21:31:14"}, {"id_message": 558560473, "message": "Esto siempre pienso yo .", "date": "2022-04-19 01:19:16"}, {"id_message": 85874338989, "message": "Lo m\u00e1s hermoso \ud83e\udd70", "date": "2022-04-24 16:45:30"}, {"id_message": 73867209319, "message": "El otro fin de semana me toca subirme a la b\u00e1scula , y juro que no hab\u00eda tenido tanto miedo . \ud83d\ude22", "date": "2022-04-24 16:46:27"}, {"id_message": 29438381865, "message": "La meta era llegar a 50 hoy 30 de abril .. pero gracias nena \ud83d\ude18", "date": "2022-04-30 16:30:06"}, {"id_message": 58607174053, "message": "Pues , total en un mes he bajado 6 kilos , en 15 d\u00edas baj\u00e9 4 y ahora que baje 2.4 kg .. elimin\u00e9 la comida chatarra total de mi vida , gaseosas , dulces , pan ... Almuerzo normal pero muy pocas porciones , no ceno y hago ayuno intermitente , hago ejercicios todos los d\u00edas , siempre incluyo pesas .", "date": "2022-04-30 19:11:05"}, {"id_message": 71715260046, "message": "Holaa , me podr\u00edan ayudar ma o menos cu\u00e1ntas calor\u00edas tendr\u00eda este panqueque", "date": "2022-05-03 21:08:21"}, {"id_message": 32906158912, "message": "Tiene queso y creo que un poco de dulce de maple", "date": "2022-05-03 21:09:29"}]