[{"id_message": 9259042053, "message": "Hola encantada soy Ana , alg\u00fan gimnasio que me aconsejeis zona Atocha ? Gracias", "date": "2022-11-17 22:14:50"}, {"id_message": 38313091529, "message": "Yo con una cadena de esas que son baratas me valen", "date": "2022-11-17 22:16:46"}, {"id_message": 31858137860, "message": "Y si alguien sabe de una dieta porfa que me la pase", "date": "2022-11-17 22:17:38"}, {"id_message": 40894232304, "message": "Para cojer un poco de peso", "date": "2022-11-17 22:17:45"}, {"id_message": 36731226685, "message": "Peso 50 kg y mido 1 ' 65", "date": "2022-11-17 22:18:09"}, {"id_message": 57541838740, "message": "Yo acabo de venir del gim , me apuntado aqu\u00ed hoy a sido mi primera clase", "date": "2022-11-18 16:11:42"}, {"id_message": 58282459208, "message": "Yo no s\u00e9 si esque es porque soy novata o porque me quedaban las mallas muy ajustadas y la mayor\u00eda de los chicos mir\u00e1ndome \ud83d\ude48", "date": "2022-11-18 16:12:34"}, {"id_message": 94860840277, "message": "Jaja me lo creo \ud83d\ude05", "date": "2022-11-18 16:15:39"}, {"id_message": 21622409963, "message": "Tambi\u00e9n hab\u00eda alg\u00fan chico en mallas y a ver es inevitable mirar", "date": "2022-11-18 16:16:11"}, {"id_message": 70891888386, "message": "Jal\u00f3n ? Que es eso ?", "date": "2022-11-18 16:16:54"}, {"id_message": 25216233921, "message": "Jaja te avia le\u00eddo mal te hab\u00eda entendido Jal\u00f3n de pene falso \ud83d\ude02 \ud83d\ude02", "date": "2022-11-18 16:18:02"}, {"id_message": 11637503598, "message": "Si aver eso me pasa a m\u00ed con las mallas se meten para dentro \ud83d\ude48", "date": "2022-11-18 16:18:44"}, {"id_message": 58712895246, "message": "Eso me a pasado a m\u00ed al ponermelas parece que no llevas nada", "date": "2022-11-18 16:21:09"}, {"id_message": 46678960594, "message": "Jaja , la verdad que me da igual que me miren pero me da un poco de corte el pensar que que pensar\u00e1n cuando me miran ser\u00e1 porque acabo de empezar", "date": "2022-11-18 16:23:56"}, {"id_message": 83470554573, "message": "Yo soy rubia con ojos azules delgada peso solo 50 kg", "date": "2022-11-18 16:24:33"}, {"id_message": 30932409090, "message": "Por eso me gustar\u00eda cojer un poco de peso pero bien cojido", "date": "2022-11-18 16:25:40"}, {"id_message": 86172060948, "message": "No tengo tripa ni nada es m\u00e1s siempre me an dicho que si hago deporte y lo \u00fanico que e echo de peque\u00f1a jugar al tenis ahora tengo 30 , pero quiero coger algo de peso que me cuesta cojerlo", "date": "2022-11-18 16:27:10"}, {"id_message": 30726464435, "message": "Jaja y se trasparentaria y todo \ud83d\ude48", "date": "2022-11-18 16:28:21"}, {"id_message": 22645157578, "message": "Aver entre ayer al grupo", "date": "2022-11-18 22:01:08"}, {"id_message": 73536622405, "message": "Y curro 10 horas diarias \ud83e\udd37\u200d\u2640", "date": "2022-11-18 22:01:23"}, {"id_message": 14604077025, "message": "Ojal\u00e1 entre hace 2 meses y encima a turno partido", "date": "2022-11-18 22:11:36"}, {"id_message": 16629253440, "message": "De verdad ? Y a un turno ?", "date": "2022-11-18 22:13:43"}, {"id_message": 11867430889, "message": "Jope si te enteras de algo porfa dimelo", "date": "2022-11-18 22:14:02"}, {"id_message": 76220473067, "message": "Buaa , soy de Rivas Vaciamadrid ( Madrid )", "date": "2022-11-18 22:15:15"}, {"id_message": 44704443353, "message": "Me ir\u00eda a Galicia la verdad", "date": "2022-11-18 22:16:36"}, {"id_message": 51968110018, "message": "Joer te voy a dar mi curr\u00edculum y si me encuentras algo me voy fijo", "date": "2022-11-18 22:19:02"}, {"id_message": 26457325961, "message": "Te importaria si te mando mi curr\u00edculum ma\u00f1ana ? \ud83d\ude4f No me importar\u00eda cambiar de zona", "date": "2022-11-18 22:20:48"}, {"id_message": 42212030793, "message": "Mojacar e estado de vacaciones", "date": "2022-11-18 22:21:27"}, {"id_message": 79182787025, "message": "Tambi\u00e9n Galicia con estos paisajes , naturaleza pura", "date": "2022-11-18 22:24:51"}, {"id_message": 13110936061, "message": "Si eso s\u00ed , pero creo q es calidad de vida no ?", "date": "2022-11-18 22:26:13"}, {"id_message": 53875888233, "message": "Mojacar no es muy solitario en invierno .", "date": "2022-11-18 22:28:47"}]