[{"id_message": 38019586110, "message": "Trabajo de panadero a mediod\u00eda voy al gimnasio 3 horas diarias he perdido en un a\u00f1o 58 kg", "date": "2019-02-13 15:02:05"}, {"id_message": 18482431768, "message": "Pesaba 149 kg y nido un metro 90", "date": "2019-02-13 15:06:26"}, {"id_message": 72616131712, "message": "Me llevaba hasta 3 horas en una cinta de andar diariamente y despu\u00e9s hac\u00eda pesas", "date": "2019-02-13 15:07:41"}, {"id_message": 6494339683, "message": "Hace m\u00e1s qui\u00e9n quiere que qui\u00e9n puede", "date": "2019-02-13 15:11:22"}, {"id_message": 57357935015, "message": "Yo todos los d\u00edas me como un bollo peque\u00f1o con filetes de caballa para desayunar", "date": "2019-02-13 15:13:22"}, {"id_message": 33650206350, "message": "Te van dejando y al final te dejo besos cada d\u00eda estoy m\u00e1s contento de haber perdido tanto peso", "date": "2019-02-13 15:14:36"}, {"id_message": 16218745299, "message": "El del gimnasio me dice que me va a tener que poner en n\u00f3mina y un colch\u00f3n", "date": "2019-02-13 15:14:59"}, {"id_message": 7856680700, "message": "Y cuando estoy en el gimnasio desconecto de todo", "date": "2019-02-13 15:15:30"}, {"id_message": 80975244734, "message": "Nunca he corrido en la cinta siempre han dado ligero y ahora la pongo inclinada al m\u00e1ximo", "date": "2019-02-13 15:17:53"}, {"id_message": 39474950023, "message": "No lo pongo a 6,5 i7", "date": "2019-02-13 15:20:26"}, {"id_message": 34657449257, "message": "Y ahora la pongo inclinada a 15", "date": "2019-02-13 15:20:41"}, {"id_message": 98475210113, "message": "Si lo pones a velocidad alta solo qu\u00e9 m\u00e1s l\u00edquido y masa muscular y es mejor ir a una velocidad moderada para perder grasa", "date": "2019-02-13 15:23:29"}, {"id_message": 91911277003, "message": "Hoy he hecho pecho Trice hombro y abdominales", "date": "2019-02-19 18:51:31"}, {"id_message": 71527735459, "message": "Empezado a las 15:30 y acabo de terminar", "date": "2019-02-19 18:52:38"}, {"id_message": 48036167199, "message": "Los primeros son con leche", "date": "2019-03-19 22:11:29"}, {"id_message": 57239003691, "message": "Y estos son con agua", "date": "2019-03-19 22:11:39"}, {"id_message": 25406225413, "message": "Tambi\u00e9n sirve para hacer helado", "date": "2019-03-19 22:13:23"}, {"id_message": 32857256769, "message": "Hoy aqu\u00ed hac\u00eda calor de verano por la tarde", "date": "2019-03-19 22:14:49"}, {"id_message": 5759399319, "message": "Hoy aqu\u00ed hab\u00eda 27 grados", "date": "2019-03-19 22:15:52"}, {"id_message": 54164237536, "message": "A las 3 de la tarde", "date": "2019-03-19 22:16:02"}, {"id_message": 88106895007, "message": "\ud83d\udc4d \ud83d\ude01", "date": "2019-03-19 22:17:08"}, {"id_message": 80258090105, "message": "Son las fotos que m\u00e1s me gusta salida del sol", "date": "2019-03-19 22:35:05"}, {"id_message": 43936775431, "message": "No las hago por un hobby", "date": "2019-03-19 22:35:42"}, {"id_message": 96503409985, "message": "Dorsales y b\u00edceps cardio", "date": "2019-04-16 21:54:38"}, {"id_message": 63236363870, "message": "Espiga rellena de jam\u00f3n serrano realizada por m\u00ed", "date": "2019-06-07 14:50:31"}]