[{"id_message": 62363875456, "message": "Holaa , mido 158 y peso 50kg mi meta es 45kg", "date": "2022-03-29 22:41:48"}, {"id_message": 19935022532, "message": "Yo , por 4 dias baje 3kg", "date": "2022-03-29 22:56:02"}, {"id_message": 55476166896, "message": "Si , me dio uno subi 1 un kikos y luego lo baje", "date": "2022-03-29 23:04:33"}, {"id_message": 92331544779, "message": "Con una dieta menoa estricya tipo de 600-800", "date": "2022-03-29 23:04:59"}, {"id_message": 97943039689, "message": "Ya comiste Luego comes No se te antoja eso de comer Ahora te cocinas tu Planeas prepararte algo Te duele algo la barriga Vas a dormir Estas ocupada", "date": "2022-03-29 23:10:28"}, {"id_message": 54996313356, "message": "Vas a salir despues a comer", "date": "2022-03-29 23:10:45"}, {"id_message": 4223470830, "message": "Literalmente decir que estas en dieta", "date": "2022-03-29 23:11:04"}, {"id_message": 27859518884, "message": "Pues supongo que ser\u00e1 en mi casa nomas jajaja mi cucha sabe sobre q tuve un tca y aun le digo que ando a dieta y como que x", "date": "2022-03-29 23:12:10"}, {"id_message": 73834405043, "message": "Yo me hice vegetariano por eso jajsjaj , te salva de muchas comidas", "date": "2022-03-29 23:12:31"}, {"id_message": 7369697573, "message": "Sui , voy a empezar una dieta a base de plantas despu\u00e9s", "date": "2022-03-29 23:13:36"}, {"id_message": 90817473113, "message": "A mi despues ya me empezo a dar asco", "date": "2022-03-29 23:27:09"}, {"id_message": 37004329662, "message": "Yo siendo vegetariano no baje de peso porque no estaba buscando hacerlo , yo comia hamburguesas y cosas asi vegetarianas jajajaja", "date": "2022-03-29 23:27:57"}, {"id_message": 15846324446, "message": "Ammm pues . Comence este 22 pesando 51.8 y tecnicamente ahora peso 49.8 kg", "date": "2022-03-29 23:33:14"}, {"id_message": 96048857345, "message": "No segui una dieta como tal , solo trato de comer mas de 1000 calorias", "date": "2022-03-29 23:33:44"}, {"id_message": 43802155168, "message": "Tipo unos dias comia 300 otros 800 y asi", "date": "2022-03-29 23:33:52"}, {"id_message": 2538177085, "message": "Y haciendo como 40min de ejercicio", "date": "2022-03-29 23:34:01"}, {"id_message": 10855358808, "message": "Y tratando de comer diaramente 60gr de proteina y poca grasa", "date": "2022-03-29 23:34:27"}, {"id_message": 39348523297, "message": "Tomo batidos de proteina", "date": "2022-03-29 23:34:45"}, {"id_message": 2233761850, "message": "Pregunto donde lo leiste , para mirar mejor", "date": "2022-03-29 23:43:27"}, {"id_message": 73628966704, "message": "Umm voy a buscar para ver como mejorar mi Rutina", "date": "2022-03-29 23:45:12"}, {"id_message": 50181989467, "message": "Pues tecnicamente no , son 14kg menos a tu altura", "date": "2022-03-30 23:46:07"}]