[{"id_message": 68767753650, "message": "Cuando cenas al fresco las ves cazando misquitos en el techo , molan un huevo jaja y el gato debajo esperando a que caiga alguna \ud83d\ude02 \ud83d\ude02", "date": "2019-06-13 22:50:00"}, {"id_message": 18427554815, "message": "Eso lo hago con el dedo \ud83d\ude02", "date": "2019-06-13 22:50:25"}, {"id_message": 71702057582, "message": "Jajaja el d\u00eda que te despiertes y veas una en el techo te vas a re\u00edr", "date": "2019-06-13 22:51:43"}, {"id_message": 30372213664, "message": "C\u00f3mo me he criado en el campo los animales los veo normales jajaja", "date": "2019-06-13 22:52:50"}, {"id_message": 27199302456, "message": "Si jajaja a comerse las gallinas las muy cabronas", "date": "2019-06-13 22:53:06"}, {"id_message": 8488202939, "message": "Dioooos ... Jajajajaja eso es una putada", "date": "2019-06-13 22:53:34"}, {"id_message": 84151357532, "message": "En Foster's mat\u00f3 yo de vez en cuando jaja", "date": "2019-06-13 22:54:52"}, {"id_message": 18505669617, "message": "Bueno he trabajado all\u00ed", "date": "2019-06-13 22:55:00"}, {"id_message": 85578849214, "message": "Kaske esas hay uqe probarlas alg\u00fan d\u00eda", "date": "2019-06-13 22:55:51"}, {"id_message": 13661937026, "message": "todos los restaurantes tienen", "date": "2019-06-13 22:56:11"}, {"id_message": 80344742616, "message": "Crujen como las chips", "date": "2019-06-13 22:57:06"}, {"id_message": 56983848420, "message": "Yo igual jaja y las sobras se las ha comido este", "date": "2019-06-13 22:57:42"}, {"id_message": 9521050911, "message": "72 kilos de puro amor", "date": "2019-06-13 22:59:45"}, {"id_message": 18278449308, "message": "Que preciosidad \ud83d\ude0d", "date": "2019-06-13 23:00:18"}, {"id_message": 15987510319, "message": "Yo lo tengo grande por los ladrones jajaja", "date": "2019-06-13 23:00:37"}, {"id_message": 40566569657, "message": "Al cabron lo tengo adiestrado , solo come comida que le damos nosotros", "date": "2019-06-13 23:01:43"}, {"id_message": 94558014172, "message": "En mi zona son muy de envenenar perros y entrar a las casa", "date": "2019-06-13 23:01:54"}, {"id_message": 14770664377, "message": "Los peque\u00f1os son los que las avisan jajaja", "date": "2019-06-13 23:02:11"}, {"id_message": 34785811794, "message": "Mi perro lo han ense\u00f1ado a correr hacia ti y placarte mientras te tira el mordisco ...", "date": "2019-06-13 23:04:38"}, {"id_message": 13757077613, "message": "Son 72 kilos jajaja puedes hacerte una idea", "date": "2019-06-13 23:04:49"}, {"id_message": 89610925606, "message": "Pero le tengo un seguro por si pasa algo", "date": "2019-06-13 23:05:00"}, {"id_message": 2705609962, "message": "Que el ladr\u00f3n despu\u00e9s me denuncie si vive claro", "date": "2019-06-13 23:05:17"}, {"id_message": 57551689009, "message": "Si voy por la calle con el ojo ... como me vea nervioso se pone a gru\u00f1ir y todo", "date": "2019-06-13 23:05:41"}, {"id_message": 86075828956, "message": "cuando voy corriendo con el alguna vez me para la guardia civil por qu\u00e9 cuando corro lo llevo sin bozal por qu\u00e9 si muere jaja y cuando me paran y ven como act\u00faa pasan", "date": "2019-06-13 23:06:54"}, {"id_message": 18754593201, "message": "En Alicante suelen militar por no llevar bozal los perros grandes", "date": "2019-06-13 23:08:05"}, {"id_message": 79323242636, "message": "Te lo dejo un mes si quieres jajaja", "date": "2019-06-13 23:08:30"}, {"id_message": 32701122123, "message": "Come 27kilos de pienso al mes el cabron", "date": "2019-06-13 23:08:45"}, {"id_message": 49053309983, "message": "Lo bueno de los perros peque\u00f1os", "date": "2019-06-13 23:09:19"}, {"id_message": 5200695590, "message": "Ni seguro ni nada jaja", "date": "2019-06-13 23:09:30"}, {"id_message": 56692623187, "message": "Igual que el m\u00edo , jaja solo act\u00faa agresivo cuando me ve en peligro y muy nervioso hacia una persona", "date": "2019-06-13 23:10:58"}, {"id_message": 39604029130, "message": "Si mira como duerme", "date": "2019-06-13 23:11:07"}, {"id_message": 81998241771, "message": "Duerme con mi gato encima", "date": "2019-06-13 23:13:02"}, {"id_message": 19492099142, "message": "Estoy buscando la foto", "date": "2019-06-13 23:13:07"}, {"id_message": 69311949220, "message": "Mierda la he borrado", "date": "2019-06-13 23:14:58"}, {"id_message": 63350097542, "message": "Ese gato son 7kilos jaja se llama Batman", "date": "2019-06-13 23:18:20"}, {"id_message": 88155806528, "message": "Es s\u00faper largo jajajaja", "date": "2019-06-13 23:18:51"}, {"id_message": 89908258286, "message": "Entierro al ladr\u00f3n en el huerto si hace falta jajjaa o lo sacrific\u00f3 al ladr\u00f3n cuando salga", "date": "2019-06-13 23:19:44"}, {"id_message": 20449388729, "message": "Parece un mini oso", "date": "2019-06-13 23:21:33"}, {"id_message": 43297780695, "message": "Interesante jaja de perros peques entiendo poco", "date": "2019-06-13 23:22:09"}, {"id_message": 14471415333, "message": "A m\u00ed es que me envenenaron a la hembra , las camadas se las llevaban las nacional y la civil", "date": "2019-06-13 23:22:30"}, {"id_message": 9277256341, "message": "Eso no lo he o\u00eddo yo nunca jaja los buscar\u00e9", "date": "2019-06-13 23:23:06"}, {"id_message": 76074901503, "message": "C\u00f3mo mola jajajaja eso s\u00ed , los zurullo de mi perro son igual de grande que el galgo ese", "date": "2019-06-13 23:25:25"}, {"id_message": 78792675735, "message": "Que opin\u00e1is del yoga", "date": "2019-06-13 23:28:12"}, {"id_message": 13851547758, "message": "por qu\u00e9 \u00faltimamente me he aficionando a hacerlo jaja", "date": "2019-06-13 23:28:39"}, {"id_message": 75812052432, "message": "Es que estoy haciendo pinos , y me falta flexibilidad y me est\u00e1 ayudando en hacer muchas transiciones como press a pino o ciertos ejercicios de ido portal", "date": "2019-06-13 23:32:03"}, {"id_message": 28035792285, "message": "Es que hago mucho entrenamiento funcional jaja", "date": "2019-06-13 23:40:37"}, {"id_message": 32128996507, "message": "Sobre todo animal moviment por los movimientos articulares , por qu\u00e9 son ejercicios que expones al cuerpo a un estr\u00e9s muscular muy diferente", "date": "2019-06-13 23:45:28"}, {"id_message": 90653384990, "message": "Hacer esta rutina antes de hacer piernas jaja de complemento sirve que flipas , sobre todo para las sentadillas profundas", "date": "2019-06-13 23:57:01"}, {"id_message": 12244167829, "message": "Las aplicaciones del grupo , tipo Runtastic y dem\u00e1s jaja vienen con sobrepasa ? ?", "date": "2019-06-17 22:14:20"}, {"id_message": 99255330962, "message": "Por si alguien las ha probado antes saberlo", "date": "2019-06-17 22:14:40"}]