[{"id_message": 80555664123, "message": "La evoluci\u00f3n de @USER \ud83d\udcaa\ud83c\udffd", "date": "2019-03-25 11:17:49"}, {"id_message": 12902227579, "message": "Es de hoy \ud83d\udcaa\ud83c\udffd", "date": "2019-03-29 20:27:26"}, {"id_message": 42854605160, "message": "Ese Atl\u00e9tico bueno \ud83d\udcaa\ud83c\udffd", "date": "2019-03-29 21:47:12"}, {"id_message": 40365233963, "message": "Su filosof\u00eda se puede aplicar a la vida misma", "date": "2019-03-29 21:53:10"}, {"id_message": 99056859696, "message": "Sigue mejorando d\u00eda a d\u00eda , y no te pongas fecha de salida , si el a\u00f1o que vienes te ves capacitado para salir sal \ud83d\udcaa\ud83c\udffd", "date": "2019-04-01 11:25:56"}, {"id_message": 97480676606, "message": "Esa viene despu\u00e9s cuando empiezan ellos y no logran objetivos y ya dicen ese se pincha jajaja", "date": "2019-04-01 11:59:06"}, {"id_message": 5589759341, "message": "@USER eres t\u00fa ? Jajaja", "date": "2019-04-02 10:28:33"}, {"id_message": 22235157865, "message": "Yo que va xD", "date": "2019-04-02 11:18:27"}, {"id_message": 65687794107, "message": "Lo sigo y ya est\u00e1 jaja", "date": "2019-04-02 11:18:36"}, {"id_message": 35169864395, "message": "Ver\u00e1s como eso no lo sube", "date": "2019-04-02 11:59:40"}, {"id_message": 23879128491, "message": "El cambio de hora \ud83d\ude25", "date": "2019-04-03 09:58:05"}, {"id_message": 48945254689, "message": "Si te la dan gratis si", "date": "2019-04-03 10:35:15"}, {"id_message": 97725265330, "message": "Si la vas a comprar al final te sale m\u00e1s caro", "date": "2019-04-03 10:35:33"}, {"id_message": 51577574819, "message": "Si es un pack pensado para eso para ir probando sabores", "date": "2019-04-03 10:36:08"}, {"id_message": 28737686493, "message": "Mirad este chaval 27 a\u00f1os", "date": "2019-04-21 22:03:29"}, {"id_message": 96950952643, "message": "Llegar\u00e1 lejos seguro ya es pro", "date": "2019-04-21 22:03:36"}, {"id_message": 28965472581, "message": "Pero no hablamos de qu\u00edmica", "date": "2019-04-21 22:12:27"}, {"id_message": 66242398887, "message": "Un a\u00f1o de diferencia", "date": "2019-04-25 20:58:12"}, {"id_message": 31729353238, "message": "Pocos culturistas tienen este progreso", "date": "2019-04-25 20:58:29"}, {"id_message": 77422915277, "message": "A base de map", "date": "2019-04-25 21:00:18"}, {"id_message": 2280359952, "message": "No es droga jaja", "date": "2019-04-25 21:01:21"}, {"id_message": 66608849142, "message": "Es una locura si", "date": "2019-04-25 21:02:28"}, {"id_message": 85673120914, "message": "Pues solo a base de eso", "date": "2019-04-25 21:02:44"}, {"id_message": 82940775883, "message": "Eso lo hacia para entrar en la categor\u00eda mens phisique pro", "date": "2019-04-25 21:04:14"}, {"id_message": 7663918599, "message": "Pero vio que no es lo suyo y empez\u00f3 a meterse de lleno en el culturismo", "date": "2019-04-25 21:04:35"}, {"id_message": 48438074791, "message": "Pero el progreso de un a\u00f1o a otro que ha conseguido pocos culturistas lo consiguen algunos se tiran a\u00f1os para llegar a ese nivel", "date": "2019-04-25 21:05:27"}, {"id_message": 43930804269, "message": "Yo no he dicho que llegase a ese nivel gracias a los map , ni que por los map dejase de usar qu\u00edmica . Es obvio que lleva usando qu\u00edmica desde hace muchos a\u00f1os", "date": "2019-04-25 21:16:44"}, {"id_message": 91685130254, "message": "Es de Suiza o Suecia", "date": "2019-04-25 21:21:40"}, {"id_message": 7850857745, "message": "Para m\u00ed el mejor y con mayor progresi\u00f3n es madelman", "date": "2019-04-25 21:24:25"}, {"id_message": 54219318731, "message": "Participar a ver si os lo llev\u00e1is alguno de vosotros", "date": "2019-05-03 15:27:12"}, {"id_message": 83232653054, "message": "\ud83d\udcaa\ud83c\udffe", "date": "2019-05-03 15:27:14"}, {"id_message": 79260721136, "message": "De pena \ud83e\udd23", "date": "2019-05-05 23:06:11"}, {"id_message": 94501363812, "message": "Sin entrar en detalles de si la rutina es mejor o peor esa rutina puede servir para subir m\u00fasculo y m\u00e1s si es principiante o est\u00e1 empezando despu\u00e9s de un par\u00f3n . Lo que tienes que hacer es llegar a tu super\u00e1vit calorico para construir m\u00fasculo", "date": "2019-05-08 19:07:39"}, {"id_message": 92792566248, "message": "Para entrar a valorar una rutina hay que ver muchas m\u00e1s cosas , es decir cu\u00e1ntos d\u00edas puedes entrenar ?", "date": "2019-05-08 19:13:05"}, {"id_message": 49573853170, "message": "Pues eso es lo que tienes que valorar . Yo la rutina la veo muy b\u00e1sica a m\u00ed me gusta trabajar con m\u00e1s series . Prueba esa y al mes cambias", "date": "2019-05-08 19:15:32"}, {"id_message": 93651357298, "message": "La prote\u00edna mejor fr\u00eda , a altas temperaturas cambia su estructura , a lo que se le llama desnaturalizaci\u00f3n proteica", "date": "2019-05-09 20:46:08"}, {"id_message": 42177613440, "message": "Si quer\u00e9is saber m\u00e1s", "date": "2019-05-09 20:48:09"}, {"id_message": 19342610703, "message": "Pues lo b\u00e1sico tampoco hace falta que te vuelvas loco ... Usa mi c\u00f3digo COMUNIDADFITNESS \ud83d\ude1c", "date": "2019-05-11 10:11:43"}, {"id_message": 47766230083, "message": "Y avena incluso puedes prescindir", "date": "2019-05-11 10:19:04"}, {"id_message": 69775098349, "message": "Si te gustan los copos de avena", "date": "2019-05-11 10:19:14"}, {"id_message": 59766887878, "message": "Si est\u00e1s hablando de la creatina ninguna lleva edulcorante", "date": "2019-05-12 17:57:28"}, {"id_message": 31464258018, "message": "Eso te lo echas a la boca", "date": "2019-05-12 17:59:43"}, {"id_message": 43524047823, "message": "No sabe a nada", "date": "2019-05-12 17:59:55"}, {"id_message": 79979145224, "message": "La pas\u00e9 yo hace meses pero la borro Juli\u00e1n", "date": "2019-05-14 20:33:39"}, {"id_message": 96398765178, "message": "Gu\u00e1rdala en el tel\u00e9fono por si la borra otra vez \ud83e\udd23", "date": "2019-05-14 20:34:14"}, {"id_message": 2680446694, "message": "No des explicaciones llevas aqu\u00ed toda la vida y haces bien en no tener fotos", "date": "2019-05-14 21:33:00"}, {"id_message": 24497936772, "message": "Pues aqu\u00ed ha pasado ya", "date": "2019-05-14 21:35:51"}, {"id_message": 50908890026, "message": "No era ni es un libro . Es un documento publico que lo puso su autor en su cuenta de Instagram para descargar de forma gratuita , el tema de los libros pienso como t\u00fa as\u00ed evitas follones ya que t\u00fa eres el creador", "date": "2019-05-14 22:13:01"}, {"id_message": 92607017651, "message": "Aqu\u00ed lo esperamos jaja", "date": "2019-05-14 22:14:07"}, {"id_message": 93379663521, "message": "Esta el ambiente cargado", "date": "2019-05-15 11:30:32"}]