[{"id_message": 28272981509, "message": "Hola me uno a este grupo para t\u00edps y ayuda ejej", "date": "2019-03-31 16:47:11"}, {"id_message": 9660945138, "message": "Me gustar\u00eda preguntar algunas cosillas", "date": "2019-03-31 16:47:20"}, {"id_message": 40774672876, "message": "Reci\u00e9n empez\u00e9 en gym vaya ya estuve en el varias veces y tal vi que pusieron m\u00e1quinas de remo y quer\u00eda saber qu\u00e9 rutina , tiempo e intensidad deber\u00eda poner para ir perdiendo grasa y tal jejej gracias", "date": "2019-03-31 16:50:24"}, {"id_message": 63357796446, "message": "Y otra duda m\u00e1s que prote\u00edna lo m\u00e1s limpia posible calidad relacion precio me recomiendan ? Graciiias", "date": "2019-03-31 16:51:18"}, {"id_message": 97442243150, "message": "Alguna foto o algo ?", "date": "2019-03-31 17:01:59"}, {"id_message": 5450466698, "message": "Vale ejejej sois todos de Espa\u00f1a ? Yo de granada", "date": "2019-03-31 17:02:37"}, {"id_message": 76252472328, "message": "Y dietas ? Para perder peso ? alguien tiene alguna ?", "date": "2019-03-31 17:05:08"}, {"id_message": 75295703278, "message": "Vale conoces alg\u00fano bueno ?", "date": "2019-03-31 17:08:48"}, {"id_message": 64133560265, "message": "Yo soy de pueblo Y es uno Munipal lo van mejorando y tal ahora pudieron remo ajajaj", "date": "2019-03-31 17:11:52"}, {"id_message": 59937683962, "message": "Tienes su n\u00famero ? Damelo por privi si quieres y as\u00ed voy donde t\u00fa", "date": "2019-03-31 17:12:09"}, {"id_message": 29856405639, "message": "C\u00f3mo ? No entiendo jl la verdad", "date": "2019-03-31 17:26:16"}, {"id_message": 95533730055, "message": "Vale ejeje perdonad mi torpeza", "date": "2019-03-31 17:31:44"}, {"id_message": 98929534949, "message": "Vale ejej te digo en esta semana no vale ?", "date": "2019-03-31 17:38:25"}]