[{"id_message": 24109055746, "message": "La variante del v\u00eddeo es peso muertisimo", "date": "2022-11-18 16:14:10"}, {"id_message": 53820585941, "message": "Llamame loco pero seguramente es lo segundo", "date": "2022-11-18 16:14:32"}, {"id_message": 77466283670, "message": "Jal\u00f3n de pene al fallo", "date": "2022-11-18 16:16:26"}, {"id_message": 22776761501, "message": "Cuando te quedan los huevos apretados se jalan para dentro", "date": "2022-11-18 16:17:13"}, {"id_message": 16096252681, "message": "O camiseta de hace 5 a\u00f1os", "date": "2022-11-18 16:22:05"}, {"id_message": 44616047377, "message": "Y no te mira ni el tato", "date": "2022-11-18 16:22:14"}, {"id_message": 28003345645, "message": "Yo me.compre calzonas antes de verano", "date": "2022-11-18 16:23:33"}, {"id_message": 70339781162, "message": "Xq ya hab\u00eda alguna pasada", "date": "2022-11-18 16:23:39"}, {"id_message": 83206421, "message": "Q si no ni eso", "date": "2022-11-18 16:23:45"}, {"id_message": 8791450623, "message": "Ni con tu boca", "date": "2022-11-19 13:08:42"}, {"id_message": 96796236503, "message": "Pues igual que todo", "date": "2022-11-23 17:55:18"}, {"id_message": 37857587363, "message": "Arruina la semana cenarse una pizza de campofrio ?", "date": "2022-11-25 23:22:14"}, {"id_message": 68924188282, "message": "Q va no compito", "date": "2022-11-25 23:46:23"}, {"id_message": 48257112839, "message": "Soy el q manda a callar", "date": "2022-11-26 18:22:56"}, {"id_message": 9710888076, "message": "Hoy toca pecho y hombros q ayer . No fui", "date": "2022-11-29 18:25:15"}, {"id_message": 54162035956, "message": "Me cagaba como los mirlos", "date": "2022-11-29 18:25:20"}, {"id_message": 46127985794, "message": "No me molar\u00eda . Haced press sentado y a la vez catarata de mierda al fallo", "date": "2022-11-29 18:25:38"}, {"id_message": 3792166286, "message": "Yo hago hombros lunes b\u00e1sicamente xq est\u00e1 toda Espa\u00f1a en el gym", "date": "2022-11-29 18:25:57"}, {"id_message": 22106081336, "message": "Y la mayor\u00eda es pecho espalda o.brazos osea q es misi\u00f3n imposible hacer nada d eso", "date": "2022-11-29 18:26:16"}, {"id_message": 52397829882, "message": "Q ejercicios est\u00e1s haciendo ahora mismo de hombro", "date": "2022-11-29 18:26:41"}, {"id_message": 47138122312, "message": "Hay veces q lo dejo al jueves", "date": "2022-11-29 18:27:19"}, {"id_message": 16888060857, "message": "Y hago martes espalda", "date": "2022-11-29 18:27:22"}, {"id_message": 48424417463, "message": "Ola soy nueb te quedas calbo con la creatina ?", "date": "2022-12-03 13:47:34"}, {"id_message": 58714096056, "message": "Tienes q bajar como si te quedases sentado en un sill", "date": "2022-12-03 17:22:50"}, {"id_message": 21954003422, "message": "Un pel\u00edn m\u00e1s de eso", "date": "2022-12-03 17:22:56"}, {"id_message": 88076440007, "message": "Y la espalda recta", "date": "2022-12-03 17:23:04"}, {"id_message": 20544385728, "message": "Yo echo agua para q se quede como un batido", "date": "2022-12-03 18:53:05"}, {"id_message": 24225973747, "message": "No muy l\u00edquido ni muy espeso entre media", "date": "2022-12-03 18:53:13"}, {"id_message": 9951105383, "message": "Te refieres a press militar o a q ?", "date": "2022-12-06 00:56:12"}, {"id_message": 89443763326, "message": "Ir solo al fallo en antebrazo a q te refieres", "date": "2022-12-06 01:22:34"}, {"id_message": 86178781308, "message": "Ya va siendo hora de su primer.ciclo", "date": "2022-12-06 13:15:34"}, {"id_message": 77154143043, "message": "Joder q locura de tabla", "date": "2022-12-06 14:59:09"}, {"id_message": 86022896286, "message": "Te pones ladrillo si o si con eso vaya", "date": "2022-12-06 14:59:21"}, {"id_message": 23092587312, "message": "El gimnasio de la c\u00e1rcel como poco", "date": "2022-12-14 13:44:26"}, {"id_message": 28141796198, "message": "Cuantos ejercicios de b\u00edceps hac\u00e9is", "date": "2022-12-15 22:44:36"}, {"id_message": 63720526909, "message": "Y x ejemplo 5 ser\u00edan muchos ?", "date": "2022-12-15 22:46:27"}, {"id_message": 52861601146, "message": "No me mola.hacer brazo", "date": "2022-12-15 22:48:06"}, {"id_message": 1354020267, "message": "Hay d\u00edas q hago 4", "date": "2022-12-15 22:51:59"}, {"id_message": 49318632327, "message": "Pero generalmente hago 3 tb", "date": "2022-12-15 22:52:12"}, {"id_message": 49368054694, "message": "Lo d 5 preguntaba xq hay muchas opiniones x.internet y m\u00e1s q nada x contrastar", "date": "2022-12-15 22:52:40"}]