[{"id_message": 28953452908, "message": "buenas soy glenda soy mia peso 50 peso meta 44 19 a\u00f1os", "date": "2022-05-23 18:50:54"}, {"id_message": 18100577465, "message": "siii sino ponte musica wn el lavabo", "date": "2022-05-24 11:58:31"}, {"id_message": 27227941797, "message": "o mira tiktok a 100 de volumen", "date": "2022-05-24 11:58:36"}, {"id_message": 46624482605, "message": "y bebe agua despues de cadaq tragues comida", "date": "2022-05-24 11:58:54"}, {"id_message": 4890254784, "message": "mmm puedes decir q estas haciendo ayuno intermitente y que comes de ( por ejemplo ) 10am a 2pm y luego de 8-10 pm", "date": "2022-05-24 14:25:50"}, {"id_message": 73352308853, "message": "bueno di que tienes el estomago cerrado idk si te obligan a comer cambia de amigos", "date": "2022-05-24 14:33:56"}, {"id_message": 54091611141, "message": "creo q hay pastillas", "date": "2022-05-24 15:58:00"}, {"id_message": 87877341447, "message": "la leche y el yogur", "date": "2022-05-24 18:29:06"}, {"id_message": 45350922998, "message": "en general ingerir cosas que no son agua", "date": "2022-05-24 18:29:29"}, {"id_message": 20486797564, "message": "bueno como ultima opcion esta bien", "date": "2022-05-24 18:30:51"}, {"id_message": 36166787532, "message": "ves a un grupo de prodepresion", "date": "2022-05-24 19:23:18"}, {"id_message": 87273012044, "message": "pero pa eso esta el grupo :)", "date": "2022-05-24 19:33:09"}, {"id_message": 56660698825, "message": "pero entonces ahora eres ana ? ?", "date": "2022-05-24 19:35:52"}, {"id_message": 86960292612, "message": "y que se usa aqui", "date": "2022-05-24 19:40:34"}, {"id_message": 58472788284, "message": "pues podemos poner rt no ?", "date": "2022-05-24 19:41:36"}, {"id_message": 27414426111, "message": "di q haces ayuno intermitente y justo no t toca en las horas de trabajajo", "date": "2022-05-24 23:29:35"}, {"id_message": 5372653677, "message": "o aprende a vomitar en silencio", "date": "2022-05-24 23:30:15"}, {"id_message": 68333357071, "message": "con practica se puede !", "date": "2022-05-24 23:30:26"}, {"id_message": 81038275282, "message": "pero en plan tu jefe te vigila que te acabes el plato o como ?", "date": "2022-05-24 23:32:10"}, {"id_message": 39817048732, "message": "enplan esq no entiendo como t pueden obligar a comer en el trabajo", "date": "2022-05-24 23:32:26"}, {"id_message": 1946996145, "message": "vale bueno que vaya bien", "date": "2022-05-24 23:35:10"}, {"id_message": 94436569747, "message": "btw me ha llamado alguno de vosotros ? ?", "date": "2022-05-24 23:45:57"}, {"id_message": 11313196072, "message": "muy bueno pero si tomas mucho seguido te sientes mal", "date": "2022-05-24 23:46:26"}, {"id_message": 62806500810, "message": "pero bno como no comemos demasiado va bien pa exharlo", "date": "2022-05-24 23:46:56"}, {"id_message": 74460494086, "message": "pero esq laxantes ns porq ingerirlo lo ingieres", "date": "2022-05-24 23:47:04"}, {"id_message": 56437077405, "message": "ahhh pues mmmm espero q no xd", "date": "2022-05-24 23:48:18"}, {"id_message": 47913979730, "message": "tarda d 1 a 4h dps d ingerir alimentos", "date": "2022-05-24 23:49:24"}, {"id_message": 22175735639, "message": "enplan q lo mas ligero tarda menos y lo mas pesao pues tarda mas", "date": "2022-05-24 23:49:40"}, {"id_message": 24175800934, "message": "bueno esq tampoco puedes buscar pegas a todo", "date": "2022-05-24 23:51:10"}, {"id_message": 89507381441, "message": "di eso q haces ayuno intermitente y no te toca", "date": "2022-05-24 23:51:16"}, {"id_message": 54041088847, "message": "pero q en tu casa has comido un monton", "date": "2022-05-24 23:51:29"}, {"id_message": 12546117172, "message": "y t haces asi la hinchada", "date": "2022-05-24 23:51:33"}, {"id_message": 62542560412, "message": "intenta eso q ya has comido y sino comelo di q te ha sentado mal y lo descomes", "date": "2022-05-24 23:52:47"}, {"id_message": 39383263730, "message": "enplan lo vomitas y dices uy q mal me ha sentao nsq t habia dicho q ya habia comido", "date": "2022-05-24 23:53:00"}, {"id_message": 85986950702, "message": "y entonces puedes vomitar traqnuila porq se supone que te ha sentao mal", "date": "2022-05-24 23:53:15"}]