[{"id_message": 779730410, "message": "Buenas Soy Celeste Ana Peso actual : 90 Peso meta : 40 Edad : 23 a\u00f1os", "date": "2022-05-23 23:44:31"}, {"id_message": 77242159452, "message": "En mi trabajo hay muchas c\u00e1maras y si vomito se escucha en todos lados :( alg\u00fan consejo para no comer ?", "date": "2022-05-24 23:27:58"}, {"id_message": 64143210600, "message": "Ya he intentado y nada", "date": "2022-05-24 23:29:12"}, {"id_message": 87943464112, "message": "Es que es un trabajo pesado y no quieren que nos desmayemos y tal", "date": "2022-05-24 23:44:32"}, {"id_message": 57027317802, "message": "Y estoy sujeta a acabarme la comida o me meten acta administrativa", "date": "2022-05-24 23:44:48"}, {"id_message": 87332805489, "message": "Mia creo me ayudar\u00eda", "date": "2022-05-24 23:47:15"}, {"id_message": 36082069490, "message": "Antes de que se procesen las callrias y tal", "date": "2022-05-24 23:48:02"}, {"id_message": 28430557021, "message": "Se siente feo que me est\u00e9n vigilando a todas horas si como o no jajaja :(", "date": "2022-05-24 23:50:07"}, {"id_message": 71267892040, "message": "Tampoco quiero perder el empleo jajaja", "date": "2022-05-24 23:50:46"}, {"id_message": 52796002609, "message": "Eso har\u00e9 a ver cu\u00e1l me funciona jajaj en 4 hiras entro", "date": "2022-05-24 23:52:06"}, {"id_message": 46975871773, "message": "Esyoy emocionadaaaa s\u00ed me funcion\u00f3 lo de decir del ayuno intermitente", "date": "2022-05-25 08:12:52"}]