[{"id_message": 2559660759, "message": "Hola me llamo rebeca", "date": "2022-01-04 22:33:20"}, {"id_message": 51039010473, "message": "Y metete mas dedos", "date": "2022-01-04 22:46:49"}, {"id_message": 46836759427, "message": "Es tu primera vez vomitando ?", "date": "2022-01-04 22:48:38"}, {"id_message": 94917683070, "message": "Es noemal que pase eso buemo nse seguro ya que te hablo desee mi experincia cada persona es un mundo", "date": "2022-01-04 22:52:34"}, {"id_message": 96407911430, "message": "Yo al principio me tenia 2 dedos y tardaba mucho y fespues pase a 3 que cuanto mas dedos la arcada es mas rapida pero tiraba poco luego ya iba tirando mas", "date": "2022-01-04 22:53:13"}, {"id_message": 2975483472, "message": "A mi me gustaria daber como saber si has potado todp", "date": "2022-01-04 22:53:31"}, {"id_message": 55242129805, "message": "Alguna me ayuda cin uma app que se llama verse y ganamos 5 eu cada una", "date": "2022-01-04 22:54:07"}, {"id_message": 20488851589, "message": "A mi eso no", "date": "2022-01-04 22:56:46"}, {"id_message": 71206828092, "message": "A veces tienen esos cueroos por genetica", "date": "2022-01-05 19:58:42"}, {"id_message": 91141708237, "message": "Pero estar delgada favorce mucho", "date": "2022-01-05 19:59:08"}, {"id_message": 20060988014, "message": "Y te queda todo bien", "date": "2022-01-05 19:59:11"}, {"id_message": 12832410368, "message": "Pues a mi desde los 12 mis padres hacen comentarios sibrd mi f\u00edsico", "date": "2022-01-07 19:20:50"}, {"id_message": 14816444086, "message": "Que piernas tienes , te vas a comer eso , te vas . Aponer fondona", "date": "2022-01-07 19:21:07"}, {"id_message": 89353048153, "message": "En mayo pesaba 63 y me quede en 42 y tuve que subir para poder bajar mas , si no subia me iban a pillar y no queria que me ingresaran", "date": "2022-01-07 19:23:04"}, {"id_message": 63565500846, "message": "Yo agunato pero necesito estar fuera de casa todo el dia", "date": "2022-01-07 19:23:39"}, {"id_message": 70172735334, "message": "Hola , desde que empeze a dejar de comer y provacarme el vomito he notado que me he quedado sin mata de pelo , es normal que se caiga el.pelo ?", "date": "2022-02-10 14:13:24"}, {"id_message": 68288863541, "message": "Es mejor no utilizar laxantes porque puede que no se controle biennel esfinter i tengas problemas , utiliza laxantes naturales , bebe mucha agua", "date": "2022-02-21 21:32:42"}, {"id_message": 61754798299, "message": "Yo no como , si como vomito y bebo alcohol y me compensa eso si te sube mas rapido wl alcohol", "date": "2022-02-21 21:33:34"}, {"id_message": 77913386148, "message": "Y si como es algo sano y ooco ybhago ejercicio", "date": "2022-02-21 21:33:56"}, {"id_message": 3708508674, "message": "Al cuerpo haybque darle comida y asi el metabolismo no se atrofia tanto", "date": "2022-02-21 21:34:30"}]