[{"id_message": 78456734596, "message": "Y atracando al mismo tiempo", "date": "2022-02-21 22:46:09"}, {"id_message": 39405795152, "message": "Una o dos veces por dia eso", "date": "2022-02-21 22:46:18"}, {"id_message": 47177674733, "message": "Hoy me he saltado la comida por ejemplo tambien", "date": "2022-02-21 22:46:26"}, {"id_message": 95227160005, "message": "Cuantas calorias al dia ?", "date": "2022-02-26 11:35:41"}, {"id_message": 15406163474, "message": "Pero eso se consigue con receta no ?", "date": "2022-03-07 21:17:18"}, {"id_message": 81365210371, "message": "Otra cosa me comiendan alguna dieta para aldegazar rapido ?", "date": "2022-03-07 21:17:46"}, {"id_message": 68816335983, "message": "Y alguna dieta para seguir ?", "date": "2022-03-08 12:15:01"}, {"id_message": 99523738309, "message": "He tenido un atracon", "date": "2022-03-09 17:41:34"}, {"id_message": 61129847556, "message": "Normalment puedo vomitar pero esta vez no podido", "date": "2022-03-09 17:42:23"}, {"id_message": 1932437262, "message": "Me he tomado 30 laxantes", "date": "2022-03-09 17:42:35"}, {"id_message": 24822107227, "message": "Esto esta poco activo", "date": "2022-03-13 12:34:43"}, {"id_message": 1179578929, "message": "Me han obligado a ir a un centro tres dias", "date": "2022-03-18 23:06:36"}, {"id_message": 62534723824, "message": "Y me dan la comida y la merienda", "date": "2022-03-18 23:06:42"}, {"id_message": 94063682977, "message": "Por los protocolos te lo tienes que comer todo y no puedes ir al ba\u00f1o ni nada", "date": "2022-03-18 23:06:56"}, {"id_message": 49028853612, "message": "Que me recomiendan para no engordat ?", "date": "2022-03-18 23:07:03"}, {"id_message": 44945339352, "message": "Y estoy por dejar el tratamiento", "date": "2022-03-18 23:07:21"}, {"id_message": 58172496665, "message": "No a comer asi no", "date": "2022-03-18 23:54:42"}]