[{"id_message": 73192148347, "message": "Pues yo desde que estoy a ostias con el Ayuntamiento de mi pueblo no puedo ir al gimnasio", "date": "2018-07-25 11:12:34"}, {"id_message": 15062003842, "message": "Porque es por la ma\u00f1ana y el gimnasio lo tengo contratado solo de ma\u00f1ana", "date": "2018-07-25 11:14:05"}, {"id_message": 11449148451, "message": "Ademas 5 Dias ala semana 45 euros se pasa un montob", "date": "2018-07-25 11:14:23"}, {"id_message": 90243820910, "message": "Si si lo se yo vivia antes en madrid", "date": "2018-07-25 11:28:52"}, {"id_message": 12117712768, "message": "Esque no hay mas gimnasios cerca", "date": "2018-07-25 11:29:24"}, {"id_message": 78855060535, "message": "Un pueblo de toledo", "date": "2018-07-25 11:29:38"}, {"id_message": 9848778898, "message": "Si es lo que estoy pensando en cogerme un banco de press reclinable dis mancuernas y los discos", "date": "2018-07-25 11:37:00"}, {"id_message": 2370194990, "message": "Y me sale mas barato que 3 meses de gimnasio", "date": "2018-07-25 11:37:13"}, {"id_message": 29205270142, "message": "Eso es lo que no se si me pasara ami", "date": "2018-07-25 12:24:32"}, {"id_message": 60402535808, "message": "Yo andaba igual con la espalda jodida force", "date": "2018-07-25 12:26:52"}, {"id_message": 22757859170, "message": "Y estuve 2 meses out", "date": "2018-07-25 12:27:02"}, {"id_message": 72309838658, "message": "En mi opini\u00f3n no busques perder peso directamente hasta que empiezes a definir", "date": "2018-07-30 16:44:09"}, {"id_message": 80387190152, "message": "Yo creo que con lo que mides y lo que pesas estas bien", "date": "2018-07-30 16:44:40"}, {"id_message": 34119844292, "message": "Cambia la grasa por musculo", "date": "2018-07-30 16:45:51"}, {"id_message": 24669302062, "message": "Me pasa lo mismo que ati", "date": "2018-07-30 16:50:05"}, {"id_message": 35237142660, "message": "No creo tio hahahaha", "date": "2018-07-30 16:50:20"}, {"id_message": 74071176895, "message": "Sigue a corbacho life en instagram el da rutinas diarias en casa sin necesidad de material", "date": "2018-07-30 16:52:49"}, {"id_message": 21398419759, "message": "Tengo 21 Joder aun me queda para ser un hombre", "date": "2018-07-30 16:53:33"}, {"id_message": 43135567470, "message": "Y el cardio yo por ejemplo no corro", "date": "2018-07-30 16:54:32"}, {"id_message": 78013646669, "message": "Camino unos 15.000 pasos por dka", "date": "2018-07-30 16:54:42"}, {"id_message": 17153851650, "message": "Podr\u00edas hacer eso elias", "date": "2018-07-30 16:54:50"}, {"id_message": 27017515321, "message": "Yo por ejemplo uso stevia en vez de azucar refinado", "date": "2018-07-30 16:55:27"}, {"id_message": 38447952129, "message": "Yo la verdad para endulzar prefiero la stevia", "date": "2018-07-30 16:56:27"}, {"id_message": 42420781962, "message": "Yo el azucar que tu te echas me lo cambio por pizzas del dominos para compensar", "date": "2018-07-30 16:57:15"}, {"id_message": 61068769146, "message": "El come y bebe lo que quieras por 7.50 llama mucho", "date": "2018-07-30 16:57:46"}, {"id_message": 58498956842, "message": "Que putada yo siempre acabo jodido de la tripa pero por hincharme", "date": "2018-07-30 16:58:48"}, {"id_message": 93280859606, "message": "Buen cheat meal no ?", "date": "2018-07-30 16:58:54"}, {"id_message": 56832330895, "message": "Pensaba que eran un super durum", "date": "2018-07-30 16:59:45"}]