[{"id_message": 23491182829, "message": "si ya la hbaia leido ufff", "date": "2021-02-21 23:15:54"}, {"id_message": 56413247096, "message": "Te ves muy bien", "date": "2021-03-20 10:14:07"}, {"id_message": 25334310546, "message": "Aunque literal son cosas que se y tales pero a veces cuesta o no me da el efecto o que se yo ... aunque es bueno recordarlo jaja , y tambi\u00e9n te detallarlo", "date": "2021-04-27 18:15:10"}, {"id_message": 38405117127, "message": "Si soy capaz si jaja", "date": "2021-04-29 15:23:36"}, {"id_message": 88072103463, "message": "Quiz\u00e1 si sabes de apps que por hacer ejercicio o tipo as\u00ed den dinero o as\u00ed xd", "date": "2021-05-09 16:26:17"}, {"id_message": 50890017743, "message": "URL Check out this free app \u2014 It Pays to Walk \ud83d\udeb6 esta app sirve para ganar descuentos y que puedas donar a caridad como dinero virtual solo por caminar", "date": "2021-05-09 16:26:21"}, {"id_message": 97991667519, "message": "Porque no pastas para adelgazar ?", "date": "2021-05-18 18:12:07"}, {"id_message": 18291696521, "message": "No pero dec\u00eda pastillas esas no", "date": "2021-05-18 22:15:19"}, {"id_message": 49319802529, "message": "La pasta si claro", "date": "2021-05-18 22:15:26"}, {"id_message": 9887029058, "message": "Se supone que si hay pastillas pero jaja pastas y pastillas aqu\u00ed es lo mismo de medicamento", "date": "2021-05-18 22:16:29"}, {"id_message": 97788843035, "message": "Me gustar\u00eda sobre el ayuno intermitente y la influencia en el peso por ayunar durante m\u00e1s tiempo de un d\u00eda", "date": "2021-08-02 17:28:56"}, {"id_message": 88252997336, "message": "Si quieres si , yo cuando baje jajaja tengo re pensado eso . Que cuando baje hay si pienso bien en como comere ahora no puedo comer muy sano pq me cuesta", "date": "2021-09-14 00:35:20"}, {"id_message": 53461749990, "message": "Pero hoy me com\u00ed como y frutas y m\u00e1s cosas , pero al menos no todo fue malo", "date": "2021-09-14 00:35:37"}, {"id_message": 58793202106, "message": "Tips de ayuno jaja", "date": "2021-10-11 04:08:38"}, {"id_message": 82125480168, "message": "Te queremos , esperamos puedas volver pronto", "date": "2021-10-14 01:09:41"}, {"id_message": 58972155600, "message": "Link de otro grupo jaja", "date": "2021-11-15 21:13:18"}, {"id_message": 45142215814, "message": "Me gust\u00f3 , seguro puede darle ideas ala gente de escribir sobre su vida jaja . Buenos consejos .", "date": "2021-11-24 13:35:07"}, {"id_message": 34818969176, "message": "Me gustar\u00eda sobre el ayuno y sus consecuencia en el cuerpo y metabolismo . Si hacerlo prolongadamente da\u00f1a el metabolismo , o es carreta jaja .", "date": "2021-11-24 17:35:31"}, {"id_message": 67580360490, "message": "Y como se puede da\u00f1ar el metabolismo y como se recupera jaja", "date": "2021-11-24 17:35:42"}, {"id_message": 57518038042, "message": "Suena a infiltrado jaja mamrs , 100 vals es perfecto", "date": "2021-11-26 19:55:00"}, {"id_message": 39261842028, "message": "Aunque igual la uso pa todo pa seguir cuentas tambi\u00e9n xd", "date": "2021-11-29 00:55:26"}, {"id_message": 17365343429, "message": "Consecuencias del ayuno prolongado xd", "date": "2021-12-11 17:33:17"}, {"id_message": 31078490839, "message": "Como quemar muchas calor\u00edas en poco tiempo", "date": "2021-12-13 18:51:50"}, {"id_message": 17244150897, "message": "Aunq he visto hasta m\u00e9dicos hablar de a no es mentira xd", "date": "2021-12-17 07:28:04"}, {"id_message": 46852591185, "message": "Creo que quiero si consigues eeeh Informaci\u00f3n jajaja Como quemar 7000 calor\u00edas en un d\u00eda De manera r\u00e1pida osea en menos horas Y de manera m\u00e1s lenta jaja", "date": "2021-12-17 08:31:44"}, {"id_message": 26263362190, "message": "Mira lo que mandaron", "date": "2022-02-06 19:36:51"}, {"id_message": 72141403093, "message": "Y mira m\u00e1s arriba que fotos no mando jose", "date": "2022-02-06 19:38:00"}, {"id_message": 39521279946, "message": "No hay que enga\u00f1ar para que Y mentir que es alguien que no es Es rid\u00edculo", "date": "2022-02-06 22:03:26"}, {"id_message": 47834420583, "message": "Es un metido eso es lo que es y hasta puede ser acosador quiere conseguir chicas aqu\u00ed obvio u", "date": "2022-02-06 22:04:13"}, {"id_message": 43512589904, "message": "Quiennes ? Para reportarlo en grupos o que ...", "date": "2022-02-06 22:05:33"}, {"id_message": 35514902923, "message": "No tiene con que dijiq grabarla un video no lo hizo le dije muestravtu hombre en un carnet tampoco", "date": "2022-02-07 11:33:34"}, {"id_message": 47581083020, "message": "Que pero si te ves genial", "date": "2022-02-08 22:33:25"}, {"id_message": 55306403851, "message": "Pero si son dias ya no es intermitente sino prolongado jaja Yo hize 18 horas hoy", "date": "2022-02-11 01:34:59"}, {"id_message": 82101894228, "message": "Yo quiero arroz y papas pero no tengo xd", "date": "2022-02-12 17:39:16"}, {"id_message": 19832787915, "message": "No mames ni que fuera la ignorancia aqu\u00ed ajjaja", "date": "2022-02-15 17:24:11"}, {"id_message": 47761661156, "message": "Tampoco es que se insulte como a lo chimba la gente lo quiere y decimos cosas porque as\u00ed es la est\u00e9tica de esto matarse a hacer lo que es adelgazar no importa que jaja", "date": "2022-02-15 18:29:39"}, {"id_message": 70264635025, "message": "Jajajajajajjajaja agradecida de que mierda de los insultos y cosas que ya sabemos ? Jajajajjajajajaja no ames", "date": "2022-02-15 18:42:11"}, {"id_message": 72443628098, "message": "Ni que fu\u00e9ramos la mata de la inconsciencia e inocencia", "date": "2022-02-15 18:42:22"}, {"id_message": 77102327032, "message": "Bueno jajajaja Este grupo se vuelve cansino por gente que entra a imponer lo que quiere a juzgar a decir mierdas que nadie quiere oir", "date": "2022-02-15 18:42:56"}, {"id_message": 55590813864, "message": "Que es bueno comer para bajar de peso y cuanto realmente comer de eso .", "date": "2022-03-18 04:06:06"}, {"id_message": 13267630893, "message": "Y si comes una vez al d\u00eda Lo que quieras , 1000 calor\u00edas y ayunas el resto del d\u00eda haber que tal jaja", "date": "2022-04-07 15:08:24"}, {"id_message": 46282197839, "message": "Me esta funcionando y llevo 4 d\u00edas", "date": "2022-04-07 15:08:31"}, {"id_message": 26582444373, "message": "Yo me puse a ver mil personas haciendo el egg diet jaja", "date": "2022-04-10 06:03:29"}, {"id_message": 57664721575, "message": "Mierda mierda Si unos mencionaron sobre eso en el grupo cuando entraron Es de mi pa\u00eds parece jajajajajaalv", "date": "2022-04-11 21:30:18"}, {"id_message": 59969153170, "message": "No pero borrar es demasiado jajaja No quiero perder eso", "date": "2022-04-11 22:44:35"}, {"id_message": 62877040004, "message": "El grupo de cutting sigue por ah\u00ed", "date": "2022-05-01 15:38:15"}, {"id_message": 2327792703, "message": "No , est\u00e1 loca No escribe ni bien Y usa gritos para que ? Asustar ? Puede decir verdades pero no las dice de la forma correcta , solo grit\u00f3 como tienes que hacer lo que yo quiera Nono", "date": "2022-05-06 02:21:29"}, {"id_message": 38109282444, "message": "Sobre el ayuno prolongado y sus maleficios y beneficios", "date": "2022-05-09 01:53:01"}, {"id_message": 16616641115, "message": "Sobre los energizantes , beneficios contraindicaciones , si dan energ\u00eda suficiente ? Es que ando tomando y no se jajajajaja", "date": "2022-05-26 02:20:40"}, {"id_message": 56620716219, "message": "Si creo que todos funcionan ma so menos igual y tienen casi los mismos ingredientes . Yo los que he estado tomando es monster , y uno que es original de una tienda aqu\u00ed que se llama ara . Los ingredientes son similares , igual hay unos con az\u00facar otros sin azucar , inositol , taurina , redubill tambi\u00e9n , vitamina b ...", "date": "2022-05-26 03:07:56"}]