[{"id_message": 7747165436, "message": "Amigos quisiera comenzar un entrenamiento , quisiera compartir con ustedes y ver que experiencia de ustedes me pueden servir para avanzar", "date": "2018-08-15 17:44:06"}, {"id_message": 53362009628, "message": "en realidad no he visto avances", "date": "2018-08-15 17:44:12"}, {"id_message": 3755080046, "message": "Amigos les cuento , ahorita soy delgado , antes estuve relleno ( gordito )", "date": "2018-08-15 17:47:09"}, {"id_message": 60717038814, "message": "esperen me tengo que ir pero vuelvo .", "date": "2018-08-15 17:47:18"}, {"id_message": 88666003471, "message": "amigos soy de venezuela", "date": "2018-08-15 21:52:41"}, {"id_message": 90809907615, "message": "necesito una rutina efectiva", "date": "2018-08-15 21:52:49"}, {"id_message": 56960689460, "message": "tengo 38 a\u00f1os aunque parezca de menos", "date": "2018-08-15 21:53:06"}, {"id_message": 10653656372, "message": "soy delgado aunque antes era gordo", "date": "2018-08-15 21:53:16"}, {"id_message": 62813684042, "message": "antes pesaba 75 kgramos y ahorita peso 56", "date": "2018-08-15 21:53:29"}, {"id_message": 84926405514, "message": "me gustaria ensanchar la espalda y las piernas", "date": "2018-08-15 22:25:59"}, {"id_message": 59205293284, "message": "lo ideal es que sea parejo", "date": "2018-08-15 22:26:05"}, {"id_message": 63956459182, "message": "me gustaria ser un oso", "date": "2018-08-15 22:26:10"}, {"id_message": 19605886178, "message": "jajjajaja pero aca en venezuela es rudo por el tema de que no se encuentran muchos alimentos", "date": "2018-08-15 22:26:34"}, {"id_message": 16717087787, "message": "me gustaria que me den algunos tips , rutinas . Algo que funcione . He ido al gym pero nunca he visto avances .", "date": "2018-08-15 22:30:21"}, {"id_message": 48216987339, "message": "como es la rutina de arnold Swartzeneger ?", "date": "2018-08-16 17:44:22"}, {"id_message": 22505490975, "message": "en donde ? en youtube ?", "date": "2018-08-16 18:16:46"}, {"id_message": 29891013645, "message": "buenas tardes , recuerda pasarme el link .", "date": "2018-08-17 15:17:16"}, {"id_message": 78062210089, "message": "que es la proteina de suero de leche ?", "date": "2018-08-17 16:05:01"}, {"id_message": 7666778081, "message": "Amigo pasame el link por fa .", "date": "2018-08-17 20:32:38"}, {"id_message": 87297059927, "message": "quien me da tips para aumentar musculatura ?", "date": "2018-09-06 18:59:59"}, {"id_message": 45626770372, "message": "Amigo alli no hay videos ni imagenes de los ejercicios", "date": "2018-09-06 19:26:49"}, {"id_message": 76177064577, "message": "o sea es muy escueta la informacion", "date": "2018-09-06 19:26:57"}, {"id_message": 36470055097, "message": "no entiendo lo ultimo", "date": "2018-09-06 19:31:36"}, {"id_message": 24317505739, "message": "eso de agarrar la mochila", "date": "2018-09-06 19:31:43"}, {"id_message": 91788479247, "message": "bueno en realidad no me gusta llevar bolso al gym", "date": "2018-09-06 19:32:20"}, {"id_message": 59839566268, "message": "por otro lado voy al gym en la ma\u00f1ana porque el trabajo no me deja ir a otra hora", "date": "2018-09-06 19:32:40"}, {"id_message": 65753459046, "message": "y pues tambien me gusta ir a esa hora porque no hay nadie en el gym", "date": "2018-09-06 19:33:01"}, {"id_message": 56525186846, "message": "me gusta la soledad", "date": "2018-09-06 19:33:06"}, {"id_message": 45815650556, "message": "por lo menos en el gym", "date": "2018-09-06 19:33:13"}, {"id_message": 88436957059, "message": "En realidad alli hablan de empujones y nose si buscandolo por youtube sea lo mismo a que se refieran en la pagina", "date": "2018-09-06 20:00:26"}, {"id_message": 39053366294, "message": "lee las consideraciones previas", "date": "2018-09-06 20:05:23"}, {"id_message": 68748946518, "message": "otra cosa es que por ningun lado me dice el peso", "date": "2018-09-06 20:06:21"}, {"id_message": 13846349265, "message": "en verdad no lo habia visto asi", "date": "2018-09-06 20:08:16"}, {"id_message": 21610378574, "message": "pens\u00e9 que aqui te orientaban", "date": "2018-09-06 20:08:25"}, {"id_message": 15911003340, "message": "no que te rega\u00f1aban", "date": "2018-09-06 20:08:29"}, {"id_message": 74952786866, "message": "Como hago para aumentar masa muscular ?", "date": "2019-07-27 18:18:05"}, {"id_message": 56106856433, "message": "o sea cual seria el entrenamiento para ganar volumen ?", "date": "2019-07-27 18:18:17"}, {"id_message": 30935226286, "message": "Se supone que para definir es poco peso muchas repeticiones", "date": "2019-07-27 19:01:21"}, {"id_message": 82446625045, "message": "y para ganar masa seria mucho peso pocas repeticiones", "date": "2019-07-27 19:01:37"}, {"id_message": 23776229029, "message": "Entonces no creo que eso de que lo que marca la diferencia seria la dieta no creo que sea del todo cierta .", "date": "2019-07-27 19:02:10"}, {"id_message": 48327650741, "message": "No te pregunt\u00e9 a ti . No se para que tienes que responder . Sapo .", "date": "2019-07-29 15:47:27"}]