[{"id_message": 28160353888, "message": "Es una larga historia", "date": "2019-05-14 20:38:07"}, {"id_message": 96677013795, "message": "Si no he dicho nada !", "date": "2019-05-14 20:38:53"}, {"id_message": 83830262448, "message": "Ojala tenerte en mi cama", "date": "2019-05-14 21:02:21"}, {"id_message": 77532868634, "message": "Oye esto es fitness , te ejercita la vagina e", "date": "2019-05-14 21:07:50"}, {"id_message": 94451799466, "message": "Todo son beneficiosos ves", "date": "2019-05-14 21:08:23"}, {"id_message": 7899524913, "message": "Estoy enamorada del box exterior", "date": "2019-05-15 13:34:20"}, {"id_message": 46362291552, "message": "No paso el v\u00eddeo eentrenandk porque me muero de la verg\u00fcenza", "date": "2019-05-15 13:34:31"}, {"id_message": 97800343035, "message": "Y que tal ? Yo hoy he subido de peso .. squats y femoral con 40kg ..", "date": "2019-05-15 13:36:30"}, {"id_message": 5321372327, "message": "Temporada ? Yo llevo as\u00ed 3 a\u00f1os", "date": "2019-05-16 01:35:41"}, {"id_message": 12564337933, "message": "Prob\u00e9 melatonina l\u00edquida que venden en la farmacia y bueno ...", "date": "2019-05-16 01:35:58"}, {"id_message": 69950088086, "message": "Feo que es m\u00e1s placebo", "date": "2019-05-16 01:36:04"}]