[{"id_message": 82504056914, "message": "A ustedes no se les cae el pelo ? ? Pero asi as\u00ed montones", "date": "2022-04-16 19:24:28"}, {"id_message": 53024708160, "message": "Siento q me estoy quedando pelona jsjsjs", "date": "2022-04-16 19:24:35"}, {"id_message": 41450687651, "message": "Gracias ! ! Porque es que esta descontrolado , cada q lo lavo se me cae a montones", "date": "2022-04-16 19:33:33"}, {"id_message": 19695855293, "message": "Ten fuerza de voluntad para no comertelos , si te ofrecen di que no , si te obligan di que te lo comer\u00e1s en el cuarto y lo botas", "date": "2022-04-18 23:47:50"}, {"id_message": 57364605316, "message": "No vale la pena un chocolate tiene varias calor\u00edas , az\u00facar y carbohidratos", "date": "2022-04-18 23:48:11"}, {"id_message": 89591109330, "message": "Haste la idea q todo lo que lleve semillas o este basado en semillas es hipercalorico", "date": "2022-04-19 14:52:18"}, {"id_message": 79266265855, "message": "Yo las amo , las hago con agua y me llenan y no tiene muchas calorias", "date": "2022-04-19 23:15:15"}, {"id_message": 34772902377, "message": "Es una de mis safe food", "date": "2022-04-19 23:15:24"}, {"id_message": 12164652253, "message": "Y cuando ya est\u00e1n les pongo un poquito de sal o paprika", "date": "2022-04-19 23:15:53"}, {"id_message": 81420179037, "message": "Yo creoq eso pesa 150 g", "date": "2022-04-20 04:45:17"}, {"id_message": 13138451274, "message": "As\u00ed que son 71 kcal", "date": "2022-04-20 04:45:29"}, {"id_message": 43920746559, "message": "Por cada 100 gramos tiene 47 kcal", "date": "2022-04-20 04:46:12"}, {"id_message": 72874277646, "message": "Si puedes , pero debes comer pocas calor\u00edas", "date": "2022-04-20 19:10:30"}, {"id_message": 16515132079, "message": "si haces ambas mejor", "date": "2022-04-21 04:39:29"}, {"id_message": 57249511841, "message": "pero si cosumes por ejemplo 300 kcal solo haz 30 min de correr / trotar o cardio con video de youtube", "date": "2022-04-21 04:39:54"}, {"id_message": 37280722947, "message": "Alguien sabe si las vitaminas rompen ayuno ? ? ?", "date": "2022-04-21 14:56:29"}]