[{"id_message": 34319645066, "message": "Desde hace tiempo practico algo en casa con mancuernas , barra de dominadas , calistenia b\u00e1sica , etc", "date": "2018-12-20 21:47:14"}, {"id_message": 26061463089, "message": "Me gustar\u00eda mejorar y aprender , si no os importa por aqu\u00ed", "date": "2018-12-20 21:47:34"}, {"id_message": 12038227694, "message": "Yo lo intent\u00e9 en mi anterior piso , pero al mudarme y dem\u00e1s no tengo espacio", "date": "2018-12-20 22:14:38"}, {"id_message": 67583813469, "message": "Qu\u00e9 materiales tienes Kaske ?", "date": "2018-12-20 22:14:53"}, {"id_message": 21369194982, "message": "Nada tranquilo . Ojal\u00e1 btuviese espacio yo , jeje", "date": "2018-12-20 22:16:40"}, {"id_message": 8049152817, "message": "Joer . Eso es un gym ! !", "date": "2018-12-20 22:18:30"}, {"id_message": 7584930444, "message": "Yo tengo un par de mancuernas de 10 kg cada una y una barra de dominadas", "date": "2018-12-20 22:21:13"}, {"id_message": 43544830964, "message": "Ah y una est\u00e1tica", "date": "2018-12-20 22:21:25"}, {"id_message": 57722360096, "message": "La primera se rompi\u00f3", "date": "2018-12-20 22:22:02"}, {"id_message": 27412563863, "message": "Despu\u00e9s de varios a\u00f1os ya", "date": "2018-12-20 22:22:08"}, {"id_message": 86992461826, "message": "S\u00ed me cuido , pero no llevo dieta", "date": "2018-12-20 23:02:58"}, {"id_message": 56978501511, "message": "Y comienzo de minivacaciones", "date": "2018-12-21 08:06:49"}, {"id_message": 40098194073, "message": "Tengo muchas dudas respecto a la suplementaci\u00f3n con batidos , etc", "date": "2018-12-21 08:16:32"}, {"id_message": 77691155827, "message": "Cre\u00e9is que es necesaria si se tiene un entrenamiento como el m\u00edo , con mancuernas en casa , dominadas , flexiones , etc ?", "date": "2018-12-21 08:17:11"}, {"id_message": 22840360181, "message": "o basta con tener un exceso cal\u00f3rico con alimentaci\u00f3n \" natural \" etc ?", "date": "2018-12-21 08:17:33"}, {"id_message": 27628688185, "message": "Perfectamente explicado . Gracias Vaguedab ! .", "date": "2018-12-21 09:43:24"}]