[{"id_message": 70679946119, "message": "Yo no lo comparto con nadie . Solo con personas igual que yo \ud83d\udc94", "date": "2021-07-27 23:04:37"}, {"id_message": 17990093332, "message": "Wauuu esta genial . Sisi nos pudieras enviar los pdf porgis", "date": "2021-08-02 17:50:51"}, {"id_message": 59449344148, "message": "Porfis \u2764 \ufe0f", "date": "2021-08-02 17:50:56"}, {"id_message": 99150692901, "message": "Ya genial . Pero por ac\u00e1 ? No se como hablar al privado \ud83e\udd7a", "date": "2021-11-23 21:45:11"}, {"id_message": 57552893593, "message": "Yo pienso que el te es mejor que la bebida . Ya que la bebida tiene mucha az\u00facar . Osea demasiado . Y el t\u00e9 no . Es opcional si lo quieres tomar as\u00ed .", "date": "2021-11-24 19:15:27"}, {"id_message": 96968166521, "message": "No es para cuentas personales . Yo al menos dos cuentas una personal y otra relacionado con esto", "date": "2021-11-28 22:04:05"}, {"id_message": 47143544800, "message": "Yo estaba haciendo un ayuno de 20/4 de nuevo y comer poco y tomar arto y agua .", "date": "2022-01-06 01:37:59"}, {"id_message": 16567861222, "message": "Pero hace poco el pap\u00e1 de mis hijos envi\u00f3 unas papas con queso y carne", "date": "2022-01-06 01:38:21"}, {"id_message": 96859333470, "message": "Comi y fui a vomitar", "date": "2022-01-06 01:38:26"}, {"id_message": 11904837035, "message": "Aparte cuando vomito me desespero", "date": "2022-01-06 01:38:35"}, {"id_message": 28169260863, "message": "Quiero vomitar vomitar y botar todo", "date": "2022-01-06 01:38:43"}, {"id_message": 16718152238, "message": "No se si a alguien m\u00e1s le pasa", "date": "2022-01-06 01:38:49"}, {"id_message": 6208402140, "message": "\ud83d\ude2d", "date": "2022-01-06 01:38:51"}, {"id_message": 28531199953, "message": "Naah si lo bueno que vivo sola con mis hijos . Pero del ba\u00f1o a sus dormitorio no se escucha", "date": "2022-01-06 01:43:14"}, {"id_message": 26718377681, "message": "Pero no se como controlar la desesperaci\u00f3n que me da al vomitar", "date": "2022-01-06 01:43:35"}, {"id_message": 98956923868, "message": "Yo desayuno a las 12 . Caf\u00e9 y algo poco para comer Y almuerzo a las 2pm y como poco . M\u00e1s tomo te", "date": "2022-01-06 02:13:59"}, {"id_message": 16141215112, "message": "Y ejercicios . Empeze hacer en la ma\u00f1ana y tarde Pero hoy en la tarde no hice \ud83d\ude2d", "date": "2022-01-06 02:14:26"}, {"id_message": 44537120869, "message": "Me agregas porfavor \ud83e\udd7a", "date": "2022-04-11 21:13:29"}, {"id_message": 40918186211, "message": "A mi me sale f\u00e1cil vomitar \ud83d\ude05 No he podido vomitar ya que como estaba en casa de mi madre . \ud83d\ude13 Pero como volv\u00ed a mi casa . Estoy retomando todo . Y cerr\u00e9 mi cuenta de instagram y perd\u00ed la clave pff me tuve que hacer otra \ud83d\ude15", "date": "2022-05-13 21:12:52"}]