[{"id_message": 66827223582, "message": "Yo tengo una norma . Un helado no estropea tu dieta al igual que una ensalada no la arregla", "date": "2019-07-23 13:31:58"}, {"id_message": 21959217120, "message": "Eso no ha sonado muy bien ...", "date": "2019-07-24 11:23:31"}, {"id_message": 71923789454, "message": "Entre lo de limpiar el polvo y esto ...", "date": "2019-07-24 12:32:31"}, {"id_message": 69573786708, "message": "Lu no seas cochina ! \ud83d\ude44", "date": "2019-07-24 12:48:18"}, {"id_message": 10237478567, "message": "Ya , ya . Eso dicen todas", "date": "2019-07-24 13:26:35"}, {"id_message": 48502410554, "message": "En el grupo de switch seguro que te ayudan \ud83d\ude1d \ud83d\ude1d \ud83d\ude1d", "date": "2019-07-25 20:26:46"}, {"id_message": 69891730239, "message": "Puede ser por varios factores . Falta de dorsiflexion de tobillo , una pobre extensi\u00f3n tor\u00e1cica , falta de movilidad en hombros ...", "date": "2019-07-25 20:28:13"}, {"id_message": 95053888953, "message": "Tranquilo Juli\u00e1n . A priori no es trol . Est\u00e1 en un grupo en com\u00fan de videoconsolas .", "date": "2019-07-25 20:28:59"}, {"id_message": 37163968246, "message": "Chequea esos puntos . Dorsiflexion de tobillos , movilidad de hombros y extensi\u00f3n de tronco .", "date": "2019-07-25 21:02:58"}, {"id_message": 18306371019, "message": "Y \u00e9chale un vistazo a este post que te dir\u00e1 el motivo de porque al bajar tu cuerpo se \" echa para delante \"", "date": "2019-07-25 21:04:23"}, {"id_message": 71958890247, "message": "Buenos d\u00edas casi tardes zagales", "date": "2019-07-26 11:40:36"}, {"id_message": 64386663473, "message": "Aqu\u00ed os dejo una info bastante chula", "date": "2019-07-26 11:40:49"}, {"id_message": 98683916082, "message": "Entrenamiento de Core mejor\u00f3 la econom\u00eda de la carrera .", "date": "2019-07-26 11:41:25"}, {"id_message": 6726220465, "message": "Ahora ya sab\u00e9is , que quien hace running tiene que entrenar la fuerza en piernas y el Core .", "date": "2019-07-26 11:41:45"}, {"id_message": 64051149156, "message": "Qu\u00e9 tipo de hiit haces ?", "date": "2019-07-26 12:42:52"}, {"id_message": 83382326395, "message": "Y .. Ahora es cuando me dices que running ... \ud83d\ude35", "date": "2019-07-26 12:43:11"}, {"id_message": 50142470332, "message": "Y qu\u00e9 tipo de hiit es ese ? \ud83e\udd14", "date": "2019-07-26 12:43:58"}, {"id_message": 94688110248, "message": "Un buen pepino ! Si se\u00f1or !", "date": "2019-07-26 18:22:01"}, {"id_message": 9400926291, "message": "Entre eso y los pelotazos ...", "date": "2019-07-27 12:20:22"}, {"id_message": 42563621119, "message": "Felicidades ! ! Cu\u00e1ntos caen ya ? \ud83e\udd2d", "date": "2019-07-27 12:23:25"}, {"id_message": 52907901908, "message": "Quw tiene malas ocurrencias", "date": "2019-07-28 17:27:04"}, {"id_message": 19970545202, "message": "Tu ya lo s\u00e9 ! Que te pimplas las bolsas de pelotazos dobladas ! !", "date": "2019-07-28 17:28:59"}, {"id_message": 83252094322, "message": "Cubatas ? Qui\u00e9n te ha dicho que fueran cubatas ? \ud83e\udd14", "date": "2019-07-28 17:56:11"}, {"id_message": 48161134904, "message": "Era zumo de pi\u00f1a", "date": "2019-07-28 18:02:11"}, {"id_message": 71656021093, "message": "Entrenar ? Doy gracias que hago las funciones vitales b\u00e1sicas ...", "date": "2019-07-28 20:04:20"}, {"id_message": 19647964276, "message": "La parte de BCAA's te ayudo yo", "date": "2019-07-29 15:10:16"}, {"id_message": 86081980223, "message": "0 p\u00e1ginas para ese apartado \ud83d\ude1d", "date": "2019-07-29 15:10:36"}, {"id_message": 26440963233, "message": "El doctor Neal Barnard no se cansa de exponer que el queso ( en todas sus formas ) favorece el sobrepeso , sube el colesterol perjudicial , eleva la presi\u00f3n sangu\u00ednea , provoca diabetes y favorece las enfermedades autoinmunes", "date": "2019-07-29 15:14:33"}, {"id_message": 56246031532, "message": "Si encuentras un art\u00edculo cient\u00edfico , referenciamelo .", "date": "2019-07-29 15:14:56"}, {"id_message": 75353394474, "message": "Est\u00e1s de acuerdo con el doctor ?", "date": "2019-07-29 15:15:39"}, {"id_message": 48436916188, "message": "Bebe leche , pijo ! Y si no puedes comer animal t\u00f3mala vegetal . Pero bebe leche . Natural igual que el queso !", "date": "2019-07-29 15:20:11"}, {"id_message": 47951691656, "message": "El caso es que al digerirse el queso libera unas sustancias qu\u00edmicas llamadas casomorfinas ( una sustancia estructuralmente parecida a las endorfinas que genera una agradable sensaci\u00f3n de bienestar ) y que provocan una fuerte adicci\u00f3n . Las casomorfinas se adhieren a los receptores de opi\u00e1cidos del cerebro , provocando un efecto calmante muy parecido a la manera en que lo hacen la hero\u00edna y la morfina . INI_BOLD Y dado que el queso tiene un contenido concentrado de casomorfinas , puede ser llamado el crack l\u00e1cteo . END_BOLD", "date": "2019-07-29 15:35:45"}, {"id_message": 88649168270, "message": "En serio ? \ud83d\ude05", "date": "2019-07-29 15:35:56"}, {"id_message": 20841833214, "message": "Parece fake la noticia ... \ud83d\ude05", "date": "2019-07-29 17:59:01"}, {"id_message": 65911437634, "message": "La de esta anuncio \u261d\ud83c\udffb", "date": "2019-07-29 22:43:39"}, {"id_message": 76874225237, "message": "Es que ... Eso lo hago yo cuando me masco el costillar de Foster \ud83d\ude2c", "date": "2019-08-02 22:32:33"}, {"id_message": 74638032344, "message": "A los pelotazos le gusta esto", "date": "2019-08-02 22:35:39"}, {"id_message": 65975916402, "message": "Es qu\u00e9 no estaban juntos ? \ud83e\udd14", "date": "2019-08-04 10:14:36"}, {"id_message": 49461212056, "message": "F\u00edjate , que has dicho lo del rey y me he puesto a mirar el noticiario . Y me he dado cuenta ... Cuaaaantos a\u00f1os llevaba sin leer / ver noticias . Hace tiempo que dej\u00e9 de ver la tv ...", "date": "2019-08-04 10:36:11"}, {"id_message": 44172459031, "message": "Es la testosterona , en el verano la bolsa escrotal se desprende del cuerpo . Por lo que la distribuci\u00f3n de la misma es m\u00e1s pobre ...", "date": "2019-08-05 16:14:21"}, {"id_message": 17354526899, "message": "Adem\u00e1s de suplementarte . La sarcopenia est\u00e1 a la vuelta de la esquina", "date": "2019-08-05 16:37:45"}, {"id_message": 1444438959, "message": "Ha sido la fama por el libro", "date": "2019-08-05 16:38:22"}, {"id_message": 82421775520, "message": "Uh ! Es algo muy malo ! Viene con la diapenia tambi\u00e9n ! Y t\u00fa pasar\u00e1s por ello si no te pones a entrenar ya !", "date": "2019-08-05 16:53:04"}, {"id_message": 90035108788, "message": "\u26bd \u26bd \u26bd", "date": "2019-08-05 16:53:17"}, {"id_message": 79032159208, "message": "Comes un pelotazo y comepelotazos te llaman", "date": "2019-08-05 16:58:11"}, {"id_message": 74705157464, "message": "Ya ya , eso dicen todas", "date": "2019-08-05 17:51:22"}, {"id_message": 31362223542, "message": "Es normal ... Est\u00e1 haciendo un trabajo . No es menos digno por querer que ese trabajo que ha hecho quiera que se le remunere .", "date": "2019-08-05 19:53:19"}, {"id_message": 1693906339, "message": "La parte positiva de Ismael es que tiene un nombre ya . Y se sabe que lo que postee merece la pena . No es vendehumos o alguien que te quiere endosar algo", "date": "2019-08-05 19:57:12"}, {"id_message": 16700314868, "message": "De igual manera , el post era para informar acerca del famoso cardio en ayunas", "date": "2019-08-05 19:57:38"}, {"id_message": 11421231988, "message": "I know . Pero da un poco de informaci\u00f3n , que esclarece algo el tema", "date": "2019-08-05 20:02:28"}]