[{"id_message": 64514248720, "message": "hombre la fuerza de voluntad jodida jajaj", "date": "2020-04-08 02:23:56"}, {"id_message": 47774200985, "message": "y tu que tal llevas ma cuarentena por cierti", "date": "2020-04-08 02:25:07"}, {"id_message": 64631247004, "message": "necesito salirrr a moverme o algo ahg", "date": "2020-04-08 02:27:59"}, {"id_message": 91600737336, "message": "que mal en verdad", "date": "2020-04-08 02:33:03"}, {"id_message": 60889042244, "message": "cuando se supone que acaba ?", "date": "2020-04-08 02:33:10"}, {"id_message": 87125532514, "message": "En espa\u00f1a ni idea ...", "date": "2020-04-08 03:12:21"}, {"id_message": 58316694757, "message": "aqu\u00ed cuando sales te pones guantes y mascarilla y ya , si vas al supermercado haces una fila y cuando te toque pero sin mas", "date": "2020-04-08 03:45:09"}, {"id_message": 90247579698, "message": "bua no hab\u00eda visto todos estos mensajes", "date": "2020-04-09 01:08:46"}, {"id_message": 23480155999, "message": "yo no me he presentado tampoco todav\u00eda ... as\u00ed que there we go", "date": "2020-04-09 05:15:01"}, {"id_message": 14173571870, "message": "Yo me llamo mery y soy de espa\u00f1a uwu", "date": "2020-04-09 05:15:29"}, {"id_message": 17993368219, "message": "Ah co\u00f1o eso tambi\u00e9n", "date": "2020-04-09 05:17:11"}, {"id_message": 83530877977, "message": "yo estoy mazo fat por que no consigo nada ... envidia", "date": "2020-04-09 05:17:48"}, {"id_message": 16157792835, "message": "Siempre intento pensar as\u00ed pero jo pierdo la fuerza de voluntad", "date": "2020-04-09 05:18:38"}, {"id_message": 25213542645, "message": "Mido como 1 ' 71 y igual peso unos 70kg por ahi", "date": "2020-04-09 05:19:14"}, {"id_message": 31606086163, "message": "ya he bajado unos 5 pero igual en 2 meses por que soy una \ud83e\udd21 \ud83e\udd21", "date": "2020-04-09 05:20:34"}, {"id_message": 38848208792, "message": "Ya , me apunto todo a partir de ahora mejor", "date": "2020-04-09 05:20:53"}, {"id_message": 50784373795, "message": "Ya , intento dormir a veces para no comer o bebo agua en vez de comer", "date": "2020-04-09 05:21:54"}, {"id_message": 5346812473, "message": "tengo bastante ansiedad asu que no me pasa", "date": "2020-04-09 05:22:15"}, {"id_message": 64796760339, "message": "tu como sueles hacerlo ? Si no te molesta que pregunte", "date": "2020-04-09 05:22:35"}, {"id_message": 93419386361, "message": "Manzanas llenan bastante y no engordan nada y son geniales as\u00ed que ... si", "date": "2020-04-09 05:23:20"}, {"id_message": 2488629699, "message": "pfff vale ma\u00f1ana intentar\u00e9 hacerlo a ver", "date": "2020-04-09 05:25:01"}, {"id_message": 50471091275, "message": "OYE QUE NUNCA CONSIGO PASAR UN DIA SIN SALTARME LA PUTA DIETA AHG QUE MAL", "date": "2020-04-10 06:29:06"}, {"id_message": 37833616474, "message": "... tu hermano ni puto caso", "date": "2020-04-10 06:32:05"}, {"id_message": 89977537123, "message": "no dejes que te desanime tu propio hermano", "date": "2020-04-10 06:32:44"}, {"id_message": 4893332272, "message": "pero luego pierdo a mitad del dia", "date": "2020-04-10 06:35:51"}, {"id_message": 52585412809, "message": "y me pongo peor", "date": "2020-04-10 06:35:56"}, {"id_message": 81881568143, "message": "Tu d donde eres", "date": "2020-04-11 09:09:28"}, {"id_message": 38389533366, "message": "Se podr\u00eda ir mejor", "date": "2020-04-11 09:34:20"}, {"id_message": 57145464975, "message": "Sabeis de una app que cuente las calor\u00edas pero que sea f\u00e1cil de usar ?", "date": "2020-04-11 11:16:48"}, {"id_message": 31066732911, "message": "Xq son todas un lio", "date": "2020-04-11 11:16:51"}, {"id_message": 37676055825, "message": "pero as\u00ed se est\u00e1 bien tambi\u00e9n no ?", "date": "2020-04-11 11:21:17"}, {"id_message": 57932231235, "message": "Llevo todo lo que lleva de d\u00eda llorando ahgg tanto me costaba nacer flaca", "date": "2020-04-11 11:23:20"}, {"id_message": 523130698, "message": "encima vivo en Bizkaia que no est\u00e1 tan lejos de Asturias", "date": "2020-04-11 13:23:26"}, {"id_message": 94890789744, "message": "Igual un par de horas", "date": "2020-04-11 13:23:31"}, {"id_message": 49222789074, "message": "Pff yo he empezado hoy el reto ese de pocas calorias", "date": "2020-04-13 21:31:46"}, {"id_message": 82303150814, "message": "Pff pero eso es peor por que no ayuda a tu metabolismo para nada", "date": "2020-04-14 02:39:12"}, {"id_message": 78947960918, "message": "yo suelo comer un par de veces un plato de almuerzo con pocas cal pero que me mantenga sin hambre y as\u00ed no como entre el almuerzo y cena", "date": "2020-04-14 02:39:50"}, {"id_message": 29692267853, "message": "y luego cena algo m\u00e1s suave o directamente nad", "date": "2020-04-14 02:40:03"}, {"id_message": 42605295927, "message": "Sale ba\u00f1arse a cada hora", "date": "2020-04-17 04:36:18"}, {"id_message": 58228923671, "message": "y sabes de algo que te haga vomitar ?", "date": "2020-04-17 04:40:45"}, {"id_message": 36931332888, "message": "es que en plan yo con los dedos ya no puedo ni tener aracadad", "date": "2020-04-17 04:41:03"}, {"id_message": 34868835370, "message": "Beber un vaso o que", "date": "2020-04-17 04:41:35"}, {"id_message": 60900183508, "message": "Crees que te sirve ? ?", "date": "2020-04-17 04:59:11"}, {"id_message": 38860807665, "message": "Nos cuentas a ver", "date": "2020-04-17 04:59:35"}, {"id_message": 24732362908, "message": "perd\u00f3n por la ausencia aaa", "date": "2020-04-21 06:44:29"}, {"id_message": 23025685302, "message": "eh que esta pasando", "date": "2020-04-21 06:44:34"}]