[{"id_message": 39769598697, "message": "Hola soy Janny \ud83d\udc4b\ud83c\udffb 74kg Meta 60 o menos 37 a\u00f1os M\u00eda", "date": "2022-04-16 02:58:28"}, {"id_message": 99897565364, "message": "Yo tambi\u00e9n \ud83d\udc4f\ud83c\udffb \ud83d\udc4f\ud83c\udffb", "date": "2022-04-16 03:02:09"}, {"id_message": 84160089259, "message": "Yo por igual necesito ayuda", "date": "2022-04-16 03:02:29"}, {"id_message": 7606534714, "message": "Yo tambi\u00e9n \ud83d\ude2a \ud83d\ude2a", "date": "2022-04-18 23:18:48"}, {"id_message": 80662060671, "message": "Hola que app es", "date": "2022-04-20 04:48:10"}, {"id_message": 17595577069, "message": "Wow ! ! te ves genial", "date": "2022-04-21 16:42:34"}, {"id_message": 1504806640, "message": "Quiero bajar de peso \ud83d\ude2d \ud83d\ude14", "date": "2022-04-21 16:58:14"}, {"id_message": 33261495994, "message": "Estar bella como uds \ud83d\ude0d", "date": "2022-04-21 16:58:26"}, {"id_message": 9209358870, "message": "\ud83d\ude14 \ud83d\ude14", "date": "2022-04-21 17:00:09"}, {"id_message": 82940426399, "message": "He subido de peso \ud83d\ude2d \ud83d\ude2d \ud83d\ude2d", "date": "2022-05-05 18:18:58"}, {"id_message": 30055582953, "message": "X2 es fatal estar gorda y q te lo echen en cara como si uno quisiera estar asi", "date": "2022-05-07 00:33:34"}, {"id_message": 6753155250, "message": "Yo estoy mal cada vez subo m\u00e1s de peso", "date": "2022-05-07 00:38:41"}, {"id_message": 1523658621, "message": "Yo he comprado una talla m\u00e1s", "date": "2022-05-07 00:39:25"}, {"id_message": 18051247766, "message": "Y ahora con el calor q nada me puedo poner", "date": "2022-05-07 00:39:42"}, {"id_message": 69983488862, "message": "\ud83d\ude2d \ud83d\ude2d", "date": "2022-05-07 00:39:49"}, {"id_message": 36694078806, "message": "Vamos a echarle ganas tenemos q lucir bellas ser unas princesas", "date": "2022-05-07 01:02:44"}, {"id_message": 50558917182, "message": "Yo me deprimo mucho y es cuando como sin pensar", "date": "2022-05-07 01:02:59"}, {"id_message": 42136608314, "message": "Hac\u00eda ejercicio manten\u00eda mi peso en diciembre me operaron y me mandaron chocolate me obligaban a comerlo hace un me me pese y sub\u00ed de peso fue lo q me deprimio", "date": "2022-05-07 01:04:01"}, {"id_message": 79423209976, "message": "Es lo q pasa aunq se q la comida me hace da\u00f1o caigo en ella", "date": "2022-05-07 01:04:39"}, {"id_message": 6840386280, "message": "Y toma te calientito", "date": "2022-05-16 21:53:16"}, {"id_message": 17116201255, "message": "Ocasionalmente dulce , dulce ligth", "date": "2022-05-16 21:53:42"}, {"id_message": 41286097989, "message": "Yo estoy s\u00faper obesa \ud83d\ude2d \ud83d\ude2d tengo q bajar muchos kilos y cada vez q lo intento subo m\u00e1s , dejo de comer y subo", "date": "2022-05-24 19:40:17"}, {"id_message": 32884552233, "message": "Lo voy a intentar", "date": "2022-05-24 19:42:43"}, {"id_message": 30311627827, "message": "M\u00e1s complicado todo \ud83d\ude2d \ud83d\ude2d", "date": "2022-05-24 19:44:12"}]