[{"id_message": 34649292674, "message": "Uff aki donde yo vivo tienes suerte si puedes ver una peli .", "date": "2019-04-22 15:55:25"}, {"id_message": 32103649477, "message": "Yo soy d cuba", "date": "2019-04-25 19:51:41"}, {"id_message": 8700129864, "message": "Y depnde del tipo d ron q tomes.pq los reservas estan bien buenos", "date": "2019-04-25 19:57:39"}, {"id_message": 63483836655, "message": "Na esto esta bueno pero hay q tener $ pa vivir la parte q sirve .", "date": "2019-04-25 20:08:15"}, {"id_message": 88481257538, "message": "Si no estas jodio", "date": "2019-04-25 20:09:23"}, {"id_message": 88046123666, "message": "No realmente aki para poder tener una dieta rica en proteinas c pasa trabajo", "date": "2019-04-25 20:15:18"}, {"id_message": 28669492827, "message": "bastante pizza.pero con esa no aumentas ni una libra d masa muscular .", "date": "2019-04-25 20:17:39"}, {"id_message": 37252289815, "message": "Imaginate los q queremos mejorar el fisico .", "date": "2019-04-25 20:20:30"}, {"id_message": 6505588804, "message": "Y conseguir los suplementos", "date": "2019-04-25 20:22:26"}, {"id_message": 58902554666, "message": "Yo compre uno a 45 cuc dice q aumenta 6 lbs d masa magra", "date": "2019-04-25 20:25:03"}, {"id_message": 9056614624, "message": "Por eso es q aki la gente vive consumiendo dexametasona y testosterona .", "date": "2019-04-25 20:27:54"}, {"id_message": 71440484243, "message": "Mira a mi me paso lo mimso q a ti comence a bajar sin saber el pq . y comence a aumentar al incrementar las horas d sue\u00f1o .", "date": "2019-04-26 18:40:36"}, {"id_message": 27003634446, "message": "Pero tienes la rodilla inflamada o es solo dolor ?", "date": "2019-04-27 15:27:07"}, {"id_message": 14225117186, "message": "Yo los he tomado por corto tiempo y hasta ahora no me han echo da\u00f1o", "date": "2019-04-27 23:25:45"}, {"id_message": 12630175220, "message": "Si pero la cosa esta en eso.yo los use para salir de un bache en donde por mas q subiera el peso no aumentaba .", "date": "2019-04-27 23:31:51"}]