[{"id_message": 39430891837, "message": "Una preguntilla respecto a sentadilla en multipower ( si , los rocosos de verdad la hacen libre en rack etc etc ) . En mi gim hay una multipower con la guia de la barra inclinada . Para hacer sentadilla , en q lazo hay q ponerse ?", "date": "2019-03-04 19:38:46"}, {"id_message": 72359864583, "message": "Ni yo , en 15 a\u00f1os xd", "date": "2019-03-04 19:41:14"}, {"id_message": 24970140960, "message": "La inclinaci\u00f3n est\u00e1 algo exagerada .", "date": "2019-03-04 19:42:27"}, {"id_message": 23089828931, "message": "Si , he buscado y veo de todo . Hace 2 a\u00f1os tuve una hernia por una mala posici\u00f3n en multipower . Quer\u00eda estar seguro q desde entonces me da cierto respeto", "date": "2019-03-04 19:43:00"}, {"id_message": 94296172810, "message": "Los dos monitores me dicen q es como abajo . Pero yo veo que abajo hay una mayor resistencia cuando estas abajo y en la foto de arriba el esfuerzo es m\u00e1s uniforme", "date": "2019-03-04 19:44:12"}, {"id_message": 1113713792, "message": "Q es una especie de sentadilla hack", "date": "2019-03-04 19:44:36"}, {"id_message": 13096105929, "message": "Hab\u00e9is probado el queso quark del aldi ? Tiene mejores macros q el t\u00edpico queso batido", "date": "2019-03-04 19:48:03"}, {"id_message": 73766781481, "message": "Ya , si desde que me lesion\u00e9 no volv\u00ed a tocar una multipower para hacer sentadilla , q he obliga a un movimiento q quiz\u00e1 no sea el mejor para tu colocaci\u00f3n . Pero al cambiar de gim tengo el cacharro este", "date": "2019-03-04 20:08:31"}, {"id_message": 54329914420, "message": "Lo principal de la \u00e9poca de definici\u00f3n es adem\u00e1s de controlar dietas , no dejar de entrenar fuerza", "date": "2019-03-04 21:57:58"}, {"id_message": 63566956578, "message": "me pareci\u00f3 leer en una entrevista al chuache q nunca entrenaba brazo", "date": "2019-03-04 23:28:25"}, {"id_message": 87922802954, "message": "yop me hago un batidete de bcaa 4:1 : 1 y 5gr de gluta para intra", "date": "2019-03-05 00:03:44"}, {"id_message": 71868364891, "message": "En el golden axe", "date": "2019-03-05 00:44:27"}, {"id_message": 22259210321, "message": "Ufff tan pronto meter\u00eda algo de absorci\u00f3n r\u00e1pida tipo fruta , pl\u00e1tano , etc , sumado a tortillas de copos de avena etc", "date": "2019-03-05 20:27:27"}, {"id_message": 74794511318, "message": "Pero ligero porq en un wod quiz\u00e1 lo tires todo \ud83e\udd2e \ud83e\udd2e \ud83e\udd2e", "date": "2019-03-05 20:28:11"}, {"id_message": 11311625988, "message": "Es mi opini\u00f3n . Luego hay quien puede hacerse maratones en ayunas", "date": "2019-03-05 20:36:12"}, {"id_message": 46609309186, "message": "A ver si el resto de rocosos te dicen m\u00e1s", "date": "2019-03-05 20:36:22"}, {"id_message": 6107420340, "message": "Pero ten en cuenta q en teor\u00eda en ayunas est\u00e1s vac\u00edo de gluc\u00f3geno", "date": "2019-03-05 20:37:32"}, {"id_message": 76472029322, "message": "Te recomendar\u00eda llevarte un batidete de gluta y bcaa", "date": "2019-03-05 20:37:57"}, {"id_message": 66526069976, "message": "No pasa nada si me lo tomo no ?", "date": "2019-03-05 22:57:54"}, {"id_message": 35426556018, "message": "Bueno el de la derecha casi 2", "date": "2019-03-05 22:58:12"}, {"id_message": 30929219722, "message": "ese es el le\u00f1ador , no ?", "date": "2019-03-06 18:20:50"}, {"id_message": 73966847236, "message": "Las abs se ven cuando se define y se hace dieta , pero hay q pasarse un tiempo teniendo fe , mucha fe , porque normalmente no se ven los progresos xd \ud83d\ude02", "date": "2019-03-06 18:56:59"}, {"id_message": 48461358366, "message": "Yo empece el gim sin llegar a 5 abs y con 30 kilos de m\u00e1s xD . Tarde , pero ah\u00ed tengo mis 6pack", "date": "2019-03-06 19:22:41"}, {"id_message": 49025555515, "message": "La rueda yo dir\u00eda q hay q vigilar mucho el mantener la espalda con buena posici\u00f3n y no cargar la zona lumbar", "date": "2019-03-06 19:23:17"}, {"id_message": 83635491175, "message": "En el momento de la extensi\u00f3n", "date": "2019-03-06 19:23:39"}, {"id_message": 15611386919, "message": "Y de paso cortas el c\u00e9sped", "date": "2019-03-06 19:47:14"}]