[{"id_message": 84065474378, "message": "Hola , quisiera quitarme 7kilos \ud83d\ude13 alguien me puede ayudar", "date": "2022-01-02 06:14:33"}, {"id_message": 14757410045, "message": "Chicas como conseguir vomitar , yo hoy x mas que lo he intentado solo he dado arcas y ha salido muy poco", "date": "2022-01-04 22:45:57"}, {"id_message": 36380368822, "message": "Como mas dedos me meto el \u00edndice y coraz\u00f3n , pero me cuesta mucho", "date": "2022-01-04 22:47:55"}, {"id_message": 93508233293, "message": "Empec\u00e9 el domingo , ya tengo en mi cabeza que me tengo que quitar 7 , kills", "date": "2022-01-04 22:51:49"}, {"id_message": 71726008143, "message": "Pero solo vomitar muy poco , no logr\u00f3 quitarme todo del estoma", "date": "2022-01-04 22:52:45"}, {"id_message": 80309778098, "message": "Si , y se me han saltado algunas venitas peque\u00f1as de la cara", "date": "2022-01-04 22:56:24"}, {"id_message": 61345180042, "message": "Yo creo que es del esfuerzo", "date": "2022-01-04 22:56:44"}, {"id_message": 44021606419, "message": "Que bien , me alegro , dinos el secreto", "date": "2022-01-05 00:21:06"}, {"id_message": 26746943687, "message": "Chicas cada vez me cuesta vomitar m\u00e1s , como lo haceis", "date": "2022-01-08 01:21:01"}, {"id_message": 4105313128, "message": "Yo cuando tengo hombre tom\u00f3 un vaso de leche desnatada y sin lactosa , as\u00ed consigo quitarme mucha habr\u00e9 para la comida", "date": "2022-01-08 01:22:46"}, {"id_message": 32628769587, "message": "Pero es que me cuesta mucho vomitar", "date": "2022-01-08 01:23:21"}, {"id_message": 17246819013, "message": "Yo quiero , pero no me deja escribir", "date": "2022-01-09 21:19:14"}, {"id_message": 15600313892, "message": "Y para las personas que no podemos hacer casi deporte x una enfermedad , que podemos hace ? ?", "date": "2022-01-10 16:21:02"}, {"id_message": 9537416624, "message": "Eso intento , pero cuando comes en familia es un suplicio para mi", "date": "2022-01-10 16:30:32"}, {"id_message": 38393970626, "message": "Pues no te quiere mucho , pasa de el , ya te llegaran tiempos mejore", "date": "2022-01-16 01:15:50"}, {"id_message": 60545777300, "message": "Yo solo x la noche , me siento mal despu\u00e9s de cenar", "date": "2022-01-16 01:16:28"}, {"id_message": 97019724437, "message": "Intento cenar poco para intentar tolerarlo pero mi cabeza no me lo permite y voy derecha al ba\u00f1o", "date": "2022-01-16 01:17:46"}, {"id_message": 49529538188, "message": "Si , pero aunque coma poco ya me sienrto culpable", "date": "2022-01-16 01:19:23"}, {"id_message": 67337211950, "message": "Sin embargo la comida no la llevo mal", "date": "2022-01-16 01:20:02"}, {"id_message": 47674125155, "message": "Hola , los duelen los ojos por el d\u00eda ? ?", "date": "2022-01-18 23:24:58"}, {"id_message": 94671111079, "message": "Por el cuerpo que tienes , ya me gustar\u00eda estar yo tambi\u00e9n asi", "date": "2022-01-20 14:20:11"}, {"id_message": 6935611998, "message": "El otro d\u00eda hab\u00eda una chica que se provocaba el vomito con el abdomen", "date": "2022-01-20 14:31:02"}, {"id_message": 35621134424, "message": "Pero ahora no se quien es \ud83d\ude2c", "date": "2022-01-20 14:31:27"}, {"id_message": 75617522206, "message": "Pues si alguien sabe que me lo esplique como es xfa", "date": "2022-01-20 16:27:43"}, {"id_message": 90392239812, "message": "Yo suelo tomar ducolaxo", "date": "2022-01-20 23:11:02"}, {"id_message": 11944769181, "message": "Hola beb\u00e9 mucha agua entre las comidas", "date": "2022-03-04 08:27:43"}, {"id_message": 15913936627, "message": "Daros un bote de confianza entre vosotras mismas no puedes decir a todo cero , eso no est\u00e1 bien , se puede adelgazar pero con alegr\u00eda yo no veo bien esas etiquetas todo cero , pues no es asi", "date": "2022-03-04 09:12:48"}, {"id_message": 67632887331, "message": "A mi tambi\u00e9n me pasa , beb\u00e9 mucha agua y haz un ligero masaje en la campanilla", "date": "2022-03-05 01:02:06"}, {"id_message": 27109977045, "message": "Chicas los duele la garganta al vomitar ? ?", "date": "2022-03-06 00:01:31"}, {"id_message": 28047534181, "message": "Yo hoy he tenido uno \ud83d\ude2d", "date": "2022-03-08 23:16:58"}, {"id_message": 78068782103, "message": "Chicas como se sabe cuando se acaba de vomitar todo ? ? ?", "date": "2022-03-08 23:18:45"}, {"id_message": 35054206166, "message": "Han tra\u00eddo pizza y me la he comido con ans\u00edas", "date": "2022-03-08 23:19:49"}, {"id_message": 44496573674, "message": "Creo que el genjibre", "date": "2022-03-09 16:10:13"}, {"id_message": 27025611732, "message": "\ud83d\ude48 \ud83d\ude48 \ud83d\ude48 Con dos te sobra mujer , no seas bestia", "date": "2022-03-10 05:47:53"}, {"id_message": 29009921705, "message": "Bebe agua mucha agua", "date": "2022-03-10 05:49:26"}, {"id_message": 42834329143, "message": "Yo no \ud83d\ude2c", "date": "2022-03-10 07:26:35"}, {"id_message": 19406826255, "message": "Lo tuvimos que quitar X un problemilla al dar el n\u00famero de tel\u00e9fono", "date": "2022-03-13 23:21:02"}, {"id_message": 30204542106, "message": "Tenemos otro aqu\u00ed en Telegram", "date": "2022-03-13 23:21:46"}, {"id_message": 8675803369, "message": "Os paso el enlace X si los interesa", "date": "2022-03-13 23:22:13"}, {"id_message": 29968815549, "message": "Se trata de comer sano , todo el mundo puede participar , da igual de lo que sea , belleza , dietas , cosas que nos hagan sentir mejor y mejorar a nosotras mismas compartir informaci\u00f3n", "date": "2022-03-13 23:35:16"}, {"id_message": 97376908439, "message": "Yo ahora tengo ansiedad , como y voy al ba\u00f1o y no me sale nada al vomitar , me duele la garganta ya de tanta veces intentarlo , pero tengo k sacarlo como sea , k hago , ayuda pliss", "date": "2022-03-16 22:04:47"}, {"id_message": 91631074820, "message": "Si , despu\u00e9s tambi\u00e9n voy a esperar un poco y lo vuelvo a intentar , a ver si puedo X k ya me duele la garganta", "date": "2022-03-16 22:20:37"}, {"id_message": 91044099699, "message": "Jooo , esque tengo mucho ansiedad y no se como controlarla", "date": "2022-03-16 22:21:08"}, {"id_message": 2263725110, "message": "Tambi\u00e9n , pero me siento mal", "date": "2022-03-16 22:27:47"}, {"id_message": 22862964097, "message": "Lo intentar\u00e9 X \u00faltima ver y si no sale , me dare X rendida", "date": "2022-03-16 22:28:38"}, {"id_message": 47066614933, "message": "\ud83d\ude16 \ud83d\ude16", "date": "2022-03-16 22:28:48"}, {"id_message": 20943712412, "message": "Si , he vuelto a intentarlo y nada , as\u00ed que me rindo por hoy", "date": "2022-03-16 23:25:06"}, {"id_message": 38469736430, "message": "Comidas F\u00e1ciles : - Vegetales Ervidos , Cualquiera , Ya sea ( Tomate , Zapallo , Zanaoria Etc . ) - Frutas , ( Banana , Naranja , Mango , Durazno ) - Tortas ( Acompa\u00f1adas de Mucha Agua ) - Galletas de Chocolate ( Tambien , Acompa\u00f1adas de Suficiente Agua ) - Helado , ( Del Gusto que Quieras & La Cantidad que Desees ) - Cremas , Dulce de Leche , Flanes , Etc . Cosas Malas de Vomitar : - Carnes Rojas ( En General si No Lo Tricturas en Tu Boca . , Puedes llegar a Atragantarte Y Morirte . ) - Chocolate ( De Ser Facil En Vomitar Lo Es , Pero Su Sabor de Regreso es Horroroso , Asqueroso ) - Picantes , ( Como Salsas , Arden la Gargante al Volver , Es Repugnante , Creeme No lo Recomiendo ) - Manzana , ( Al Llegar Al Estomago , Se Vuelve Mas Pesado de Vomitar , & Cuesta Mas . ) - Panes , O Alimentos que Contengan Harina , ( Solo si Tomas Demasiado Liquido , Porque Si No , Se Volvera Una Masa )", "date": "2022-03-18 22:29:58"}, {"id_message": 31711369355, "message": "Has ido alguna vez mas ?", "date": "2022-03-18 23:53:48"}, {"id_message": 12923181243, "message": "No puedo dedirte nada , no he estado nunca", "date": "2022-03-18 23:59:23"}]