[{"id_message": 60137608571, "message": "Buenas , alguna tabla buena para entrenamiento semanal en gimnasio ?", "date": "2019-06-25 22:09:35"}, {"id_message": 1218138788, "message": "A pagar en donde ?", "date": "2019-06-25 22:22:19"}, {"id_message": 96370777778, "message": "En mi gimnasio no me hacen la tabla ni pagando", "date": "2019-06-25 22:22:34"}, {"id_message": 6459254338, "message": "Dicen que no es un servicio", "date": "2019-06-25 22:22:46"}, {"id_message": 13464843948, "message": "Desgraciadamente soy ignorante y pido consejo antes que hacerlo mal o lesionarme", "date": "2019-06-25 22:23:43"}, {"id_message": 33046457661, "message": "Me gustar\u00eda saber qu\u00e9 ejercicios hacer a la semana en el gimnasio . Sin embargo voy a estudiar por mi cuenta y luego pido consejo .", "date": "2019-06-25 22:50:24"}, {"id_message": 12445312683, "message": "Que complementos me recomend\u00e1is para perder grasa ?", "date": "2019-07-08 16:53:50"}, {"id_message": 20701453410, "message": "Ya llevo una dieta equilibrada .", "date": "2019-07-08 16:54:06"}, {"id_message": 95925028077, "message": "Nunca he tomado nada .", "date": "2019-07-08 16:54:26"}, {"id_message": 18630596960, "message": "Y ser\u00eda mi primer suplemento .", "date": "2019-07-08 16:54:37"}, {"id_message": 4352811360, "message": "No lo quiero todo facil", "date": "2019-07-08 20:25:42"}, {"id_message": 22025808721, "message": "La dieta la hago", "date": "2019-07-08 20:25:46"}, {"id_message": 68135867497, "message": "Solo quer\u00eda algo mas", "date": "2019-07-08 20:25:57"}, {"id_message": 84982337464, "message": "Probar\u00e9 con te verde", "date": "2019-07-08 20:26:05"}, {"id_message": 24012184428, "message": "Si , tambi\u00e9n lo hago por supuesto . Gracias", "date": "2019-07-08 20:34:24"}, {"id_message": 84724417294, "message": "Muchas gracias por tu sugerencia , educaci\u00f3n y no prejuicios sobre mi persona .", "date": "2019-07-08 21:53:09"}, {"id_message": 77647627161, "message": "Por supuesto , te har\u00e9 caso .", "date": "2019-07-08 21:53:28"}, {"id_message": 50536860975, "message": "Puedes decir que es cada cosa ? Por favor . Muchas gracias", "date": "2019-07-13 16:30:50"}, {"id_message": 67633100408, "message": "Buenas , que snacks saludables recomend\u00e1is ?", "date": "2019-07-13 19:15:46"}, {"id_message": 14153490976, "message": "No sirven los del super ?", "date": "2019-07-13 19:17:20"}, {"id_message": 16146564333, "message": "Muchas gracias por tu recomendaci\u00f3n", "date": "2019-07-13 19:17:28"}, {"id_message": 37718893548, "message": "Los yogures de prote\u00ednas del Mercadona los veis bien ?", "date": "2019-07-13 19:20:03"}, {"id_message": 97908854326, "message": "No est\u00e1 nada mal . Saludable . Muchas gracias", "date": "2019-07-13 19:40:53"}, {"id_message": 60136448443, "message": "A los normales cuales te refieres ? Los sin az\u00facar o sabores ?", "date": "2019-07-13 19:41:13"}, {"id_message": 8473063074, "message": "Esto es saludable ? Pensaba que no .", "date": "2019-07-13 19:42:28"}, {"id_message": 75082066448, "message": "Alguien sabe como se hace este ejercicio ?", "date": "2019-07-17 20:36:06"}, {"id_message": 86838280984, "message": "Lo busqu\u00e9 y no est\u00e1 .", "date": "2019-07-17 20:54:40"}, {"id_message": 49006687673, "message": "Vale , ya lo encontr\u00e9 !", "date": "2019-07-17 20:55:09"}, {"id_message": 64268803791, "message": "Parece un burpee . Lo gracioso es que tambien tengo Burpees .", "date": "2019-07-17 20:55:52"}, {"id_message": 97194934928, "message": "Exacto . Y dando tres saltitos .", "date": "2019-07-17 20:56:57"}, {"id_message": 22328285027, "message": "Si peso 100 kg tengo que hacer sentadillas con 200 kgs ? ? ? ! ! ! ? ?", "date": "2019-07-17 23:01:26"}, {"id_message": 65788854557, "message": "Eso no puede ser real .", "date": "2019-07-17 23:01:36"}, {"id_message": 6652582555, "message": "Y ser\u00e1 verdad , ajajaj", "date": "2019-07-21 13:56:15"}, {"id_message": 48524914254, "message": "Hola Lu , una pregunta si no te incomoda , eres la de la foto de tu perfil ? Muchas gracias", "date": "2019-08-04 17:37:02"}, {"id_message": 20434793078, "message": "Ya ya . Solo era una pregunta offtopic , no volver\u00e1 a ocurrir . Lo siento .", "date": "2019-08-04 18:00:57"}, {"id_message": 37300267341, "message": "Ah , vale , jeje . Muchas gracias por la respuesta tan amable e informativa . No suele ser habitual . Buen d\u00eda . Un saludo", "date": "2019-08-05 06:33:04"}]