[{"id_message": 10306032345, "message": "Hola . Podria alguien decirme si mi manera de entrenar es buena ?", "date": "2019-02-02 19:18:28"}, {"id_message": 41284724419, "message": "A la rutina me refiero", "date": "2019-02-02 19:18:39"}, {"id_message": 33186520168, "message": "Hago torso-pierna a 4 series todo . Para torso 2 ej de pecho , 2 espalda , 1 hombros , biserie biceps tr\u00edceps", "date": "2019-02-02 19:20:09"}, {"id_message": 16854472570, "message": "siempre voy cerca del fallo", "date": "2019-02-02 19:20:43"}, {"id_message": 24040681480, "message": "Vamos que no voy agustito en los ejercicios", "date": "2019-02-02 19:21:01"}, {"id_message": 76084656655, "message": "2 dias de torso y 2 de pierna por semana . De pierna se que entreno bien", "date": "2019-02-02 19:22:15"}, {"id_message": 22022739016, "message": "Pero luego no se si sera suficiente 2 ejercicios de biceps a la semana", "date": "2019-02-02 19:22:40"}, {"id_message": 25117115107, "message": "Me tienen que salir agujetas siempre ?", "date": "2019-02-02 19:23:54"}, {"id_message": 85208042194, "message": "O a que te refieres ?", "date": "2019-02-02 19:25:25"}, {"id_message": 7937236372, "message": "Yo os los digo , no los he dicho por no soltar una parrafada \ud83d\ude02", "date": "2019-02-02 19:33:32"}, {"id_message": 35591472217, "message": "Llevo un a\u00f1o y 3 meses", "date": "2019-02-02 19:34:08"}, {"id_message": 49649129873, "message": "Siempre he hecho torso pierna excepto los primeros meses que era full body", "date": "2019-02-02 19:34:50"}, {"id_message": 4064736268, "message": "La tecnica la hago bien , y el rango de recorrido completo . No como los tipicos que mucho peso y se quedan a mitad", "date": "2019-02-02 19:36:09"}, {"id_message": 52109792189, "message": "Si me \" duele \" la zona lumbar al hacer rueda abdominal , que estoy haciendo mal ?", "date": "2019-06-07 19:59:08"}, {"id_message": 36734479702, "message": "Otros dias no me ha pasado y hoy si", "date": "2019-06-07 19:59:23"}, {"id_message": 26658007740, "message": "Ya estaba antes en el grupo", "date": "2019-06-07 20:04:15"}, {"id_message": 1437760003, "message": "Gracias a todos \ud83d\udc4d \ud83d\udc4d", "date": "2019-06-07 20:17:19"}]