[{"id_message": 91771993228, "message": "Hola saludos para todos . Soy nueva en el grupo y es primera ves que participo .", "date": "2019-06-25 22:00:18"}, {"id_message": 87310740966, "message": "Quer\u00eda saber si alguno de ustedes sabe sobre el producto Carnitine ?", "date": "2019-06-25 22:01:08"}, {"id_message": 61629312010, "message": "Por supuesto para mujeres \ud83d\ude4f\ud83c\udffb", "date": "2019-06-25 22:02:17"}, {"id_message": 43659365726, "message": "Solo qu\u00e9 hay algunos que son espec\u00edficos para f\u00e9minas", "date": "2019-06-25 22:03:36"}, {"id_message": 75261433931, "message": "Me han dicho que es un quema grasa s\u00faper potente", "date": "2019-06-25 22:04:04"}, {"id_message": 29244856133, "message": "Pero nunca lo he usado", "date": "2019-06-25 22:04:16"}, {"id_message": 67461855740, "message": "Pues la verdad que no como embutidos", "date": "2019-06-25 22:06:01"}, {"id_message": 84213042594, "message": "Pero si alguien me recomienda alg\u00fan producto ?", "date": "2019-06-25 22:06:47"}, {"id_message": 75172840270, "message": "Hebalife lo use un periodo y no me funciona", "date": "2019-06-25 22:07:36"}, {"id_message": 52078616780, "message": "Pues tenia dos entrenamientos diarios y nada", "date": "2019-06-25 22:08:51"}, {"id_message": 49050791519, "message": "Si para ellos si", "date": "2019-06-25 22:08:56"}, {"id_message": 44017531440, "message": "Pues q mi no me funcion\u00f6", "date": "2019-06-25 22:09:16"}, {"id_message": 23681463107, "message": "Pues cardio hago siempre y pesas muy pocas", "date": "2019-06-25 22:10:03"}, {"id_message": 95287788139, "message": "Solo cuando hago gl\u00fateos", "date": "2019-06-25 22:10:18"}, {"id_message": 44318913942, "message": "Si me parece que debo cambiar el entrenamiento \ud83d\udcaa\ud83c\udffb", "date": "2019-06-25 22:10:44"}, {"id_message": 81001662045, "message": "De igual manera gracias por la colaboraci\u00f3n", "date": "2019-06-25 22:11:06"}, {"id_message": 59151630478, "message": "Siiii en la tarde solo verduras o un batido", "date": "2019-06-25 22:11:54"}, {"id_message": 94802147893, "message": "Gracias \ud83d\ude4f\ud83c\udffb", "date": "2019-06-25 22:12:02"}, {"id_message": 36640716779, "message": "Como m\u00e1s bien pargo a la plancha", "date": "2019-06-25 22:12:54"}, {"id_message": 54757303035, "message": "ESE es el problema", "date": "2019-06-25 22:13:30"}, {"id_message": 80797038828, "message": "Que me mantengo un mes con la misma rutina", "date": "2019-06-25 22:13:45"}, {"id_message": 94610529938, "message": "Pues si pero creo que no es tan malo", "date": "2019-06-25 22:14:20"}, {"id_message": 39043184307, "message": "Al final es carne blanca y no tiene grasa", "date": "2019-06-25 22:14:34"}]