[{"id_message": 93472647827, "message": "Hola , alguna hace deportes muchas veces por semana ? Me 5/6 veces . Me pasa que me canso mucho y me gustar\u00eda bajar un par de kilos en una semnaa", "date": "2021-08-13 19:47:57"}, {"id_message": 26368450963, "message": "Les pregunto porque adem\u00e1s de bajar necesito tener fuerza", "date": "2021-08-13 19:48:37"}, {"id_message": 84448077533, "message": "Tiene la foto de un chico . Yo en mi perfil tengo varias fotos , pero puse una random que baje de la web para que no me hablen los chicos . A veces ven fotos de chicas y se lanzan a chatear privado", "date": "2021-08-26 21:41:27"}, {"id_message": 67137960374, "message": "Abrazo gigante , estamos con vos . \u2764 \ufe0f \u2764 \ufe0f \u2764 \ufe0f", "date": "2021-10-13 20:49:32"}, {"id_message": 51767410897, "message": "Sisisi . Est\u00e1 muy buena la gu\u00eda", "date": "2021-11-24 13:42:20"}, {"id_message": 65998816740, "message": "\ud83d\udc4f \ud83d\udc4f \ud83d\udc4f", "date": "2021-11-24 16:14:19"}, {"id_message": 71117839994, "message": "Me pas\u00f3 lo mismo . No v\u00ed a esta persona en ning\u00fan grupo", "date": "2021-11-24 17:10:01"}, {"id_message": 73950454024, "message": "De todas maneras , m\u00e1s que una dieta me suena a algo m\u00e1s de psicomagia o algo as\u00ed", "date": "2021-11-24 17:11:10"}, {"id_message": 45226413927, "message": "Gracias por compartirlo \ud83e\udd26\ud83c\udffb\u200d\u2640 \ufe0f", "date": "2021-12-15 13:22:48"}, {"id_message": 92552449362, "message": "Perd\u00f3n , quise poner \u2665 \ufe0f", "date": "2021-12-15 13:22:59"}, {"id_message": 12230159148, "message": "El blog est\u00e1 muy bueno , acabo de mandar mail para suscribirme . Hermosas recetas bajas en calor\u00edas \u2665 \ufe0f \u2665 \ufe0f \u2665 \ufe0f \ud83e\udd17 \ud83e\udd17 \ud83e\udd17", "date": "2021-12-16 10:50:02"}, {"id_message": 20167156030, "message": "\u2665 \ufe0f \u2665 \ufe0f \u2665 \ufe0f \u2665 \ufe0f \u2665 \ufe0f", "date": "2021-12-19 20:08:55"}, {"id_message": 89536584059, "message": "Siiii \u2665 \ufe0f", "date": "2022-01-06 19:43:08"}, {"id_message": 93595190342, "message": "La gente es caca", "date": "2022-01-07 23:30:34"}, {"id_message": 76623277871, "message": "C\u00f3mo no tienen vida propia necesitan meterse en asuntos que no les competen", "date": "2022-01-07 23:30:53"}]