[{"id_message": 82329439471, "message": "estoy yendo al gym", "date": "2018-06-24 10:33:52"}, {"id_message": 10286109643, "message": "hago entrenos de trabajar zonas con superserie , y despues 20min de cardio , y despues dieta", "date": "2018-06-24 10:35:02"}, {"id_message": 54419013147, "message": "empece hace dos semanas , y ya se me nota un poco", "date": "2018-06-24 10:35:29"}, {"id_message": 98854607102, "message": "la dieta es el todo , si no la haces bien , no tendras resultados ... pero aunque no la hagas y trabajas en el gym , tambien vale la pena , te pones en forma", "date": "2018-06-24 11:52:07"}, {"id_message": 65678348304, "message": "conoceis a este ? , es un crack", "date": "2018-06-24 11:57:51"}, {"id_message": 21499523458, "message": "una pregunta , alguien sabe como puedo hacer el ejercicio pajaro en maquina para hombros ? , es decir , que tengo que hacerlo pero no esta la maquina en mi gym ... entonces necesito otro ejercicio que me trabaje lo que trabajaba con la maquina , gracias", "date": "2018-06-24 11:59:01"}, {"id_message": 71410491228, "message": "tronco paralelo al suelo es bocabajo en un banco entonces", "date": "2018-06-24 12:32:47"}, {"id_message": 42159780718, "message": "Tengo que hacer superserie press banca inclinado multipower + inclinado maquina", "date": "2018-06-25 11:55:40"}, {"id_message": 87631766361, "message": "Pero no hay maquina para hacer el inclinado maquina , sab\u00e9is como podr\u00eda hacerlo ? , gracias", "date": "2018-06-25 11:56:17"}, {"id_message": 106702397, "message": "Cuanto tarda el cuerpo en salir del estado de estar a la defensiva para empezar a quemar grasa ?", "date": "2018-06-26 09:35:34"}, {"id_message": 96839560231, "message": "Pero si estoy haciendo dieta y gym , al cabo de cuantos d\u00edas el cuerpo cede y empieza a deshacerse de la grasa ?", "date": "2018-06-26 09:41:51"}, {"id_message": 4787319889, "message": "Hago dieta 1200 cal . + entrene superseries con 30 min cardio", "date": "2018-06-26 09:42:17"}, {"id_message": 84086513341, "message": "No es que no tenga paciencia , es que me gustar\u00eda saber los d\u00edas aproximadamente , gracuas", "date": "2018-06-26 09:43:09"}, {"id_message": 40239219441, "message": "Estoy de acuerdo , yo hace much\u00edsimos a\u00f1os qno me peso", "date": "2018-06-26 13:32:37"}, {"id_message": 61887451493, "message": "El cuerpo se pone a la defensiva al ver qentran menos calor\u00edas , y tu tienes que ir quemando ... la pregunta es cuantos d\u00edas aprox.dura ese proceso hasta que el cuerpo cede y empieza a quemar la grasa abdominal ?", "date": "2018-06-26 13:33:59"}, {"id_message": 99600959433, "message": "deficit calorico todos los dias , despues ejercicio el que quieras", "date": "2018-06-28 19:37:44"}, {"id_message": 66795919063, "message": "hola , tengo que hacer remo maquina para espalda pero en mi gym no esta esa maquina , sabriais decirme que ejercicio podria hacer para sustituirlo ? , gracias cracks", "date": "2018-06-29 18:01:25"}, {"id_message": 28861746388, "message": "es que era una maquina que te sentabas de frente a ella y habian dos palos que tirabas hacia atras", "date": "2018-06-29 18:08:14"}, {"id_message": 73035989580, "message": "es que tengo que hacer triserie , polea pecho + polea baja + remo maquina , y esta ultima es la que hacia en esta maquina que ahora no esta en mi gym", "date": "2018-06-29 18:11:31"}, {"id_message": 22144250166, "message": "hago polea pecho , polea baja que es la que me dices , y me falta la ultima", "date": "2018-06-29 18:15:44"}, {"id_message": 15126190599, "message": "ok , entonces no hay otra manera de hacer este ejercicio ?", "date": "2018-06-29 18:16:48"}, {"id_message": 87049414323, "message": "que opinais de la dieta dukan ? , gracias", "date": "2018-07-04 20:01:49"}, {"id_message": 53862302932, "message": "segun he leido dice que entras en cetosis , al comer solo proteinas", "date": "2018-07-04 20:03:34"}, {"id_message": 35746707566, "message": "entonces para que nuestro cuerpo utilize la grasa , hay que comer proteina solo pero sin pasarse no ?", "date": "2018-07-04 20:17:20"}, {"id_message": 37996987278, "message": "eso es exactamente lo que estoy haciendo durante tres semanas , llevo perdidos unos 5-6 kilos", "date": "2018-07-04 20:19:23"}, {"id_message": 53272836651, "message": "claro , entonces estaba pensando en combinar mi entrenamiento-deficit calorico con dos o tres dias de solo proteina para entrar en cetosis , y una vez lo haga y mi cuerpo se adapte cambiar otra vez al gym-dieta", "date": "2018-07-04 20:20:29"}, {"id_message": 74197930760, "message": "gracias por tu consejo", "date": "2018-07-04 20:21:42"}, {"id_message": 204592168, "message": "mira este video que he encontrado", "date": "2018-07-04 20:22:05"}, {"id_message": 4493510998, "message": "Yo prefiero levantar peso , mi finalidad es definir , pero me encanta y me subo el peso", "date": "2018-07-05 18:26:30"}, {"id_message": 34531443851, "message": "Hay dia qno me puedo mover \ud83d\ude02", "date": "2018-07-05 18:27:08"}, {"id_message": 44596154599, "message": "alguien sabe donde venden el pan sin sal y sin azucar ? , en que super ? ... porque me he comprado el de mercadona que es bajo en sal y azucar , y el dependiente me ha contado el rollo de que todos los alimentos ... tal y tal", "date": "2018-07-06 22:03:27"}, {"id_message": 79553186518, "message": "Si aumento el peso en definici\u00f3n , y hago las 6 comidas de prote\u00edna bien ? ... tonific\u00f3 los m\u00fasculos ? , gracias", "date": "2018-07-10 10:43:49"}, {"id_message": 19716621028, "message": "Es decir , en las superseries voy aumentando de peso en cada serie", "date": "2018-07-10 10:52:22"}, {"id_message": 98314439564, "message": "Y si cambio la prote\u00edna que tomo de carne , por prote\u00edna de pescado ? ... es que estoy un poco atascado , gracias", "date": "2018-08-17 15:23:05"}, {"id_message": 2768782688, "message": "alguien sabe si hay un canal para consultar con abogados en telegram ?", "date": "2018-08-28 16:37:14"}]