[{"id_message": 54783533975, "message": "S\u00ed siempre la suelo meter", "date": "2022-11-02 12:48:05"}, {"id_message": 76163929741, "message": "Si tienes tiempo y te va bien guay , en mi caso hasta ahora hac\u00eda solo de 5 d\u00edas , empec\u00e9 con una de 4 dias y me est\u00e1 yendo muy bien , ya veremos si para el a\u00f1o que viene no tengo que hacer compra nueva de ropa", "date": "2022-11-28 09:53:14"}, {"id_message": 50233974228, "message": "Ayer me toc\u00f3 y no s\u00e9 para qu\u00e9 me molesto en hacer gemelo ...", "date": "2022-11-30 09:39:32"}, {"id_message": 11270687262, "message": "Sab\u00e9is donde hay ejemplos de dietas entre 2500 - 3000 kcal ? Quiero ponerme un poco en serio con esto y me gustar\u00eda ver algo orientativo .", "date": "2022-11-30 14:05:08"}, {"id_message": 99211444061, "message": "Vale gracias , doy la vuelta al pueblo como las se\u00f1oras y lo miro", "date": "2022-11-30 14:11:30"}, {"id_message": 77115449233, "message": "Se me ha fatigado el cuerpo al verla", "date": "2022-12-06 12:07:51"}, {"id_message": 6754597486, "message": "La mejor , tiene muchos nutrientes", "date": "2022-12-08 14:15:01"}, {"id_message": 40648315087, "message": "Mira Jeffrey Dahmer estaba fibrado y comiendo carne de humano", "date": "2022-12-08 14:18:01"}, {"id_message": 59000350067, "message": "Un amigo me envi\u00f3 esto para calcular , me quiero poner m\u00e1s enserio y me ha servido bastante", "date": "2022-12-10 17:21:34"}, {"id_message": 4037019575, "message": "Me doy cuenta a veces jajajja", "date": "2022-12-10 17:50:55"}, {"id_message": 81709333292, "message": "Claro , nadie nace aprendiendo", "date": "2022-12-10 17:51:26"}, {"id_message": 28297808092, "message": "Me recuerda a una rutina que vi en alg\u00fan lado que era de Angel . Push - Pull - Pierna - Torso", "date": "2022-12-10 18:46:58"}, {"id_message": 46745481192, "message": "Alguien de C\u00f3rdoba va al gym de la Torrecilla ?", "date": "2022-12-11 10:52:17"}, {"id_message": 29827599115, "message": "Has borrado justo cuando he contestado \ud83d\ude02", "date": "2022-12-11 11:02:39"}, {"id_message": 96268423992, "message": "A m\u00ed me ha ido bien en \u00e9pocas de estr\u00e9s", "date": "2022-12-11 11:03:18"}, {"id_message": 74570078377, "message": "Yo estoy con una divisi\u00f3n : L pecho y brazos , M espalda hombro , X Piernas y V fullbody", "date": "2022-12-12 14:14:14"}, {"id_message": 65049387193, "message": "Me est\u00e1 yendo bastante bien", "date": "2022-12-12 14:14:23"}, {"id_message": 72817023695, "message": "En archivos hace mil a\u00f1os sub\u00ed una rutina que hice con bandas en cuarentena", "date": "2022-12-12 17:00:05"}, {"id_message": 44487589020, "message": "S\u00ed , no tengo m\u00e1s de \u00e9l", "date": "2022-12-12 19:32:02"}, {"id_message": 85660207262, "message": "Hoy solo me toca ese de analitico de femoral , el viernes mejor", "date": "2022-12-14 11:13:21"}, {"id_message": 75271958116, "message": "No me gusta mucho esa m\u00e1quina , a la hora de meter la rodilla ah\u00ed se queda en muy mala posici\u00f3n", "date": "2022-12-14 14:14:22"}, {"id_message": 48302843087, "message": "Eso he estado buscando hoy , hay un canal en Youtube creo pero mejor que nos lo diga alguien de aqu\u00ed", "date": "2022-12-15 10:55:16"}, {"id_message": 1434093631, "message": "Buenos d\u00edas \ud83c\udf3b", "date": "2022-12-16 08:57:01"}, {"id_message": 82227983909, "message": "Pechito , b\u00edceps y tr\u00edceps", "date": "2022-12-19 17:24:39"}]