[{"id_message": 22478106674, "message": "El 90 % de lo que se ve en v\u00eddeos , revistas es mentira por desgracia", "date": "2019-01-25 10:42:29"}, {"id_message": 63964166453, "message": "Harina de avena con sabores , seguro que algo m\u00e1s barato y sino harina normal de avena y le metes una fruta", "date": "2019-01-25 11:58:21"}, {"id_message": 72213164199, "message": "Y apostartaria que para meter sabor o fructosa a\u00f1adida o bomba de azucar-maltodextrina", "date": "2019-01-25 11:59:18"}, {"id_message": 62358248280, "message": "Aunque no tengas prisa , siempre he abogado por lento y bueno", "date": "2019-01-26 00:02:55"}, {"id_message": 70151001558, "message": "Ya que nunca vas a tener el precio normal de ahora tengo que mejorar calidad", "date": "2019-01-26 00:03:08"}, {"id_message": 3020994989, "message": "Siempre estar\u00e1s al \" punto \"", "date": "2019-01-26 00:03:38"}, {"id_message": 1982049797, "message": "Si est\u00e1s pensando en usar suplementaci\u00f3n como consejo", "date": "2019-01-26 00:05:16"}, {"id_message": 59326354264, "message": "No vayas a por un gainer", "date": "2019-01-26 00:05:24"}, {"id_message": 53412674840, "message": "Prote\u00edna buena , y luego harina de avena , o maltodextrina ( yo no me agrada mucho )", "date": "2019-01-26 00:05:56"}, {"id_message": 96234478346, "message": "Si te vas a por un 50/50 ya comprato", "date": "2019-01-26 00:06:09"}, {"id_message": 35883990157, "message": "Te van a meter en la parte de hidratos az\u00facares simples para abaratar", "date": "2019-01-26 00:06:25"}]