[{"id_message": 79577729074, "message": "Bien en casa , contento , hoy tengo agujetas y eso me alegra", "date": "2019-05-03 22:17:01"}, {"id_message": 13218691397, "message": "Mi rutina es un grupo muscular por d\u00eda , 5 d\u00edas a la semana", "date": "2019-05-03 22:18:51"}, {"id_message": 36058936521, "message": "Mira te explico , brazo lo dejo para viernes , porque el brazo tarda mucho en recuperar", "date": "2019-05-03 22:20:01"}, {"id_message": 68160057996, "message": "Lunes espalda Martes hombro Mi\u00e9rcoles pecho Jueves espalda El orden da igual pero brazo viernes Antes que me preguntes Pierna hago sabado", "date": "2019-05-03 22:21:09"}, {"id_message": 1251175498, "message": "Yo no voy a discos ya tengo 41", "date": "2019-05-03 22:21:28"}, {"id_message": 47228225477, "message": "El secreto no est\u00e1 en el peso Esta en la ejecuci\u00f3n correcta Aislando bien los m\u00fasculos Una intensidad alta Con muchas repeticiones Y sobre todo , lo m\u00e1s importante Muy poco descanso entre series", "date": "2019-05-03 22:23:00"}, {"id_message": 54342626859, "message": "Lo puse mal Espalda Hombro + trapecio Pecho Pierna Brazo El orden da igual menos brazo Para descansar s\u00e1bado y domingo", "date": "2019-05-03 22:24:39"}, {"id_message": 82330419258, "message": "Hago 5 d\u00edas , uno por grupo Porque as\u00ed descansas mejor Y crece", "date": "2019-05-03 22:25:13"}, {"id_message": 36248622363, "message": "El gimnasio poco tiempo es suficiente si vas mentalizado a hacer intenso", "date": "2019-05-03 22:25:39"}, {"id_message": 15428940069, "message": "Poco peso = m\u00fasculos grandes", "date": "2019-05-03 22:27:10"}, {"id_message": 95295503454, "message": "Yo opino que si vas a trabajar fuerte el brazo y buscas crecimiento bicep en varios ejercicios buscando fallo Con intensidad y repeticiones Y los tr\u00edceps que te ardan Necesitas m\u00e1s descanso Para aprovechar bien la reparaci\u00f3n", "date": "2019-05-03 22:29:56"}, {"id_message": 10416441708, "message": "Pero cada uno pone la rutina que mejor le va , es mi humilde opini\u00f3n", "date": "2019-05-03 22:30:32"}, {"id_message": 23854651802, "message": "Solo os invito a que probeis No demasiado peso Muchas repeticiones Y muy poco descanso entre series ... Ver\u00e9is que funciona", "date": "2019-05-03 22:31:41"}, {"id_message": 44930658219, "message": "Es buena idea , mayor descanso Tienes raz\u00f3n", "date": "2019-05-03 22:33:28"}, {"id_message": 46079741828, "message": "Justo lo que hago mira la foto", "date": "2019-05-03 22:36:10"}, {"id_message": 7503020526, "message": "Yo estoy contento con mi tipo de entreno", "date": "2019-05-03 22:39:11"}, {"id_message": 66611744040, "message": "Los tr\u00edceps si aislas bien los quemas y salen piedras", "date": "2019-05-03 22:39:41"}, {"id_message": 2384978823, "message": "El press franc\u00e9s es buen\u00edsimo Si est\u00e1 bien realizado", "date": "2019-05-03 22:40:15"}, {"id_message": 37885859235, "message": "Hago m\u00e1quinas y peso libre", "date": "2019-05-03 22:42:12"}, {"id_message": 44883035966, "message": "Los codos bien cerrados , sino haces hombro", "date": "2019-05-03 22:42:33"}, {"id_message": 55614627127, "message": "Cuando era joven Hacia como todos los chiquillos Mucho peso . Pocas repes Mala ejecuci\u00f3n , dolores Lesiones . Pase por una calcificaci\u00f3n de hombro", "date": "2019-05-03 22:44:07"}, {"id_message": 46524094224, "message": "Pues estoy retomando A m\u00ed siempre me ha gustado este mundo M\u00e1s o menos con 20 a\u00f1os hice muy poco Me lesione y lo deje Y ahora estoy probando volver Han pasado 20 a\u00f1os", "date": "2019-05-03 22:45:51"}, {"id_message": 91201240388, "message": "Antes se hac\u00edan ejercicios lesivos que castigaban el manguito rotador Elevaciones por encima de la cabeza etc", "date": "2019-05-03 22:46:38"}, {"id_message": 73655420761, "message": "No os riais empec\u00e9 en abril \ud83d\ude05", "date": "2019-05-03 22:46:56"}, {"id_message": 83647941735, "message": "Tengo buena gen\u00e9tica eso es lo importante y me gusta", "date": "2019-05-03 22:47:46"}, {"id_message": 54384188867, "message": "Cu\u00e1nto llevas de pesas kaske ?", "date": "2019-05-03 22:48:01"}, {"id_message": 86131585321, "message": "Estas muy seco kaske y tienes cierto volumen", "date": "2019-05-03 22:49:27"}, {"id_message": 89405387287, "message": "Por eso me gusta como entreno", "date": "2019-05-03 22:50:36"}, {"id_message": 6422302247, "message": "Que arte marcial haces ?", "date": "2019-05-03 22:51:49"}, {"id_message": 49493352758, "message": "Yo con 20 hacia shoot", "date": "2019-05-03 22:51:58"}, {"id_message": 64298940973, "message": "Ya no s\u00e9 ni si existe", "date": "2019-05-03 22:52:19"}, {"id_message": 90256226901, "message": "Vamos tu vida ha sido siempre deporte", "date": "2019-05-03 22:53:38"}, {"id_message": 8868117296, "message": "Porque sigues en este mundo Que es vida y salud Y sentirse pleno consigo mismo", "date": "2019-05-03 22:58:41"}, {"id_message": 99172259747, "message": "Hay pocas chicas , pero si las hay que disfrutan cuidando su cuerpo", "date": "2019-05-03 22:59:33"}, {"id_message": 34678802167, "message": "Bueno un placer , hablamos m\u00e1s en breve un saludo y a todos y gracias por acojerme", "date": "2019-05-03 23:02:39"}]