[{"id_message": 36687828824, "message": "Hostias , que hambre ! Jaja", "date": "2019-06-14 22:03:40"}, {"id_message": 53322893769, "message": "Lo Justo eso es", "date": "2019-06-14 22:05:28"}, {"id_message": 84649627672, "message": "Para seguir en volumen", "date": "2019-06-14 22:05:32"}, {"id_message": 56569474593, "message": "La verdad es que es mucho sacrifico , y seguro que quieres rendimiento", "date": "2019-06-14 22:06:13"}, {"id_message": 89993475469, "message": "Y bajar unas 1000 kcal", "date": "2019-06-14 22:07:01"}, {"id_message": 13729545438, "message": "Normal , es que jode el ego \ud83e\udd23", "date": "2019-06-14 22:07:20"}, {"id_message": 33583208737, "message": "Yes si seguir\u00e9 con ello , har\u00e9 minicut para despejar un poco el est\u00f3mago y seguir\u00e9 con volumen", "date": "2019-06-14 22:40:23"}, {"id_message": 71926291332, "message": "No hace falta divertirse para drogarse", "date": "2019-06-15 23:45:20"}, {"id_message": 41929555694, "message": "Buenos d\u00edas , comenzamos minicut de 4 semanas A ver qu\u00e9 tal", "date": "2019-06-17 08:17:19"}, {"id_message": 28884355558, "message": "Creed-Aventus Y a follar amigo", "date": "2019-06-22 18:56:56"}, {"id_message": 14372796986, "message": "La compre hace tiempo , obviamente no la uso a diario , si no para ocasiones especiales TODAS , repito , TODAS las chicas me han dicho que huele incre\u00edble . Y es cierto A diario uso allure de channel", "date": "2019-06-22 19:41:31"}, {"id_message": 91995953151, "message": "El agua al lado de la birra", "date": "2019-06-28 14:02:37"}, {"id_message": 75718221432, "message": "Ouuuuuu mama Quesada pasiega ?", "date": "2019-07-01 23:04:56"}, {"id_message": 21723087175, "message": "Madre De Dios , na menos que 100 \u20ac y lo \u00fanico que vale parece que es la prote !", "date": "2019-07-10 14:45:59"}, {"id_message": 80780969048, "message": "No tienes nada que definir t\u00edo .. mete volumen , un buen volumen durante bastante tiempo", "date": "2019-07-10 18:45:08"}, {"id_message": 43448522838, "message": "M\u00e1s o menos esa es la idea .. que haga un moderado superhavit , que entrene como una bestia , y que descanse como es debido . Y que dure bastante", "date": "2019-07-10 20:01:50"}, {"id_message": 98838697879, "message": "Yo en d\u00e9ficit prefiero siempre ciclado de calor\u00edas y un refeed de un Semana o dos a mantenimiento si ves que te estancas mucho tiempo", "date": "2019-07-14 00:01:29"}, {"id_message": 10724840993, "message": "Un d\u00eda solo no restableces niveles , m\u00ednimo una semana y luego volver a defi", "date": "2019-07-14 08:28:21"}, {"id_message": 7599763775, "message": "Puedes detectarlo perfectamente . Otra cosa es , sabemos los niveles de radioactividad peligrosos ?", "date": "2019-07-14 08:33:58"}, {"id_message": 24052378867, "message": "Por ejemplo , un pl\u00e1tano tiene mayor sv que alrededor de una central nuclear , para que te hagas una idea . Y tenemos miedo a la energ\u00eda nuclear ( sin motivo )", "date": "2019-07-14 08:34:49"}, {"id_message": 63293246958, "message": "Si ! Hay mucho miedo , y es normal , porque el periodismo , lejos de informar , de dedica a asustar .", "date": "2019-07-14 08:44:21"}, {"id_message": 36119048443, "message": "Pues prueba un pl\u00e1tano y compara con los resultados en una central nuclear , y com\u00e9ntame el resultado", "date": "2019-07-14 08:44:45"}, {"id_message": 63422756387, "message": "No te digo que midas , si no que compares con datos", "date": "2019-07-14 08:51:03"}, {"id_message": 5264208563, "message": "En internet hay recursos", "date": "2019-07-14 08:51:08"}, {"id_message": 23184739735, "message": "Pero si lo \u00fanico que hacemos es comer entrenar y dormir .. no nos da tiempo !", "date": "2019-07-18 08:38:33"}, {"id_message": 19427844163, "message": "Me parece una tremanda s\u00e1tira de lo que viene siendo el mundo de la nutrici\u00f3n", "date": "2019-07-21 23:26:33"}, {"id_message": 51912011110, "message": "Todo eso 5 d\u00edas ? O lo combinas ?", "date": "2019-07-26 12:38:57"}, {"id_message": 2034043089, "message": "Eso es una locura si lo haces con la intensidad que debes", "date": "2019-07-26 12:40:09"}, {"id_message": 7635164757, "message": "Te recomiendo que separes el hit de la sesi\u00f3n de pesas", "date": "2019-07-26 12:41:29"}, {"id_message": 89022458042, "message": "Y que en todo caso lo hagas los d\u00edas de descanso", "date": "2019-07-26 12:41:36"}, {"id_message": 51190965160, "message": "Entreno de fuerza + buena dieta + aumenta tu NEAT Y el hiit como complemento para aumentar ese d\u00e9ficit los d\u00edas de descanso", "date": "2019-07-26 12:42:24"}, {"id_message": 34884126947, "message": "Esa es mi recom", "date": "2019-07-26 12:42:27"}, {"id_message": 64198408495, "message": "Claro . Yo como mucho andar\u00eda \ud83e\udd23", "date": "2019-07-26 12:42:54"}, {"id_message": 54373233047, "message": "Pero eso no es hiit \ud83e\udd23", "date": "2019-07-26 12:44:04"}, {"id_message": 13991259685, "message": "Liss creo que quer\u00edas decir", "date": "2019-07-26 12:44:16"}, {"id_message": 8056709439, "message": "Pues no amigo , no tengo ni idea de los entrenamientos que te da la app , pero eso ni es hiit y si son de 10 minutos me temo que tampoco de fuerza", "date": "2019-07-26 12:46:02"}, {"id_message": 38256291865, "message": "Con bandas y trx , puedes hacer much\u00edsimo", "date": "2019-07-26 12:47:12"}, {"id_message": 91317859116, "message": "Creo que aqu\u00ed se compartieron algunos libros", "date": "2019-07-26 12:47:29"}, {"id_message": 37730243741, "message": "El entrenamiento ser\u00eda el \u201c mismo \u201d que para definici\u00f3n Lo que marcar\u00e1 que ganes masa o definas es la dieta", "date": "2019-07-27 18:42:22"}, {"id_message": 4295702397, "message": "Entonces pa que preguntas ? \ud83e\udd23 \ud83e\udd23", "date": "2019-07-28 09:51:01"}, {"id_message": 31000397453, "message": "No t\u00edo , la leche no engorda . De hecho , nada por si solo engorda", "date": "2019-07-29 15:18:26"}, {"id_message": 1646438079, "message": "Pero es en serio ?", "date": "2019-07-29 15:20:05"}, {"id_message": 101204276, "message": "O me est\u00e1s vacilando ?", "date": "2019-07-29 15:20:09"}, {"id_message": 86623002977, "message": "Yo creo que est\u00e1 de co\u00f1a", "date": "2019-07-29 15:20:21"}, {"id_message": 7936499577, "message": "Las grasas son fundamentales para un buen sistema hormonal y absorci\u00f3n de nutrientes", "date": "2019-07-29 15:21:09"}, {"id_message": 10287905713, "message": "Date una vuelta anda", "date": "2019-07-29 15:48:17"}, {"id_message": 20421238367, "message": "Aventus creed Tobacco de Tom Ford", "date": "2019-07-29 23:17:29"}, {"id_message": 32421925646, "message": "Que te dejen usar magnesio", "date": "2019-07-30 18:14:48"}, {"id_message": 72624047565, "message": "Cabronaso el pecho no lo tocas eh \ud83e\udd23", "date": "2019-08-01 13:31:49"}, {"id_message": 79962993607, "message": "Vaya voz que tienes Lu \u2640 \ufe0f \ud83d\ude0d \ud83d\ude0d \ud83d\ude0d", "date": "2019-08-05 09:33:40"}]