[{"id_message": 64973137284, "message": "Yo estoy engordando y necesito eso porfi c\u00f3mpratelo", "date": "2021-06-06 19:44:23"}, {"id_message": 35146362253, "message": "Llevo 3 semanas haciendo la dieta del agua", "date": "2021-06-06 20:54:23"}, {"id_message": 35581149453, "message": "Oigan saben si el crunvhy de muesly engorda mucho", "date": "2021-06-06 23:25:22"}, {"id_message": 48278458664, "message": "Bien ! \ud83d\udcaa", "date": "2021-06-07 22:58:22"}, {"id_message": 67939568074, "message": "Yo estoy con la dieta del agua", "date": "2021-06-08 07:40:40"}, {"id_message": 15902211726, "message": "Hola de nuevo tuve problemas con el m\u00f3vil pero ya estoy de vuelta", "date": "2021-06-21 23:16:45"}, {"id_message": 36144232879, "message": "O puedes subir tips y cosas que den \u00e1nimo para seguir siendi Ana y mia", "date": "2021-06-26 09:19:25"}, {"id_message": 69046462894, "message": "Siempre que se metan en esto la regla principal es que sepan disimular etc para que no nos pillen , anden con cuidado qdar un descuido les puede costar ir al hospital y que les hagan engordar a la fuerza ...", "date": "2021-06-28 23:06:23"}, {"id_message": 46431661826, "message": "Dios esque sus cuerpos , como que quiero ser as\u00ed en alg\u00fan momento y lo estoy haciendo para ser una princesa", "date": "2021-07-01 14:48:53"}, {"id_message": 16232227142, "message": "De que va ? En plan de que es ese enlace ?", "date": "2021-07-06 23:27:59"}, {"id_message": 82338627244, "message": "Que significa cetosis en el cuerpo ?", "date": "2021-07-07 19:44:46"}, {"id_message": 30950557295, "message": "Bebo un litro de agua del tiron doy salto tos y me meto los dedos", "date": "2021-09-16 12:56:50"}, {"id_message": 25257413269, "message": "La pulsera roja era de Ana no ?", "date": "2021-10-07 06:30:00"}, {"id_message": 27241635528, "message": "Cuando nos dicen q no se conf\u00ede en nadie es nadie solo nosotras", "date": "2021-10-14 20:36:24"}, {"id_message": 40892536042, "message": "Veo esas chicas y se q nunca ser\u00e9 como ellas pero al menos lo intento", "date": "2021-11-02 19:15:33"}, {"id_message": 74625369750, "message": "Porq el grupo ahora se llama as\u00ed ?", "date": "2021-12-30 11:55:10"}, {"id_message": 58219467530, "message": "Yo no he echo todavia \ud83d\ude35\u200d\ud83d\udcab", "date": "2021-12-31 10:43:17"}, {"id_message": 25606035178, "message": "Ve poco a poco", "date": "2022-01-06 01:01:44"}, {"id_message": 34450954576, "message": "Si dejas de comer de una vez vas a tener muchos atracones", "date": "2022-01-06 01:01:57"}, {"id_message": 11455790773, "message": "Que es hacer hilos ?", "date": "2022-01-08 01:12:43"}, {"id_message": 24511314904, "message": "Llevo 13h de ayuno", "date": "2022-02-09 08:36:08"}, {"id_message": 21941635204, "message": "Hola siento no hablar apenas , me mantengo en 60kg pero estoy totalmente deprimida y no tengo ganas ni fuerzas para vivir ns q hacer", "date": "2022-03-17 07:56:38"}, {"id_message": 91021060945, "message": "Hola no he entrado en telegram porque ni me atrev\u00eda , me aumento la depresi\u00f3n y tuve muchos atracones , he subido de peso , ahora estoy en 65kg tengo que volver a empezar sin que me den atracones y sin estar depre", "date": "2022-03-28 17:56:44"}, {"id_message": 57389806935, "message": "Yo unos cm m\u00e1s", "date": "2022-03-28 17:56:55"}, {"id_message": 85475690987, "message": "Chicas hoy estoy un poco m\u00e1s contenta con lo ayunos y q me puse mala de gastroenteritis y todo lo vomitaba he bajado a 61kg", "date": "2022-04-02 13:01:45"}, {"id_message": 58259473162, "message": "Se operan creo pero nose", "date": "2022-04-02 13:07:13"}, {"id_message": 7235098963, "message": "De frases motivadoras para ls ayunos y para ser Ana y mia", "date": "2022-04-16 18:56:55"}]