[{"id_message": 64266730549, "message": "Buenos d\u00eda gente ! Una duda , veo muchas rutinas de grupos musculares pero para el core no veo nada en ninguna , no se entrena o qu\u00e9 \ud83d\ude05 Solo veo ejercicios de planchas , y otros ejercicios en suelo sin peso Por si podriais darme alg\u00fan ejemplo o noci\u00f3n sobre el tema por favor !", "date": "2022-10-25 12:46:19"}, {"id_message": 38123120778, "message": "Eso mismo \ud83d\ude02", "date": "2022-10-25 12:48:28"}, {"id_message": 3079096673, "message": "He visto ejercicios tipo abdominales con disco , y plancha con disco encima , pero no he visto nada m\u00e1s espec\u00edfico para abdomen , ser\u00e1 eso q dices que se entrena indirectamente \ud83e\udd14", "date": "2022-10-25 12:54:26"}, {"id_message": 50368645498, "message": "Pues esto es lo que buscaba , algo espec\u00edfico para abdomen \ud83d\ude05 por incluirlo en mi dia de fullbody por ejemplo Gracias !", "date": "2022-10-25 13:22:37"}, {"id_message": 61354394177, "message": "Buscaba alternativas pero veo que no hay muchas , aparte de plancha con peso y alguna m\u00e1s No veo a nadie nunca hacer eso \ud83d\ude02", "date": "2022-10-25 13:24:06"}, {"id_message": 46625961878, "message": "Buenos dias , alguie podr\u00eda diferenciarme la eficiencia entre press frances y elevaci\u00f3n de mancuerna detr\u00e1s de la cabeza ? Para hacer triceps Alguna mejor que la otra ?", "date": "2022-11-04 12:45:11"}, {"id_message": 40329038202, "message": "Diferencia entre este ejercicio y press frances con barra ? Entiendo que con barra tumbado.vas a poder meter m\u00e1s peso al final porq vas a poder meterle m\u00e1s discos", "date": "2022-11-07 04:51:01"}, {"id_message": 52686567991, "message": "No encuentro nada de informaci\u00f3n sobre esto ..", "date": "2022-11-07 04:51:30"}, {"id_message": 87513936765, "message": "Probar\u00e9 a ver que tal", "date": "2022-11-07 12:36:55"}, {"id_message": 25198703930, "message": "Que opinais sobre este nulo ?", "date": "2022-11-07 15:03:47"}, {"id_message": 83073652743, "message": "Chavales pracetamol pa las agujetas es real o cuento chino ? Ni de la cama me puedo levantar macho \ud83d\ude2e\u200d\ud83d\udca8", "date": "2022-11-10 18:18:35"}, {"id_message": 13029953446, "message": "Estoy por ir al gym hoy que no me toca a ense\u00f1arle al cuerpo quien manda \ud83d\ude21", "date": "2022-11-10 18:18:58"}, {"id_message": 35366447888, "message": "Se ve que ibuprofeno no es recomendable porque ralentiza la cicatrizaci\u00f3n de tejidos que han sufrido las microroturas , entiendo que alargando la duraci\u00f3n de las agujetas ( ? ) Me dar\u00e9 ducha agua fr\u00eda y palante", "date": "2022-11-10 18:23:25"}, {"id_message": 14479179304, "message": "Ok gracias ! Po listo un ibu jaja", "date": "2022-11-10 18:25:03"}, {"id_message": 84282294140, "message": "Hoy moverme nada que toca descanso", "date": "2022-11-10 18:25:12"}, {"id_message": 97487497420, "message": "Me he dado una ducha fr\u00eda y me ha anestisiado el cuerpo , ahora entiendo los atletas que se meten en agua con hielo Esta es otra opci\u00f3n viable sin tener que tomar nada", "date": "2022-11-10 18:31:26"}, {"id_message": 97096417199, "message": "Yo disfruto , pero joder parezco una estrellita de mar en la cama jajaja me duele hasta girarme", "date": "2022-11-10 18:48:10"}, {"id_message": 51024845724, "message": "Ma\u00f1ana ya ir\u00e9 al gym a hacer terapia de choque", "date": "2022-11-10 18:48:39"}, {"id_message": 56919387072, "message": "Gente , santadilla bulgara el mismo dia que sentadilla normal como que no no ? La podr\u00eda meter en el d\u00eda de fullbody O alternarlas el d\u00eda de piernas una semana cada una ?", "date": "2022-11-12 06:57:36"}, {"id_message": 44477343813, "message": "Pensaba que igual era sobrecargar el m\u00fasculo , ni idea la verdd , si es buena idea incluir las 2 genial", "date": "2022-11-12 09:39:28"}, {"id_message": 68450682303, "message": "Llevo el tercer d\u00edas de agujetas , me tiemblan el cuadriceps andando a veces y me da la flojera \ud83d\ude02", "date": "2022-11-12 09:40:05"}, {"id_message": 28530566439, "message": "La verdad que ese d\u00eda me vi con bastantes ganas , subiendo peso en algunos ejercicios y dem\u00e1s , sab\u00eda que me iba a acordr despu\u00e9s \ud83d\ude05 gracias por la sugerencia", "date": "2022-11-12 09:46:03"}, {"id_message": 20338207756, "message": "Est\u00e1 bien saberlo ! Le dar\u00e9 ca\u00f1a la semana que viene entonces , esta tengo que ir en silla de ruedas aun", "date": "2022-11-12 11:58:18"}, {"id_message": 67392519064, "message": "Que rico el jamonsito io , 33.7 g de potreinas , pal carrito", "date": "2022-11-15 14:10:27"}, {"id_message": 97466860142, "message": "Estas son del D\u00eda", "date": "2022-11-15 14:12:22"}, {"id_message": 48826070626, "message": "Buena fuente de prote\u00ednas pa echarlo a to jajaja ma\u00f1ana me har\u00e9 unos guisante con cebollita y taquitos desto", "date": "2022-11-15 14:18:34"}, {"id_message": 45544504306, "message": "Gente duda , en dieta definici\u00f3n , es imprescindible que por ejemplo , la tortilla francesa que me haga pa desayunar , sea con clara de huevo y no huevo entero ?", "date": "2022-11-17 18:41:54"}, {"id_message": 69828811034, "message": "Na la he pillado por ah\u00ed de internet , pero comprar\u00eda huevos entero por el hecho de no tener botes de claras que duran 2 d\u00edas en el frigo , tendr\u00eda que estar to el d\u00eda comprando ...", "date": "2022-11-17 18:43:05"}, {"id_message": 66616228781, "message": "Bueno es la tipica dieta de tortilla francesa o atun pa desayunar , comida carne ( pollo / ternera ) y cena pescao ( merluza / bacalao / salmon ) y pa acompa\u00f1ar todo ensaladita \ud83d\ude05", "date": "2022-11-17 21:54:08"}, {"id_message": 62234957077, "message": "Lo q variaria ser\u00eda las cantidades q no tengo ni idea pero bueno , a ojo y peque\u00f1as cantidades , lo q quiero es bajar peso", "date": "2022-11-17 21:54:47"}, {"id_message": 13900985715, "message": "Y si alguien conoce alg\u00fan nutricionista de confianza pa guiarme un poco pues le echar\u00eda un ojo", "date": "2022-11-17 21:55:26"}, {"id_message": 88394875003, "message": "A mi me habla alguna del grupo x privi que creo que la tiene m\u00e1s grande que yo", "date": "2022-11-17 23:54:50"}, {"id_message": 47852699267, "message": "Yo cuando este mamaisimo ir\u00e9 en tirantes , mientras no jaja", "date": "2022-11-28 20:39:49"}, {"id_message": 29176222255, "message": "Ahora he cambiado de camisetas del decathlon a las oversize , asi me quedar\u00e9 una temporada \ud83d\ude0c", "date": "2022-11-28 20:42:13"}, {"id_message": 24800159788, "message": "Eso m\u00e1s bien es como usar gorra no ?", "date": "2022-11-28 22:03:51"}, {"id_message": 49032039126, "message": "O lo mismo las 3 cosas jaja", "date": "2022-11-28 22:04:01"}, {"id_message": 19486281115, "message": "Si tuviera eso debajo si llevaria sudadera jajajaja", "date": "2022-11-28 22:11:28"}, {"id_message": 37712722671, "message": "Si no te echar\u00e1n la bronca por eso tambi\u00e9n \ud83d\ude02", "date": "2022-11-28 22:14:17"}, {"id_message": 56523694279, "message": "Ah no eso son los pinguinos , + info sobre las propiedades nutricionales d los piniwinos", "date": "2022-11-29 15:59:53"}, {"id_message": 96664899931, "message": "Ya lo pens\u00e9 , estas son de goma que igual se deforman , creo que tengo otras de deporte por ah\u00ed planas que si las encuentro las usar\u00e9 pal d\u00eda del pierna", "date": "2022-12-04 12:51:43"}, {"id_message": 51907050460, "message": "Ah pero que no se hace as\u00ed ? Lo hago siempre \ud83d\ude05", "date": "2022-12-06 16:19:13"}, {"id_message": 49691614852, "message": "En plan , un ejercicio de 3 series , en la \u00faltima le bajo el peso porque sino no llego a las repes No se si es mejor eso o usar el mismo peso y llegar al fallo", "date": "2022-12-06 16:20:19"}, {"id_message": 19923511766, "message": "Que zapatos us\u00e1is pal gym ? ?", "date": "2022-12-19 16:23:26"}, {"id_message": 46380301489, "message": "Esto es justo lo que busaba y pensaba , gracias !", "date": "2022-12-19 18:51:52"}]