[{"id_message": 65623701032, "message": "\u00a1 hola ! soy ana , no s\u00e9 mi peso actual pero creo que est\u00e1 entre los 75-78 kg . mi peso meta son los 71kg y tengo 15 a\u00f1os . espero llevarme bien con todes .", "date": "2020-04-24 05:32:58"}, {"id_message": 55371987466, "message": "digo , si no es inc\u00f3modo .", "date": "2020-04-24 05:59:23"}, {"id_message": 23080783284, "message": "no te preocupes , lograr\u00e1s bajar , \u00a1 \u00e1nimo ! <3 3", "date": "2020-04-24 05:59:47"}, {"id_message": 74327692851, "message": "\u00e9so , todes estamos en la misma posici\u00f3n . <3", "date": "2020-04-24 06:00:58"}, {"id_message": 34016259159, "message": "wow , \u00bf eres t\u00fa ?", "date": "2020-04-24 06:03:13"}, {"id_message": 63980347013, "message": "( la de los v\u00eddeos )", "date": "2020-04-24 06:03:22"}, {"id_message": 56952035226, "message": "ah , pero la chica est\u00e1 preciosa : \u2019 )", "date": "2020-04-24 06:03:35"}, {"id_message": 97557698121, "message": "\u00bf c\u00f3mo consiguen los stickers ? son muy lindos : \u2019 )", "date": "2020-04-24 06:10:48"}, {"id_message": 543738168, "message": "est\u00e1s re bien , sigue as\u00ed : \u2019 )", "date": "2020-04-24 06:19:48"}, {"id_message": 15591176641, "message": "en instagram ya que mi d\u00eda es un tanto aburrido , \u00bf ustedes ?", "date": "2020-04-24 23:08:22"}, {"id_message": 75833719836, "message": "linda noche tambi\u00e9n para ti <3", "date": "2020-04-25 05:17:39"}, {"id_message": 51276127522, "message": "dos litros o no m\u00e1s de 4 litros", "date": "2020-04-25 22:09:43"}, {"id_message": 90124536265, "message": "mmm pues a m\u00ed mal );", "date": "2020-04-27 05:24:37"}, {"id_message": 56719553331, "message": "puerto rico , t\u00fa \u00bf", "date": "2020-04-28 02:16:37"}, {"id_message": 28140140845, "message": "puedes iniciar con bajar el consumo de calor\u00edas", "date": "2020-05-07 18:39:32"}, {"id_message": 7977708687, "message": "cada alimento tiene la informaci\u00f3n de nutrientes detr\u00e1s del empaque , ah\u00ed dice cu\u00e1ntas calor\u00edas tiene el alimento o tambi\u00e9n puedes buscar en internet cu\u00e1ntas calor\u00edas tiene cada cosa", "date": "2020-05-07 18:41:17"}, {"id_message": 13382070125, "message": "les has dicho que es \u201c mentira \u201d ? ):", "date": "2020-05-09 21:17:52"}, {"id_message": 23979162059, "message": "hola , perd\u00f3n por mi ausencia . mi mam\u00e1 descubri\u00f3 que ten\u00eda telegram as\u00ed que lo desinstal\u00e9 por un tiempo para que no viera los grupos ):", "date": "2020-07-03 06:26:44"}, {"id_message": 62762048247, "message": "gracias \ud83d\udc97", "date": "2020-07-04 00:31:03"}]