[{"id_message": 71956718523, "message": "Yo tomo caf\u00e9 con leche de soja", "date": "2022-04-16 17:12:53"}, {"id_message": 68729890243, "message": "Me da mucha verg\u00fcenza cuando me suena la panza en el trabajo y ni hablar cuando me empiezo a sentir d\u00e9bil o ver \" lucecitas de colores \" jajaja as\u00ed que prefiero agregar algo con calorias a mi dia", "date": "2022-04-16 17:38:35"}, {"id_message": 37616793815, "message": "As\u00ed que tomo un caf\u00e9 con leche en el trabajo de la ma\u00f1ana y otro en el trabajo de la tarde", "date": "2022-04-16 17:39:18"}, {"id_message": 67496247515, "message": "Hola ! Est\u00e1s en recuperaci\u00f3n ? O por qu\u00e9 no se te permite ? \ud83d\ude2c \ud83e\udd14", "date": "2022-04-16 17:56:33"}, {"id_message": 8849766192, "message": "Lavarte cada tanto con agua de perejil hace muy bien ( y aunque no lo creas tiene olor rico jajaja ) . Hace rato que no lo hago pero me hab\u00eda funcionado", "date": "2022-04-16 19:26:43"}, {"id_message": 98344052969, "message": "Pones a hervir un poco de perejil en agua como si fuera un t\u00e9 y listo , colas y te enjuagas el pelo con eso haciendo masajes en el cuero cabelludo", "date": "2022-04-16 19:27:21"}, {"id_message": 56444253429, "message": "No entiendo la diferencia , el te es una infusi\u00f3n \ud83e\udd14", "date": "2022-04-21 03:18:34"}, {"id_message": 5402765577, "message": "Tomar tus propias decisiones e independizarte si es necesario ! Pero si no impones lo que sentis y queres ahora , no lo vas a hacer nunca ... Mis viejos tambi\u00e9n fueron siempre de la idea \" mientras vivas bajo este techo se siguen est\u00e1s reglas ... \" , As\u00ed que a los 20 comenc\u00e9 a trabajar y al a\u00f1o siguiente me fui", "date": "2022-04-21 03:20:51"}, {"id_message": 7581839835, "message": "Ahora tengo la mejor relaci\u00f3n con ellos , pero no lo hubiera logrado viviendo con ellos . Nos soportamos , queremos y entendemos vi\u00e9ndonos un ratito a la semana jajaja", "date": "2022-04-21 03:21:47"}, {"id_message": 25057380467, "message": "Idem a lo que te dijeron ! No es buena idea , es algo que despu\u00e9s cuesta mucho dejar y te lastima mucho ... Es m\u00e1s f\u00e1cil y r\u00e1pido que pruebes con menos comida y m\u00e1s sana , incluso es menos sospechoso y todo", "date": "2022-04-21 03:27:43"}, {"id_message": 65367270493, "message": "De 24 hs del d\u00eda ayunas 16 y en las otras 8 pod\u00e9s comer", "date": "2022-04-24 01:32:40"}, {"id_message": 340947426, "message": "Ejemplo : ac\u00e1 son las 20.30 hs , ponele que cenas ahora . Y desde las 22 hasta las 2 de la tarde de ma\u00f1ana no comes nada", "date": "2022-04-24 01:34:02"}, {"id_message": 14780936665, "message": "Y de ah\u00ed ten\u00e9s 8 hs para comer de nuevo , hasta las 22hs de nuevo . Se suele hacer coincidir hs de ayuno con las de sue\u00f1o para que sea m\u00e1s f\u00e1cil", "date": "2022-04-24 01:35:37"}, {"id_message": 79055763534, "message": "De nada ! \ud83e\udd19", "date": "2022-04-24 01:36:22"}, {"id_message": 14387791491, "message": "En serio les ayuda usar eso ? Sin \u00e1nimos de juzgar eh ! Siento que se est\u00e1n lastimando nom\u00e1s \ud83d\ude22", "date": "2022-04-24 01:37:06"}, {"id_message": 67774019624, "message": "No lo hagas m\u00e1s entonces ! \ud83d\ude4f Si te lastima y encima no te ayuda en nada , no sirve \ud83e\udd37\u200d\u2640", "date": "2022-04-24 01:52:05"}, {"id_message": 98761937377, "message": "Busca algo que hacer ... O comer pero que no sea atracon", "date": "2022-04-24 02:01:07"}, {"id_message": 53685462026, "message": "Nunca he escuchado a nadie que se de un atracon con manzanas ponele , entonces busca algo as\u00ed , que te sacie y sea sano", "date": "2022-04-24 02:01:50"}, {"id_message": 67826165267, "message": "Por eso , que coma fruta ! Y se distraiga haciendo otra cosa", "date": "2022-04-24 02:03:15"}, {"id_message": 67520039458, "message": "Perd\u00f3n , me suena a tequila \ud83d\ude2c \ud83d\ude05", "date": "2022-04-24 02:06:24"}, {"id_message": 60300960064, "message": "Ahhh reee rico , me gusta adem\u00e1s de las calor\u00edas casicero jajaja", "date": "2022-04-24 02:07:46"}, {"id_message": 28311876958, "message": "Ten\u00e9 cuidado con excederte en los c\u00edtricos igual ! pero creo que es bastante \" sana \" tu opci\u00f3n Anti atracones jajaja", "date": "2022-04-24 02:09:13"}, {"id_message": 79548118384, "message": "Ahh est\u00e1 bien , solo que no hagas h\u00e1bito de lim\u00f3n todos los dias", "date": "2022-04-24 02:18:56"}, {"id_message": 40384365132, "message": "Depende qui\u00e9n y c\u00f3mo ... Me molesta que opinen sobre mi cuerpo aunque en el fondo me guste que vean eso en mi , y me de bronca no poder verme as\u00ed . Complicada siempre jajaja", "date": "2022-04-25 02:33:09"}, {"id_message": 25542023998, "message": "La verdad que es justo mi dilema actual", "date": "2022-04-29 03:12:07"}, {"id_message": 31157139062, "message": "Dos mayor de edad ?", "date": "2022-04-29 03:12:15"}, {"id_message": 13652079540, "message": "Creo que dependiendo eso , cambiar\u00e1 las acciones que pueda tomar , pero la postura dependera del profesional y su experiencia ( todo esto lo supongo )", "date": "2022-04-29 03:13:09"}, {"id_message": 63893936546, "message": "Si vas por voluntad propia , creo que no tiene ning\u00fan sentido mentir . No tendr\u00e1 beneficios . Si vas para conformar a tus padres creo que es totalmente diferente .", "date": "2022-04-29 03:15:51"}, {"id_message": 86445964973, "message": "Ni una ni otra forma tienen m\u00e1s valor , solo que son diferentes y habr\u00eda que aprovechar lo m\u00e1ximo que se pudiera ganar con esa terapia :)", "date": "2022-04-29 03:17:17"}, {"id_message": 98883196594, "message": "Si sos mayor y los psic\u00f3logos hablan pueden tener un problema enorme", "date": "2022-04-29 03:30:54"}, {"id_message": 19808569297, "message": "No corresponde o no deber\u00edan , ten\u00e9s certeza de eso ? O en realidad de te da miedo ?", "date": "2022-04-29 03:31:21"}, {"id_message": 48709735435, "message": "A m\u00ed me asustaba eso as\u00ed que en la primera sesi\u00f3n fue lo primero que plantie , \" en base a eso que me hicieron firmar ... Por qu\u00e9 se comunicar\u00edan con mi familia si yo no quiero o no siquiera saben que vengo \"", "date": "2022-04-29 03:32:47"}, {"id_message": 70915318834, "message": "Me explic\u00f3 ( y me dej\u00f3 tranquila con eso ) que era algo legal , siendo mayor de edad jam\u00e1s se comunicar\u00edan con la familia / alguien m\u00e1s a menos que yo tenga s\u00edntomas suicidas o diga que tengo ganas de salir a matar gente", "date": "2022-04-29 03:33:56"}, {"id_message": 69750722350, "message": "Yo creo que deber\u00edas preguntar al que te toque ... En qu\u00e9 consiste el secreto profesional y hasta que punto se mantiene . Que vos quer\u00e9s sentirte segura al hablar cosas muy \u00edntimas", "date": "2022-04-29 03:35:28"}, {"id_message": 6107361782, "message": "Me re pasaba ! Ahora me llevo un poco mejor con mi familia pero porque los veo poco , una vez a la semana un rato ... Y hacemos esfuerzos mutuos para no pelear ( a veces no nos sale jaja )", "date": "2022-05-06 03:23:46"}, {"id_message": 40808685009, "message": "Aprovecha eso , yo tengo conversaciones con madres de mis amigas que me encantar\u00eda tener con la m\u00eda ... Pero mi mam\u00e1 no es as\u00ed ni va a cambiar ! No queda otra que aceptarla y buscar eso que uno necesita en otra gente que tambi\u00e9n te quiere ( y ver c\u00f3mo juntar plata para vivir al menos un poquito m\u00e1s lejos jajaj , la convivencia es dif\u00edcil )", "date": "2022-05-06 03:27:38"}, {"id_message": 85920373299, "message": "Si lo s\u00e9 , m\u00e1s esos d\u00edas que uno anda con menos paciencia o m\u00e1s sensible ... Pero si no te sale reseteas , juntas energ\u00eda y volver a intentar \ud83d\udcaa cualquier cosa estamos ac\u00e1 !", "date": "2022-05-06 04:42:09"}, {"id_message": 18490278016, "message": "Estoy segura que no quer\u00e9s un tca en serio , nadie lo quiere ! Pero si queres recomendaciones ... Intenta comer m\u00e1s sano y controlar las cantidades , ejercicio y agua ( en lugar de cualquier otra bebida ) .", "date": "2022-05-13 03:40:21"}, {"id_message": 87230904429, "message": "No s\u00e9 si alguien ac\u00e1 tenga esa respuesta jaja no suelo tomar las mejores decisiones en momentos de crisis , si cuando est\u00e1s en una crisis de ansiedad comes mucho , intenta reemplazar eso con otra cosa , porque una vez que empezas es dif\u00edcil parar : s", "date": "2022-05-13 03:43:03"}, {"id_message": 74594959814, "message": "Entre 43 y 45.5 ( depende de cada une obvio ! Pero en mis \u00e9pocas m\u00e1s sanas tomaba como par\u00e1metro eso ... Entre 17 y 18 de imc )", "date": "2022-05-15 01:57:07"}, {"id_message": 8917479876, "message": "Si tomas por \" adecuado \" = sano seg\u00fan la OMS , entre 47 y 62", "date": "2022-05-15 01:59:17"}, {"id_message": 42772762133, "message": "Pero busque y no lo encontr\u00e9 en este grupo ( ni en otros jaja )", "date": "2022-05-15 15:17:20"}, {"id_message": 45198596762, "message": "Y ahora cambi\u00f3 su nombre de usuario jajaja ya est\u00e1 , bloqueado , eliminado , reportado \ud83e\udd19", "date": "2022-05-15 15:19:04"}, {"id_message": 30687707813, "message": "\ud83e\udd23", "date": "2022-05-15 15:20:00"}]