[{"id_message": 10887116283, "message": "Yo estoy en un 17", "date": "2019-05-03 22:03:28"}, {"id_message": 48812937283, "message": "Entonces la proteina en polvo es mala ?", "date": "2019-05-06 16:53:47"}, {"id_message": 63787540358, "message": "Buenas estos son mis datos de esta semana", "date": "2019-05-08 21:18:12"}, {"id_message": 12655535117, "message": "Me uno a la pregunta", "date": "2019-05-08 21:20:16"}, {"id_message": 32320586006, "message": "Para hacer un control", "date": "2019-05-08 21:40:53"}, {"id_message": 73309823216, "message": "Me meo de la risa", "date": "2019-05-10 08:47:24"}, {"id_message": 35807262416, "message": "Estoy entrenando con las rutinas de @USER ( URL )", "date": "2019-05-10 09:58:27"}, {"id_message": 56667160544, "message": "Buenas como veis esta dieta ? ?", "date": "2019-05-10 09:58:48"}, {"id_message": 7954711533, "message": "Pues yo me he saltado la dieta hoy", "date": "2019-05-10 10:25:13"}, {"id_message": 91997456241, "message": "Paso de tener hambre a media ma\u00f1ana", "date": "2019-05-10 10:25:25"}, {"id_message": 75942009110, "message": "Me he zampado un bocata de semillas con pavo en lonchas", "date": "2019-05-10 10:25:52"}, {"id_message": 64406931763, "message": "Ha entrado que no veas", "date": "2019-05-10 10:26:00"}, {"id_message": 7005412194, "message": "Jolin es dif\u00edcil conseguir dieta", "date": "2019-05-10 18:00:06"}, {"id_message": 74987346267, "message": "Me dice app no instalada", "date": "2019-05-10 18:14:15"}, {"id_message": 80197915791, "message": "Ostras y eso Jos\u00e9 ? ?", "date": "2019-05-10 20:36:38"}, {"id_message": 91347316468, "message": "Yo m\u00e1s de 180 no consigo subir", "date": "2019-05-10 20:36:52"}, {"id_message": 68429402385, "message": "Uff lo siento tio", "date": "2019-05-10 20:38:37"}, {"id_message": 73781310584, "message": "Pero te recuperaste bien ? ?", "date": "2019-05-10 20:38:55"}, {"id_message": 87011508616, "message": "Yo estuve a punto de trabajar hay y eso de pagar para trabajar como que no me mola", "date": "2019-05-10 21:36:30"}, {"id_message": 95445704446, "message": "Paso de pagar 400 euros y hacerme mi propia cartera de clientes onde vas ? ?", "date": "2019-05-10 21:37:07"}, {"id_message": 45458007356, "message": "MMM no lo veo", "date": "2019-05-10 21:37:14"}, {"id_message": 74231396928, "message": "Acabo de ver el video que hab\u00e9is pasado", "date": "2019-05-10 21:57:51"}, {"id_message": 388895700, "message": "De la partida de tobillo", "date": "2019-05-10 21:57:59"}, {"id_message": 94563041779, "message": "Que dolor se me quitan las ganas de cenar", "date": "2019-05-10 21:58:19"}, {"id_message": 16216115717, "message": "Pero hay que seguir", "date": "2019-05-10 22:00:56"}, {"id_message": 74158826958, "message": "Me voy a tomar la caseina y a dormir", "date": "2019-05-10 23:46:57"}, {"id_message": 3445708530, "message": "Gente mi comida de hoy", "date": "2019-05-12 13:59:28"}, {"id_message": 42979830907, "message": "Espelta con verduras y pollo y de primero ensalada", "date": "2019-05-12 13:59:43"}, {"id_message": 23056173727, "message": "Ya est\u00e1 el tr\u00e1iler de spiderman lejos de casa", "date": "2019-05-12 17:32:57"}, {"id_message": 69265099990, "message": "Que pongan dietas ? ? O algo parecido", "date": "2019-05-12 22:34:03"}, {"id_message": 56532449828, "message": "Estoy contento esta semana", "date": "2019-05-14 21:43:12"}, {"id_message": 71253802947, "message": "Esta es de la semana pasada", "date": "2019-05-14 21:47:00"}, {"id_message": 96590028146, "message": "Si es por conductividad", "date": "2019-05-14 21:48:49"}, {"id_message": 81797565988, "message": "A ver voy . A empezar a meter cosas nuevas como la fruta y a hacer tortillas de avena", "date": "2019-05-14 23:11:57"}, {"id_message": 38608718618, "message": "A ver si no engordo y cojo grasa otra vez", "date": "2019-05-14 23:12:17"}, {"id_message": 41883264800, "message": "Pero tu tienes el rite ? ?", "date": "2019-05-16 10:28:19"}, {"id_message": 44838602526, "message": "Yo tengo experiencia pero me faltan t\u00edtulos", "date": "2019-05-16 10:38:08"}, {"id_message": 27415901998, "message": "Vale un dineral el pu\u00f1etero rite", "date": "2019-05-16 10:38:25"}, {"id_message": 5912278387, "message": "El carnet de instalador ac y gases", "date": "2019-05-16 10:38:42"}, {"id_message": 63961862002, "message": "Es por si est\u00e1s de aut\u00f3nomo o quieres tener tu empresa o si quieres ser legal 100 por 100 para eso sirve", "date": "2019-05-16 10:43:17"}, {"id_message": 59189822134, "message": "Que es eso del ayuno intermitente ? ?", "date": "2019-05-16 14:38:04"}, {"id_message": 75250067021, "message": "Chicos entiendo que os guste las bromas a mi tambi\u00e9n como buen andaluz que soy", "date": "2019-05-17 13:43:22"}, {"id_message": 2231191214, "message": "Pero me gustar\u00eda que tuvieris un poco m\u00e1s de seriedad", "date": "2019-05-17 13:43:42"}, {"id_message": 48032727575, "message": "He hecho ya tres veces la misma pregunta", "date": "2019-05-17 13:44:05"}, {"id_message": 81756604690, "message": "Y entiendo que no teng\u00e1is la obligaci\u00f3n de contestar", "date": "2019-05-17 13:44:20"}, {"id_message": 96096820101, "message": "Pero el d\u00e9ficit cal\u00f3rico para que se necesita ? ?", "date": "2019-05-17 13:56:37"}, {"id_message": 80887865836, "message": "Y yo que se quillo llevo 4 meses en el gym", "date": "2019-05-17 14:05:13"}, {"id_message": 76348806201, "message": "Me dan ganas de salirme del grupo macho de verdad", "date": "2019-05-17 14:12:58"}, {"id_message": 8126151492, "message": "Hoy no tengo el d\u00eda muy bueno para encima estas tonter\u00edas", "date": "2019-05-17 14:13:24"}, {"id_message": 9122639316, "message": "Yo lo siento pero me voy del grupo yo ya estoy inc\u00f3modo yo soy el que no se nada y el monguer del grupo as\u00ed que paso para no saber nada prefiero irme gracias por vuestra ayuda y hay os qued\u00e1is con vuestra sabidur\u00eda", "date": "2019-05-17 14:43:10"}]