[{"id_message": 53557475844, "message": "Hola ! Fui m\u00eda pero intento ser ana Actualmente peso 75k Mi meta es 50 o menos Mi edad 17", "date": "2020-04-28 02:12:02"}, {"id_message": 63456817548, "message": "Gracias ! \u2764", "date": "2020-04-28 02:13:18"}, {"id_message": 76463998302, "message": "Bien . De que pa\u00eds sos ?", "date": "2020-04-28 02:13:45"}, {"id_message": 30125356581, "message": "O son * mejor dicho jaja", "date": "2020-04-28 02:13:50"}, {"id_message": 12162025701, "message": "Yo tambien \ud83d\ude01", "date": "2020-04-28 02:17:04"}, {"id_message": 67968241626, "message": "Muchas gracias \u2764", "date": "2020-04-28 02:17:20"}, {"id_message": 54743215834, "message": "Chicas yo hace dos a\u00f1os que entre en esto", "date": "2020-04-28 03:26:41"}, {"id_message": 45482100821, "message": "Pero despu\u00e9s volv\u00ed a subir de peso y a decir verdad deje de hacer todo lo que hac\u00eda antes", "date": "2020-04-28 03:26:55"}, {"id_message": 90164011464, "message": "Y ahora quiero volver a mi peso", "date": "2020-04-28 03:27:00"}, {"id_message": 50787922896, "message": "Me cans\u00e9 de estar gorda", "date": "2020-04-28 03:27:05"}, {"id_message": 81800609228, "message": "Alguna tiene alguna idea como para que mis pap\u00e1s no sospechen ?", "date": "2020-04-28 03:27:17"}, {"id_message": 49567363576, "message": "Que lindo \u263a \ufe0f", "date": "2020-04-28 03:35:50"}, {"id_message": 1816281687, "message": "Alguna sabe de alg\u00fan chicle que no de hambre y sea efectivo ?", "date": "2020-04-28 03:39:17"}, {"id_message": 31062060942, "message": "Muchas gracias ! ! \u2763", "date": "2020-04-28 14:25:04"}, {"id_message": 9789574453, "message": "Supongo que no lo hice jajaja", "date": "2020-04-29 01:09:42"}, {"id_message": 88481283608, "message": "Hola ! Hoy yo estuve haciendo", "date": "2020-05-02 02:58:27"}, {"id_message": 55323211186, "message": "Si quer\u00e9s te paso un v\u00eddeo de Youtube que es para hacerlo en cinco minutos", "date": "2020-05-02 02:58:42"}, {"id_message": 75546277804, "message": "Pero podes hacer repeticiones", "date": "2020-05-02 02:58:48"}, {"id_message": 65624832945, "message": "Ya te lo paso , esperame", "date": "2020-05-02 06:09:47"}]