[{"id_message": 35018887432, "message": "Egunon gente ! ! Se huelen las vacaciones !", "date": "2019-04-17 04:53:23"}, {"id_message": 57609906761, "message": "@USER video visto y tengo que decirte una cosa ... Gracias t\u00edo ... de verdad .. es un lujo que dediques tiempo a ense\u00f1arnos tantas cosas y lo hagas con un lenguaje t\u00e9cnico pero a la vez entendible para los que ne\u00f3fitos en la materia . Me ha gustado mucho aunque tendre que hacer una segunda escucha con mis protenias delante para ver cada componente que mencionas si lo tiene o no . Gran curro compa\u00f1ero y mil gracias ! !", "date": "2019-04-17 08:32:15"}, {"id_message": 85274103083, "message": "Lo mejor @USER es que acudas a un / a expert @ en alimentaci\u00f3n y te prepar\u00e9 una dieta especifica a tu ritmo de vida .", "date": "2019-04-17 09:59:04"}, {"id_message": 91839321444, "message": "hostias @USER vaya fichaje ... gracias por los libros ! !", "date": "2019-04-17 11:12:00"}, {"id_message": 42447358205, "message": "INI_BOLD La vida no es medida por la cantidad de veces que respiras , sino por los momentos que te han dejado sin respirar END_BOLD . INI_ITALIC Maya Angelou END_ITALIC", "date": "2019-04-18 10:12:34"}, {"id_message": 24204671156, "message": "INI_HASHTAG Debate END_HASHTAG Realiz\u00e1is alg\u00fan descanso en vuestra del gym ? Es descanso activo ( haciendo otro tipo de deporte ) o totalmente pasivo ?", "date": "2019-04-18 12:59:06"}, {"id_message": 76008275147, "message": "Yo suelo hacer como Juli\u00e1n , me tomo un descanso sin hacer nada y sobre todo en fechas c\u00f3mo est\u00e1s que estamos hablando de vacaciones cortas . En verano s\u00ed que me planifico un descanso acitvo", "date": "2019-04-18 14:03:23"}, {"id_message": 88723990960, "message": "INI_BOLD Sonr\u00ede cuando te mires al espejo . Hazlo todas las ma\u00f1anas y comenzar\u00e1s a ver una gran diferencia en tu vida END_BOLD . INI_ITALIC Yoko Ono END_ITALIC", "date": "2019-04-19 10:16:43"}, {"id_message": 71860074025, "message": "\ud83d\ude02 \ud83d\ude02 \ud83d\ude02 \ud83d\udc4f \ud83d\udc4f", "date": "2019-04-19 10:16:51"}, {"id_message": 13868431205, "message": "\ud83d\ude02 \ud83d\ude02 \ud83d\ude02 me lo creo ... yo voy al Mc Fit de Barakaldo y cuando alguna vez he ido por la tarde eso es la guerra ... por la ma\u00f1ana est\u00e1 mejor la cosa", "date": "2019-04-19 14:30:41"}, {"id_message": 96277826334, "message": "\ud83d\ude02 \ud83d\ude02 \ud83d\ude02 y muchos de los que se creen que las m\u00e1quinas son suyas ...", "date": "2019-04-19 14:35:57"}, {"id_message": 91303445137, "message": "INI_BOLD El viaje de mil millas empieza con un paso END_BOLD . INI_ITALIC Lao Tzu END_ITALIC .", "date": "2019-04-20 04:48:50"}, {"id_message": 91729531833, "message": "Co\u00f1o esto se ha convertido en El Club De La Comedia \ud83d\ude02 \ud83d\ude02 \ud83d\ude02 me he re\u00eddo una rato", "date": "2019-04-20 20:50:34"}, {"id_message": 7232530763, "message": "Lo siento pero para m\u00ed esas personas no son competidores", "date": "2019-04-20 22:38:24"}, {"id_message": 53899677666, "message": "Trabajo ... trabajo y trabajo ... y sacrificio ...", "date": "2019-04-20 22:39:21"}, {"id_message": 91681016551, "message": "Mirad lo que pas\u00f3 en Santurtzi no hace poco .. abandonaron todo por los controles que iba a hacerles ... tristisimo", "date": "2019-04-20 22:40:20"}, {"id_message": 15356469379, "message": "A m\u00ed me preocupan todos .. est\u00e1 claro que los anab\u00f3licos est\u00e1n prohibidos y por algo ser\u00e1 por lo tanto adulteran la competici\u00f3n y la gente de a pie que la toma pues pocos dedos de frente tienen ... buscan resultados r\u00e1pidos con menor esfuerzo no ?", "date": "2019-04-20 22:45:45"}, {"id_message": 98068661833, "message": "INI_BOLD Tu tiempo es limitado , as\u00ed que no lo malgastes viviendo la vida de otra persona END_BOLD . INI_ITALIC Steve Jobs END_ITALIC .", "date": "2019-04-21 09:01:39"}, {"id_message": 14088476165, "message": "INI_BOLD Sonr\u00ede ; existen siete billones de personas en este mundo , no dejes que una persona arruine tu d\u00eda END_BOLD . INI_ITALIC Autor desconocido END_ITALIC .", "date": "2019-04-22 07:29:56"}, {"id_message": 53432405673, "message": "INI_BOLD Cada noche cuando me voy a dormir , muero . Y cada ma\u00f1ana cuando despierto , vuelvo a nacer END_BOLD . INI_ITALIC Mahatma Gandhi END_ITALIC .", "date": "2019-04-23 08:55:06"}, {"id_message": 30965336865, "message": "Feli\u00e7 Sant Jordi y d\u00eda del libro ! !", "date": "2019-04-23 08:55:07"}, {"id_message": 54540393942, "message": "La semana pasada pasaron muchos por aqu\u00ed , echa un vistazo en los archivos para ver si alguno te gusta", "date": "2019-04-23 08:55:50"}, {"id_message": 16165920017, "message": "INI_BOLD Admiro la constancia de los genios pues no existe un gran talento sino una gran voluntad END_BOLD . INI_ITALIC Cham\u00e1n ( rapero ) END_ITALIC", "date": "2019-04-24 08:41:32"}, {"id_message": 81984593830, "message": "\ud83d\ude02 \ud83d\ude02 \ud83d\ude02 buenos d\u00edas ! !", "date": "2019-04-24 09:54:21"}, {"id_message": 81920520302, "message": "\ud83d\udc4f \ud83d\udc4f \ud83d\udc4f buen trabajo", "date": "2019-04-24 14:31:15"}, {"id_message": 83718752830, "message": "Cocidos o a la plancha ?", "date": "2019-04-24 15:01:03"}, {"id_message": 51401010545, "message": "Esto es como todo si nadie del grupo denuncia a Telegram que se est\u00e1n subiendo archivos con derechos de autor sin problemas pero si a alguien se le ocurre la feliz idea ... te cierran el grupo", "date": "2019-04-25 10:15:17"}, {"id_message": 9507721288, "message": "Mi recomendaci\u00f3n es crear un canal donde tener todas estas publicaciones", "date": "2019-04-25 10:38:23"}, {"id_message": 46888150697, "message": "Totalmente de acuerdo aunque eso no excluye que alguien denuncie", "date": "2019-04-25 11:49:29"}, {"id_message": 89466045648, "message": "Si tienen derecho de autor si ... l\u00f1en las empresas pagamos por bancos de fotos", "date": "2019-04-25 12:43:36"}, {"id_message": 95795769346, "message": "INI_BOLD Cada ma\u00f1ana me digo esto : nada de lo que diga hoy me ense\u00f1ar\u00e1 nada nuevo . As\u00ed que si deseo aprender algo , debo escuchar . END_BOLD INI_ITALIC Larry King END_ITALIC .", "date": "2019-04-26 10:55:59"}, {"id_message": 80519506093, "message": "+ 1 \ud83d\ude02 \ud83d\ude02 \ud83d\ude02 . El lunes retom\u00f3 despu\u00e9s de semana y media de descanso . Como dec\u00eda @USER se me han pasado algunas molestias en la rodilla y ahora a darle ca\u00f1a hasta verano", "date": "2019-04-26 11:39:49"}, {"id_message": 21200613527, "message": "\ud83d\udc4f \ud83d\udc4f \ud83d\udc4f gracias ! !", "date": "2019-04-26 12:44:25"}, {"id_message": 78516258404, "message": "Dos d\u00edas seguidos saliendo el mismo tema ... no sabemos respirar mientras nos ejercitamos . Jajaja ... dejemos el diafragma como el segundo m\u00fasculo m\u00e1s importante \ud83d\ude02 \ud83d\ude02 \ud83d\ude02", "date": "2019-04-26 15:03:37"}, {"id_message": 82830698158, "message": "Y no te da el flato ?", "date": "2019-04-26 15:04:40"}, {"id_message": 73157579407, "message": "Entonces igual si respiras bien y el color es por el calor ...", "date": "2019-04-26 15:05:20"}, {"id_message": 79075854478, "message": "Yo cuando hago cardio creo que s\u00ed respiro bien otra cosa es haciendo pesas ... Y algo interesante ser\u00eda saber lo de la respiraci\u00f3n valsava .", "date": "2019-04-26 15:06:47"}, {"id_message": 69238776835, "message": "Pero hay que inspirar y expirar en cada ejercicio en un momento concreto y ah\u00ed s\u00ed soy sincero no lo hago conscientemente y no se si lo hago bien", "date": "2019-04-26 15:09:17"}, {"id_message": 14529111823, "message": "Ya dir\u00e1n los que saben m\u00e1s de esto pero si respiras mal en el cardio suele darte el flato por lo que no lo har\u00e1s tan mal \ud83d\ude09", "date": "2019-04-26 15:14:17"}, {"id_message": 62443734019, "message": "Buen provecho .. Yo voy ahora a comer tambi\u00e9n", "date": "2019-04-26 15:14:32"}, {"id_message": 80418159134, "message": "Gracias maestro ! ! \ud83d\udcaa \ud83d\udcaa \ud83d\udcaa", "date": "2019-04-26 16:27:39"}, {"id_message": 3210434411, "message": "@USER @USER al final os voy a dejar las frases de cada ma\u00f1ana a vosotros \ud83d\ude02 \ud83d\ude02 \ud83d\ude02", "date": "2019-04-26 21:28:52"}, {"id_message": 2314522110, "message": "Estoy seguro que ser asesorado por @USER es un lujo", "date": "2019-04-26 21:29:22"}, {"id_message": 6880622138, "message": "\ud83d\ude02 \ud83d\ude02 \ud83d\ude02 \ud83d\udcaa", "date": "2019-04-26 21:33:06"}, {"id_message": 1437830188, "message": "INI_BOLD Hoy har\u00e9 de este d\u00eda y de cada momento un para\u00edso en la Tierra . Hoy el es d\u00eda de mi oportunidad END_BOLD . INI_ITALIC Dan Custer END_ITALIC", "date": "2019-04-27 09:56:58"}, {"id_message": 19409450322, "message": "Egunon cuadrilla ! ! A disfrutar del s\u00e1bado ! !", "date": "2019-04-27 09:57:11"}, {"id_message": 79854004247, "message": "Se te va a meter la canci\u00f3n en la cabeza ... y no vas a poderla sacar ... y lo sabes \ud83d\ude02 \ud83d\ude02 \ud83d\ude02", "date": "2019-04-27 11:49:26"}, {"id_message": 74721081762, "message": "Hola ! Os dejo el podcast de Fitness Revolucionario en el que participa Eneko Baz especialista en hipertrofia . Me ha parecido muy interesante . Os dejo tambi\u00e9n el link a la web", "date": "2019-05-02 10:52:44"}, {"id_message": 17399985980, "message": "igual es la que actua de doble en las peliculas ... como un dia se pase de frenada el hostion que se mete si que va a ser de pelicula", "date": "2019-05-03 08:57:26"}, {"id_message": 10789996675, "message": "Creatina : \u00bf qu\u00e9 beneficios aporta y c\u00f3mo obtenerla ? URL", "date": "2019-05-06 13:46:49"}]