[{"id_message": 29575921558, "message": "No encuentro la hoja de registro de h\u00e1bitos , me puedes indicar porfi ?", "date": "2021-08-11 22:26:55"}, {"id_message": 74857755018, "message": "No los encuentro , perd\u00f3n", "date": "2021-08-12 16:16:23"}, {"id_message": 70690789605, "message": "Ya los he visto", "date": "2021-08-12 16:24:28"}, {"id_message": 72557234056, "message": "Hola ... Alguien me explica x q cada vez como menos y no bajo d peso ?", "date": "2022-02-16 22:14:07"}, {"id_message": 50804017306, "message": "Hab\u00eda comido pasta ... Tendr\u00e1 q ver ?", "date": "2022-02-17 07:00:14"}, {"id_message": 50929913633, "message": "De aqu\u00ed al s\u00e1bado tengo q pesar 0,5 kg menos", "date": "2022-02-17 07:12:43"}, {"id_message": 90644715068, "message": "Ayer es q almorc\u00e9 la pasta ...", "date": "2022-02-17 08:19:31"}, {"id_message": 42961120072, "message": "Y claro hoy el peso me ha dicho \ud83d\ude16", "date": "2022-02-17 08:19:47"}, {"id_message": 87061467677, "message": "conoc\u00e9is alg\u00fan grupo m\u00e1s de este tipo en telegram ?", "date": "2022-02-17 09:16:59"}, {"id_message": 25015135648, "message": "y cu\u00e1ntas calor\u00edas debo consumir para adelgazar y q no se vuelva lento el metabolismo ?", "date": "2022-02-17 12:14:09"}, {"id_message": 240331273, "message": "Desayuno : tostadas con pavo y caf\u00e9 con leche Media ma\u00f1ana : sandwich Almuerzo :p ur\u00e9 de verduras Merienda : nueces", "date": "2022-02-17 19:47:13"}, {"id_message": 49518981529, "message": "Chicas , hay m\u00e1s grupos en telegram ?", "date": "2022-02-18 15:21:59"}, {"id_message": 31000692028, "message": "Me gusta comentar con las chicas lo q voy comiendo", "date": "2022-02-18 19:47:19"}, {"id_message": 88784344899, "message": "Hola Chicas ! Me tiene que venir la regla en 6 d\u00edas ... Es normal q se estanque el peso un poco , a pesar de estar haciendo bien todo ?", "date": "2022-02-23 07:00:53"}, {"id_message": 57313105141, "message": "Pero esa dieta te funcion\u00f3 ?", "date": "2022-02-24 19:06:01"}, {"id_message": 37012972644, "message": "Si necesitan hablar , cuenten conmigo", "date": "2022-02-27 18:18:16"}, {"id_message": 59338054971, "message": "Dentro d un mes bajo a mi pueblo", "date": "2022-02-27 18:18:33"}, {"id_message": 27061437331, "message": "Conocen alguna dieta efectiva y r\u00e1pida ?", "date": "2022-02-27 18:18:41"}, {"id_message": 50288089418, "message": "Aqu\u00ed podemos hablar contigo cuando lo necesites", "date": "2022-02-28 07:08:11"}, {"id_message": 51185530038, "message": "Pero si ves q est\u00e1s superada , busca ayuda profesional", "date": "2022-02-28 07:08:25"}]