[{"id_message": 57455918479, "message": "No si de momento no twngo pensado tomar ningun batido", "date": "2019-01-22 13:43:48"}, {"id_message": 59664614954, "message": "Solo se que fui a comprar uno y me dio alergia o algo por que me puse fatal y no quiero que se repita lo mismo si algun dia me animo a volver a tomar", "date": "2019-01-22 13:44:16"}, {"id_message": 56619162148, "message": "Ya me gustaria sacar la espalda que tienes por tu foto de perfil", "date": "2019-01-22 14:19:51"}, {"id_message": 59170812841, "message": "Yo pesar estoy en 72 kilos y mido 1.78", "date": "2019-01-22 15:37:12"}, {"id_message": 79504825076, "message": "Dioooos asi asi me quiero ir a hacer surf a donosti con el neopreno y que me miren todas las chavalillas \ud83d\ude1d", "date": "2019-01-22 16:11:23"}, {"id_message": 2244532533, "message": "Jumbo es buen ganador ?", "date": "2019-01-22 18:21:13"}, {"id_message": 43439247509, "message": "Yo estoy apuntando informacion para el futuro \ud83d\ude0a \ud83d\ude0a", "date": "2019-01-22 18:22:49"}, {"id_message": 25694822127, "message": "Espero qur no os lo tomeis a mal mis preguntas", "date": "2019-01-22 18:23:09"}, {"id_message": 97302657820, "message": "A que le das ?", "date": "2019-01-22 18:42:15"}, {"id_message": 92223888628, "message": "Llevo 14 h currando montando una puta maquina creeis que ma\u00f1ana deberia ir al gym ?", "date": "2019-01-22 22:01:07"}, {"id_message": 41532113747, "message": "Hahaa un pina ho son 2 - 4 metros", "date": "2019-01-22 22:19:39"}, {"id_message": 42593668079, "message": "Si si lo tengo ahi creo que caducao", "date": "2019-01-22 22:33:56"}, {"id_message": 81786414341, "message": "Pero me dio alergia me sento fatal", "date": "2019-01-22 22:44:38"}, {"id_message": 82861368965, "message": "Me lo guardo por si algun dia pillo \ud83d\ude0a gracias", "date": "2019-01-22 23:25:05"}, {"id_message": 72706342611, "message": "Es mejor esa o la bebida de soja ?", "date": "2019-01-23 11:49:37"}, {"id_message": 14834394652, "message": "Yo tengo colegas que les mola que le metan el dedo por el cul mientras follan", "date": "2019-01-23 12:54:16"}, {"id_message": 34709506087, "message": "Es normal que despues de hacer biceps me duela en la parte del codo por dentro ? O es por que he hecho el ejercicio mal ?", "date": "2019-01-23 16:47:30"}, {"id_message": 47171126162, "message": "Hize ese y con mancuerna individual", "date": "2019-01-23 18:00:36"}, {"id_message": 50602973896, "message": "Pero cuando hago dorsal me destroza igual \ud83d\ude1d \ud83d\ude1d \ud83d\ude1d", "date": "2019-01-23 18:13:44"}, {"id_message": 94084867165, "message": "Bueno pues el viernes pierna", "date": "2019-01-23 18:21:31"}, {"id_message": 81766978119, "message": "Los estiramientos tiene miga cuando era un crio me decian que estirar antes de ejercicio fisico era bueno cuando llegue a la residencia blume lo primero que me dijeron que los estiramientos antes de el ejercicio era malisimo ...", "date": "2019-01-23 20:23:50"}, {"id_message": 95451241752, "message": "Por lo que me dieron a entender en cualquier ejercicio que sea explosivo hay riesgo de lexion al haber estirado antes por que el musculo se ha quedado holgado y relajado . No se yo no soy ningun experto", "date": "2019-01-23 20:29:05"}, {"id_message": 43813130570, "message": "No se a mi me sonaba como que las agujetas salian por excesivo lactato", "date": "2019-01-23 21:57:04"}, {"id_message": 94404158143, "message": "Pero por lo que veo estaba totalmente equivocado", "date": "2019-01-23 21:58:27"}, {"id_message": 20722295424, "message": "Creo que esos gym new school que llamais es a uno de los que voy yo a mi me mola terminar de entrenar y tirarme al jacuzzi o al ba\u00f1o turco o a los chorros", "date": "2019-01-23 22:42:03"}, {"id_message": 73815321098, "message": "Buaaa acabo de terminar de currar ahora mismo me comia 2 de esos", "date": "2019-01-24 21:53:09"}, {"id_message": 94960752709, "message": "Aprovechare que tienen carniceria los suegros \ud83d\ude1d \ud83d\ude1d \ud83d\ude1d", "date": "2019-01-25 17:18:31"}, {"id_message": 32003454501, "message": "El abuelo tenia pero ya na hahaa en el balconcillo abra que plantar unas lechugas y tomates", "date": "2019-01-25 19:22:47"}, {"id_message": 53751517206, "message": "Me suelo meter queso batido mas miel mas espelta antes del gym meteriais un poco de fruta ?", "date": "2019-01-28 19:16:31"}, {"id_message": 4531455883, "message": "Siii el peque\u00f1in de la casa", "date": "2019-01-29 20:12:38"}, {"id_message": 36563559824, "message": "Ahora tengo que ense\u00f1arle con la bici y corriendo a mi lado", "date": "2019-01-29 20:18:42"}, {"id_message": 86422547229, "message": "Ya se que no viene a cuento pero vendo bmw serie 1 si alguien le interesa que me escriba", "date": "2019-01-29 23:48:47"}, {"id_message": 57274600577, "message": "Cuanto soleis gastar vosotros de media ?", "date": "2019-01-30 09:10:54"}, {"id_message": 97398702559, "message": "50 e mas aparte la carniceria ?", "date": "2019-01-30 09:14:59"}, {"id_message": 63139444260, "message": "Menos mal que esta el cerdo por que si no tomaria 0", "date": "2019-02-01 10:41:44"}, {"id_message": 29015871408, "message": "Si alguno vive por aqui cerca la posada sorauren se come de 10", "date": "2019-02-02 15:43:48"}, {"id_message": 99347649257, "message": "Y como las haceis a la sarten ?", "date": "2019-02-02 18:45:42"}, {"id_message": 16304839670, "message": "A mi con crema me salen granitos y con cera tambien asi que solo uso maquina y dejo como medio milimetro de pelo", "date": "2019-02-03 11:32:02"}, {"id_message": 84898175303, "message": "\u270c\ud83c\udffb", "date": "2019-02-04 06:15:04"}, {"id_message": 91720369739, "message": "Cuando voy de noche me levanto a las 2 me meto algo de almendras algo de avellana un yogur y a entrenar", "date": "2019-02-04 16:11:15"}, {"id_message": 21839597418, "message": "Y ahora despues de entrenar a comer como cerdo y luego siesta", "date": "2019-02-04 16:11:54"}, {"id_message": 60518516555, "message": "A mi hace mucho a bomitar al ba\u00f1o", "date": "2019-02-04 16:31:54"}, {"id_message": 64088052432, "message": "Jode pues yo usaba panela tambien", "date": "2019-02-04 23:56:40"}, {"id_message": 37398485650, "message": "20 e el bote de cuanto ?", "date": "2019-02-05 17:28:19"}, {"id_message": 64722089085, "message": "Bua que perezon tengo hoy", "date": "2019-02-06 14:11:24"}, {"id_message": 11295776381, "message": "Vas a morir de hambre", "date": "2019-02-12 22:15:26"}, {"id_message": 84988185167, "message": "Kaske habia hoy uno que se parecia a ti en mi gym \ud83d\ude1d", "date": "2019-02-20 22:26:16"}, {"id_message": 48062423708, "message": "Digo que os pareciais en la cara y asi", "date": "2019-02-20 22:27:17"}, {"id_message": 45757497556, "message": "Le tenia que haber sacao una foto", "date": "2019-02-20 22:27:30"}, {"id_message": 63022225523, "message": "No estoy informado pero cuantos ventiladores se usan a lo largo de 1 mes y durante cuanto tiempo se deben usar", "date": "2019-02-22 08:20:30"}]