[{"id_message": 42308967368, "message": "Mandar enlaces de grupos de Whatssapp ! !", "date": "2022-05-23 02:41:40"}, {"id_message": 66446125647, "message": "Alguien sabe las fiestas", "date": "2022-05-23 12:55:37"}, {"id_message": 52412419987, "message": "Que comen antes del desfile ? ? ?", "date": "2022-05-23 12:55:59"}, {"id_message": 36089980935, "message": "Mira yo os doy mi consejo", "date": "2022-05-25 04:17:06"}, {"id_message": 45523507936, "message": "Y lo m\u00ednimo de carbohidrato", "date": "2022-05-25 04:17:33"}, {"id_message": 314061166, "message": "Bailar mucho q es algo q yo hago", "date": "2022-05-25 04:17:39"}, {"id_message": 74818150572, "message": "Y ver\u00e9is c\u00f3mo baj\u00e1is de peso", "date": "2022-05-25 04:17:51"}, {"id_message": 23241470937, "message": "Y a partir de las 7 de la tarde no ingerir nada de nada", "date": "2022-05-25 04:18:03"}, {"id_message": 15652917206, "message": "Si tienes hambre agua", "date": "2022-05-25 04:18:09"}, {"id_message": 78757024170, "message": "Y no pensar que bajar\u00e1s en dos dias todo toma su tiempo , cosas de palacio van despacio \ud83d\ude09", "date": "2022-05-25 04:18:45"}, {"id_message": 79538643249, "message": "Pero eso no significa hoy no como y ma\u00f1ana si", "date": "2022-05-25 04:18:58"}, {"id_message": 84328594717, "message": "Seguir la misma rutina x bastantes d\u00edas", "date": "2022-05-25 04:19:10"}, {"id_message": 16311334931, "message": "\ud83d\ude18 \ud83d\ude18 \ud83d\ude18", "date": "2022-05-25 04:19:13"}]