[{"id_message": 84452931209, "message": "Estaba buscando gente para apuntarse al gym en Madrid , que hacen oferta \ud83d\ude05", "date": "2019-02-04 09:35:46"}, {"id_message": 3000202124, "message": "O alguien que conozca gimnasios asequibles", "date": "2019-02-04 09:35:57"}, {"id_message": 16038549982, "message": "Ayyy graciasss chicos \ud83d\ude0a \ud83d\ude0a \ud83d\ude0a", "date": "2019-02-04 09:39:33"}, {"id_message": 53054196663, "message": "Cuanto te sale el basic fit ?", "date": "2019-02-04 09:44:28"}, {"id_message": 34413433797, "message": "Y luego te meten matr\u00edcula o algo ?", "date": "2019-02-04 09:45:12"}, {"id_message": 90380451554, "message": "Si ? Pfff es el m\u00e1s asequible que vi", "date": "2019-02-04 09:45:36"}, {"id_message": 30052436886, "message": "Mire el holygym y son 150 \u20ac 3 meses", "date": "2019-02-04 09:45:52"}, {"id_message": 42742900765, "message": "Si lo he visto pero para lo que yo quiero ... \ud83d\ude02", "date": "2019-02-04 09:46:29"}, {"id_message": 14978183223, "message": "Jope \ud83d\ude05 \ud83d\ude05 \ud83d\ude05", "date": "2019-02-04 09:46:40"}, {"id_message": 85260832160, "message": "Ayyy gracias a todosssss ! !", "date": "2019-02-04 09:53:16"}, {"id_message": 92217387454, "message": "Pobre ri\u00f1\u00f3n \ud83d\ude05", "date": "2019-02-04 11:46:17"}, {"id_message": 92455362675, "message": "Buah ni se os ocurra tomar broncodilatadores sin indicaci\u00f3n m\u00e9dica y menos comprados por internet ...", "date": "2019-02-17 22:54:06"}, {"id_message": 98983867696, "message": "Chipiona tambi\u00e9n est\u00e1 bien", "date": "2019-02-17 22:59:31"}, {"id_message": 93441840510, "message": "Pero esto es para los obesos que consumen grasa habitualmente", "date": "2019-02-18 18:04:40"}, {"id_message": 11352299863, "message": "Bloquea la absorci\u00f3n de grasa . Por eso te dice lo de la diarrea , porque las expulsas por las heces", "date": "2019-02-18 18:08:12"}, {"id_message": 61093605878, "message": "Qu\u00e9 mitos ni mitos , es cierto eh", "date": "2019-02-18 18:47:43"}, {"id_message": 81807582355, "message": "Claro hombre , pero por lo general ... siempre se toma al alza ... y al final ... \ud83d\ude05", "date": "2019-02-18 18:49:16"}, {"id_message": 15195662183, "message": "Jajaja por eso , y tiene creo que 3 meses como l\u00edmite para estar tom\u00e1ndolo", "date": "2019-02-18 18:50:09"}, {"id_message": 31449448006, "message": "El que lo toma sabe a lo que se expone . Obviamente si lo tomas moderadamente , y las anal\u00edticas ( creatinina y FG ) salen bien no hay por qu\u00e9 preocuparse", "date": "2019-02-18 18:52:07"}, {"id_message": 16566960400, "message": "El complemento es el filete \ud83d\ude02", "date": "2019-02-18 18:53:02"}, {"id_message": 31347505770, "message": "Yo no he demonizado nada , solo dije que cuidado con el ri\u00f1\u00f3n . Y creo que 6 a\u00f1os estudiando medicina no quitan \u201c propiedad \u201d a mis palabras", "date": "2019-02-18 18:57:22"}, {"id_message": 72653907914, "message": "Por supuesto , los excesos y los d\u00e9ficit son malos", "date": "2019-02-18 18:59:05"}, {"id_message": 4677878531, "message": "Exacto . Normalmente se mira creatinina y filtrado glomerular", "date": "2019-02-18 19:01:10"}, {"id_message": 53384194459, "message": "A ver , normalmente se recomienda alrededor de 1gr / kg al d\u00eda", "date": "2019-02-18 19:08:46"}, {"id_message": 60878040670, "message": "Pero para los que hac\u00e9is ejercicio y tal ser\u00eda unos 1,8 gr / kg de peso", "date": "2019-02-18 19:09:04"}, {"id_message": 71673618748, "message": "Cuando es peligroso ? Pues no lo s\u00e9 , depende de tu sistema , de cu\u00e1nto necesites , de cu\u00e1nto digieras o cu\u00e1nto \u201c acumules \u201d", "date": "2019-02-18 19:10:01"}, {"id_message": 96007494315, "message": "Puede ser , pero depende de la persona", "date": "2019-02-18 19:10:34"}, {"id_message": 88375673022, "message": "Lo mismo te haces las pruebas en un mes y no tienes nada , y llega mes y un d\u00eda y aumenta la creatinina , sabes ?", "date": "2019-02-18 19:11:22"}, {"id_message": 41464020141, "message": "Con moderaci\u00f3n no hay problema", "date": "2019-02-18 19:11:34"}, {"id_message": 66587308772, "message": "Claro , depende de la persona y el caso concreto", "date": "2019-02-18 19:12:08"}, {"id_message": 93560176780, "message": "Pero vosotros mejor que nadie sab\u00e9is cuando no pasaros", "date": "2019-02-18 19:12:20"}, {"id_message": 54072579233, "message": "Control\u00e1is muy bien las \u201c dosis \u201d", "date": "2019-02-18 19:12:34"}, {"id_message": 63022115032, "message": "Claro , haceros anal\u00edticas y vigilaros", "date": "2019-02-18 19:13:33"}, {"id_message": 77369862831, "message": "Pero mira lo que dice para dietas hipocaloricas agresivas , y experimentados", "date": "2019-02-18 19:15:04"}, {"id_message": 33609822013, "message": "Estar\u00e1 bien quiz\u00e1s para ti por tu tipo de entreno , tu cuerpo o lo que sea . Para otra persona lo mismo son otros requerimientos", "date": "2019-02-18 19:16:40"}, {"id_message": 2102818160, "message": "Viva el jam\u00f3n jajaja", "date": "2019-02-18 19:19:38"}, {"id_message": 22120924549, "message": "Tiene que estar tremendo", "date": "2019-02-18 19:22:55"}, {"id_message": 51432373432, "message": "Lo peor es que se excreta por el ri\u00f1\u00f3n , por eso tambi\u00e9n en parte se fastidia .", "date": "2019-02-18 19:25:47"}, {"id_message": 14512414033, "message": "Se obliga a trabajar mucho a un \u00f3rgano que es muy sensible y se acaba \u201c agotando \u201d", "date": "2019-02-18 19:26:04"}, {"id_message": 99064602628, "message": "Aparte de que se acumule y blablabla", "date": "2019-02-18 19:26:12"}, {"id_message": 83437409614, "message": "A qu\u00e9 te refieres ?", "date": "2019-02-18 19:26:33"}, {"id_message": 73182278063, "message": "Claro pero eso es la proteolisis", "date": "2019-02-18 19:27:29"}, {"id_message": 29110716103, "message": "Pues en el tracto digestivo o intracelular", "date": "2019-02-18 19:27:46"}, {"id_message": 67297907375, "message": "La anatom\u00eda me la s\u00e9", "date": "2019-02-18 19:30:50"}, {"id_message": 31650700570, "message": "Y los productos de desecho qu\u00e9 ?", "date": "2019-02-18 19:32:50"}, {"id_message": 64657812438, "message": "Si bueno , pero eso no exime que en cantidades no \u201c fisiol\u00f3gicas \u201d el cuerpo las asuma", "date": "2019-02-18 19:34:31"}, {"id_message": 90211577470, "message": "Si es que no hay mucha vuelta de hoja", "date": "2019-02-18 19:35:37"}, {"id_message": 98729680774, "message": "En rangos normales no hay problema", "date": "2019-02-18 19:47:19"}]