[{"id_message": 6583389824, "message": "Consejos para vomitar y que comidas es mejor evitar ya que son m\u00e1s dif\u00edciles de vomitar Como saber que vomitas todo", "date": "2021-07-03 03:52:15"}, {"id_message": 85446453883, "message": "Alguien me puede contar que fue lo que pas\u00f3 ?", "date": "2022-04-17 03:27:59"}, {"id_message": 94358469627, "message": "Para eso ten en cuenta lo que comes , hay comidas que son m\u00e1s f\u00e1ciles de vomitar , ten en cuenta que no pase mas de 20 minutos para vomitar y a mi me funciona tomar mucha agua tanto durante el atrac\u00f3n como mientras quiero vomitar , mucha agua , te va a facilitar un mont\u00f3n y con los dos dedos hasta el fondo", "date": "2022-04-17 03:33:05"}, {"id_message": 80392884586, "message": "Como se escribe al privado ?", "date": "2022-04-17 21:36:48"}, {"id_message": 13951761562, "message": "Yo tambi\u00e9n quiero entrar", "date": "2022-04-17 21:36:55"}, {"id_message": 59182724715, "message": "El agua es necesaria para que te mantengas hidratada", "date": "2022-04-18 01:46:05"}, {"id_message": 25777871749, "message": "Y te ayuda a tener una mayor saciedad", "date": "2022-04-18 01:46:48"}, {"id_message": 46484487705, "message": "Para mi est\u00e1n preciosas", "date": "2022-05-06 19:38:31"}, {"id_message": 37109077451, "message": "Solo me parece un poco mas delgada la \u00faltima", "date": "2022-05-06 19:38:31"}, {"id_message": 54718651643, "message": "Yo odio el busto", "date": "2022-05-06 22:59:15"}, {"id_message": 91893591102, "message": "Revisa el canal de ana y mia Tips ah\u00ed hay bastantes", "date": "2022-05-06 23:00:34"}, {"id_message": 72920855970, "message": "Si tengo fitia premium pero no entiendo apk ?", "date": "2022-05-10 04:19:38"}, {"id_message": 66654776654, "message": "Diles que tu misma te servir\u00e1s porque vas a comer mas veces pero diferentes porciones", "date": "2022-05-11 05:07:23"}, {"id_message": 52594527132, "message": "Humm si , eso parece", "date": "2022-05-12 06:45:40"}]