[{"id_message": 17155466852, "message": "Como las croquetas de mam\u00e1 no hay nada a que si", "date": "2019-01-30 09:04:51"}, {"id_message": 22678885323, "message": "Perder peso = menos calorias diarias consumidas que calorias gastadas", "date": "2019-01-30 09:06:07"}, {"id_message": 14983180588, "message": "Algunos dicen que los principiantes absolutos pueden hacer ambas cosas a la vez , pero yo lo dudo", "date": "2019-01-30 09:07:58"}, {"id_message": 92244727769, "message": "Personalmente me centraria primero en hacer una fase de volumen y luego hacer un cut", "date": "2019-01-30 09:09:02"}, {"id_message": 22064131670, "message": "Mas que nada porque si pierdes la grasa corporal sin tener musculos debajo vas a parecer un tio sacado de Auschwitz", "date": "2019-01-30 09:09:47"}, {"id_message": 19262775812, "message": "Eso ya depende de ti . Si lo prefieres asi , adelante", "date": "2019-01-30 09:10:48"}, {"id_message": 24144639806, "message": "Con un poco mas de 50 \u20ac a la semana ya se pueden hacer cosillas", "date": "2019-01-30 09:13:08"}, {"id_message": 60683735014, "message": "Tambien depende de lo grande que seas . Obvio", "date": "2019-01-30 09:14:02"}, {"id_message": 92399556526, "message": "Kaske por ejemplo necesitaria mucho mas", "date": "2019-01-30 09:14:17"}, {"id_message": 17133263996, "message": "Y comprando en oferta siempre .", "date": "2019-01-30 09:15:52"}, {"id_message": 20688956248, "message": "Muchos miembros nuevos hoy", "date": "2019-01-30 20:54:45"}, {"id_message": 2417355016, "message": "Eso es buena se\u00f1al", "date": "2019-01-30 20:56:12"}, {"id_message": 93854109632, "message": "A primera vista no veo ningun problema", "date": "2019-01-30 20:58:02"}, {"id_message": 27800263988, "message": "Para los lats funciona genial", "date": "2019-01-30 21:01:19"}, {"id_message": 18044528676, "message": "Bueno , el 99 % del mundillo de los entrenadores personales siempre fue una estafa", "date": "2019-02-08 18:34:59"}, {"id_message": 92969962869, "message": "Por no decir el 99,9999999999 %", "date": "2019-02-08 18:35:57"}, {"id_message": 75741587735, "message": "No servira de mucho si ma\u00f1ana al desayunar lo compensas comiendo productos de panaderia", "date": "2019-02-19 18:57:50"}]