[{"id_message": 45673777696, "message": "Es que es una gozada el cuajo antes de dormir , tiene caseina no ?", "date": "2019-05-11 00:50:23"}, {"id_message": 30758901603, "message": "Le menciono porque est\u00e1 obsesionado con la avena", "date": "2019-05-11 10:20:05"}, {"id_message": 69241815674, "message": "Joder , iba a soltar el mismo chiste \ud83d\ude02 \ud83d\ude02 \ud83d\ude02", "date": "2019-05-13 13:22:02"}, {"id_message": 64017956390, "message": "este es de por mi zona y tambi\u00e9n tiene los pezones raros", "date": "2019-05-13 13:23:32"}, {"id_message": 99065259019, "message": "@USER experto en pezones", "date": "2019-05-13 13:31:27"}, {"id_message": 62399995167, "message": "Mira , tiene la polla de cacahuete", "date": "2019-05-13 13:31:44"}, {"id_message": 24669942567, "message": "con eso te lo digo to", "date": "2019-05-13 13:31:51"}, {"id_message": 28310215356, "message": "No te niego la constancia ni todo lo duro que es", "date": "2019-05-13 13:32:43"}, {"id_message": 77053762380, "message": "Ni que tiene un f\u00edsico te impresi\u00f3n", "date": "2019-05-13 13:32:52"}, {"id_message": 84948608864, "message": "Te lo digo porque tiene una tienda al lado del polideportivo donde entrena", "date": "2019-05-13 13:33:05"}, {"id_message": 14943074111, "message": "Y todo el mundo sabe lo que hay en la trastienda", "date": "2019-05-13 13:33:16"}, {"id_message": 85540035288, "message": "No obstante vitiaco alguna vez reconoci\u00f3 que hace tiempo algo se meti\u00f3 , ahora debe estar limpio en ese sentido", "date": "2019-05-13 13:35:48"}, {"id_message": 98392699305, "message": "Te viene un pivito as\u00ed y lo rechazar\u00edas ?", "date": "2019-05-13 13:45:47"}, {"id_message": 6620753126, "message": "Algo tendr\u00e1 que poner ...", "date": "2019-05-13 13:52:22"}, {"id_message": 85879895847, "message": "Si a alguien le motiva una frase ...", "date": "2019-05-13 13:52:34"}, {"id_message": 97489133840, "message": "Lo del ciclo iba en serio ?", "date": "2019-05-13 19:43:04"}, {"id_message": 53038981316, "message": "Hay mucha diferencia en sabor de oveja a cabra ?", "date": "2019-05-13 22:14:48"}, {"id_message": 45359934237, "message": "Te haces t\u00fa el kefir ?", "date": "2019-05-13 22:17:11"}, {"id_message": 81512904087, "message": "En fb hay grupos que donan n\u00f3dulos", "date": "2019-05-13 22:24:30"}, {"id_message": 71220792831, "message": "Pero debe dar mucha guerra , controlar la temperatura para que no se estropeen etc", "date": "2019-05-13 22:25:03"}, {"id_message": 98075344350, "message": "Probaste las ollas de cocci\u00f3n lenta ?", "date": "2019-05-13 22:26:07"}, {"id_message": 7582221248, "message": "La utilizo para hacer golden milk", "date": "2019-05-13 22:26:24"}, {"id_message": 94533623319, "message": "Que lleva c\u00farcuma y un mont\u00f3n de especias", "date": "2019-05-13 22:26:34"}, {"id_message": 20652347082, "message": "Tambi\u00e9n si cometieron alg\u00fan delito puedes denunciar en la polic\u00eda sin aportar pruebas ni historias", "date": "2019-05-14 13:38:32"}, {"id_message": 56750541219, "message": "En este chat no se acosa como en el general", "date": "2019-05-14 21:03:52"}, {"id_message": 90457687441, "message": "Cuanto tardas en venir en moto", "date": "2019-05-14 21:06:52"}, {"id_message": 66035728213, "message": "Lorena tu eres xina", "date": "2019-05-14 21:09:23"}, {"id_message": 81321759227, "message": "Si me dijiste que eras de pontevedra carallo", "date": "2019-05-14 21:09:43"}, {"id_message": 22149108357, "message": "Este es un chat de deportes", "date": "2019-05-15 11:41:36"}, {"id_message": 4362624402, "message": "Si es un troll ...", "date": "2019-05-15 11:42:20"}, {"id_message": 59253291909, "message": "Menciono a gente del grupo de realfood que quiere hacer deporte", "date": "2019-05-15 11:44:40"}, {"id_message": 34132666561, "message": "El rollo de tofu y algas del lidl est\u00e1 cojonudo eh", "date": "2019-05-17 23:15:38"}, {"id_message": 77219434249, "message": "No sabe a algas \ud83d\ude02", "date": "2019-05-17 23:17:05"}, {"id_message": 98086308879, "message": "Con especias as\u00ed rollo kebab y salsa yogur", "date": "2019-05-17 23:17:36"}, {"id_message": 73925287331, "message": "Voy a echar la primitiva que eso pocas veces pasa", "date": "2019-05-17 23:20:43"}, {"id_message": 29176138699, "message": "Est\u00e1 muy rico , pru\u00e9balo con especias , si vas esta semana vas a encontrar la semana griega y tienen varios tipos para carnes", "date": "2019-05-17 23:38:25"}, {"id_message": 69495391200, "message": "Bueno , son 750 gr , es lo que cuesta una bandeja de carne ..", "date": "2019-05-17 23:47:52"}, {"id_message": 29937410773, "message": "Hasta que mercadona no se ponga las pilas y empiece a sacar ese tipo de productos no vuelvo , voy al lidl que hago la compra en un pasillo \ud83d\ude02 \ud83d\ude02", "date": "2019-05-17 23:49:04"}, {"id_message": 3156409676, "message": "Tienen kefir en el lidl ?", "date": "2019-05-17 23:49:55"}, {"id_message": 44397495207, "message": "Son normales esos lumbares ?", "date": "2019-05-17 23:52:24"}, {"id_message": 21591530358, "message": "@USER qu\u00e9 tal la peli del pikachu que igual voy a verla hoy", "date": "2019-05-18 10:18:13"}, {"id_message": 46762962337, "message": "Las b\u00e1sculas de bioimpedancia son de fiar ?", "date": "2019-05-20 17:47:12"}, {"id_message": 89513080359, "message": "Puede ser que en vez del antes y el despu\u00e9s las fotos sean el despu\u00e9s y el antes", "date": "2019-05-21 09:53:07"}, {"id_message": 6847745713, "message": "Harinas y vitaminas a\u00f1adidas", "date": "2019-05-23 08:13:59"}, {"id_message": 9132115317, "message": "Vaya mierda que venden para los cr\u00edos \ud83e\udd26\ud83c\udffb\u200d\u2642", "date": "2019-05-23 08:23:27"}, {"id_message": 45822976451, "message": "No es lo mismo la fructosa que el az\u00facar de una cocacola", "date": "2019-05-23 09:25:57"}, {"id_message": 11989638455, "message": "Y adem\u00e1s la harina de arroz es muy barata", "date": "2019-05-23 10:09:05"}, {"id_message": 26263095669, "message": "La uso para hacer masa wonton", "date": "2019-05-23 10:09:31"}, {"id_message": 35779106346, "message": "Con poco peso las repeticiones no ?", "date": "2019-05-23 11:07:13"}, {"id_message": 56849221660, "message": "Vasco ten\u00edas que ser", "date": "2019-05-23 11:07:22"}]