[{"id_message": 99953121437, "message": "Ocasiona el efecto rebote ?", "date": "2022-03-18 15:54:15"}, {"id_message": 76268184323, "message": "Cuanto pesas y cuanto mides ?", "date": "2022-03-23 05:40:27"}, {"id_message": 85810262262, "message": "Mira yo como una vez al dia", "date": "2022-03-23 05:40:51"}, {"id_message": 39109492760, "message": "Y eso me ha ayudado mucho a perder grasa", "date": "2022-03-23 05:41:00"}, {"id_message": 17880690087, "message": "El peso si batallo un poco", "date": "2022-03-23 05:41:09"}, {"id_message": 67113922071, "message": "Es un proceso lento y seguro", "date": "2022-03-23 05:41:15"}, {"id_message": 75412318890, "message": "Ya que al paso de los dias , tu estomago se achica y llenas m\u00e1s rapido", "date": "2022-03-23 05:41:29"}, {"id_message": 24934344769, "message": "Trato de incluir al menos 800 calorias", "date": "2022-03-23 05:41:43"}, {"id_message": 69106693618, "message": "Tomo agua y camino lo que puedo", "date": "2022-03-23 05:42:06"}, {"id_message": 81921981152, "message": "Tal vez eso ayude , pero te recomiendo no vomitar \u263a \ufe0f", "date": "2022-03-23 05:42:18"}, {"id_message": 27126435718, "message": "Sabemos como te sientes", "date": "2022-03-25 06:02:22"}, {"id_message": 7392424991, "message": "Todo se trata de tenacidad y mucha fuerza", "date": "2022-03-25 06:02:36"}, {"id_message": 98496835198, "message": "Que de seguro tienes", "date": "2022-03-25 06:02:41"}, {"id_message": 91247600969, "message": "Si pudiste bajar 20 kilos", "date": "2022-03-25 06:02:46"}, {"id_message": 10144996220, "message": "Solo subiste la mitad", "date": "2022-03-25 06:02:50"}, {"id_message": 26371546021, "message": "Los podras bajar tambien no te preocupes !", "date": "2022-03-25 06:02:59"}, {"id_message": 45177177093, "message": "Yo se que tu puedes , mucho animo", "date": "2022-03-25 06:03:08"}, {"id_message": 63000423456, "message": "Los atracones los puedes evitar diciendo : okey , ya comi lo suficiente , lo que comere es algo emocional , no es hambre real", "date": "2022-03-25 06:03:45"}, {"id_message": 34988550327, "message": "Me siento una obesa", "date": "2022-04-06 04:00:35"}, {"id_message": 37669005943, "message": "Ya quiero adelgazar pero sigo cayendo en lo mismo", "date": "2022-04-06 04:01:03"}, {"id_message": 87594908029, "message": "Mis celulitis me dan asco", "date": "2022-04-06 04:01:15"}, {"id_message": 89644481087, "message": "Todo da asco en mi", "date": "2022-04-06 04:01:22"}, {"id_message": 15229220953, "message": "Peso 48 y mido 1.50 y quiero bajar 5 kg pero me cuesta mucho bajar aunque sea 500 gramos", "date": "2022-04-06 04:04:56"}, {"id_message": 54898544220, "message": "Mi novio me vigila constantemente , como hago para evitar que vea que estoy comiendo poco ?", "date": "2022-04-06 04:05:16"}, {"id_message": 81991226436, "message": "Hay ensaladas que tengan pocas calorias ?", "date": "2022-04-07 05:01:22"}, {"id_message": 98567686093, "message": "A mi tmb porfavor", "date": "2022-04-12 16:32:16"}, {"id_message": 86823007244, "message": "Me cae mal eso", "date": "2022-04-12 18:18:31"}, {"id_message": 15144612708, "message": "Es que neta nadamas dicen", "date": "2022-04-12 18:18:37"}, {"id_message": 57913659402, "message": "Es que nadamas es de que comas y ya", "date": "2022-04-12 18:18:43"}, {"id_message": 15790860275, "message": "Y que si estas un poco gorda ?", "date": "2022-04-12 18:19:00"}, {"id_message": 97754387752, "message": "Y yo como que que , me vere horrible", "date": "2022-04-12 18:19:09"}, {"id_message": 14073459158, "message": "A veces nos hacemos da\u00f1o a nosotras mismas pero tmb nos apoyamos", "date": "2022-04-12 18:19:33"}, {"id_message": 57446152849, "message": "Para bajar de peso ?", "date": "2022-04-18 19:31:10"}, {"id_message": 40883591674, "message": "A lo mejor es obvio pero no me queda muy claro", "date": "2022-04-18 19:31:22"}, {"id_message": 95406183650, "message": "Creo que aqui no es necesario eso", "date": "2022-04-20 23:54:18"}, {"id_message": 35618002033, "message": "Yo nunca me presente jaja", "date": "2022-04-20 23:54:31"}]