[{"id_message": 97928360428, "message": "Pues cuando comemos arroz , al menos en mi caso , es dif\u00edcil meter mas de 50gr . de arroz , por ejemplo . Me saldr\u00eda por las orejas \ud83d\ude02", "date": "2022-10-11 10:20:21"}, {"id_message": 81326230782, "message": "Nunca me habia parado a pensarlo , estoy comiendo poco . \ud83d\ude33", "date": "2022-10-11 10:31:55"}, {"id_message": 98009964652, "message": "Un pl\u00e1tano estar\u00eda bien", "date": "2022-10-12 11:02:19"}, {"id_message": 8606551388, "message": "Y cambiar la pasta X legumbres ? Al menos 3 d\u00edas o 4 X week ?", "date": "2022-10-15 10:54:57"}, {"id_message": 74516188152, "message": "Madure el lunes pasado con 57 tacos \ud83d\ude22", "date": "2022-10-16 09:02:55"}, {"id_message": 33251909278, "message": "Acabo de descubrir tik tok , esta muy bien .", "date": "2022-10-24 07:58:25"}, {"id_message": 97706006882, "message": "El peso muerto , que parece un ejercicio sencillo , yo creo que es muy muy t\u00e9cnico . O lo haces a la perfecci\u00f3n , o no lo hagas . Hay que ir progresando despacio , y si es posible con alguien que te supervise o corrija posibles errores . No admite no hacerlo perfecto .", "date": "2022-10-25 10:48:20"}, {"id_message": 70846709757, "message": "Los hidrolizados , no se si ser\u00e1 lo mejor , he le\u00eddo que cuando se hidroliza un alimento , es como transformar sus hidratos de carbono en azucares .", "date": "2022-10-30 12:49:53"}, {"id_message": 6297228541, "message": "Si pesas 140 kg , es f\u00e1cil , si tu peso es 80kg , ya es otro cantar", "date": "2022-11-01 14:43:55"}, {"id_message": 87162296413, "message": "Ayuno , infusiones , arroz a la cubana", "date": "2022-11-06 10:46:18"}, {"id_message": 52940372155, "message": "\ud83d\ude02 \ud83d\ude02 En cualquier informaci\u00f3n es interesante citar la fuente \ud83d\ude48", "date": "2022-11-06 18:50:42"}, {"id_message": 44102799250, "message": "Cuanto tiempo a pasado de una foto a la otra ?", "date": "2022-11-11 19:42:37"}, {"id_message": 84036962283, "message": "Nadie huele tan mal . Yo creo que el problema es que cuando van a casa , no sacan la ropa de la bolsa . Dejan que el sudor se corrompa , que lo hace con facilidad y es de los peores olores que conozco . Si alg\u00fan buen samaritano le dir\u00eda , que por que no sacar de la bolsa la ropa del gym ? a ver que dice . Es que tiene que ser molesto incluso para ellos mismos . Hay gente con luces escasas y es un acto de caridad hacerles ver la luz . \ud83d\ude02", "date": "2022-11-15 21:31:02"}, {"id_message": 58324157753, "message": "Es la \u00fanica teor\u00eda factible . Una vez me paso , y el olor al sacar la ropa de la bolsa , era ese , pero mejor porque me di cuenta enseguida .", "date": "2022-11-15 21:57:19"}, {"id_message": 75945280743, "message": "No creo que eso sea as\u00ed , supongo que hay de todo , como en blancos , amarillos y de todo tipo de personas .", "date": "2022-11-16 07:17:12"}, {"id_message": 78878785378, "message": "El cambio es asombroso . En cuanto tiempo ?", "date": "2022-11-26 11:56:06"}, {"id_message": 6530758171, "message": "Estas contento con esos ? los tengo en la cesta de Amazon desde el verano jajajajaj , que tal autonom\u00eda tienen ?", "date": "2022-12-01 12:45:28"}, {"id_message": 2187419922, "message": "Yo los quiero para ir al monte o a andar , en el gym hay unos jubilados que cantan habaneras genial . Cuando se ponen los 3 a capella haciendo voces , es una pasada . Los de bot\u00f3n de la oreja , se me caen , ya he probado .", "date": "2022-12-01 13:08:47"}, {"id_message": 65598146554, "message": "Ya me he pillado los de Rub\u00e9n , jejeje , 32 pavos , y ya de paso , una piedra de afilar y una maquina de hacer rosquillas . Esto de Amazon , es un vicio , es mejor no entrar \ud83d\ude48", "date": "2022-12-01 13:42:15"}, {"id_message": 88433683262, "message": "Eres capaz de meterte 15 gr de pasta seca en una sola comida ?", "date": "2022-12-13 20:39:04"}, {"id_message": 42359832195, "message": "Yo cuando pongo pasta , hecho medio paquete de 250 , unos 125gr , y me salen 6 raciones . Lo que pasa es que lo acompa\u00f1o con verduras y cosas asi .", "date": "2022-12-13 20:45:10"}, {"id_message": 61147025074, "message": "Hola , habeis probado la Inteligencia artificial esa de moda ? ( URL ) Le he pedido que me haga una rutina de 2 dias fullbody , y me la ha sacado , lo ha clavado \ud83d\ude02 \ud83d\ude02", "date": "2022-12-17 20:04:43"}, {"id_message": 76092247568, "message": "\" Aqu\u00ed te presento un entrenamiento full body de dos d\u00edas que puedes seguir : D\u00eda 1 : Sentadillas con barra : 3 series de 8-12 repeticiones Peso muerto con mancuernas : 3 series de 8-12 repeticiones Press de banca con mancuernas : 3 series de 8-12 repeticiones Dominadas : 3 series de 8-12 repeticiones Elevaciones de piernas en el suelo : 3 series de 8-12 repeticiones D\u00eda 2 : Fondos en paralelas : 3 series de 8-12 repeticiones Remo con mancuernas : 3 series de 8-12 repeticiones Elevaciones de hombros con mancuernas : 3 series de 8-12 repeticiones Abdominales en bicicleta : 3 series de 8-12 repeticiones Estocadas : 3 series de 8-12 repeticiones ( cada pierna ) Recuerda que es importante realizar un calentamiento adecuado antes de cada entrenamiento y estirar al finalizar . Tambi\u00e9n es importante ajustar las cargas y el n\u00famero de repeticiones a tu nivel de condici\u00f3n f\u00edsica y objetivos de entrenamiento . Si tienes alguna duda o necesitas m\u00e1s detalles sobre cualquiera de los ejercicios , no dudes en preguntar . \"", "date": "2022-12-17 20:05:25"}, {"id_message": 90297423493, "message": "Soy un tirillas , 60kg 168m . solo se me ven los huesos . Solo era una broma", "date": "2022-12-18 12:24:46"}]