[{"id_message": 632527347, "message": "Apenas hoy decid\u00ed unirme a esto jeje me siento muy insatisfecha conmigo", "date": "2020-04-24 11:16:37"}, {"id_message": 17542013957, "message": "Mi meta es 48kg soy nueva en esto Ana _ mia = ana", "date": "2020-04-24 12:53:43"}, {"id_message": 2022990417, "message": "Yo pas\u00e9 por mucho a los 10 a\u00f1os", "date": "2020-04-24 12:59:05"}, {"id_message": 7466218194, "message": "Era muy muy cerda", "date": "2020-04-24 12:59:12"}, {"id_message": 44728900381, "message": "Creci y pues despinuyo eso pero a\u00fan me siento insatisfecha con mi cuerpo", "date": "2020-04-24 13:00:51"}, {"id_message": 97374941225, "message": "Aveces voy a las tiendas de ropa y la mayor\u00eda que hay en la de adolescentes son hombligueras etc", "date": "2020-04-24 13:02:10"}, {"id_message": 40879261969, "message": "Se siente feo provarse la ropa y verse marrana , ver personas con la misma ropa , delgadas ... uff morir\u00eda por ser as\u00ed", "date": "2020-04-24 13:03:56"}, {"id_message": 89351489011, "message": "He intentado dejar de comer pero mi madre es muy sobreprotectora", "date": "2020-04-24 13:04:35"}, {"id_message": 19171145586, "message": "Me trata como ni\u00f1a", "date": "2020-04-24 13:04:57"}, {"id_message": 6772028290, "message": "Yo cintura peque\u00f1a y huesos sobresalientes", "date": "2020-04-24 13:05:51"}, {"id_message": 7859248006, "message": "Jeje la verdad me dan ganas de llorar algunas veces", "date": "2020-04-24 13:06:45"}, {"id_message": 23546850, "message": "Mi madre es de las que cuidan su aspecto", "date": "2020-04-24 13:07:02"}, {"id_message": 82088251836, "message": "Me humilla haci\u00e9ndome recordar a cada rato mi sobrepeso", "date": "2020-04-24 13:07:33"}, {"id_message": 1895480630, "message": "Me hace comer de m\u00e1s siempre", "date": "2020-04-24 13:08:30"}, {"id_message": 55450683469, "message": "Aveces siento que envidia mi juventud o algo as\u00ed", "date": "2020-04-24 13:08:55"}, {"id_message": 27468376272, "message": "Por eso hoy quiero ponerle un alto a esto", "date": "2020-04-24 13:10:32"}, {"id_message": 74410500371, "message": "Mi novio me dejo por insuficiencia ... y no pienso quedarme sin hacer algo", "date": "2020-04-24 13:11:31"}, {"id_message": 85946541249, "message": "Bajar\u00e9 hasta los 48kg y no por \u00e9l , sino para amarme a m\u00ed , no depender de otra persona para ser feliz .", "date": "2020-04-24 13:13:02"}, {"id_message": 84076084316, "message": "La agua con lim\u00f3n elimina grasa", "date": "2020-04-25 05:03:51"}, {"id_message": 54428784844, "message": "Te recomiendo papaya y manzana o te verde", "date": "2020-04-25 05:04:07"}, {"id_message": 64431274152, "message": "La agua fr\u00eda es excelente hace que tu cuerpo queme m\u00e1s calor\u00edas para calentarla", "date": "2020-04-25 05:10:07"}]