[{"id_message": 50075607346, "message": "A m\u00ed me pasa casi siempre cuando lo hago muy intenso . Sobre todo en piernas y brazos . Pecho no tanto pero algunas veces .", "date": "2019-05-21 12:42:43"}, {"id_message": 82732353214, "message": "Yo tampoco siento en la espalda", "date": "2019-05-21 12:55:10"}, {"id_message": 45657304694, "message": "Ni siento congesti\u00f3n ni que se me hinche", "date": "2019-05-21 12:56:03"}, {"id_message": 6745215451, "message": "Como sucede en los brazos y muslos", "date": "2019-05-21 12:56:19"}, {"id_message": 41023501481, "message": "Solo que a medida que hago los ejercicios tengo menos fuerza", "date": "2019-05-21 12:57:04"}, {"id_message": 67319304719, "message": "No entiendo que ejercicio es ese", "date": "2019-05-21 12:57:27"}, {"id_message": 78075228686, "message": "No ser\u00e1 al rev\u00e9s ?", "date": "2019-05-21 12:58:40"}, {"id_message": 6189760554, "message": "No s\u00e9 qu\u00e9 ser\u00e1 la goma", "date": "2019-05-21 12:59:22"}, {"id_message": 6513042704, "message": "Pero s\u00ed he visto algunos v\u00eddeos sobre los ejercicios de activaci\u00f3n", "date": "2019-05-21 13:00:02"}, {"id_message": 28466611156, "message": "Aunque nunca los hago", "date": "2019-05-21 13:00:13"}, {"id_message": 52985443109, "message": "Una vez me puse a hacerlos para el bicep y un entrenador del gimnasio me pregunt\u00f3 que estaba haciendo \ud83d\ude44", "date": "2019-05-21 13:00:55"}, {"id_message": 87816777533, "message": "Hoy v\u00ed un v\u00eddeo de un chico en Instagram con cuerpo fitness que entra en calzoncillos , unas botas , guantes y una m\u00e1scara en la cara a un cuarto que estaba a - 50 \u00b0 C . Afuera dec\u00eda algo de cryo o algo as\u00ed . \u00bf Alguna idea de para qu\u00e9 es eso ?", "date": "2019-05-22 03:28:38"}, {"id_message": 28850028160, "message": "Pero que fr\u00edo . Se ve\u00eda como soltaba humo por la boca .", "date": "2019-05-22 12:22:32"}, {"id_message": 48551472132, "message": "Otra cosa rara que v\u00ed fue a uno diciendo que estaba en definici\u00f3n y hab\u00eda hecho un ayuno de 24 horas", "date": "2019-05-22 12:33:33"}, {"id_message": 996332778, "message": "Al parecer s\u00ed sobrevive", "date": "2019-05-22 12:36:47"}, {"id_message": 87290756665, "message": "no eres el \u00fanico", "date": "2019-05-23 21:04:48"}, {"id_message": 98051286119, "message": "A m\u00ed me est\u00e1n doliendo las rodillas \ud83d\ude25", "date": "2019-06-07 20:05:57"}, {"id_message": 59543719086, "message": "Athlean X en espa\u00f1ol", "date": "2019-06-07 23:46:08"}, {"id_message": 35281488730, "message": "Por qu\u00e9 ahora estoy en dos grupos con el mismo nombre ?", "date": "2019-07-01 18:24:18"}, {"id_message": 6390845775, "message": "Desde esta ma\u00f1ana est\u00e1n ca\u00eddos Facebook , Instagram y WhatsApp", "date": "2019-07-03 20:41:45"}, {"id_message": 68245677578, "message": "@USER te acuerdas de mi dolor en la rodilla ?", "date": "2019-07-08 01:28:26"}, {"id_message": 99521395955, "message": "Ya me diagnosticaron . No era tendinitis rotuliana . Es condromalacia rotuliana \ud83d\ude14", "date": "2019-07-08 01:30:53"}, {"id_message": 19576057913, "message": "No me dijeron eso . Solo me tocaron , me hicieron unas placas . Y me mandaron fisioterapia . Pero el ortopedico me dijo que no pod\u00eda hacer m\u00e1s ejercicios de pierna \ud83d\ude30", "date": "2019-07-08 01:31:58"}, {"id_message": 31890136228, "message": "Dice que el cart\u00edlago no vuelve a crecer", "date": "2019-07-08 01:32:44"}, {"id_message": 46975316344, "message": "Ojal\u00e1 fuera posible . Hay gente que no les importa dejar de hacer pierna en el gimnasio pero a m\u00ed s\u00ed .", "date": "2019-07-08 01:33:33"}, {"id_message": 23423677133, "message": "Ufff pero aqu\u00ed no hay eso", "date": "2019-07-08 01:33:39"}, {"id_message": 83443817782, "message": "Y eso que somos una potencia m\u00e9dica", "date": "2019-07-08 01:33:49"}, {"id_message": 45359812245, "message": "Por ahora he estado tomando glucosamine chondroitin", "date": "2019-07-08 01:34:29"}, {"id_message": 83895245444, "message": "La fisioterapia que me mandaron es con magneto", "date": "2019-07-08 01:35:03"}, {"id_message": 11560311217, "message": "Es que cuando hac\u00eda ejercicios me dol\u00eda", "date": "2019-07-08 01:35:57"}, {"id_message": 72130691346, "message": "C\u00f3mo se hace eso ?", "date": "2019-07-08 01:37:51"}, {"id_message": 37217272142, "message": "C\u00f3mo ? Solo puedo hacer pantorrillas sentado , es lo \u00fanico que no me duele .", "date": "2019-07-08 01:38:52"}, {"id_message": 15270963430, "message": "Gracias lo leer\u00e9 a ver qu\u00e9 tal", "date": "2019-07-08 01:41:07"}, {"id_message": 10770899885, "message": "Aqu\u00ed como que los m\u00e9dicos son muy malos en esas cosas . Te ayudan a currar el dolor pero ni se ponen a hacer un estudio de ponerte mejor .", "date": "2019-07-08 01:43:04"}, {"id_message": 54719853846, "message": "Buenas noches , que descansen", "date": "2019-07-08 01:47:31"}, {"id_message": 47453680205, "message": "A\u00fan las 7:47 PM en la Habana", "date": "2019-07-08 01:47:52"}, {"id_message": 15300540619, "message": "Y has podido volver a hacer ejercicios de pierna ?", "date": "2019-07-08 07:38:27"}, {"id_message": 68272336346, "message": "Pero yo solo tengo 26 a\u00f1os", "date": "2019-07-08 07:38:32"}, {"id_message": 7634750072, "message": "Que me digan que esteroide usan , soy todo o\u00eddos", "date": "2019-07-21 22:11:38"}, {"id_message": 83335450707, "message": "Bueno si todos aumentan la masa muscular no creo que se vean diferentes por usar un esteroide u otro", "date": "2019-07-21 22:33:02"}, {"id_message": 24878391030, "message": "A eso es lo que le llaman hombros 3D ?", "date": "2019-07-21 22:36:38"}, {"id_message": 97902954792, "message": "Qu\u00e9 sitio o aplicaci\u00f3n me sugieren para calcular las calor\u00edas que necesito al d\u00eda ? Seg\u00fan MyFitnessPal necesito 2650 , seg\u00fan un sitio en Internet necesito 3085 , ambos para subir medio kilogramo a la semana .", "date": "2019-08-01 23:50:54"}, {"id_message": 72893612298, "message": "Pero noto que al cambiar la actividad f\u00edsica da resultados similares", "date": "2019-08-01 23:51:08"}, {"id_message": 14475725601, "message": "Como que es la misma pregunta pero con enfoques distintos as\u00ed que no entiendo", "date": "2019-08-01 23:52:21"}, {"id_message": 35999554536, "message": "Es lo que pone la aplicaci\u00f3n , objetivo : ganar 0.5 kg o ganar 1 kg", "date": "2019-08-02 01:08:13"}, {"id_message": 60737824270, "message": "Pero pesas muy poco", "date": "2019-08-02 01:10:53"}, {"id_message": 45247566439, "message": "Pero los cambios no son de un d\u00eda para otro", "date": "2019-08-04 02:41:35"}, {"id_message": 68306705694, "message": "Pr\u00e1cticamente un laboratorio de la NASA para medir todo eso", "date": "2019-08-04 02:55:47"}, {"id_message": 5572619654, "message": "Aqu\u00ed no hay Walmart \ud83d\ude05", "date": "2019-08-04 03:31:52"}, {"id_message": 20942473492, "message": "Tampoco hay envios ac\u00e1 \ud83d\ude2d", "date": "2019-08-04 03:34:14"}]