[{"id_message": 56050581489, "message": "Hola , me uni al grupo porque siento que yo sola no ser\u00e9 capaz de alcanzar mi meta", "date": "2022-04-17 20:16:09"}, {"id_message": 61160163330, "message": "No sabr\u00e1n de canales de Youtube que sean tambi\u00e9n proana por alguna casualidad ?", "date": "2022-04-17 20:17:45"}, {"id_message": 58705174482, "message": "Con ana creo que un a\u00f1o , est\u00e1 un poco difuso as\u00ed que no estoy segura", "date": "2022-04-17 21:23:08"}, {"id_message": 74682798961, "message": "Con ed seguro desde antes de la pandemia", "date": "2022-04-17 21:23:25"}, {"id_message": 48215315444, "message": "El problema es que caigo en atracones y no soy capaz de llegar a mi meta , solo subo y bajo constantemente los mismos seis kg", "date": "2022-04-17 21:24:22"}, {"id_message": 3304709764, "message": "Me he metido al grupo por eso , para avanzar m\u00e1s , q supongo que se hace al tener apoyo", "date": "2022-04-17 21:25:08"}, {"id_message": 42182605407, "message": "Perd\u00f3n , pero qu\u00e9 es una carrera de kilos ?", "date": "2022-04-17 21:34:13"}, {"id_message": 14993167818, "message": "Yo no puedo darte muy buenos consejos y adem\u00e1s yo tambi\u00e9n los necesitar\u00eda", "date": "2022-04-17 22:12:47"}, {"id_message": 27670571800, "message": "Pero por el momento sobre todo piensa que puedes volver a bajarlo igual que habr\u00e1s hecho antes", "date": "2022-04-17 22:13:18"}, {"id_message": 25896988659, "message": "Es algo que puedes solucionar", "date": "2022-04-17 22:13:25"}, {"id_message": 77738400063, "message": "Pero la verdad es que yo tambi\u00e9n agradecer\u00eda consejos para bajar r\u00e1pido despu\u00e9s de unos atracones", "date": "2022-04-17 22:13:45"}, {"id_message": 21150722998, "message": "Estoy teniendo una muy mala \u00e9poca", "date": "2022-04-17 22:15:27"}, {"id_message": 14776718683, "message": "Pero recuperaremos \ud83d\udcaa \ud83d\udcaa", "date": "2022-04-17 22:16:00"}, {"id_message": 33347428638, "message": "Es el primer grupo en el que estoy", "date": "2022-04-18 02:34:06"}, {"id_message": 60742555066, "message": "Pero leyendo esas cosas , s\u00ed que da un poco de miedo", "date": "2022-04-18 02:34:26"}, {"id_message": 78349187903, "message": "Por cierto , qu\u00e9 aconsejan para dejar definitivamente de caer en ciclos de binging ?", "date": "2022-04-18 02:37:21"}, {"id_message": 49006503579, "message": "Okay , entonces fumar tachado", "date": "2022-04-18 02:45:28"}, {"id_message": 79418372988, "message": "Hab\u00eda pensado justo despu\u00e9s de haber hecho binging no restringir muy fuerte , y centrarme en estar ns dos semanas sin caer", "date": "2022-04-18 02:47:07"}, {"id_message": 99058148488, "message": "Para que no me de ansiedad hacer restricting y caiga en un atrac\u00f3n", "date": "2022-04-18 02:47:43"}, {"id_message": 41697944909, "message": "Eso s\u00ed manteni\u00e9ndome low cal y sana la dieta", "date": "2022-04-18 02:48:10"}, {"id_message": 18792663759, "message": "Dar\u00e1 cargo de conciencia no compensar el binging restringiendo al m\u00e1ximo , pero igual as\u00ed se rompe el c\u00edrculo vicioso", "date": "2022-04-18 02:48:49"}, {"id_message": 55040034810, "message": "Les parece una buena idea ?", "date": "2022-04-18 02:48:58"}, {"id_message": 44873388490, "message": "Mucho \u00e1nimo con tu plan ! \ud83d\ude4c", "date": "2022-04-18 02:54:19"}, {"id_message": 60169561022, "message": "No lo s\u00e9 , pero yo la tomaba mucho porque al menos se supone que ayuda a la digesti\u00f3n", "date": "2022-04-18 02:54:48"}, {"id_message": 98873176570, "message": "Qu\u00e9 va , yo tambi\u00e9n estaba buscando pero no s\u00e9 c\u00f3mo encontrarlos", "date": "2022-04-18 03:02:23"}, {"id_message": 77844376320, "message": "Era un pu\u00f1ado peque\u00f1o pero puf", "date": "2022-04-22 22:15:17"}, {"id_message": 51851832789, "message": "Entonces no engorda mucho ?", "date": "2022-04-22 22:58:08"}, {"id_message": 92670866736, "message": "Las cog\u00ed por impulso", "date": "2022-04-22 22:58:20"}, {"id_message": 66701957087, "message": "Pero estoy muy contenta , porque comer ese tipo de cosas sol\u00eda llevarme a atracones , y en cambio no he comido nada m\u00e1s", "date": "2022-04-22 22:58:51"}, {"id_message": 74750154807, "message": "\u263a \ufe0f \u263a \ufe0f", "date": "2022-04-22 22:59:03"}, {"id_message": 88681531571, "message": "Gracias por ese dato \ud83d\udc95", "date": "2022-04-22 22:59:17"}, {"id_message": 72165144732, "message": "Es que aunque lleve a\u00f1os restringiendo , no s\u00e9 demasiado a nivel t\u00e9cnico y nutricional", "date": "2022-04-22 22:59:41"}, {"id_message": 66603102599, "message": "Por eso com\u00ed muy pocas", "date": "2022-04-22 22:59:50"}, {"id_message": 83802171587, "message": "Supongo que es porque nuestros cuerpos ya no est\u00e1n acostumbrados a digerirlas", "date": "2022-04-22 23:00:07"}, {"id_message": 65422426766, "message": "S\u00ed s\u00ed , ahora ya s\u00e9 algo m\u00e1s que antes e intento buscar info", "date": "2022-04-22 23:00:40"}, {"id_message": 49408717851, "message": "Sabes de alguna web recomendable para informarme ?", "date": "2022-04-22 23:00:53"}, {"id_message": 21108237339, "message": "A ver algo s\u00e9", "date": "2022-04-23 00:11:02"}, {"id_message": 16550799609, "message": "Pero bueno me queda mucho por aprender", "date": "2022-04-23 00:11:09"}, {"id_message": 86828519217, "message": "Chicas q opinan de la miel ?", "date": "2022-04-24 19:30:23"}, {"id_message": 18019225334, "message": "Pero es q mi madre trajo miel natural", "date": "2022-04-24 20:21:50"}, {"id_message": 95744462684, "message": "Y com\u00ed como cuatro cucharaditas", "date": "2022-04-24 20:22:04"}, {"id_message": 38607587204, "message": "No no de esa nunca comer\u00eda \ud83d\ude2c", "date": "2022-04-24 20:22:36"}, {"id_message": 93930046648, "message": "Esta es de mi pueblo", "date": "2022-04-24 20:22:43"}, {"id_message": 15818856751, "message": "La de supermercado es puro az\u00facar , y adem\u00e1s llevn cosas para esperarla q engordan y son mal\u00edsimas", "date": "2022-04-24 20:23:11"}, {"id_message": 29736966949, "message": "Hola ! ! Llevo mucho tiempo desconectada por problemas personales", "date": "2022-05-16 14:46:52"}, {"id_message": 29300223332, "message": "Pero alguien podr\u00eda ayudarme a vomitar m\u00e1s f\u00e1cil ?", "date": "2022-05-16 14:47:11"}, {"id_message": 92164750828, "message": "Porque apenas consigo nada pero me hago da\u00f1o en la garganta del esfuerzo", "date": "2022-05-16 14:47:32"}, {"id_message": 77919005801, "message": "Muchas gracias a los dos por la ayuda \ud83d\udda4", "date": "2022-05-16 20:11:50"}, {"id_message": 58526335987, "message": "No quer\u00eda llegar a esto pero ha llegado un punto q de hacerlo prefiero hacerlo bien al menos", "date": "2022-05-16 20:12:08"}, {"id_message": 54737616935, "message": "Alguien sabe de algo q funcione super bien para evitar atracones ?", "date": "2022-05-23 09:21:01"}]