[{"id_message": 11790051890, "message": "Soy Elizabeth Soy Ana Peso actual : 49 . 300 Estatura : 1.59 Peso meta : 47 19 a\u00f1os", "date": "2022-05-23 18:16:08"}, {"id_message": 176898121, "message": "Alguien sabe si es real que el caf\u00e9 con lim\u00f3n ayuda a bajar de peso ?", "date": "2022-05-24 02:12:14"}, {"id_message": 35249222804, "message": "\ud83e\udd28 \ud83e\udd28", "date": "2022-05-24 02:12:36"}, {"id_message": 88332774739, "message": "Y si te funcion\u00f3 ?", "date": "2022-05-24 02:13:42"}, {"id_message": 70103839711, "message": "A m\u00ed me ha ayudado bastante el implante subdermico , me daba miedo subir de peso pero me hizo bajar", "date": "2022-05-24 02:14:27"}, {"id_message": 52513275618, "message": "Hace unos 2 meses pesaba 55 y ahora peso 49", "date": "2022-05-24 02:14:46"}, {"id_message": 69562848962, "message": "S\u00ed lo s\u00e9 , presisamente por eso me daba miedo ponermelo :( (", "date": "2022-05-24 02:15:26"}, {"id_message": 59468934056, "message": "Alguien tiene alguna rutina para adelgazar las manos ?", "date": "2022-05-24 02:15:51"}, {"id_message": 89052819524, "message": "Di que no tienes dinero", "date": "2022-05-24 19:30:23"}, {"id_message": 42116873287, "message": "Cuando voy a la uni siempre digo que mi abuela no me deja salir de casa sin comer y que sirve demasiada comida as\u00ed evito comer con mis compa\u00f1eros o profesores", "date": "2022-05-24 19:33:38"}, {"id_message": 99095068041, "message": "Y en casa al rev\u00e9s , digo que en la uni ya com\u00ed demasiado me invento que pedimos pizza o comimos tacos o tortas o algo exagerado y entonces ya no tengo que comer", "date": "2022-05-24 19:34:33"}, {"id_message": 58337724899, "message": "Yo peso 49 y mi meta 1 es 47", "date": "2022-05-24 19:35:06"}, {"id_message": 63535465430, "message": "Alguien tiene tablas para saber el peso ideal .", "date": "2022-05-24 19:36:22"}, {"id_message": 83950079984, "message": "Jaja me sent\u00ed vieja sorry", "date": "2022-05-24 19:42:01"}, {"id_message": 57494477581, "message": "Yo desayun\u00e9 caf\u00e9 con lim\u00f3n y papaya", "date": "2022-05-24 19:42:31"}, {"id_message": 13417648286, "message": "Alguien sabe si la papaya es un buen desayuno para Ana ?", "date": "2022-05-24 19:42:45"}, {"id_message": 81590805265, "message": "Estoy pasando de mis a Ana", "date": "2022-05-24 19:43:53"}, {"id_message": 48240662304, "message": "Porque mi garganta ya est\u00e1 jodida", "date": "2022-05-24 19:43:59"}, {"id_message": 46693179978, "message": "Un caf\u00e9 y dos rebanadas de papaya ser\u00e1n mucho ?", "date": "2022-05-24 19:44:49"}, {"id_message": 84070621185, "message": "Que lindo sent\u00ed \u2764 \ufe0f", "date": "2022-05-24 19:45:40"}, {"id_message": 56335248788, "message": "Alguien tiene alg\u00fan tip que darme ? Vivo con mi abuela y siempre quiere que coma", "date": "2022-05-24 19:45:59"}]