[{"id_message": 70474329666, "message": "Hola soy Ana pero actualmente soy m\u00e1s mia \ud83d\udc9c Peso actual 64 Peso meta 43 Tengo 17 a\u00f1os Comenze apenas hace 1 semana y media", "date": "2020-04-16 22:09:18"}, {"id_message": 66389488012, "message": "Andamos bien hoy es mi 2do d\u00eda de ayuno :)", "date": "2020-04-16 22:10:40"}, {"id_message": 85148581944, "message": "Mi nombre es Sherlyn Saray me pueden decir como gusten", "date": "2020-04-16 22:11:11"}, {"id_message": 31907754746, "message": "Si he tomado mucha agua", "date": "2020-04-16 22:11:18"}, {"id_message": 68113106578, "message": "Genial eso esta bien :)", "date": "2020-04-16 22:11:25"}, {"id_message": 64773503728, "message": "Como tal no es un ayuno es la dieta del agua dura 13 d\u00edas pero quiero hacerlo por 10 dias :)", "date": "2020-04-16 22:13:10"}, {"id_message": 17048505995, "message": "Voy poco a poco", "date": "2020-04-16 22:13:14"}, {"id_message": 36384304986, "message": "Si si los tendr\u00e9 descuida :)", "date": "2020-04-16 22:14:53"}, {"id_message": 49730509173, "message": "Ya hab\u00eda escuchando sobre esto entonces anteriormente he tendi\u00f3 muchas cosas por mi peso siempre es lo mismo burlas de mi familia Sufri 2 a\u00f1os Bullying por lo mismo entonces decid\u00ed entrar a Ana y Mia como un estilo de vida comenze a buscar", "date": "2020-04-16 22:15:56"}, {"id_message": 6498215920, "message": "En donde igual me ayudan y veo muchas personas igual que como yo", "date": "2020-04-16 22:16:13"}, {"id_message": 10808633321, "message": "Se saben controlar y todo", "date": "2020-04-16 22:16:19"}, {"id_message": 69847798402, "message": "Si si lo tengo muy claro que esto es una enfermedad", "date": "2020-04-16 22:23:17"}, {"id_message": 85909055176, "message": "Estoy consiente de todo", "date": "2020-04-16 22:23:29"}, {"id_message": 19737678059, "message": "Lo entiendo y descuida que se que es algo que no puedo dejar", "date": "2020-04-16 22:23:52"}, {"id_message": 80984665204, "message": "Si tambi\u00e9n estoy arta as\u00ed todas mis amigas s\u00faper bonitas con su abdomen plano y yo no :(", "date": "2020-04-16 22:36:46"}, {"id_message": 61266268756, "message": "Cuales son las reglas ?", "date": "2020-04-16 22:36:57"}, {"id_message": 21068035239, "message": "\ud83d\udc4b", "date": "2020-04-16 22:46:25"}, {"id_message": 43186624111, "message": "Hola \ud83d\udc9c", "date": "2020-04-16 22:46:38"}, {"id_message": 94349960692, "message": "Aceto las cosas que", "date": "2020-04-16 23:07:36"}, {"id_message": 30913226007, "message": "Est\u00e1n en el grupo", "date": "2020-04-16 23:07:46"}, {"id_message": 76973156997, "message": "Valla entonces no haces ejercicio ahorita", "date": "2020-04-16 23:08:47"}, {"id_message": 26222420685, "message": "Si ahorita con todo esto no se puede yo por ejemplo uso una app son ejercicios b\u00e1sicos pero los hago :)", "date": "2020-04-16 23:12:08"}, {"id_message": 50260488340, "message": "Si es que son rutinas que ponen y cosas as\u00ed lo hago cuando mi mam\u00e1 no esta y todo eso \ud83d\udc9c pero poco a poco", "date": "2020-04-16 23:20:02"}, {"id_message": 89057024400, "message": "Yo igual en el piso hago ejercicio", "date": "2020-04-16 23:20:08"}, {"id_message": 10204413537, "message": "Y con una silla \ud83d\ude01", "date": "2020-04-16 23:20:14"}, {"id_message": 48916523405, "message": "No estas sola todas entendemos \u2764 \ufe0f", "date": "2020-04-17 02:12:25"}, {"id_message": 82190547358, "message": "Si si te entiendo :) De que pais eres ?", "date": "2020-04-17 02:13:56"}, {"id_message": 23126247157, "message": "De que pais eres ?", "date": "2020-04-17 02:14:04"}, {"id_message": 57247444894, "message": "Tranquila deja que pase todo esto y ya puedes hacer ejercicio para que no tengas un fuerte resfriado y te de Hipotermia , te vas a enfermar :) \u2764 \ufe0f", "date": "2020-04-17 02:14:53"}, {"id_message": 66245262509, "message": "Ohhhh \ud83e\udd7a", "date": "2020-04-17 02:15:05"}, {"id_message": 10403591300, "message": "Si todo con calma \ud83e\udd7a", "date": "2020-04-17 03:00:56"}, {"id_message": 10242972776, "message": "M\u00e9xico \u2764 \ufe0f", "date": "2020-04-17 03:01:04"}, {"id_message": 39560532431, "message": "Si si es muy bonito de verdad ? \u2764 \ufe0f \ud83d\ude0a", "date": "2020-04-17 03:02:23"}, {"id_message": 24239684335, "message": "Genial que padre \ud83e\udd29", "date": "2020-04-17 03:02:44"}, {"id_message": 12388610392, "message": "Exactooo \ud83e\udd29", "date": "2020-04-17 03:03:19"}, {"id_message": 12816190999, "message": "Hola chicaaas buenas nochees \u2764 \ufe0f \ud83d\ude0c", "date": "2020-04-23 10:09:49"}, {"id_message": 64567608144, "message": "Mucha suerte ma\u00f1ana para todas \u2764 \ufe0f", "date": "2020-04-23 10:09:58"}, {"id_message": 38542054826, "message": "Vamos a lograr todas nuestras metas \u2764 \ufe0f", "date": "2020-04-23 10:10:19"}, {"id_message": 4822856614, "message": "Y ahg como ahorita agua con lim\u00f3n", "date": "2020-04-25 05:02:25"}, {"id_message": 20033014253, "message": "De hecho el agua que estoy tomando esta muy fr\u00eda y espero me ayude eso :)", "date": "2020-04-25 05:08:13"}, {"id_message": 80841915193, "message": "Yo no sabia eso : 0", "date": "2020-04-25 05:08:23"}, {"id_message": 36414055233, "message": "Ya tiene tiene que la tomo as\u00ed agua con lim\u00f3n sin azucar", "date": "2020-04-25 05:08:37"}, {"id_message": 29254550204, "message": "Oh valla muchas gracias :) \u2764 \ufe0f", "date": "2020-04-25 05:13:24"}, {"id_message": 69018632887, "message": "Linda noche a todas : 3", "date": "2020-04-25 05:13:28"}, {"id_message": 64773486118, "message": "Holaaa chicaaaas \u2764 \ufe0f \ud83e\udd7a", "date": "2020-05-02 02:22:57"}, {"id_message": 69881093608, "message": "Chicas ya me dijieron que me han escuchando vomitar que hagoooo \ud83e\udd7a", "date": "2020-05-09 09:27:35"}, {"id_message": 21949730312, "message": "Si es lo que me he estado haciendo tambi\u00e9n comer ante sus \" ojos \"", "date": "2020-05-10 20:27:34"}, {"id_message": 66381053713, "message": "Siiii \u2764 \ufe0f", "date": "2020-05-10 20:27:44"}, {"id_message": 98425799478, "message": "Holaaa \u2764 \ufe0f", "date": "2020-05-29 07:03:36"}, {"id_message": 68733235376, "message": "Holaaaa \ud83c\udf3a", "date": "2020-06-19 16:59:22"}]