[{"id_message": 95412332741, "message": "No te preocupes , aqu\u00ed estaremos esper\u00e1ndote . Ojal\u00e1 todo te salga bien", "date": "2021-10-13 20:01:27"}, {"id_message": 33459102844, "message": "Hola , yo hace poco entre a blog y la verdad me ayuda mucho la thinspo que subes , quisiera ver tambi\u00e9n malespo . Y de dunmicas solo se me ocurre una de ayuno ya que estoy retomando lo y me servir\u00eda como motivacion", "date": "2021-11-01 23:56:36"}, {"id_message": 41427060233, "message": "Yo cometo el error de pesarme todos los d\u00edas , pero es que soy impaciente y quiero ver qu\u00e9 m\u00ednimo el peso se mantenga", "date": "2021-12-02 19:57:34"}, {"id_message": 16360114430, "message": "Caminar despu\u00e9s de comer ayuda un poco , yo me siento m\u00e1s inflamada cuando me quedo sentada", "date": "2021-12-02 20:04:48"}, {"id_message": 85109712986, "message": "Los canales no me aparecen \ud83d\ude14", "date": "2021-12-10 16:55:59"}, {"id_message": 72403325461, "message": "Me parecen geniales esos temas", "date": "2021-12-13 14:19:10"}, {"id_message": 4379931544, "message": "cuantas calor\u00edas se queman trotando una hora ?", "date": "2022-01-12 04:26:06"}, {"id_message": 26717376841, "message": "Una t\u00e9cnica que no adelgaza ?", "date": "2022-01-12 04:33:14"}, {"id_message": 17886194328, "message": "Hola , quien es el admin del grupo ?", "date": "2022-01-13 16:48:38"}, {"id_message": 7407179828, "message": "C\u00f3mo te puedo escribir al privado ?", "date": "2022-01-13 18:51:43"}, {"id_message": 44706019996, "message": "Me pasa igual , toca practicar para que salga facil", "date": "2022-01-21 17:22:30"}, {"id_message": 31263371208, "message": "A m\u00ed me sirvi\u00f3 tomar agua y luego provocarme el v\u00f3mito as\u00ed ya sal\u00eda el agua y no solo saliva", "date": "2022-01-21 17:23:26"}, {"id_message": 68019394499, "message": "Holi , aqu\u00ed alguien est\u00e1 en el grupo de la carrera de kilos ?", "date": "2022-01-21 21:47:26"}, {"id_message": 98963114996, "message": "Y ya iniciaron ? Es que se me desapareci\u00f3 el grupo entonces no s\u00e9 que est\u00e1 pasando", "date": "2022-01-22 15:11:56"}, {"id_message": 25001330976, "message": "Ohhh \ud83d\ude2d", "date": "2022-01-22 15:14:15"}, {"id_message": 65443371747, "message": "No es el s\u00edmbolo de alguien recuperado de la anorexia o bulimia ?", "date": "2022-01-25 15:08:14"}, {"id_message": 31485824052, "message": "Ensalada verde , lleva espinaca , pepino , lechuga y aguacate si quieres le puedes a\u00f1adir un poco de at\u00fan . Y te deja saciada", "date": "2022-01-26 15:26:25"}, {"id_message": 66017113595, "message": "No te estreses por ello pasa muy seguido , en una ocasi\u00f3n yo sub\u00ed dos kilos en un d\u00eda , pero como dice Jos\u00e9 no es algo significativo , se puede dar por muchas cosas como retenci\u00f3n de l\u00edquidos , te hinchaz , etc .", "date": "2022-02-06 00:34:10"}, {"id_message": 55320044441, "message": "En mi caso en la ma\u00f1ana peso un kilo menos que en la noche , siempre es as\u00ed , no significa que sea permanente", "date": "2022-02-06 00:34:41"}, {"id_message": 52851938281, "message": "Puf depende . Podr\u00eda ser medio o un kilo por d\u00eda", "date": "2022-05-16 12:09:33"}, {"id_message": 80742536603, "message": "Esto si est\u00e1s en obesidad o sobrepeso , no s\u00e9 en peso normal cu\u00e1nto se pierda", "date": "2022-05-16 12:10:21"}, {"id_message": 3039367275, "message": "D\u00edganme razones para no comer", "date": "2022-05-17 17:31:33"}, {"id_message": 66916313862, "message": "Hola , saben si pasa algo por donar sangre en ayunas ?", "date": "2022-05-25 21:18:50"}]