[{"id_message": 48169043841, "message": "Buenas noches . Mi nombre es Jose Manuel . Soy Polic\u00eda Local en Sevilla y tengo 39 a\u00f1os . Mido 1.83 cm y peso 82 kg . He corrido en plan mantenimiento , jugado al p\u00e1del . En cuanto a la musculaci\u00f3n nada serio . Que me aconsejais para empezar ? Mi idea es hacer algo en casa 3 dias a la semana con banco y mancuernas . Un saludo", "date": "2019-04-29 23:52:28"}, {"id_message": 66679471170, "message": "Gracias Lu ... . En principio un poquito de masa muscular .", "date": "2019-04-29 23:54:58"}, {"id_message": 70000518621, "message": "Ni idea \ud83d\ude02", "date": "2019-04-29 23:55:47"}, {"id_message": 91839163038, "message": "Un poco si . Pero tampoco mucha", "date": "2019-04-29 23:56:33"}, {"id_message": 14342246084, "message": "De peso con respecto a la altura estoy bien . Adem\u00e1s me suelo cuidar algo", "date": "2019-04-29 23:56:58"}, {"id_message": 92037106185, "message": "La verdad es que siempre es mala fecha ... \ud83d\ude2d", "date": "2019-04-29 23:57:53"}, {"id_message": 31651692594, "message": "Y de tiempo estoy frito , con 2 ni\u00f1os , la casa , tambi\u00e9n estoy estudiando un doble grado . \ud83d\ude22", "date": "2019-04-29 23:58:29"}, {"id_message": 6248439514, "message": "Con el mayor de 7 a\u00f1os tendr\u00e9 que hacerla . No me queda otra", "date": "2019-04-29 23:59:22"}, {"id_message": 6457592155, "message": "El otro tiene 8 meses y pesa 10 kg . Me vale para hacer press banca", "date": "2019-04-30 00:00:17"}, {"id_message": 76832056162, "message": "Mucha tela para empezar veo yo . Tendr\u00eda que darme de baja una semana \ud83d\ude02 \ud83d\ude02 \ud83d\ude02", "date": "2019-04-30 00:06:41"}, {"id_message": 9497222289, "message": "Esta claro . Bueno muchas gracias por la info . Nos vamos viendo .", "date": "2019-04-30 00:13:08"}]