[{"id_message": 83961094847, "message": "no veo nada de malo un poco de pan", "date": "2019-04-06 11:23:31"}, {"id_message": 32085687494, "message": "lo malo es el exceso en si de todo", "date": "2019-04-06 11:23:48"}, {"id_message": 38968995778, "message": "por cierto si alguno tenia amazon prime , lo han vuelto a bajar hoy a 19 euros al a\u00f1o", "date": "2019-04-06 11:25:25"}, {"id_message": 12085537134, "message": "imagino que cuando lo subieron a 36 se les fue mucha gente", "date": "2019-04-06 11:35:39"}, {"id_message": 64428278972, "message": "y lo han puesto unos dias con el mes gratis otra vez y luego a 19 el a\u00f1o", "date": "2019-04-06 11:35:59"}, {"id_message": 99113850177, "message": "lo he vuelto a pillar", "date": "2019-04-06 11:36:04"}, {"id_message": 97092221450, "message": "yo he probado la carne de potro en tomate", "date": "2019-04-06 11:56:49"}, {"id_message": 48985374316, "message": "y esta de lujo !", "date": "2019-04-06 11:56:54"}, {"id_message": 62818850068, "message": "No s\u00e9 qu\u00e9 pas\u00f3 que me bloque\u00f3 el telegram", "date": "2019-06-21 20:08:52"}, {"id_message": 4717599065, "message": "Hasta hace dos d\u00edas no pude activarlo", "date": "2019-06-21 20:09:07"}, {"id_message": 96064113725, "message": "No me ha pasado en la vida !", "date": "2019-06-21 20:09:13"}, {"id_message": 51089866754, "message": "Tal como lo ten\u00eda funcionando", "date": "2019-06-21 20:09:44"}, {"id_message": 92231514348, "message": "Ha sido el primer grupo en buscar ! ! !", "date": "2019-06-21 20:09:54"}, {"id_message": 14543616013, "message": "Se os ha echado de menos", "date": "2019-06-21 20:10:41"}, {"id_message": 40736799459, "message": "And\u00e1is los de siempre ?", "date": "2019-06-21 20:11:02"}, {"id_message": 89416186656, "message": "Pues nada sigo por aqui", "date": "2019-06-21 20:15:03"}, {"id_message": 88660069466, "message": "Ma\u00f1ana os paso fotos", "date": "2019-06-21 20:15:17"}, {"id_message": 94003155691, "message": "Ya voy a pi\u00f1\u00f3n !", "date": "2019-06-21 20:15:28"}, {"id_message": 51116283411, "message": "\ud83d\ude0a \ud83d\ude0a \ud83d\ude0a gracias ! Jaja", "date": "2019-06-22 10:39:14"}, {"id_message": 23163574851, "message": "Mira @USER despu\u00e9s la la lesi\u00f3n", "date": "2019-06-22 13:10:02"}, {"id_message": 2739527453, "message": "Empec\u00e9 a recuperar bastante bien la verdad", "date": "2019-06-22 13:10:12"}, {"id_message": 85270267703, "message": "Ya ando por los 74 kilos", "date": "2019-06-22 13:10:31"}, {"id_message": 83734306832, "message": "Eso te iba a decir yo", "date": "2019-06-22 16:31:41"}, {"id_message": 52394245928, "message": "Y las tengo igual", "date": "2019-06-22 16:31:53"}, {"id_message": 18842530475, "message": "Bueno voy a castigar al m\u00fasculo", "date": "2019-06-22 16:32:27"}, {"id_message": 7430783351, "message": "Que de vez en cuando viene bien", "date": "2019-06-22 16:32:34"}, {"id_message": 54766692257, "message": "Algo se me ha escapado", "date": "2019-06-22 17:18:51"}, {"id_message": 96281699908, "message": "Que manera de ser", "date": "2019-06-22 17:20:53"}, {"id_message": 30525607, "message": "El que plan puede ser muy andaluz", "date": "2019-06-22 17:21:02"}, {"id_message": 12961080754, "message": "A m\u00ed sinceramente me da igual", "date": "2019-06-22 17:25:36"}, {"id_message": 67808825229, "message": "No tengo nada que esconder", "date": "2019-06-22 17:26:03"}, {"id_message": 74055284717, "message": "Y si hacen algo con las fotos", "date": "2019-06-22 17:26:08"}, {"id_message": 99799718283, "message": "Quita la de Juli\u00e1n", "date": "2019-06-22 17:27:36"}, {"id_message": 64943686001, "message": "Que es menor tambi\u00e9n", "date": "2019-06-22 17:27:41"}, {"id_message": 48109021008, "message": "Era de co\u00f1a lu", "date": "2019-06-22 17:57:28"}, {"id_message": 31208472447, "message": "Tengo que esconderla bajo tierra ?", "date": "2019-06-22 18:02:41"}, {"id_message": 14537715089, "message": "A m\u00e1s de uno quisiera encintrarmelo en persona", "date": "2019-06-22 18:05:37"}, {"id_message": 10023245860, "message": "Mejor entonces tirar el m\u00f3vil", "date": "2019-06-22 18:06:16"}, {"id_message": 87999979930, "message": "S\u00e9 que a veces me excedo", "date": "2019-06-22 18:08:14"}, {"id_message": 20979776648, "message": "Y no hablo de lo que en teor\u00eda es el grupo", "date": "2019-06-22 18:08:25"}, {"id_message": 61232216751, "message": "Pero tengo 4 o 5 aqu\u00ed que me apetece y lo hago igual m\u00e1s personal", "date": "2019-06-22 18:08:58"}, {"id_message": 53444029952, "message": "Cu\u00e1ndo hable me dedicar\u00e9 a solo gim", "date": "2019-06-22 18:09:33"}, {"id_message": 56724107881, "message": "Al fin y al cabo mi intenci\u00f3n de de humanizar un poco la coss", "date": "2019-06-22 18:10:21"}, {"id_message": 51162171096, "message": "Veo escasez de buen rollo", "date": "2019-06-22 18:13:22"}, {"id_message": 43081411739, "message": "Y llevo un d\u00eda de vuelta", "date": "2019-06-22 18:13:30"}, {"id_message": 30459712287, "message": "A la mujer le gusta", "date": "2019-06-23 01:30:37"}, {"id_message": 96233366419, "message": "Que d\u00eda de playa se\u00f1or @s", "date": "2019-06-30 00:55:03"}, {"id_message": 86888614891, "message": "Al fondo el faro Trafalgar", "date": "2019-06-30 00:55:54"}, {"id_message": 83752471300, "message": "Donde fue la batalla de Trafalgar", "date": "2019-06-30 00:56:12"}, {"id_message": 72006546283, "message": "Jajaja lo s\u00e9 lo se", "date": "2019-06-30 12:47:35"}]