[{"id_message": 80171406159, "message": "Ahh valee , secretos de la vida \ud83d\ude02", "date": "2019-04-24 13:27:57"}, {"id_message": 60126341436, "message": "Basicamente alimentandome mejor y moviendome mucho mas , ya que casi no me movia y ahora no hay un d\u00eda que pueda faltar al gimnasio jajaja y asi de 86kg a 65 kg que estoy pesando actualmente", "date": "2019-04-24 13:45:27"}, {"id_message": 51881901418, "message": "Con paciencia y sin dejarlo , ya que muchas veces lo dejaba porque no veia resultados rapidos", "date": "2019-04-24 13:46:35"}, {"id_message": 96979705893, "message": "Pues 1 a\u00f1o y poco aproximadamente", "date": "2019-04-24 13:50:46"}, {"id_message": 2492015030, "message": "Muchas gracias , poco a poco vamos mejorando \ud83d\udcaa\ud83c\udffb", "date": "2019-04-24 13:58:03"}, {"id_message": 50828246812, "message": "Sii , ya baj\u00e9 de 86 kg a 67 kg que estoy ahora mismo \ud83d\udcaa\ud83c\udffb", "date": "2019-05-07 00:16:32"}, {"id_message": 797221610, "message": "Calla que ahora me toca a mi prensa tambien jajajajj", "date": "2019-05-10 20:36:53"}, {"id_message": 62457352107, "message": "700 mensajees jajajaj , alguna novedad ? \ud83d\ude46\ud83c\udffb\u200d\u2642", "date": "2019-05-10 23:22:37"}, {"id_message": 1074094765, "message": "Lo que pilles , hierbabuena mismo y le das un sabor a puchero \ud83d\ude02", "date": "2019-05-11 12:40:58"}, {"id_message": 69442669831, "message": "Que con el fresquito que hace ahora sienta bien \ud83d\ude02 \ud83d\ude02", "date": "2019-05-11 12:42:45"}, {"id_message": 79460130539, "message": "Y estos mensajes sin sentido ? \ud83e\udd37\ud83c\udffb\u200d\u2642", "date": "2019-05-22 00:00:38"}, {"id_message": 54798834053, "message": "Pues llevo un rato leyendo todo y la verdad es que ninguno me ha aportado nada \ud83d\ude02 \ud83e\udd37\ud83c\udffb\u200d\u2642", "date": "2019-05-22 00:01:31"}]