[{"id_message": 28045330233, "message": "yo opt\u00f3 m\u00e1s por ejercicios , que dietas ( me vigilan mi alimentaci\u00f3n ) . Despu\u00e9s les mand\u00f3 rutinas de ejercicios que pueden hacer viendo una pel\u00edcula , o v\u00eddeos . Yo siempre las hago en la noche .", "date": "2022-04-27 02:34:34"}, {"id_message": 73811204069, "message": "comprendo . Te recomiendo elogiar el aspecto del plato , y comentar lo rico que estaba . No causes sospechas . Por un tiempo a m\u00ed me obligaban a comer m\u00e1s de lo que deb\u00eda . ); Haz ejercicio , y mucho .", "date": "2022-04-27 03:38:07"}, {"id_message": 79802691075, "message": "hasta para cosas m\u00ednimas haz movimiento f\u00edsico . Ahorita subo unos videos para cintura y abdomen .", "date": "2022-04-27 03:39:11"}, {"id_message": 85702272956, "message": "ese foro me encanta demasiado . Ah\u00ed hablan de ejercicios , pero engloban muchas cosas . Se los recomiendo .", "date": "2022-04-27 04:15:07"}, {"id_message": 85308470334, "message": "esos son los ejercicios de cintura que te comentaba . ;)", "date": "2022-04-27 04:15:49"}, {"id_message": 65644448551, "message": "s\u00ed . \ud83d\udc98 \ud83d\udc98", "date": "2022-04-27 04:45:42"}, {"id_message": 75072419741, "message": "much\u00edsimas gracias . Toda esa informaci\u00f3n me ha de servir mucho . Gracias . \ud83d\udc98 \ud83d\udc98", "date": "2022-04-28 20:47:41"}, {"id_message": 41117633720, "message": "alguien tiene tips / ejercicios para el adelgazamiento de rostro ? ):", "date": "2022-04-29 05:30:25"}, {"id_message": 35843723081, "message": "cuando comas , mastica bien tu comida , y con cada bocado , toma mucha agua , demasiada . Vete r\u00e1pido al ba\u00f1o , no esperes m\u00e1s de una hora . Metete los dedos en la garganta ( puedes hacer movimientos circulares ) y cuando vomites , hazlo parada , y no hincada , ya que parada , t\u00fa est\u00f3mago se presiona m\u00e1s .", "date": "2022-05-02 22:42:13"}, {"id_message": 94360150661, "message": "t recomiendo q hagas masajes de cintura . ;) Son lo mejor , al otro d\u00eda amanezco con la cintura / abdomen adolorido .", "date": "2022-05-02 22:43:25"}, {"id_message": 65588949757, "message": "holii , me puedes mandar link tmb , xfiiis .", "date": "2022-05-03 11:22:50"}, {"id_message": 49900433897, "message": "te recomiendo tomar mucha , pero mucha aguaaaa ( el agua caliente te la quita ) . O comidas con poca calor\u00edas ( el apio es buena opci\u00f3n ) . S\u00f3lo para saciar esa hambre que tienes , pero tampoco te excedas , poquito a poquito . Busca pel\u00edculas y series que te distraigan , no pienses en la comida , y en la hambre que tienes ; aprende a que te guste esa sensaci\u00f3n . Cu\u00e1ndo tienes hambre , significa que lo est\u00e1s haciendo bien .", "date": "2022-05-03 11:25:19"}]