[{"id_message": 23001572661, "message": "Ana 60kilos 54kilos 19a\u00f1os", "date": "2020-04-19 18:35:00"}, {"id_message": 1166138878, "message": "Chicas ma\u00f1ana quisiera i iciar como con alg\u00fan reto para poder bajar de peso", "date": "2020-04-20 01:39:06"}, {"id_message": 31930841468, "message": "Hoy mi pap\u00e1 me acaba de decir gorda", "date": "2020-04-20 01:39:22"}, {"id_message": 93129908727, "message": "Eso me hace sentir de lo peor", "date": "2020-04-20 01:39:34"}, {"id_message": 91471820330, "message": "Hola buenos d\u00edas chicas !", "date": "2020-04-20 15:16:48"}, {"id_message": 58550093824, "message": "Esta bien si hoy tome un jugo verde y solo desayuno ?", "date": "2020-04-20 15:17:10"}, {"id_message": 47846362821, "message": "Te acuerdas de ayer iniciaba os un reto ?", "date": "2020-04-20 15:18:26"}, {"id_message": 24227861502, "message": "Aun no sabes cual ?", "date": "2020-04-20 15:18:40"}, {"id_message": 98580953395, "message": "Si te las digo aqu\u00ed , \u00bf Cu\u00e1l es mejor ser Ana o M\u00eda ? \u00bf Cu\u00e1nto logras bajar de peso siendo Ana y en cuanto tiempo ? \u00bf Cu\u00e1nto logras bajar de peso siendo M\u00eda y en cuanto tiempo ? \u00bf Qu\u00e9 tan recomendable son los laxantes ? \u00bf Porque cuando \" estas bajando \" no ves cambios ? \u00bf Como hacer para que no me de hambre ?", "date": "2020-04-20 15:21:41"}, {"id_message": 6678909885, "message": "\u00bf Qu\u00e9 se hace para controlar la ansiedad ?", "date": "2020-04-20 15:21:58"}, {"id_message": 49546437934, "message": "Y t\u00f3mese el tiempo que quieran para realizar las cosas", "date": "2020-04-20 15:22:39"}, {"id_message": 53612900417, "message": "Pero no se olviden de mi", "date": "2020-04-20 15:22:45"}, {"id_message": 77153103083, "message": "\u2764 \ufe0f \ud83d\udcaa", "date": "2020-04-20 15:23:02"}, {"id_message": 41175884611, "message": "Realmente mi metabolismo es demasiado lento no se si se deba por lo que consumo la verdad no se el porque y quisiera saberlo y como mejorarlo ya que considero que tener un buen metabolismo ayuda a bajar de peso o me estoy equivocando ?", "date": "2020-04-20 15:24:26"}, {"id_message": 89696249231, "message": "Hola chicas como me les va ?", "date": "2020-04-30 05:40:56"}, {"id_message": 22834357360, "message": "Tengo una duda es malo tomar laxantes seguidos ?", "date": "2020-05-19 00:59:18"}, {"id_message": 79289579893, "message": "Cuantas veces es recomendable ?", "date": "2020-05-19 15:16:49"}, {"id_message": 15989287127, "message": "Como les esta llenado ?", "date": "2020-06-04 23:56:51"}]