[{"id_message": 51550893772, "message": "Bienvenid @ Tu crush \u2764 Porfavor leer Las reglas y presentarse \u2764 Ana o m\u00eda : antes era Ana , ahora trastorno por atrac\u00f3n Peso actual : 49kg Peso meta : la siguiente 45kg Edad ( es importante no mentir a fin de evitar situaciones desagradables ): 18 Se corre riesgo de baneo en caso de no hacer su presentaci\u00f3n .", "date": "2022-04-14 18:59:37"}, {"id_message": 20107263520, "message": "El que env\u00eda la presentaci\u00f3n es un bot", "date": "2022-04-14 19:07:12"}, {"id_message": 15964940625, "message": "Este grupo es para poder entrar a otro ? O este es el grupo ?", "date": "2022-04-14 19:09:29"}, {"id_message": 52195856907, "message": "Ahh vale vale , como pone grupo entrada por eso me confund\u00ed jsjs", "date": "2022-04-14 19:10:10"}, {"id_message": 48922734924, "message": "En el de the voice ?", "date": "2022-04-14 19:10:26"}, {"id_message": 10282062166, "message": "No sab\u00eda que fue ah\u00ed donde empez\u00f3 todo el problema", "date": "2022-04-14 19:11:47"}, {"id_message": 98545085177, "message": "Y por qu\u00e9 no le pon\u00e9is un nombre como el anterior ? Que no ponga Ana y Mia me refiero", "date": "2022-04-14 19:13:04"}, {"id_message": 84394939268, "message": "Quiz\u00e1 as\u00ed sea m\u00e1s seguro", "date": "2022-04-14 19:13:11"}, {"id_message": 1359560784, "message": "Nada que ver pero yo tambi\u00e9n soy de Andaluc\u00eda jskaks", "date": "2022-04-14 22:20:03"}, {"id_message": 73343930528, "message": "Hola , me pod\u00e9is dar alguna idea de comidas que pueda hacer para ma\u00f1ana ? Me quedo solo en casa y puedo cocinar lo que quiera", "date": "2022-04-15 00:27:20"}, {"id_message": 63015019777, "message": "Que sea ligerita me refiero", "date": "2022-04-15 00:27:30"}, {"id_message": 1072788644, "message": "Chicas , ten\u00e9is consejos para salir de un ciclo de atracones ?", "date": "2022-04-15 15:52:58"}, {"id_message": 90636808124, "message": "Justo por hacer eso se me dilat\u00f3 el est\u00f3mago y ahora siempre tengo hambre y sed :(", "date": "2022-04-15 16:20:42"}, {"id_message": 3783776013, "message": "Estudiando para no pensar demasiado en el tremendo atrac\u00f3n que me acabo de dar jsjs", "date": "2022-04-15 16:22:05"}, {"id_message": 86000854598, "message": "A m\u00ed \u00faltimamente tambi\u00e9n , pero intento mantenerme centrado en los estudios", "date": "2022-04-15 16:23:42"}, {"id_message": 22655391441, "message": "Pues sal de esta mierda antes de meterte dentro", "date": "2022-04-15 16:25:20"}, {"id_message": 6595535105, "message": "Si tomas caf\u00e9 habitualmente , d\u00e9jalo", "date": "2022-04-15 22:51:04"}, {"id_message": 12436465578, "message": "O cualquier cosa con cafe\u00edna", "date": "2022-04-15 22:51:14"}, {"id_message": 46062154425, "message": "He subido un mont\u00f3n de kg en poco tiempo", "date": "2022-04-17 22:09:40"}, {"id_message": 99996765674, "message": "C\u00f3mo los puedo bajar r\u00e1pido ? En teor\u00eda la mayor\u00eda debe ser retenci\u00f3n de l\u00edquidos", "date": "2022-04-17 22:09:56"}, {"id_message": 60278103526, "message": "O sea , no todo , pero la mayor\u00eda", "date": "2022-04-17 22:10:03"}, {"id_message": 7440646212, "message": "Porque los atracones m\u00e1s fuertes fueron de los \u00faltimos d\u00edas", "date": "2022-04-17 22:10:19"}, {"id_message": 82345437945, "message": "Por favor ayuda porque juro que estoy entrando en p\u00e1nico", "date": "2022-04-17 22:10:43"}, {"id_message": 69024118463, "message": "Espero poder hacerlo , porque \u00faltimamente no me puedo controlar :')", "date": "2022-04-17 22:14:33"}, {"id_message": 29464643055, "message": "se te ve delgada ! ! !", "date": "2022-04-18 16:59:56"}, {"id_message": 53284498121, "message": "Cu\u00e1ntas cals cre\u00e9is que consume masticar y escupir ?", "date": "2022-04-18 17:39:04"}, {"id_message": 79314661053, "message": "En plan consume no , al rev\u00e9s que me he equivocado XD", "date": "2022-04-18 17:40:57"}, {"id_message": 83051744594, "message": "Qu\u00e9 cu\u00e1ntas ingieres por hacer eso", "date": "2022-04-18 17:41:04"}, {"id_message": 65104325402, "message": "Porque imagino que alg\u00fan porcentaje debe absorberse :/", "date": "2022-04-18 17:41:26"}, {"id_message": 71988746360, "message": "Creo que eso me est\u00e1 sacando de un ciclo de atracones", "date": "2022-04-18 17:44:53"}, {"id_message": 36080861683, "message": "O sea tampoco escupo mucho porque me da pena tirar comida", "date": "2022-04-18 17:45:08"}, {"id_message": 31161360142, "message": "A m\u00ed me obligan a comer pero \u00faltimamente no me controlan mucho", "date": "2022-04-18 17:46:24"}, {"id_message": 25829563678, "message": "Y como a estas alturas sigo sin poder vomitar , pues mejor restrinjo xd", "date": "2022-04-18 17:46:43"}, {"id_message": 47194288917, "message": "Es que la comida de humanos les sienta mal a los perros , luego se ponen a vomitar jsjs", "date": "2022-04-18 17:47:07"}, {"id_message": 86587822049, "message": "Y como te encuentras ahora ?", "date": "2022-04-18 17:49:33"}, {"id_message": 52489055766, "message": "De momento 49.5 pero llevo muchos d\u00edas de atracones seguidos , antes pesaba 48 \ud83e\udd72", "date": "2022-04-18 18:04:12"}, {"id_message": 36292068786, "message": "Qu\u00e9 nota tuviste en selectividad ? :)", "date": "2022-04-18 18:07:16"}, {"id_message": 80218734080, "message": "En cu\u00e1nto tiempo bajaste tanto ?", "date": "2022-04-18 18:16:13"}, {"id_message": 7544208639, "message": "Pero has tenido que repetir las espec\u00edficas no ?", "date": "2022-04-18 18:35:36"}, {"id_message": 72714125096, "message": "Podr\u00eda ser yo perfectamente jsjs", "date": "2022-04-18 18:35:55"}, {"id_message": 18462941088, "message": "Quer\u00eda , pero vivo en Sevilla y solo se estudia en C\u00f3rdoba", "date": "2022-04-18 18:36:43"}, {"id_message": 67703951830, "message": "X2 \ud83e\udd72", "date": "2022-04-18 23:01:02"}, {"id_message": 69912317556, "message": "piensa : te vas a comer un huevo de chocolate con muchas cals cuando sabes perfectamente que el placer dura unos segundos y la culpa dura mucho m\u00e1s tiempo ?", "date": "2022-04-18 23:50:10"}, {"id_message": 58062937591, "message": "Aunque no lo creas es hipercalorica", "date": "2022-04-19 14:36:05"}, {"id_message": 84583994020, "message": "Soy horrible , pero no cuento macros xd", "date": "2022-04-19 15:33:19"}, {"id_message": 24809321024, "message": "No s\u00e9 si re\u00edrme o llorar , pero s\u00edsoy", "date": "2022-05-14 14:20:14"}]