[{"id_message": 56622305354, "message": "Hola ma\u00f1ana empiezo con una entrenadora para poder bajar grasa y tonificar que me ayude con la dieta y los ejercicios y quer\u00eda q m dijerais q tal lo veis", "date": "2018-12-09 23:06:52"}, {"id_message": 59322824092, "message": "Jaja sisi quiero que quitar la grasa sobretodo de la barriga para q se quede un abdomen m\u00e1s marcado", "date": "2018-12-09 23:15:41"}, {"id_message": 23823964624, "message": "No por eso quise tener una entrenadora porq yo lo hac\u00eda mirando videos pero quiero llegar a marcar m\u00e1s el cuerpo y comer mejor , soy d n engordar porq la . Verdad q com\u00eda bastante mal", "date": "2018-12-09 23:17:00"}, {"id_message": 8777820709, "message": "Si esq yo lo hac\u00eda tb con videos pero quer\u00eda tb q m marcar\u00e1n la comida", "date": "2018-12-09 23:19:06"}, {"id_message": 30097001190, "message": "Y tb porq hago m\u00e1quinas pero seguro q hago ejercicios mal", "date": "2018-12-09 23:19:34"}, {"id_message": 27862273526, "message": "Este ser\u00e1 el entrenamiento de ma\u00f1ana", "date": "2018-12-09 23:19:49"}, {"id_message": 15823733142, "message": "Y avces por la espalda tb para q m controle los movimiemtos", "date": "2018-12-09 23:20:45"}, {"id_message": 31861533597, "message": "Si eso si jaja adem\u00e1s q yo soy d comer bastan mal", "date": "2018-12-09 23:21:49"}, {"id_message": 17987629338, "message": "Ya eso m dijo mi madre a ti con lo q t gusta eso", "date": "2018-12-09 23:22:35"}, {"id_message": 23802333364, "message": "Pero bueno aver q los findes va caer algo ajja", "date": "2018-12-09 23:22:44"}, {"id_message": 17515305558, "message": "Vas a ala 6 de la ma\u00f1ana ? ?", "date": "2018-12-09 23:38:37"}, {"id_message": 27872523729, "message": "Yo siempre iba alas 8 y media d la tarde pero ma\u00f1ana tngo q ir a las 9 d la ma\u00f1ana y luego a trabajar ..", "date": "2018-12-09 23:39:07"}, {"id_message": 26643733302, "message": "Gracias \ud83d\ude18", "date": "2018-12-09 23:40:04"}, {"id_message": 40105761943, "message": "Yo esq es cuand salgo d trabajar", "date": "2018-12-09 23:40:19"}, {"id_message": 56240279461, "message": "Tengo 26 a\u00f1os y si m midi\u00f3 la grasa y lo q m dijo esq no m quiere adelgazar si quitar esa grasa pero siempre endureciendo", "date": "2018-12-10 15:13:32"}, {"id_message": 98642494573, "message": "Cada mes m la va cambiando", "date": "2018-12-10 15:13:44"}, {"id_message": 40015499648, "message": "Luego 3 d\u00edas d ejercicios", "date": "2018-12-10 15:13:50"}, {"id_message": 62702239452, "message": "Y no n es por competir ni mucho menod", "date": "2018-12-10 15:14:17"}, {"id_message": 7303474830, "message": "Solo para poder tener el cuerpo m\u00e1s marcado y algo m\u00e1s d volumen", "date": "2018-12-10 15:14:44"}, {"id_message": 37244605568, "message": "Yo n entiendo claramente pero por lo menos esa dieta m gusta pprq sol\u00eda comer bastan mal", "date": "2018-12-10 15:15:24"}, {"id_message": 84175210969, "message": "Y esta prote\u00edna en polvo q tal la veis", "date": "2018-12-12 12:50:09"}, {"id_message": 94964765639, "message": "Bueno cogi d 500 gramos y m sali\u00f3 a 18 euros", "date": "2018-12-12 13:05:19"}, {"id_message": 83469010958, "message": "Aver yo estoy m\u00e1s bien delgada igual con la prote\u00edna d la comida solo no puedo coger masa", "date": "2018-12-12 14:01:47"}, {"id_message": 38727550980, "message": "Nose como un extra d prote\u00edna no ? ?", "date": "2018-12-12 14:02:08"}, {"id_message": 38293120520, "message": "Que es un protector hep\u00e1tico ? ?", "date": "2018-12-12 16:12:58"}, {"id_message": 44034101432, "message": "Todas las cosas de suplementos son malos para el h\u00edgado ? ?", "date": "2018-12-12 16:15:15"}, {"id_message": 58879333866, "message": "A vale yo lo \u00fanico q estoy tomando es 30 gr d prote\u00edna una vez al d\u00eda , por eso no pasa nada no ?", "date": "2018-12-12 16:20:26"}, {"id_message": 41318900538, "message": "Pues la verdura nom gusta mucho .. Estoy empezando ahora meti\u00e9ndole en pur\u00e9 ..", "date": "2018-12-12 16:27:01"}, {"id_message": 9464681024, "message": "Tengo ganas d probar la berenjena con carne picada", "date": "2018-12-12 16:32:45"}, {"id_message": 72829559429, "message": "Pero yo creo q prefiero algo d eso a la ensalada esq la lechuga eso si q n m gusta nada", "date": "2018-12-12 16:33:09"}, {"id_message": 82176859565, "message": "A gracias esq conozco mucha gente q toma bastantes cosas y unos dicen q n es malo otros q si ..", "date": "2018-12-12 23:04:43"}, {"id_message": 84742886888, "message": "Yo llevo una dieta que me ponen para eliminar grasa sin tampoco perder peso , pero nose cuantas kcal ni cu\u00e1ntos gr d protes ni de carbos , es importante eso para hacerlo bien ? ?", "date": "2019-01-05 10:29:07"}, {"id_message": 53137921213, "message": "Si lo m\u00e1s me controla es lo d la grasa porq de peso no tngo q bajar , como m\u00e1s que antes pero comida m\u00e1s sana", "date": "2019-01-05 10:32:59"}, {"id_message": 93285487837, "message": "Pero si haces ejercicios d fuerxa y comes alto en prote\u00edna y carbos y menos grasa", "date": "2019-01-05 10:37:26"}, {"id_message": 79153241519, "message": "Lu hay harinas para pizzas que solo tines que agregarles el agua y un gota d aceite y luego amasar pero quedan riqu\u00edsimas o hacerlas con harina integral o de espelta y n s tarda tanto y cuando vayas a meter la base Le echas s\u00e9mola d maiz , y no se tarda mucho , en el mercadona tienes tb unas bases ya redondas hechas o no probaste hacerla con las d fajitas", "date": "2019-02-25 09:03:47"}, {"id_message": 37077045403, "message": "@USER esta no la prob\u00e9 pero es apta ahora de sabor nose ..", "date": "2019-02-25 14:02:04"}, {"id_message": 60270820284, "message": "Abra que probarla aver . Qtal esta", "date": "2019-02-25 14:06:54"}]