[{"id_message": 4622702202, "message": "Hola ! Mi nombre es Valery ! Tengo 18 a\u00f1os , soy de Puerto Rico ! Actualmente peso 135lb lo cual estoy por encima de mi peso ! Me meta es 115 ! Fui m\u00eda durante 2 a\u00f1os cuando llegue a mi meta me detuve y contin\u00faa una vida con gym , ejercicio y dietas pero hasta hace poco volv\u00ed a subir much\u00edsimo de peso y tom\u00e9 la decisi\u00f3n de volver", "date": "2020-04-10 13:06:44"}, {"id_message": 95498726518, "message": "Bien ! Acabo de despertar hace poco y desayun\u00e9 un aguacate", "date": "2020-04-10 18:46:26"}, {"id_message": 41937838408, "message": "Y c\u00f3mo se llaman ustedes ? De donde son ? Cuantos a\u00f1os tienen ? Quiero conocerlas !", "date": "2020-04-10 20:02:46"}, {"id_message": 14100865780, "message": "C\u00f3mo les fue hoy ?", "date": "2020-04-11 07:16:37"}, {"id_message": 83883737753, "message": "Me fue bien ! Acabo de tomar unos laxantes casi ahora", "date": "2020-04-11 07:17:59"}, {"id_message": 92518987223, "message": "Si ! Es la 1am y all\u00e1 ?", "date": "2020-04-11 07:19:22"}, {"id_message": 30624560434, "message": "De donde es que eres ?", "date": "2020-04-11 08:47:32"}, {"id_message": 97540399983, "message": "Yo debo despertar en 4hrs y no logro dormir a\u00fan ):", "date": "2020-04-11 09:46:39"}, {"id_message": 34304125662, "message": "En este chat somos poquitos deber\u00eda ser mucho m\u00e1s f\u00e1cil ayudarnos entre todos", "date": "2020-04-11 11:19:47"}, {"id_message": 78085838466, "message": "Hola chicos ! Espero que se encuentren s\u00faper bien ! Hoy estuve demasiado ocupada y no es hasta ahora que logro entrar aqu\u00ed ):", "date": "2020-04-12 08:23:17"}, {"id_message": 23947377036, "message": "C\u00f3mo est\u00e1n ? C\u00f3mo les fue el d\u00eda ?", "date": "2020-04-12 08:23:24"}, {"id_message": 92514612713, "message": "Me encanta el acentooooi", "date": "2020-04-12 09:31:01"}, {"id_message": 56369709924, "message": "\ud83d\ude0d \ud83d\ude0d \ud83d\ude0d", "date": "2020-04-12 09:31:04"}, {"id_message": 93541683551, "message": "Le edito videos a mis amigos para YouTube o sus redes sociales ! Tambi\u00e9n edit\u00f3 videos m\u00edos", "date": "2020-04-12 09:32:05"}, {"id_message": 67051765517, "message": "Filmora wondershare ! Yo tengo una membres\u00eda ! Pero tambi\u00e9n puedes utilizarla sin membres\u00eda ya sea en tu computadora o tel\u00e9fono ! Cr\u00e9eme cuando edito la horas se me van volando", "date": "2020-04-12 09:34:30"}, {"id_message": 19724179390, "message": "Este grupo tiene reglas ? No recuerdo", "date": "2020-04-12 09:38:15"}, {"id_message": 237964378, "message": "Si ! De Puerto Rico", "date": "2020-04-12 09:38:21"}, {"id_message": 37211784593, "message": "Quiero viajar a Espa\u00f1a \ud83d\ude29", "date": "2020-04-12 09:38:27"}, {"id_message": 5606454105, "message": "Yo pensaba ir a Espa\u00f1a este verano por mi cumplea\u00f1os pero con el virus tuve que cancelar ): ahora esperar hasta el a\u00f1o pr\u00f3ximo", "date": "2020-04-12 09:41:06"}, {"id_message": 63048268778, "message": "Me quede dormida ): apenas me despierto ahora", "date": "2020-04-12 21:00:36"}, {"id_message": 70815336446, "message": "Tranquila ! Siempre se puede mejorar o cambiar eso ! ! !", "date": "2020-04-12 21:21:18"}, {"id_message": 13985918911, "message": "Yo tambi\u00e9n me siento un poco mal porque mi sobrino me quiso hacer desayuno y no pod\u00eda decirle que no para que no se sintiera mal \ud83d\ude41 y pues ando comiendo ahora", "date": "2020-04-12 21:21:49"}, {"id_message": 88523639616, "message": "Yo sol\u00eda hacer mucho el de la ba\u00f1era con hielo ! Cuando bailaba ten\u00eda que hacerlo mucho", "date": "2020-04-13 06:20:10"}, {"id_message": 91057350707, "message": "Quisiera entender sus pesos ): nosotros lo hacemos por Libras", "date": "2020-04-13 21:49:25"}, {"id_message": 57042075617, "message": "Comenzare esta dieta ma\u00f1ana !", "date": "2020-04-14 07:47:50"}, {"id_message": 24315105245, "message": "Estoy haciendo un t\u00e9 que es como un detox y dicen que es s\u00faper bueno", "date": "2020-04-14 14:56:22"}, {"id_message": 19935257786, "message": "Hierve agua con canela y lim\u00f3n ! Puedes ponerle un poco de miel para m\u00e1s saber pero yo no le pongo", "date": "2020-04-14 15:10:53"}, {"id_message": 62964587874, "message": "Se toma 12oz en la ma\u00f1ana y 12oz en la noche", "date": "2020-04-14 15:14:26"}, {"id_message": 87226745748, "message": "Yo estoy comiendo algo ahora ): y me siento mal\u00edsimo", "date": "2020-04-15 05:41:15"}, {"id_message": 81334583788, "message": "Creo que lo vomitar\u00e9", "date": "2020-04-15 05:41:21"}, {"id_message": 24843235013, "message": "Si lo importante es que ya sacaste lo m\u00e1s que pudiste", "date": "2020-04-15 07:25:31"}, {"id_message": 40396769380, "message": "Hola ! Ya que estoy haciendo la dieta abc me la paso durmiendo mucho ! Entonces si no me ven activa mucho es porque ando durmiendo", "date": "2020-04-16 00:29:13"}, {"id_message": 95120419915, "message": "Me duele much\u00edsimo la cabeza y ando s\u00faper cansada", "date": "2020-04-16 02:15:52"}, {"id_message": 28404654060, "message": "Hola ! Estuve unos d\u00edas desconectada pero aqu\u00ed estoy ! ! !", "date": "2020-04-18 20:26:17"}, {"id_message": 28170299623, "message": "Llevo en ayudo desde el mi\u00e9rcoles en lo noche y para hoy he perdido ya 7lb perdidas ! ! ! Que vendr\u00edan siendo como 3k", "date": "2020-04-18 20:28:43"}, {"id_message": 31930116394, "message": "Sii ! Yo ni me lo creo ! Lo \u00fanico que estoy consumiendo es agua y un t\u00e9 de lim\u00f3n con canela todas las ma\u00f1anas y noches", "date": "2020-04-18 21:43:23"}, {"id_message": 77352683540, "message": "Estoy a 8libras de llegar a mi primera meta \ud83d\ude0d luego de eso , dependiendo como me vea pues a\u00f1ado una segunda meta", "date": "2020-04-19 22:48:38"}, {"id_message": 57671850309, "message": "Siiii me parece s\u00faper hacer un reto todas juntas", "date": "2020-04-20 01:43:17"}, {"id_message": 67270382566, "message": "Que les parece si hacemos la dieta de las princesas ! ?", "date": "2020-04-20 04:01:37"}]