[{"id_message": 2072932856, "message": "Holi me presento Soy cartof tengo 15 a\u00f1os are 16 la \u00faltima vez que me pese fue hace bastante desgraciadamente pesaba 68 ' 4 mi meta final es llegar a los 50 soy m\u00eda", "date": "2020-04-16 22:42:58"}, {"id_message": 35147691652, "message": "Que tal lo llevan", "date": "2020-04-16 22:47:17"}, {"id_message": 46902780644, "message": "Holii ya las le\u00ed con respecto la 13 no soy mayor de edad \ud83d\ude05 tengo 15 para 16", "date": "2020-04-16 22:49:37"}, {"id_message": 45049566870, "message": "X2 el confinamiento me est\u00e1 fastidiando", "date": "2020-04-16 22:50:08"}, {"id_message": 1815895812, "message": "Valep \ud83d\udc9c", "date": "2020-04-16 22:50:18"}, {"id_message": 29435455529, "message": "Yo llevo algo mal lo de estar encerrada con mis padres aparten me obligan a comer", "date": "2020-04-16 23:00:59"}, {"id_message": 77915818979, "message": "Pero estoy compensando haciendo mucho deporte", "date": "2020-04-16 23:01:11"}, {"id_message": 46013013388, "message": "Yo me tumbo en el suelo ates de dormir a hacer abdominales y intento hacer ejercicio por la ma\u00f1ana", "date": "2020-04-16 23:16:25"}, {"id_message": 76504390149, "message": "Que haces con la silla ? ?", "date": "2020-04-16 23:20:56"}, {"id_message": 66496064742, "message": "Pues voy ha hacerle una tarta de cumplea\u00f1os a mi padre y me alegra por qu\u00e9 me gusta cocinar pero no quiero comer :(", "date": "2020-04-17 17:52:35"}, {"id_message": 73267778912, "message": "Como la sensaci\u00f3n de comer ?", "date": "2020-04-17 18:43:07"}, {"id_message": 81242716056, "message": "Otra cosa que funciona es ponerle alg\u00fan sabor desagradable y no t\u00f3xico as\u00ed no querr\u00e1s comer", "date": "2020-04-18 15:22:51"}, {"id_message": 11057074201, "message": "Obviamente si solo lo comer\u00e9is vosotras", "date": "2020-04-18 15:23:07"}, {"id_message": 56221094614, "message": "Por ejemplo yo aveces cuando se que necesito comer pero no me quiero pasar le echo picante a m\u00ed comida", "date": "2020-04-18 15:23:49"}, {"id_message": 56550960599, "message": "Mascar hielo tambi\u00e9n sirve xd a m\u00ed lo de masticar y escupir no me sirve", "date": "2020-04-18 15:37:35"}]