[{"id_message": 16290825741, "message": "que justo me habia pesado por la ma\u00f1ana .. por eso a ver que sorpresa me da la b\u00e1scula", "date": "2019-03-08 12:45:36"}, {"id_message": 3682115994, "message": "pero bueno .. todo sea una semana mas de cardi antes de pasar a muscular", "date": "2019-03-08 12:45:51"}, {"id_message": 56166735092, "message": "Pues he bajado se peso", "date": "2019-03-09 08:01:26"}, {"id_message": 32829369228, "message": "Estaba el viernes anterior en 79.9", "date": "2019-03-09 08:01:47"}, {"id_message": 478663549, "message": "Y eso que fui a valencia y me salte la dieta", "date": "2019-03-09 08:02:18"}, {"id_message": 27982165025, "message": "2 si . Otra de limon", "date": "2019-03-09 18:18:35"}, {"id_message": 49437954113, "message": "Pues tiene Que si philadephia .. azucar", "date": "2019-03-09 18:28:52"}, {"id_message": 28256477507, "message": "Espero que te paso la receta", "date": "2019-03-09 18:29:00"}, {"id_message": 25530675404, "message": "un documental interesante . por si quereis verlo", "date": "2019-03-09 23:28:11"}, {"id_message": 65737377892, "message": "Yo llevo bajados 14 en 2 meses", "date": "2019-03-12 00:37:59"}, {"id_message": 16077800977, "message": "De 92 a 78.5 el s\u00e1bado pasao", "date": "2019-03-12 00:38:20"}, {"id_message": 1661156962, "message": "Acabo de hacer bici", "date": "2019-03-12 00:38:35"}, {"id_message": 74340414710, "message": "Hago bici con un polar para sudar m\u00e1s", "date": "2019-03-12 00:38:55"}, {"id_message": 41743113160, "message": "No .. que en el.sotano hace algo de frio", "date": "2019-03-12 00:40:16"}, {"id_message": 45244585037, "message": "Y ya no me lo.quito", "date": "2019-03-12 00:40:21"}, {"id_message": 46924599048, "message": "Ahora voy a ver un cacho peli", "date": "2019-03-12 00:40:34"}, {"id_message": 21635129764, "message": "Ok \ud83d\ude02", "date": "2019-03-12 00:41:39"}, {"id_message": 99751326964, "message": "En dos semanas hago anal\u00edtica", "date": "2019-03-12 00:41:50"}, {"id_message": 92593224651, "message": "No creo que tenga nada raro", "date": "2019-03-12 00:42:03"}, {"id_message": 28909928591, "message": "Os dejo . Que me concentro en la peli", "date": "2019-03-12 00:42:33"}, {"id_message": 51973579689, "message": "Con los 15 kilos bajados", "date": "2019-03-15 22:06:14"}, {"id_message": 61723978063, "message": "No se nota mucho en esa foto \ud83d\ude02", "date": "2019-03-15 22:06:29"}, {"id_message": 15401826578, "message": "Antes ten\u00eda la cara m\u00e1s patata", "date": "2019-03-15 22:06:39"}, {"id_message": 3645023652, "message": "El agua y el aire seguro que tienen part\u00edculas que engordan", "date": "2019-03-15 22:12:34"}, {"id_message": 54335259460, "message": "La saliva \ud83d\ude02", "date": "2019-03-15 22:12:59"}, {"id_message": 11953388469, "message": "Pues a ver .. se puede adelgazar sin ir a lo radical", "date": "2019-03-15 22:13:22"}, {"id_message": 13251084846, "message": "Yo he bajado 15 kilos en 2 meses y no he medido nada", "date": "2019-03-15 22:13:34"}, {"id_message": 15725457194, "message": "Y no me he vuelto loco", "date": "2019-03-15 22:13:47"}, {"id_message": 20626051908, "message": "He dejado el pan .. ceno poco y hago cardio", "date": "2019-03-15 22:14:02"}, {"id_message": 86263029192, "message": "Pero bueno .. m\u00e1s O menos", "date": "2019-03-15 22:14:20"}, {"id_message": 89861176096, "message": "Pues un d\u00eda si y el otro tambien", "date": "2019-03-15 22:15:13"}, {"id_message": 72858885964, "message": "Y haz m\u00e1s tiempo", "date": "2019-03-15 22:15:20"}, {"id_message": 89040099703, "message": "Descansar si haces musculaci\u00f3n", "date": "2019-03-15 22:16:20"}, {"id_message": 79218774263, "message": "Si eso .. haz cardio en ayunas si puedes", "date": "2019-03-15 22:16:52"}, {"id_message": 21335608231, "message": "Antes de dormir o al levantar", "date": "2019-03-15 22:17:08"}, {"id_message": 75665575524, "message": "Tu que me miras con buenos ojos", "date": "2019-03-15 22:37:28"}, {"id_message": 71746837053, "message": "Bajo 5 kilos m\u00e1s y me pongo a muscular", "date": "2019-03-15 22:37:38"}, {"id_message": 19837402506, "message": "A ver como ando", "date": "2019-03-15 22:37:54"}, {"id_message": 25477816378, "message": "Esto es lo m\u00e1s petao que he estado \ud83d\ude02 \ud83d\ude02", "date": "2019-03-15 22:43:56"}, {"id_message": 98038307762, "message": "Nunca tuve abdominales .. por eso sale la.zona oscura \ud83d\ude02", "date": "2019-03-15 22:45:03"}, {"id_message": 33288960031, "message": "Pero fue cuando mejor.estuve \ud83d\ude02", "date": "2019-03-15 22:45:39"}, {"id_message": 30961021660, "message": "Pues antes subo foto", "date": "2019-03-15 22:46:39"}, {"id_message": 33333876509, "message": "Ahora s\u00f3lo estoy bajando peso", "date": "2019-03-15 22:46:54"}, {"id_message": 33750918256, "message": "El s\u00e1bado pasado estaba en 78", "date": "2019-03-15 22:47:05"}, {"id_message": 57611184329, "message": "Y ya en ese peso hacer m\u00e1s m\u00fasculo", "date": "2019-03-15 22:47:56"}, {"id_message": 83210023311, "message": "Eso suena fatal \ud83d\ude05", "date": "2019-03-15 22:54:22"}, {"id_message": 88957784041, "message": "Esta semana vuelvo a la dieta", "date": "2019-05-23 22:58:30"}, {"id_message": 21134884993, "message": "Que desde Semana Santa la he dejado un poco parada", "date": "2019-05-23 22:58:39"}, {"id_message": 19504177576, "message": "entre dietas y gym", "date": "2019-06-07 11:48:07"}, {"id_message": 57090200429, "message": "he tirado una foto que han publicado una marca", "date": "2019-06-07 11:48:15"}]