[{"id_message": 65856656974, "message": "\ud83c\udd98 ayuda", "date": "2021-05-26 18:41:10"}, {"id_message": 95743162918, "message": "Van a hacerme pruebas de sangre", "date": "2021-05-26 18:41:26"}, {"id_message": 25521429399, "message": "Me dijeron q si ten\u00eda algo bajo me iban a hacer comer bastante aunq engorde . Q hagoooo", "date": "2021-05-26 18:42:02"}, {"id_message": 17309073310, "message": "Ahh ya . Yo dir\u00e9 eso .", "date": "2021-05-26 18:48:42"}, {"id_message": 98135025086, "message": "Ok , muchas gracias . Enserio", "date": "2021-05-26 18:48:55"}, {"id_message": 24706858946, "message": "\u263a \ufe0f \u263a \ufe0f", "date": "2021-05-26 18:49:59"}, {"id_message": 75333829814, "message": "El problema es q yo stoy delgada xq como poco y eso aparte de q era proana . Y mi papa me quiere hacer prueba de sangre", "date": "2021-05-26 18:51:08"}, {"id_message": 84918730167, "message": "Pero ya yo le digo q voy a comer saludable y eso y ya .", "date": "2021-05-26 18:51:34"}, {"id_message": 90098891234, "message": "Lo q no puedo darme el lujo de elegir las comidas .", "date": "2021-05-26 18:53:03"}, {"id_message": 72343965550, "message": "Pq aqu\u00ed la comida est\u00e1 perdida", "date": "2021-05-26 18:53:13"}, {"id_message": 62786898831, "message": "Ah yap . Graciass \ud83d\udc96", "date": "2021-05-26 18:54:32"}, {"id_message": 97694519516, "message": "Te aseguro q no tanto como aqu\u00ed uffff no hay nadaaa .", "date": "2021-05-26 18:55:25"}, {"id_message": 99697320181, "message": "Gracias \ud83e\udd70 por apoyarme .", "date": "2021-05-26 18:56:31"}, {"id_message": 79475925037, "message": "En los otros grupos no me hicieron caso \ud83d\ude15", "date": "2021-05-26 18:56:48"}, {"id_message": 50811372451, "message": "Ah . Yo de todas formas me alejo de estos grupos . Pq quiero dejar de ser proana . Solo me un\u00ed para preguntarles eso . Ya estoy delgada . Y como poco .", "date": "2021-05-26 18:58:52"}, {"id_message": 41992987455, "message": "Ahh , yo soy de granma .", "date": "2021-05-27 03:30:45"}, {"id_message": 85504242289, "message": "Q bien . Mucho gusto", "date": "2021-05-27 03:30:56"}]