[{"id_message": 68950529208, "message": "Da igual , lo digo pork mi hermano tiene una Harley Davidson de esas", "date": "2019-04-29 17:58:10"}, {"id_message": 4783729048, "message": "Me refiero a tus tarifas", "date": "2019-05-07 15:01:22"}, {"id_message": 34668335497, "message": "Ah , no , \u00bf por ?", "date": "2019-05-07 15:01:44"}, {"id_message": 28983249060, "message": "No te entiendo , sorry", "date": "2019-05-07 15:02:27"}, {"id_message": 82945867103, "message": "Ah , ok oensaba que 2 a\u00f1os o as\u00ed", "date": "2019-05-07 15:08:55"}, {"id_message": 85537999112, "message": "Todo el cuerpo lesionado ?", "date": "2019-05-07 15:11:35"}, {"id_message": 23688745052, "message": "Pecho , brazo , hombros , espalda puedes hacer", "date": "2019-05-07 15:17:46"}, {"id_message": 46008811190, "message": "Tengo grasa abdominal pero no s\u00e9 si definir o esperar", "date": "2019-05-15 16:12:28"}, {"id_message": 48838233441, "message": "Que opinan de la el\u00edptica ?", "date": "2019-05-17 14:08:35"}, {"id_message": 13050450631, "message": "Haces pierna y cardio a la vez", "date": "2019-05-17 14:08:42"}, {"id_message": 43225957828, "message": "Menuda mierda de grupo", "date": "2019-05-17 14:59:30"}, {"id_message": 51778761887, "message": "Llevo dos d\u00edas poniendo dudas", "date": "2019-05-17 14:59:42"}, {"id_message": 54334187580, "message": "Y nadie me dice nada", "date": "2019-05-17 14:59:50"}, {"id_message": 58424221258, "message": "Pasa link antes de acusar", "date": "2019-05-17 15:03:38"}, {"id_message": 55727495248, "message": "De que grupo hablan ?", "date": "2019-05-17 15:42:30"}]