[{"id_message": 68871188256, "message": "Eso har\u00e9 si a lo largo del d\u00eda no mejora", "date": "2019-05-25 16:31:00"}, {"id_message": 86700626809, "message": "voy a probar aver qu\u00e9 tal y si no mejora a urgencias muchas gracias", "date": "2019-05-25 16:33:59"}, {"id_message": 34821048272, "message": "Gracias si aver si no es nada y puedo seguir d\u00e1ndole duro \ud83d\udcaa \ud83d\udcaa \ud83d\udcaa", "date": "2019-05-25 16:35:21"}, {"id_message": 11631218248, "message": "Yo caliento y despu\u00e9s de entrenar hago todos los estiramientos Pero veo que no es suficiente tendr\u00e9 que calentar un poco m\u00e1s \ud83d\udcaa gracias Marco Dr", "date": "2019-05-25 16:38:42"}, {"id_message": 92416901951, "message": "Muchas gracias me puse hielo y tambi\u00e9n me di con una crema que se llama fisiocrem y mejoro \ud83d\udcaa ya no tengo tanto dolor", "date": "2019-05-25 19:59:50"}, {"id_message": 74680040517, "message": "Estaba haciendo press militar con barra 70 kg 8 repes", "date": "2019-05-25 20:00:51"}, {"id_message": 35602793237, "message": "La verdad que est\u00e1 me est\u00e1 dando buen resultado da efecto calor fr\u00edo y voy mejor", "date": "2019-05-25 20:09:32"}, {"id_message": 56656880947, "message": "No no fue por delante sentado en banco recto", "date": "2019-05-25 22:46:56"}, {"id_message": 16326580843, "message": "As\u00ed tal cual pero con la ayuda del compi", "date": "2019-05-25 22:59:24"}, {"id_message": 13903846042, "message": "Ok gracias probar\u00e9 para la pr\u00f3xima , \ud83d\udcaa \ud83d\udcaa", "date": "2019-05-25 23:29:09"}, {"id_message": 44392738189, "message": "Si la verdad q la crema y el hielo me funcionaron genial Tengo menos molestias al moverlo Haber ma\u00f1ana como sigue y en esta semana entrenar\u00e9 con menos intensidad \ud83d\ude1c para no recaer", "date": "2019-05-26 00:46:24"}, {"id_message": 15702130444, "message": "Buenos dias \ud83d\udcaa \ud83d\udcaa", "date": "2019-05-27 09:32:17"}, {"id_message": 30072335489, "message": "Tren inferior lo hago martes q es el d\u00eda q no trabajo y me cuesta menos \ud83d\ude1c", "date": "2019-05-27 13:52:22"}, {"id_message": 41159685716, "message": "\ud83e\udd23 \ud83e\udd23 \ud83e\udd23 \ud83d\udcaa \ud83d\udcaa \ud83d\udcaa", "date": "2019-05-27 13:54:51"}, {"id_message": 83421709949, "message": "Rico rico \ud83d\ude0b \ud83d\ude0b", "date": "2019-05-27 14:00:36"}, {"id_message": 78997252571, "message": "Seg\u00fan dnd las cocines en las recetas de Thermomix las pesas antes \ud83d\ude1c", "date": "2019-05-27 14:55:30"}, {"id_message": 11584237196, "message": "Protocolo HSN : Perder Grasa Sin Perder Rendimiento URL", "date": "2019-05-27 15:55:56"}, {"id_message": 53542987525, "message": "Yo llevo 15 d\u00edas ciclando grasa y mi barriga va desapareciendo aparte con buen entrenamiento eso s\u00ed", "date": "2019-05-27 15:58:01"}, {"id_message": 66147311573, "message": "Cu\u00e1l es tu entreno xq todo influye", "date": "2019-05-27 16:03:13"}, {"id_message": 51046385750, "message": "Pues cambia a hipertrofia y notar\u00e1s el cambio Me pas\u00f3 Ami estaba estancado cambie y me fue genial", "date": "2019-05-27 16:05:55"}, {"id_message": 37691244300, "message": "Los domingo \ud83c\udf7b \ud83c\udf7b \ud83c\udf7b", "date": "2019-05-27 16:06:26"}, {"id_message": 55812967481, "message": "Muy rica tambi\u00e9n \ud83d\ude0b \ud83d\ude0b \ud83d\ude0b", "date": "2019-05-27 16:07:25"}, {"id_message": 56853639367, "message": "Me est\u00e1 funcionando bien si vuelvo a ver q m qdo estancado probar\u00e9 eso gracias", "date": "2019-05-27 16:08:17"}, {"id_message": 2607482586, "message": "Mis \u00edndices e vuelto a bajar de peso \ud83e\udd26\u200d\u2642 Pero tambi\u00e9n e bajado el \u00edndice de grasa \ud83d\udcaa \ud83d\udcaa", "date": "2019-05-27 20:26:10"}, {"id_message": 76242734820, "message": "Mucho sacrificio \ud83d\ude1c \ud83d\udcaa \ud83d\udcaa", "date": "2019-05-27 21:25:42"}, {"id_message": 63830179734, "message": "Y me dices Ami cual es el secreto \ud83d\ude1c Yo quiero ir cogiendo ese volumen \ud83d\udcaa \ud83d\udcaa \ud83d\udcaa", "date": "2019-05-27 22:56:02"}, {"id_message": 52690240008, "message": "Pues menos mal que est\u00e1 en d\u00e9ficit \ud83e\udd23 \ud83e\udd23 \ud83e\udd23", "date": "2019-05-27 22:58:30"}, {"id_message": 51613213214, "message": "Ma\u00f1ana de piernas \ud83e\udd26\u200d\u2642 \ud83e\udd26\u200d\u2642", "date": "2019-05-28 12:56:59"}, {"id_message": 34383788425, "message": "Es una aplicaci\u00f3n privada que tiene el gym", "date": "2019-05-28 13:05:57"}, {"id_message": 78759502820, "message": "Eso es viene bien cuando cambias de rutina para saber lo q hacer y tambi\u00e9n te recuerda el \u00faltimo peso q as cogido la verdad q esta bastante bien", "date": "2019-05-28 13:08:34"}, {"id_message": 35395581899, "message": "Si la deje en la taquilla \ud83e\udd23 \ud83e\udd23 \ud83e\udd23", "date": "2019-05-29 21:06:25"}, {"id_message": 347085327, "message": "\ud83d\udcaa \ud83d\udcaa yo las hago con 80kg y no veas c\u00f3mo pican con ese peso no me lo quiero ni imaginar uff \ud83e\udd26\u200d\u2642 \ud83e\udd26\u200d\u2642", "date": "2019-05-30 12:40:50"}, {"id_message": 85051550227, "message": "Y mucho \ud83e\udd23 \ud83e\udd23 \ud83e\udd23 desde el martes con agujetas estoy cuando se quieren recuperar las piernas le doy otra vez \ud83e\udd26\u200d\u2642 \ud83e\udd26\u200d\u2642 Por eso la gente las abandona jajajajajajaja", "date": "2019-05-30 12:46:09"}, {"id_message": 4091665730, "message": "Yo estoy en un 12 ' 30 y no se ven ni en las radiograf\u00edas \ud83e\udd26\u200d\u2642 \ud83e\udd23 \ud83e\udd23", "date": "2019-06-06 18:30:51"}, {"id_message": 91458980070, "message": "Mi amigo Pablo ojalvo enfacebook", "date": "2019-06-07 23:50:21"}, {"id_message": 45802853997, "message": "Es una frase de una canci\u00f3n de la fuga", "date": "2019-06-07 23:52:18"}, {"id_message": 54859359197, "message": "En espa\u00f1ol \ud83d\ude1c \ud83d\ude1c", "date": "2019-06-07 23:53:35"}, {"id_message": 83277569511, "message": "Lo q pasa q est\u00e1 en espejo \ud83e\udd26\u200d\u2642", "date": "2019-06-07 23:53:51"}, {"id_message": 88572187827, "message": "Es muy buena \ud83d\ude1c", "date": "2019-06-07 23:55:31"}, {"id_message": 84288591819, "message": "Hola pero no soy nuevo me sal\u00ed sin darme cuenta", "date": "2019-06-11 00:17:18"}, {"id_message": 28855470018, "message": "\ud83e\udd23 \ud83e\udd23 \ud83e\udd23 \ud83e\udd23 \ud83e\udd23", "date": "2019-06-11 00:17:59"}, {"id_message": 57014807219, "message": "Venga protes para todos \ud83e\udd23 \ud83e\udd23 \ud83e\udd23", "date": "2019-06-11 00:18:23"}, {"id_message": 98679569078, "message": "Echo ir pidiendo que est\u00e1 todo pagado \ud83d\ude1c \ud83d\ude1c", "date": "2019-06-11 00:20:40"}, {"id_message": 8552501060, "message": "Yo creo que si tendr\u00e9 q ir con el cami\u00f3n por todo el mundo repartiendo pedidos \ud83d\ude1c", "date": "2019-06-11 00:23:04"}, {"id_message": 32371134106, "message": "El cami\u00f3n lo tengo no hay problema", "date": "2019-06-11 00:24:18"}, {"id_message": 95589480522, "message": "Buenas tardes Una pregunta que me puedo tomar despu\u00e9s de entrenar salgo del gym medio desmayado sin energ\u00eda ninguna \ud83e\udd26\u200d\u2642", "date": "2019-06-13 13:27:23"}, {"id_message": 47417420259, "message": "Mirar lo que me a salido hoy sin hacer nada \ud83e\udd14 \ud83e\udd14 puede ser rotura ? ?", "date": "2019-06-16 21:27:55"}, {"id_message": 67478143171, "message": "No s\u00e9 tampoco duele me di cuenta esta ma\u00f1ana y se a ido extendiendo", "date": "2019-06-16 21:30:53"}, {"id_message": 96747060884, "message": "Si las estr\u00edas las tengo solo en ese brazo no se por que \ud83e\udd14", "date": "2019-06-16 21:44:02"}, {"id_message": 77533498615, "message": "\ud83d\udc4d Gracias \ud83d\udcaa \ud83d\udcaa", "date": "2019-06-16 22:23:55"}]