[{"id_message": 4985936291, "message": "Entonces estas diciendo que por ejemplo alguien bipolar nunca provoc\u00f3 su enfermedad y est\u00e1 predestinado de nacimiento a serlo y no lo puede evitar de alguna forma ?", "date": "2021-10-28 01:16:50"}, {"id_message": 56633234738, "message": "Afirmas que los tca no se provocan porque son enfermedades mentales", "date": "2021-10-28 01:20:42"}, {"id_message": 88234535349, "message": "La bipolaridad tambi\u00e9n es una enfermedad mental", "date": "2021-10-28 01:21:08"}, {"id_message": 50574945004, "message": "Entonces no se provoca ?", "date": "2021-10-28 01:21:22"}, {"id_message": 34660951702, "message": "Un trauma no va a afectar en nada ?", "date": "2021-10-28 01:24:37"}, {"id_message": 68469481078, "message": "S\u00ed , como dijiste se da por diversos factores", "date": "2021-10-28 01:25:06"}, {"id_message": 38943196875, "message": "No es puramente gen\u00e9tica", "date": "2021-10-28 01:25:12"}, {"id_message": 39228055043, "message": "Algo tiene q ayudar a que se provoque", "date": "2021-10-28 01:25:56"}, {"id_message": 88993494408, "message": "Claro , pero genera secuelas no necesariamente un trastorno alimenticio pero si puede generar alguna enfermedad", "date": "2021-10-28 02:09:52"}, {"id_message": 26333339245, "message": "Si a esa respuesta que me diste pue", "date": "2021-10-28 02:11:39"}, {"id_message": 84198705310, "message": "Pero si algo te lo provoc\u00f3", "date": "2021-10-28 02:12:03"}, {"id_message": 45188695469, "message": "Obvio , todos los casos son diferentes", "date": "2021-10-28 02:18:21"}, {"id_message": 5140815645, "message": "Jaja re vivida la mina agresiva y que tiene q recurrir a amenazas para un poco locaa", "date": "2021-11-12 07:26:31"}, {"id_message": 11344962845, "message": "Buenas noches princess \u2601 \ufe0f \u2601 \ufe0f", "date": "2021-11-12 07:26:52"}, {"id_message": 28680347473, "message": "Uy no q dolor te cambi\u00f3 la vida : v se debe de sentir muy importante jajaj", "date": "2021-11-17 00:50:35"}]