[{"id_message": 60417785119, "message": "Antes que nada aclaro , no es broma", "date": "2018-06-30 00:54:23"}, {"id_message": 18215794435, "message": "Si tengo tremendas ganas de masturbarme conviene antes o despu\u00e9s del gimnasio", "date": "2018-06-30 00:54:51"}, {"id_message": 73462720491, "message": "Repito no es broma", "date": "2018-06-30 00:54:56"}, {"id_message": 42107216367, "message": "Y para que es el.grupo", "date": "2018-06-30 00:55:32"}, {"id_message": 40233685266, "message": "Yo he sido respetuoso", "date": "2018-06-30 00:56:31"}, {"id_message": 58486778008, "message": "No pero presumes que es algo para tomarlo como risa", "date": "2018-06-30 00:57:01"}, {"id_message": 38235701224, "message": "Calculo que si gast\u00f3 esa energ\u00eda ah\u00ed no necesitar\u00e9 hacerlo entonces", "date": "2018-06-30 01:03:25"}, {"id_message": 22670634870, "message": "Aunque a veces despu\u00e9s del gimnasio vengo m\u00e1s recargado de energia", "date": "2018-06-30 01:03:46"}, {"id_message": 87256795505, "message": "Le pregunt\u00e9 a mi monitor", "date": "2018-06-30 01:39:48"}, {"id_message": 54578949011, "message": "Me dijo que me puede costar mas ya que pierdo energ\u00eda y minerales , m\u00e1s que nada f\u00f3sforo", "date": "2018-06-30 01:41:18"}, {"id_message": 45513922890, "message": "Y que no le de nunca m\u00e1s la mano", "date": "2018-06-30 01:41:25"}, {"id_message": 75241382886, "message": "Tengo otra pregunta seria", "date": "2018-06-30 03:49:08"}, {"id_message": 42220566911, "message": "Que comer luego de enterar duro", "date": "2018-06-30 14:52:57"}, {"id_message": 13128168196, "message": "Un ejemplo de eso ?", "date": "2018-06-30 15:41:57"}, {"id_message": 77119993041, "message": "No have falta que me meta", "date": "2018-07-02 15:56:32"}, {"id_message": 33601991870, "message": "me duelen las nalgas de tanto ejercicio", "date": "2018-07-04 12:25:50"}, {"id_message": 28931132601, "message": "Eliminenlo por tener voz de ni\u00f1a", "date": "2018-07-10 13:52:43"}, {"id_message": 36537870182, "message": "Muestrame tus pechos de alien lu", "date": "2018-07-10 17:21:15"}, {"id_message": 33930571252, "message": "Cuanto tiene ah\u00ed ? 40 kilos ? \ud83d\ude02 \ud83d\ude02 \ud83d\ude02", "date": "2018-07-10 18:16:01"}, {"id_message": 70292936140, "message": "S\u00f3lo brome\u00f3 no te enojes", "date": "2018-07-10 18:17:24"}, {"id_message": 57611689268, "message": "De bicep mi m\u00e1ximo es de 20 por lado , pero series cortas de 4x10", "date": "2018-07-10 18:18:17"}, {"id_message": 18643171178, "message": "A mi superiores es lo que m\u00e1s me cuesta , hombro no tanto", "date": "2018-07-10 18:19:25"}, {"id_message": 6304461592, "message": "Y piernas las tengo bien por suerte", "date": "2018-07-10 18:19:32"}, {"id_message": 77718974235, "message": "A\u00f1os de jugar rugby y correr", "date": "2018-07-10 18:19:45"}, {"id_message": 56597573218, "message": "Aqu\u00ed f\u00fatbol americano no existe", "date": "2018-07-10 18:20:52"}, {"id_message": 66740716505, "message": "El 60 % es futbol , luego 10 % rugby , 10 % handball , 10 % basket y 10 % el resto", "date": "2018-07-10 18:21:57"}, {"id_message": 21513676515, "message": "Ya sea nataci\u00f3n y alg\u00fan otra.actividad", "date": "2018-07-10 18:22:05"}, {"id_message": 33040024653, "message": "Tampoco se practica baseball aca", "date": "2018-07-10 18:22:13"}, {"id_message": 92389682354, "message": "Te voy a dar tal patada que vas a sentir que metiste los dedos mojados con zapatos de acero en un enchufe de 380 volts", "date": "2018-07-10 18:25:57"}]