[{"id_message": 75185603067, "message": "Hola a todos ! Qu\u00e9 tal ? Os lanzo una pregunta porque llevo un cacao ena cabeza de tanto leer ... Tengo un 17 % de grasa corporal , llevo un para de meses intentando muscular ( he hecho ejercicio de forma intermitente durante toda mi vida ) . La cuesti\u00f3n es que no estoy ganando m\u00fasculo y quiero saber si es por mi % de grasa . Y si es as\u00ed , debo hacer d\u00e9ficit de calor\u00edas o seguir con el super\u00e1vit ? Gracias por las respuestas !", "date": "2022-12-06 12:46:33"}, {"id_message": 69796731988, "message": "No tengo que bajar el 17 % de grasa para muscular ?", "date": "2022-12-06 18:38:49"}, {"id_message": 31693530269, "message": "Yo en vez de suplementos me hago 3 litros de batido de almid\u00f3n de ma\u00edz , leche desnatada , cacahuete en polvo , pl\u00e1tanos , fresas y 30 claras de huevo . Lo reparto en 5 d\u00edas y son 1032 kcal al d\u00eda haciendo 50 % hidratos , 30 % protes y 20 % grasas", "date": "2022-12-12 23:18:36"}, {"id_message": 54897279328, "message": "Correcto , lo hab\u00eda confundido yo , gracias por la aclaraci\u00f3n", "date": "2022-12-12 23:42:31"}, {"id_message": 17470998497, "message": "Llevo tiempo haci\u00e9ndolo y no me sienta mal en absoluto , ya os digo que no soy de digesti\u00f3n f\u00e1cil ...", "date": "2022-12-12 23:44:39"}, {"id_message": 51593867029, "message": "Lo compro todo en Mercadona y en 10 minutos lo tengo hecho", "date": "2022-12-12 23:45:05"}, {"id_message": 82877523103, "message": "Alg\u00fan snack con mucha prote\u00edna para comer entre comidas ?", "date": "2022-12-13 19:46:12"}, {"id_message": 76114164214, "message": "Mucho jam\u00f3n llevo ya jejeje gracias por la aportaci\u00f3n , alguna idea m\u00e1s ? ?", "date": "2022-12-13 19:49:17"}, {"id_message": 75825409336, "message": "Te tienes que poner tibio de edamame para sacar 30 gramos de protes no ?", "date": "2022-12-13 20:00:46"}, {"id_message": 7433367843, "message": "Hay un pago que no recuerdo la marca que es 94 % pavo , es el m\u00e1s natural y el pavo tiene m\u00e1s protes que el cerdo no ?", "date": "2022-12-13 22:20:58"}, {"id_message": 78212297443, "message": "Creo que es argal", "date": "2022-12-13 22:34:24"}, {"id_message": 17564113863, "message": "Estoy esperando en la puerta de mi gimnasio para que lo abran un s\u00e1bado por la ma\u00f1ana , no s\u00e9 si llorar o alegrarme jajaja", "date": "2022-12-17 08:38:52"}, {"id_message": 82833628592, "message": "Si , no me hubiera venido mal mirar el horario jajaja", "date": "2022-12-17 08:39:59"}, {"id_message": 32419621300, "message": "M\u00e1s bien ha sido que no hab\u00eda venido nunca en s\u00e1bado jajaja pero ayer no pude", "date": "2022-12-17 09:18:51"}, {"id_message": 17302238877, "message": "Entr\u00e9 solo y sigo estando solo \ud83d\ude0d", "date": "2022-12-17 09:27:19"}, {"id_message": 80402521309, "message": "Alguien tiene alguna tabla contrastada para ganancia muscular con 3 d\u00edas de gimnasio a la semana ? Gracias !", "date": "2022-12-18 23:06:43"}, {"id_message": 7747470692, "message": "Lo que estoy haciendo ahora el de cuerpo completo y empiezo a tener la sensaci\u00f3n de que no les pido suficiente a los m\u00fasculos", "date": "2022-12-18 23:07:50"}, {"id_message": 13776606085, "message": "Jodeeeeee pero algo para orientar macho ...", "date": "2022-12-18 23:22:43"}, {"id_message": 59857411891, "message": "Te he dado la enhorabuena por el puesto de interina", "date": "2022-12-19 18:50:07"}, {"id_message": 31727974379, "message": "No entiendo lo de \" respeta al ni\u00f1e \"", "date": "2022-12-19 18:50:33"}, {"id_message": 25711003154, "message": "Disculpad si no he usado bien el g\u00e9nero , la \u00fanica intenci\u00f3n era la de felicitar por el nuevo puesto de trabajo", "date": "2022-12-19 19:19:57"}, {"id_message": 37020129218, "message": "Ah ok , ese ha sido mi malentendido . Gracias", "date": "2022-12-19 19:26:15"}, {"id_message": 33960774936, "message": "Al final voy a hacer 20 series semanales de cada grupo repartidas en dos d\u00edas . Hoy he probado y son 2 horas de gimnasio , paso por el cuerpo entero y hoy si que he notado que me quema el cuerpo entero . Funcionar\u00e1 para volumen ?", "date": "2022-12-19 22:49:50"}, {"id_message": 93653452608, "message": "Ok , entonces os ir\u00e9 contando ! \ud83d\udcaa", "date": "2022-12-19 23:40:17"}]