[{"id_message": 39305192252, "message": "Hola soy nueva me llamo ornella pero diganme orne", "date": "2020-04-13 23:52:50"}, {"id_message": 18291561934, "message": "Pero recien empiezo con esto", "date": "2020-04-13 23:53:00"}, {"id_message": 18828871266, "message": "As\u00ed que necesito su ayuda princesas", "date": "2020-04-13 23:53:13"}, {"id_message": 17841021973, "message": "Me llamo ornella pero diganme lole o orne jeje Soy ana Mi peso es de 86 Mi meta 52 Tengo 17 a\u00f1os", "date": "2020-04-14 00:55:05"}, {"id_message": 41684267804, "message": "Esa soy yo chicas", "date": "2020-04-14 00:55:25"}, {"id_message": 13703527659, "message": "Chicas me ayudan a hacer un ayuno antes de dejar de comer", "date": "2020-04-14 02:35:08"}, {"id_message": 11792519638, "message": "Eso esta chido me suena bien", "date": "2020-04-14 02:49:38"}, {"id_message": 5760955750, "message": "Gracias \ud83d\ude18", "date": "2020-04-14 02:50:25"}, {"id_message": 68805714997, "message": "Chicas hice como 120 o 150 abdominales y sentadillas una secci\u00f3n de 50", "date": "2020-04-14 03:49:57"}, {"id_message": 20040394906, "message": "Y solo tome un cafe", "date": "2020-04-14 03:50:02"}, {"id_message": 1341672039, "message": "Si alguien me quiere hablar al privado para ser mi consejera lo hacepto me vendria muy bien", "date": "2020-04-14 03:50:35"}, {"id_message": 66645424996, "message": "Quiero ser as\u00ed por dioss", "date": "2020-04-14 05:23:30"}, {"id_message": 37954664352, "message": "Pero me gustar\u00eda comenzar de cero", "date": "2020-06-04 23:55:29"}, {"id_message": 79543273901, "message": "Alguien me ayuda a dejar de comer", "date": "2020-06-04 23:55:36"}, {"id_message": 15497717941, "message": "O a bajar de peso", "date": "2020-06-04 23:55:40"}, {"id_message": 78163917872, "message": "Alguna me puede ayudar", "date": "2020-06-04 23:57:45"}, {"id_message": 34676334629, "message": "Chicas ayuda ... alguien ? ? Baje de peso pero me siento s\u00faper gorda como hago para bajar mas", "date": "2020-07-16 20:54:46"}, {"id_message": 72600161584, "message": "Chicas tienen m\u00e1s grupos de telegram de ana y m\u00eda ? ? Me los pueden pasar me ayudar\u00edan much\u00edsimo", "date": "2020-07-16 21:15:14"}]