[{"id_message": 90013494945, "message": "Entr\u00e9 con otra cuenta", "date": "2019-03-06 18:24:28"}, {"id_message": 22841182079, "message": "No s\u00e9 por qu\u00e9 me bloquearon", "date": "2019-03-06 18:24:34"}, {"id_message": 42219663432, "message": "Ten\u00eda mi nombre en \u00e1rabe", "date": "2019-03-06 18:24:47"}, {"id_message": 57059320330, "message": "No me dejaron decir nada", "date": "2019-03-06 18:24:51"}, {"id_message": 25790891680, "message": "Habr\u00e1 sido otro administrador", "date": "2019-03-06 18:25:59"}, {"id_message": 79844559529, "message": "Busqu\u00e9 este grupo en el buscador para hablar de esos temas", "date": "2019-03-06 18:26:19"}, {"id_message": 22752913186, "message": "Es que acababa de entrar al grupo", "date": "2019-03-06 18:29:42"}, {"id_message": 76636011729, "message": "No pas\u00f3 ni un minuto", "date": "2019-03-06 18:29:52"}, {"id_message": 62886438599, "message": "Yo soy de complexi\u00f3n delgada", "date": "2019-03-06 18:34:18"}, {"id_message": 18684804685, "message": "Pero tengo grasa acumulada en el abdomen", "date": "2019-03-06 18:34:42"}, {"id_message": 32711581451, "message": "Jaja , pero si no me dieron tiempo a hablar", "date": "2019-03-06 18:38:06"}, {"id_message": 92558437037, "message": "Iba a saludar y de pronto bam", "date": "2019-03-06 18:38:24"}]