[{"id_message": 48718304814, "message": "lol , yo hab\u00eda mandado eso ( a otro grupo ) , y termin\u00e9 en este canal , omg", "date": "2021-03-27 07:03:21"}, {"id_message": 93077100314, "message": "puedes poner excusas y as\u00ed ayunas", "date": "2021-04-08 20:03:54"}, {"id_message": 9820081525, "message": "o sea , puedes decir que har\u00e1s cosas en tu habitaci\u00f3n y no comer o dormir y as\u00ed todas esas cosas para no comer y haces ayuno intermitente , puedes hacer uno suave como 12-12 o 16-8", "date": "2021-04-08 20:05:27"}, {"id_message": 40117117663, "message": "yo quisiera , aunque s\u00e9 que ser\u00e9 la cerdita JSJSKJSJW", "date": "2021-04-13 14:44:40"}, {"id_message": 68510948851, "message": "trata de controlar el impulso por vomitar siempre que lo tengas , tambi\u00e9n reduce tus raciones de a poco y as\u00ed", "date": "2021-04-13 17:19:36"}, {"id_message": 6386734605, "message": "ws el hambre en realidad \ud83d\ude14 \ud83e\udd0c", "date": "2021-04-14 05:07:50"}, {"id_message": 41576390942, "message": "vi una dieta de una chica coreana , con la que perdi\u00f3 como 5.3 kg y personas que la hicieron perdieron al rededor de 5 kg , es desayunar una banana y leche de soja ( quedar\u00eda siendo como un vaso , ya que ella tomaba de los de \" cajita \" , por as\u00ed decirlo ) y a la cena un tomate y 2 huevos hervidos , sin sal , solo dos comidas y dijo que sin actividad f\u00edsica , entonces eso , ojal\u00e1 te agrade", "date": "2021-04-15 14:48:11"}, {"id_message": 26900384738, "message": "no es por calor\u00edas , es por las comidas , es decir , duras como una Semana comiendo solamente eso , aseg\u00farate de no comer cosas con sal y as\u00ed , ya que esta ayuda a que tengas retenci\u00f3n de l\u00edquidos", "date": "2021-04-15 14:56:04"}, {"id_message": 87899124683, "message": "no vomiten mucho , luego trae muchas cosas malas \ud83d\ude15", "date": "2021-04-18 07:07:09"}, {"id_message": 14838421082, "message": "Gracias por poner eso , muchos no lo saben y es informaci\u00f3n super importante jdjsjdj", "date": "2021-04-23 08:00:07"}, {"id_message": 29241977720, "message": "Mi mente y ojos en esos momentos :", "date": "2021-04-23 16:41:40"}, {"id_message": 63256894717, "message": "junto con todo eso . hay que aclarar que vomitar no saca calor\u00edas , saca lo s\u00f3lido", "date": "2021-05-25 15:47:11"}, {"id_message": 34935579157, "message": "nel , el cuerpo empieza desde que empiezas a comer", "date": "2021-05-25 19:33:17"}, {"id_message": 21321589022, "message": "al final lo que sale es poquitisimo , si sale algo", "date": "2021-05-25 19:33:34"}, {"id_message": 50752071013, "message": "Lo consigues por sen o senna , es una plantita con la que haces tu infusi\u00f3n y yam , o si consigues la bolsita djskfj", "date": "2021-05-30 16:39:44"}, {"id_message": 6748900622, "message": "aunque lo he tratado", "date": "2021-06-03 20:59:42"}, {"id_message": 48302900437, "message": "esa a m\u00ed me parece buena idea", "date": "2021-06-08 12:39:39"}, {"id_message": 49840071860, "message": "Solo quer\u00eda decir , respecto al d\u00eda uno , no s\u00e9 pongan comida en la cara / piel , la comida no est\u00e1 hecha para eso , obviamente , si quieren un exfoliante pueden hablar con un dermat\u00f3logo o usar un exfoliante qu\u00edmico , pero no comida .", "date": "2021-08-16 04:59:27"}, {"id_message": 6286360456, "message": "yo podr\u00eda ayudarte un poco , pwro no s\u00e9 , te ayudo si tambi\u00e9n pones de tu parte ( por ejemplo , no colg\u00e1ndote y as\u00edm )", "date": "2021-08-24 08:37:41"}, {"id_message": 10225596486, "message": "igual , cualquier cosa aqu\u00ed estoy", "date": "2021-08-24 08:37:55"}, {"id_message": 39417767229, "message": "exacto , gracias por difundir verdades", "date": "2021-09-12 14:46:32"}, {"id_message": 98449902772, "message": "o si est\u00e1s en sobrepeso , creo", "date": "2021-10-28 04:44:48"}, {"id_message": 90334062434, "message": "tipo ... el uso de laxantes y as\u00ed", "date": "2021-11-03 06:07:59"}, {"id_message": 79276955188, "message": "El t\u00e9 de sen", "date": "2021-11-03 06:08:15"}, {"id_message": 97249423248, "message": "esa chica est\u00e1 algo loca , una vez habl\u00e9 con ella y comenz\u00f3 a llamarme est\u00fapida y cosas as\u00ed de la nada , wth con ella ( ? ? )", "date": "2021-11-13 21:47:04"}, {"id_message": 54583437731, "message": "lit , vi en el @ y ya nos bloqueamos hace tiempo lol", "date": "2021-11-17 01:03:10"}, {"id_message": 45632816363, "message": "te habl\u00e9 ya , ah", "date": "2021-11-24 05:03:09"}, {"id_message": 69093816031, "message": "no cumplo con ninguna , pero pregunta , no sabemos si podr\u00eda ayudar ^ ^", "date": "2021-11-24 21:25:17"}, {"id_message": 35959306875, "message": "deber\u00eda sacar a todos los que solo piensan que es \" infiltrado \" solo porque es consciente de que no se trata solamente de calor\u00edas , y encima que las recetas fueron de 50-100 JDJSJSJJD dioood , comer fibra y vitaminas no es un pecado - . -", "date": "2021-11-26 21:15:46"}, {"id_message": 52868566704, "message": "dios , que horrible jsjsjd", "date": "2021-11-26 22:08:38"}, {"id_message": 97029161719, "message": "pero feo , o sea , ni siquiera estaba mal el post , solo eran recetas , y hasta bajas en calor\u00edas", "date": "2021-11-26 22:09:49"}, {"id_message": 64302764618, "message": "se te marcan los m\u00fasculos de los pies ? i -", "date": "2021-12-25 16:27:56"}, {"id_message": 37598168077, "message": "no vas a ver cambios en el cuerpo tras pocos d\u00edas de una dieta y tal , tomar\u00e1 alguillo de tiempo que notes realmente los cambios que tome t\u00fa cuerpo ; lo que puedes hacer es tomarte una fotograf\u00eda hoy y una dentro de un tiempo o una cada pocos d\u00edas y as\u00ed , pasada una semana o algo puedes hacer comparaciones entre tu primera foto y la \u00faltima", "date": "2022-01-04 17:37:24"}, {"id_message": 27261653293, "message": "vomitar lo que comes , es demasiado peligroso", "date": "2022-01-16 01:10:54"}, {"id_message": 97424635483, "message": "es muy peligroso , puede que termines con serios da\u00f1os de garganta , est\u00f3mago , e incluso m\u00fasculos oculares , de todo , de todo", "date": "2022-01-16 01:17:35"}, {"id_message": 86535491590, "message": "a parte , vomitar mucho te deja la cara como cuadrada", "date": "2022-01-16 01:17:45"}, {"id_message": 43148750716, "message": "mejor evitar la cena", "date": "2022-01-16 01:18:02"}, {"id_message": 84494850748, "message": "pq fortalece / ejercita / algo similar la mand\u00edbula , y no de forma linda", "date": "2022-01-16 01:19:02"}, {"id_message": 90604857507, "message": "pero te digo por eso mismo , mejor no la comas", "date": "2022-01-16 01:19:39"}, {"id_message": 46401651347, "message": "sigue as\u00ed , s\u00e9 que puedes , lel", "date": "2022-02-04 02:39:17"}, {"id_message": 62265669376, "message": "v\u00e1yase del grupo , rn , rid\u00edculo", "date": "2022-02-04 02:40:48"}, {"id_message": 56711070417, "message": "f\u00edjate , dijo eso y ya", "date": "2022-02-04 02:41:47"}, {"id_message": 80812009665, "message": "la gente as\u00ed se me hace demasiado ignorante , entiendo el hecho de que sin haberlo vivido se ve m\u00e1s f\u00e1cil de lo que es , pero siempre est\u00e1 la informaci\u00f3n , no creo que sea un profesional y si no sabes mucho de un tema en concreto se me hace feo que hagas algo tan abrupto como entrar a un grupo y querer que medio grupo cambie as\u00ed como as\u00ed pensamientos y actitudes como las que tenemos muchas / todas las personas q estamos aqu\u00ed , no es espec\u00edficamente \u00e9l , sino el grupo entero de personas que hacen eso , me doy a entender ?", "date": "2022-02-04 02:47:49"}, {"id_message": 7556509446, "message": "lo que pasa no es s\u00f3lo eso , pq puede ayudar entendiendo tambi\u00e9n , y no solo diciendo cosas como \" ustedes est\u00e1n bien como est\u00e1n \" y cosas as\u00ed , sabes ?", "date": "2022-02-04 02:49:19"}, {"id_message": 36350177806, "message": "te puedo hablar por priv ? ^ ^", "date": "2022-05-26 13:59:04"}]