[{"id_message": 94675882143, "message": "Hola ! M\u00eda Peso actual 155lbs Meta : 120lbs por ahora Mido 5 \u2019 4 Edad : 27 a\u00f1os", "date": "2022-05-02 06:46:39"}, {"id_message": 80949991843, "message": "Hola \u2018 \ud83e\udd2a", "date": "2022-05-02 06:53:40"}, {"id_message": 75907490446, "message": "Emmmm \u2026 . Tengo 17 a\u00f1os de ser m\u00eda ya", "date": "2022-05-02 06:54:00"}, {"id_message": 65664774428, "message": "T\u00fa que eres ? Eli ?", "date": "2022-05-02 06:54:08"}, {"id_message": 8889732639, "message": "Tengo a\u00f1os Oiga \u2026 . Mi familia la tuve que despistar de m\u00eda \ud83d\ude1e \ud83d\ude1e \ud83d\ude1e y trague \u2026 .. ahora sub\u00ed unas libras asquerosas . Pero volv\u00ed con todo ! ! ! Aqu\u00ed estoy para ser support tambi\u00e9n", "date": "2022-05-02 07:06:56"}, {"id_message": 80502172279, "message": "\ud83e\udd70 \ud83d\ude0d", "date": "2022-05-02 07:07:00"}, {"id_message": 69985639727, "message": "Es verdad \ud83d\ude1e pero no siempre es el caso", "date": "2022-05-02 13:20:51"}, {"id_message": 62556893989, "message": "Com\u00ed ensalada hace rato", "date": "2022-05-03 03:38:37"}, {"id_message": 78401028375, "message": "Ser vegan @ ayuda mucho", "date": "2022-05-03 04:05:58"}, {"id_message": 73289979595, "message": "Nice \ud83d\udc4d", "date": "2022-05-03 04:06:11"}, {"id_message": 16783792553, "message": "Mija ! Tengo mucho que bajar haha \ud83d\ude02", "date": "2022-05-03 04:06:31"}, {"id_message": 30492979502, "message": "Pues hagamos equipo haha \ud83d\ude02", "date": "2022-05-03 17:47:25"}, {"id_message": 92871533320, "message": "Hola ! \ud83d\ude42 \ud83d\ude42 \ud83d\ude42", "date": "2022-05-09 04:12:39"}, {"id_message": 50466979565, "message": "Oigan ! Estoy d\u00edas e estado haciendo ayuno y m siento con mucha energ\u00eda haha \ud83d\ude02 ! ! !", "date": "2022-05-09 20:20:24"}, {"id_message": 3931407001, "message": "No necesito comer y me ayuda sentir s\u00faper woman haha \ud83d\ude02", "date": "2022-05-09 20:20:46"}, {"id_message": 98808047926, "message": "Llevaba 2 d\u00edas ! \ud83d\ude42 \ud83d\ude42 \ud83d\ude42 pero me mate y com\u00ed una manzana", "date": "2022-05-10 19:33:51"}, {"id_message": 9660954298, "message": "Una compa\u00f1era de trabajo lo hizo y dijo que sent\u00eda mal \u2026 pero todo cuerpo es diferir", "date": "2022-05-10 19:35:00"}, {"id_message": 62019655565, "message": "Te mando un abrazo muy fuerte ! ! !", "date": "2022-05-10 19:36:21"}, {"id_message": 95427309146, "message": "Bien y t\u00fa ? C\u00f3mo vas ? C\u00f3mo est\u00e1s ?", "date": "2022-05-11 17:31:19"}, {"id_message": 70294063414, "message": "Hola \ud83d\udc4b \ud83d\ude1b \ud83e\udd70 \ud83d\ude0d", "date": "2022-05-13 04:57:47"}, {"id_message": 91007750605, "message": "C\u00f3mo est\u00e1s ? Que eres Ana m\u00eda ? Las dos ?", "date": "2022-05-13 05:05:04"}, {"id_message": 11235358703, "message": "\ud83d\ude07 \ud83d\ude07 recompens\u00f3 con ayud\u00f3 por ahora y no vomito \ud83e\udd2e Mmmmm \u2026 . Estoy en ayunos . ! Noto que entre menos sabor tiene la comida pues menos quiero comer", "date": "2022-05-13 05:06:06"}, {"id_message": 1641514228, "message": "Que padre ! Te mando un abrazo ! \ud83e\udd70", "date": "2022-05-13 05:06:23"}, {"id_message": 54839926157, "message": "No me e pesado pero estoy segura que e bajado \u2026 ma\u00f1ana compro una b\u00e1scula \u2696 \ufe0f", "date": "2022-05-13 05:07:04"}, {"id_message": 38960856134, "message": "\ud83e\udd23 \ud83d\ude07 Desde cuando eres m\u00eda ? Yo tengo 17 a\u00f1os con esto", "date": "2022-05-13 05:07:28"}, {"id_message": 73246310914, "message": "Entiendo ! Est\u00e1s en tu peso normal ?", "date": "2022-05-13 05:08:03"}, {"id_message": 33636435842, "message": "Perd\u00f3n Hehe dije mi edad haha \ud83d\ude02", "date": "2022-05-13 05:08:21"}, {"id_message": 43526043782, "message": "Veo ! Solo cuidado . ! Toma agua no te excedas", "date": "2022-05-13 05:08:48"}, {"id_message": 57225549824, "message": "\ud83d\ude1c \ud83e\udd23", "date": "2022-05-13 05:08:55"}, {"id_message": 59280636857, "message": "Los laxantes no ayudan tanto \u2026 a perder peso \u2026 \u00f3sea si pero es puro l\u00edquido y puedes caer en el hospital \u2026 aparte te hace flojo el systems digestivo", "date": "2022-05-13 05:10:01"}, {"id_message": 72909653030, "message": "Ay mija \u2026 . Usas algo para prov\u00f3calo ?", "date": "2022-05-13 05:10:24"}, {"id_message": 10007292072, "message": "Cuidado nada m\u00e1s mija ! Te puedes lastimar la garganta \u2026 Tomar un poco agua con hielo para que te refresque", "date": "2022-05-13 05:11:57"}, {"id_message": 47187755815, "message": "Dale break pa que te recuperes", "date": "2022-05-13 05:12:17"}, {"id_message": 46712299043, "message": "Ouch ! Cuidado que te lo puede pasar por accidente", "date": "2022-05-13 19:08:41"}, {"id_message": 71642209687, "message": "\ud83e\udd7a \ud83e\udd7a", "date": "2022-05-14 03:51:37"}, {"id_message": 60152033852, "message": "Yo igual ! Te mando un fuerte abrazo ! ! ! \ud83d\ude29", "date": "2022-05-14 16:04:37"}, {"id_message": 86289321188, "message": "C\u00f3mo les est\u00e1 yendo ?", "date": "2022-05-16 02:04:38"}, {"id_message": 97102841167, "message": "Hoy trague como un cerdo \ud83d\udc16", "date": "2022-05-16 02:04:45"}, {"id_message": 14851608291, "message": "Tienes raz\u00f3n \ud83e\udd2a har\u00e9 ayunos esta semana", "date": "2022-05-17 06:18:43"}, {"id_message": 31167779482, "message": "Tienes la application life para contar las horas", "date": "2022-05-18 04:40:10"}, {"id_message": 65897334407, "message": "@USER bien y tu mija ? C\u00f3mo est\u00e1s ? !", "date": "2022-05-18 04:40:37"}, {"id_message": 30328054324, "message": "\ud83e\udd70", "date": "2022-05-22 03:53:43"}, {"id_message": 93149565923, "message": "Es verdad lo que dice rulo", "date": "2022-05-24 03:45:33"}]