[{"id_message": 66449109312, "message": "Ustedes est\u00e1n conscientes de lo que hacen aqu\u00ed ?", "date": "2021-12-19 05:44:48"}, {"id_message": 89928404500, "message": "Se van a matar", "date": "2021-12-19 05:44:48"}, {"id_message": 44896814753, "message": "Nada de lo q hacen es correcto , la anorexia y bulimia no son un estilo de vida", "date": "2021-12-19 05:44:48"}, {"id_message": 47550130292, "message": "Yo me estoy tratando", "date": "2021-12-19 05:44:48"}, {"id_message": 2699464665, "message": "Porque se que no es correcto , pero ustedes q hacen ?", "date": "2021-12-19 05:44:48"}, {"id_message": 88895262392, "message": "El cuerpo no se le puede privar de nutrientes", "date": "2021-12-19 05:44:54"}, {"id_message": 6377665520, "message": "Pueden bajar de peso , pero as\u00ed no esta bien", "date": "2021-12-19 05:44:54"}, {"id_message": 6278274455, "message": "INI_BOLD Anorexia END_BOLD El sujeto se niega a comer por que posee un intenso temor a alimentarse y aumentar de peso , existe un rechazo a mantener el peso corporal en los valores m\u00ednimos normales y saludables . INI_BOLD El perfil de la persona con anorexia END_BOLD \ud83d\udd18 Falta de conciencia de la enfermedad \ud83d\udd18 Miedo intenso a la obesidad \ud83d\udd18 Ca\u00edda del cabello \ud83d\udd18 Comen lentamente \ud83d\udd18 Distorsi\u00f3n del cuerpo ( se ven gordos a pesar de tener bajo peso ) \ud83d\udd18 Amenorrea - Piel seca \ud83d\udd18 Hipotensi\u00f3n - Hipotermia \ud83d\udd18 Mastican largo rato antes de tragar \ud83d\udd18 Prefieren peque\u00f1as porciones \ud83d\udd18 Tiran , escupen o esconden la comida \ud83d\udd18 Cuentan las calor\u00edas \ud83d\udd18 Se a\u00edslan socialmente \ud83d\udd18 Auto exigencia \ud83d\udd18 Depresi\u00f3n en el 40 o 45 % de los casos \ud83d\udd18 Estre\u00f1imientos cr\u00f3nicos \ud83d\udd18 Rechazo a la sexualidad \ud83d\udd18 Usan ropa suelta ( se tapan el cuerpo ) \ud83d\udd18 Suelen ser excelentes estudiantes y primeros promedios INI_BOLD Variables psicol\u00f3gicas que se destacan son las siguientes : END_BOLD 1 . Miedo a aumentar de peso . No desaparece a\u00fan cuando el sujeto pierde peso y va aumentado a medida que el peso va disminuyendo . 2 . Miedo a perder el control sobre la cantidad de alimento que se ingiere . 3 . Alteraci\u00f3n en la percepci\u00f3n de stimulos internos relacionados con el hambre y la saciedad .", "date": "2021-12-19 05:44:54"}, {"id_message": 58204662084, "message": "Pero esta mal , si su ciclo menstrual se detiene estar\u00e1n en problemas serios", "date": "2021-12-19 05:46:45"}, {"id_message": 71075219543, "message": "Y porque lo hacen", "date": "2021-12-19 05:48:05"}, {"id_message": 56530674515, "message": "Yo lo se tambi\u00e9n , hoy mismo estoy s\u00faper mal pero , no lo se tal vez kiero mejorar", "date": "2021-12-19 05:50:38"}, {"id_message": 50367941636, "message": "Me sacaron the voice's xq", "date": "2021-12-19 19:06:50"}, {"id_message": 43387054757, "message": "Creo q hay un malentendido \ud83d\ude05", "date": "2021-12-19 19:19:26"}, {"id_message": 30470009773, "message": "En realidad estoy aqu\u00ed y quiero estar ah\u00ed para alentarme a recuperarme", "date": "2021-12-19 19:19:26"}, {"id_message": 91145798139, "message": "Viendo q lo que se hace esta mal y debo recuperaeme", "date": "2021-12-19 19:19:26"}, {"id_message": 90636611518, "message": "Grax por preocuparte \ud83d\ude09", "date": "2021-12-19 19:19:26"}, {"id_message": 59954398415, "message": "Soy Ana y mia", "date": "2021-12-30 21:39:31"}, {"id_message": 91588215382, "message": "Ya no quiero hacer m\u00e1s ejercicios", "date": "2021-12-31 05:19:32"}, {"id_message": 10938121086, "message": "\ud83d\ude2d \ud83d\ude2d", "date": "2021-12-31 05:19:39"}, {"id_message": 4855533974, "message": "Puedo hacer ejercicio un d\u00eda si y otro no ?", "date": "2022-01-01 19:35:08"}, {"id_message": 9176309600, "message": "Me voy a suicidar", "date": "2022-01-01 20:08:15"}, {"id_message": 30174323952, "message": "Alg\u00fan m\u00e9todo r\u00e1pido y eficaz", "date": "2022-01-01 20:08:15"}, {"id_message": 13694775099, "message": "Pata q o q", "date": "2022-02-01 03:14:01"}, {"id_message": 18464916458, "message": "No lo hagas . Estoy muy enferma por los TCA lo mejor es que te vayas de aqu\u00ed antes de arruinarte la vida", "date": "2022-02-04 02:18:36"}, {"id_message": 69235757894, "message": "No es as\u00ed , no lo puedes provocar , viene solo a la larga , con el tiempo , al punto de obsesionarse , no es algo que puedas entender si no lo padeces verdaderamente", "date": "2022-02-04 02:21:00"}, {"id_message": 30180883685, "message": "Y hablas con la adm", "date": "2022-02-06 21:28:37"}, {"id_message": 97403539271, "message": "LA PRINCESA TIENE AUTOCONTROL \ud83e\udd8b Ser princesa no es facil . Es una lucha constante con el hambre y la ansiedad por llegar a ser perfectas . Las princesas sabemos lo que es el dolor , sufrimiento y la tristeza . Tambien podemos sonreir , por ejemplo cuando nos pesamos y nos damos cuenta de que hemos bajado unos kilos . Ser princesa es dificil , pero es el camino que hemos elegido para ser perfectas . Ana y Mia siempre estaran con nosotras , una vez que entran en nuestra vida , no se ira \u2026 Ellas son nuestras reinas y no hay que traicionar su confianza porque ellas no ayudan a ser perfectas , no las traicionemos princesas . Las princesas somos perfeccion , autocontrol y belleza . \u2764 \ufe0f", "date": "2022-02-07 06:58:23"}, {"id_message": 61415975545, "message": "DIETA ARCOIRIS \ud83d\udc98 \ud83d\udc98 Lunes blanco \ud83e\udd0d Desayuno : \u00bd manzana ( 20 cals ) Almuerzo : \u00bd manzana ( 20 cals ) Cena : 1 pepino ( 24 cals ) Total : 105 cals \ud83e\udd8b Martes amarillo \ud83d\udc9b Desayuno : 1 banano ( 108.5 cals ) Almuerzo : 1 banana ( 108.5 cals ) Cena : \u00bd cup corn ( 66 cals ) Total : 283 cals \ud83e\udd8b Mi\u00e9rcoles Azul \ud83d\udc99 Desayuno : Vaso de agua templada con zumo de medio lim\u00f3n reci\u00e9n exprimido Comida : M\u00e1s agua Cena : Agua Fr\u00eda Total : Ni idea , pero casi un ayuno . Jueves ( naranja ) \ud83e\udde1 : Desayuno : \u00bd naranja ( 31 cals ) Almuerzo : \u00bd naranja ( 31 cals ) y una zanahoria ( 26 cals ) Cena : 1 zanahoria ( 26 cals ) Total : 114 cals \ud83e\udd8b Viernes ( rojo ) \u2764 : Desayuno : \u00bd taza de frutillas ( 21.5 cals ) Almuerzo : \u00bd taza de frutillas ( 21.5 cals ) Cena : \u00bd pimiento rojo ( 16 cals ) Total : 59 cals \ud83e\udd8b S\u00e1bado ( morado / a\u00f1il ) \ud83d\udc9c : Desayuno : 10 ar\u00e1ndanos (8 cals ) Almuerzo : 10 ar\u00e1ndanos (8 cals ) Cena : 10 frambuesas ( 24 cals ) Total : 40 cals Domingo ( verde ) \ud83d\udc9a : Desayuno : \u00bd cup uvas ( 57 cals ) Almuerzo : \u00bd uvas ( 57 cals ) y 1 taza de lechuga ( 7 cals ) Cena : 1 taza de lechuga ( 7 cals ) Total : 128 cals", "date": "2022-02-07 06:58:23"}, {"id_message": 24753688513, "message": "Toma aluzil . Es digestivo", "date": "2022-02-08 04:05:16"}, {"id_message": 51391201165, "message": "Piensa que es un premio", "date": "2022-02-08 04:05:42"}, {"id_message": 17147546472, "message": "Pos yo los tengo seguido", "date": "2022-02-08 04:06:22"}, {"id_message": 71345718543, "message": "Yo igual pero . No c a hacer", "date": "2022-02-08 04:06:55"}, {"id_message": 33016585181, "message": "Mientras comas esta bien", "date": "2022-02-08 04:07:39"}, {"id_message": 40794356474, "message": "Mira Mi dieta Ana y Mia \ud83e\udd8b : URL", "date": "2022-02-08 20:52:26"}, {"id_message": 1386770269, "message": "Mira Tu amiga ana \ud83e\udd87 : URL", "date": "2022-02-08 20:52:48"}, {"id_message": 48184487249, "message": "Pero no a todos", "date": "2022-02-10 18:34:25"}, {"id_message": 47738487275, "message": "No comes y beb\u00e9s agua", "date": "2022-02-12 05:56:12"}, {"id_message": 62564612387, "message": "Te duermes y ya", "date": "2022-02-12 16:15:48"}, {"id_message": 12685536249, "message": "O te tomas una dipirona", "date": "2022-02-12 16:16:05"}, {"id_message": 80282911918, "message": "No comas x 3 d\u00edas y solo haz ejercicio", "date": "2022-02-12 17:38:34"}, {"id_message": 97250633569, "message": "Ella ni escribe ya , pero q hable sola xd", "date": "2022-02-13 17:57:54"}, {"id_message": 42928582931, "message": "Gente c mete a peoe", "date": "2022-02-16 03:16:18"}, {"id_message": 55539551590, "message": "Y hacen lo que quieren", "date": "2022-02-16 03:16:35"}, {"id_message": 6308989513, "message": "Xq tu cuerpo esta en face de supervivencia", "date": "2022-02-16 23:23:41"}, {"id_message": 24891002245, "message": "Me siento fatal , el chico que me gusta me le confece y me dijo que ten\u00eda novia y pues me senti muy mal , ahora sub\u00ed una foto con una amiga y me pidi\u00f3 su n\u00famero , xq ella es mas bonita ? Tiene una cintura de 60 ? Xq ella es perfecta ? Me siento un monstruo , me siento muy mal , sera porque no soy ella ? Quiero morirme", "date": "2022-02-22 23:58:00"}, {"id_message": 10139388579, "message": "Pero duele y no paro de llorar pensando en que tengo de malo , si me odiaba ya por ser una ballena ahora estoy peor", "date": "2022-02-23 00:30:39"}, {"id_message": 66676095399, "message": "Amarrate algo fuerte en la cabeza o toma dipirona dos al dia", "date": "2022-02-24 01:43:21"}, {"id_message": 13394009637, "message": "corre y toma agua r\u00e1pidamente . Ve y m\u00edrate al espejo . Ves toda esa grasa en tu cuerpo ? Dile a tu cuerpo que esta confundido . Ve fotos de comida asquerosa.Busca en google fotos de gente gorda comiendo ( A mi me funciona cada vez que siento hambre ) .", "date": "2022-02-24 01:43:30"}, {"id_message": 1463296873, "message": "Gracias we en serio", "date": "2022-02-25 19:43:51"}, {"id_message": 25433542518, "message": "Unos 7-8 kg o menos pero nobles recomendable xq despu\u00e9s te puede engordar cuando comas algo", "date": "2022-02-25 20:45:01"}]