[{"id_message": 42772732819, "message": "Porque no . Lo era", "date": "2019-05-21 23:31:05"}, {"id_message": 61128124716, "message": "Eso en el gym no hay", "date": "2019-05-21 23:31:51"}, {"id_message": 43285875055, "message": "Es un grupo libre", "date": "2019-05-21 23:33:43"}, {"id_message": 84095921313, "message": "Mira yo con intolerante no estoy", "date": "2019-05-21 23:34:18"}, {"id_message": 65181217204, "message": "Y hago flexiones en casa", "date": "2019-05-21 23:37:36"}, {"id_message": 5515953079, "message": "O no era de factor x ?", "date": "2019-05-21 23:58:33"}, {"id_message": 98561959256, "message": "Pa k dices na", "date": "2019-05-21 23:58:54"}, {"id_message": 63350237482, "message": "Si no lo sabes", "date": "2019-05-21 23:58:57"}, {"id_message": 24451686822, "message": "Yo es que alucino con la pe\u00f1a", "date": "2019-05-21 23:59:09"}, {"id_message": 20220184871, "message": "Es ud el.demp es el demoniooo", "date": "2019-05-25 01:10:09"}, {"id_message": 24693534615, "message": "Piensa antes de hablar anda", "date": "2019-05-26 21:44:07"}, {"id_message": 86918548183, "message": "Castellano no s\u00e9 pero catal\u00e1n", "date": "2019-05-26 21:47:44"}, {"id_message": 98970734289, "message": "Poco se habla del bloqueo que me has hecho", "date": "2019-05-26 21:55:28"}, {"id_message": 97608719714, "message": "Por eso hay vinos avinagrado", "date": "2019-05-26 21:56:04"}, {"id_message": 42462771065, "message": "Como vas en la banca", "date": "2019-06-16 02:14:26"}, {"id_message": 42952693791, "message": "Yo tambien hago de eso", "date": "2019-06-16 02:14:41"}, {"id_message": 85151314153, "message": "Por un beso de la flaca daria lo que fuera", "date": "2019-06-16 02:17:36"}, {"id_message": 4422956517, "message": "Como la leti que pesa mas que yo y mide menos", "date": "2019-06-16 02:18:28"}, {"id_message": 23124977544, "message": "Por que te llaman el xaxos ?", "date": "2019-06-16 02:21:56"}, {"id_message": 48977501079, "message": "El icono del grupo", "date": "2019-06-16 02:44:53"}, {"id_message": 29898118381, "message": "Pon la foto que he pasado", "date": "2019-06-16 02:45:01"}, {"id_message": 38166372163, "message": "Hasta que te desmayes", "date": "2019-06-18 22:16:13"}, {"id_message": 18491390418, "message": "La mejor muerte es bajo la barra", "date": "2019-06-18 22:18:07"}, {"id_message": 14206408860, "message": "Y eso para que sirve ?", "date": "2019-06-19 11:00:16"}, {"id_message": 9550573937, "message": "Que ganas con triseries", "date": "2019-06-19 11:00:25"}, {"id_message": 23510700166, "message": "Si es por el descanso", "date": "2019-06-19 11:00:38"}, {"id_message": 84050044970, "message": "Se puede hacer lo mismo con dos", "date": "2019-06-19 11:00:50"}, {"id_message": 57652910124, "message": "Pero las triseries que beneficio tienen ?", "date": "2019-06-19 11:01:41"}, {"id_message": 10658896177, "message": "En martillo ese peso es muy factible", "date": "2019-06-19 11:02:09"}, {"id_message": 52957366430, "message": "Pero la triserie son 3 ejercicios distintos de b\u00edceps ( por ejemplo ) seguidos no ?", "date": "2019-06-19 11:04:36"}, {"id_message": 89091444606, "message": "No , yo es que en seguida me pongo tocho", "date": "2019-06-19 11:06:15"}, {"id_message": 81122806460, "message": "Y no me gusta", "date": "2019-06-19 11:06:18"}, {"id_message": 49858532989, "message": "Yo como el de la foto del perfil del grupo no quiero estar , es demasiado", "date": "2019-06-19 11:07:10"}, {"id_message": 2286175577, "message": "Y luego todo el m\u00fasculo ese , de viejo se convierte en pellejo", "date": "2019-06-19 11:07:57"}, {"id_message": 17141034520, "message": "Gemelos gordos es como.los antebrazos , es m\u00e1s gen\u00e9tico", "date": "2019-06-19 11:08:33"}, {"id_message": 66225864372, "message": "El gemelo se entrena corriendo", "date": "2019-06-19 11:10:06"}, {"id_message": 87089464877, "message": "Y jugando al f\u00fatbol", "date": "2019-06-19 11:10:17"}, {"id_message": 6204093505, "message": "Que para eso est\u00e1 inventado", "date": "2019-06-19 11:10:25"}, {"id_message": 51221998307, "message": "Na na lo digo de broma", "date": "2019-06-19 11:11:10"}, {"id_message": 49745298904, "message": "Ya tambi\u00e9n conozco a uno", "date": "2019-06-19 11:12:00"}, {"id_message": 99730296810, "message": "Que solo anda de puntillas", "date": "2019-06-19 11:12:06"}, {"id_message": 86851491420, "message": "Pero por su forma de andar", "date": "2019-06-19 11:12:18"}, {"id_message": 74871389342, "message": "No lo hace a posta", "date": "2019-06-19 11:12:23"}, {"id_message": 85318923225, "message": "Eso es tu dieta ?", "date": "2019-06-19 12:32:55"}, {"id_message": 51802316214, "message": "El tiarron de la foto de perfil es igualito que yo", "date": "2019-06-20 11:05:20"}, {"id_message": 6461286118, "message": "Pero un poco m\u00e1s grande", "date": "2019-06-20 11:05:24"}, {"id_message": 81329254959, "message": "Paranoia paranaoia supeeeer paranoiaaa", "date": "2019-07-26 14:31:28"}, {"id_message": 37824792899, "message": "A ver tiene buen brazo ehh", "date": "2019-07-26 14:34:00"}, {"id_message": 10065382932, "message": "Yo tengo menos y levanto las de 25", "date": "2019-07-26 14:34:13"}, {"id_message": 37191314794, "message": "Vamos que podr\u00e1 con mas", "date": "2019-07-26 14:34:28"}]