[{"id_message": 42377293221, "message": "Hola mi nombre es \u00c1ngel me presento ... Llevo un par de meses en el grupo suelo leer pero no comentar . Hoy me animo por qu\u00e9 tengo una duda y me gustar\u00eda saber vuestra opini\u00f3n . La semana pasada entrenando , justo al terminar not\u00e9 como un tend\u00f3n debajo del brazo izquierdo justo en la zona de la axila se marcaba os ha pasado ? Luego por la tarde trabajando me molestaba lleva semana y media y sigue igual o al menos yo lo veo as\u00ed . El m\u00e9dico me dice que solo con el tiempo que es sobre carga y la fisioterapia me dice que nunca hab\u00eda visto algo as\u00ed que eso es una tendinitis y que tengo mucha sobre carga en los m\u00fasculos por el trabajo y el entrenamiento . Mi entrenamiento es 4 veces a la semana lunes martes mi\u00e9rcoles viernes ... Jueves y fin de semana descanso . Claro est\u00e1 llevo abril y mayo trabajando de lunes a lunes ahora ya he dejado de hacer horas extras . Paso una foto . En el gimnasio llevo exactamente desde el 11 de febrero y cada 11 me peso me tomo medidas y me hago fotos para ver cambios es mi primera vez que voy al gimnasio antes solo jugaba al f\u00fatbol . Gracias y perd\u00f3n por esta historia tan larga", "date": "2019-06-25 14:12:18"}, {"id_message": 76517502591, "message": "Ni mi fisio tampoco jajaja", "date": "2019-06-25 14:14:08"}, {"id_message": 15302274297, "message": "No ha sido un tir\u00f3n ni nada simplemente me colgu\u00e9 de la barra y pens\u00e9 que era una vena", "date": "2019-06-25 14:14:45"}, {"id_message": 47502706081, "message": "He ido a 2 y ninguno le da la importancia de lo que parece", "date": "2019-06-25 14:15:26"}, {"id_message": 71105806014, "message": "Me dicen que eso con el tiempo", "date": "2019-06-25 14:15:34"}, {"id_message": 75207890193, "message": "He ido a urgencias", "date": "2019-06-25 14:15:44"}, {"id_message": 33324599071, "message": "Si mira te paso la hoja", "date": "2019-06-25 14:16:11"}, {"id_message": 43004955865, "message": "Me dijo tal cual que no es nada la verdad fue decepci\u00f3n total su atenci\u00f3n", "date": "2019-06-25 14:17:06"}, {"id_message": 84121575432, "message": "Vale muchas gracias perd\u00f3n por el.texto tan largo", "date": "2019-06-25 14:20:36"}, {"id_message": 40200577069, "message": "Estoy pensando en comprar alg\u00fan ganador de peso \ud83d\ude06", "date": "2019-06-25 14:21:38"}, {"id_message": 99522368150, "message": "Pero dejo de entrar una semanita no ?", "date": "2019-06-25 14:22:14"}, {"id_message": 7181138377, "message": "Luego cuento que tal me va", "date": "2019-06-25 14:23:23"}, {"id_message": 65678303305, "message": "Gracias @USER y a todo el grupo por las opiniones de momento voy a darle reposo y los masajes del fisio", "date": "2019-06-25 19:20:42"}, {"id_message": 71355755452, "message": "As\u00ed que semanita de pierna y abdomen", "date": "2019-06-25 19:21:06"}, {"id_message": 84916390371, "message": "Vale vale \ud83d\ude01", "date": "2019-06-25 19:30:38"}, {"id_message": 70386444760, "message": "Nada deciros que ya estoy mejorando del tend\u00f3n", "date": "2019-06-27 16:16:12"}, {"id_message": 72310210395, "message": "Pero que nada de gimnasio por unas 3 semanas", "date": "2019-06-27 16:17:38"}, {"id_message": 80083888406, "message": "Solo pierna y abdomen", "date": "2019-06-27 16:17:51"}, {"id_message": 45370732502, "message": "Soy yo ? O no baja bien ?", "date": "2019-06-27 21:14:58"}, {"id_message": 35022581904, "message": "Comida y ya ... El resto parte del mundo de las franquicias y marcas \" fitness \"", "date": "2019-07-10 14:15:41"}, {"id_message": 79382072766, "message": "La constancia es la clave", "date": "2019-07-11 09:23:10"}, {"id_message": 64163494766, "message": "Con 3 a 4 d\u00edas como mucho vas muy bien", "date": "2019-07-11 09:23:45"}, {"id_message": 38344595956, "message": "No puedes hacer pierna ?", "date": "2019-07-11 09:35:50"}, {"id_message": 68728633772, "message": "Pues poco a poco", "date": "2019-07-11 09:45:39"}, {"id_message": 29613389646, "message": "Yo el lunes empiezo , ya estoy mejor de mi tend\u00f3n", "date": "2019-07-11 09:45:57"}, {"id_message": 74434392999, "message": "Ahora tengo que organizarme una nueva rutina para no sobrecargar mucho mi cuerpo entre gym y trabajo", "date": "2019-07-11 09:46:31"}, {"id_message": 40759621068, "message": "Quiero hacer 2 o 3 d\u00edas como mucho pero me gustar\u00eda consultalo con alguien no s\u00e9 si sea buena idea", "date": "2019-07-11 09:58:34"}, {"id_message": 38780676712, "message": "Bueno ver\u00e9 qu\u00e9 tal me siento con 3 dias", "date": "2019-07-11 10:11:36"}, {"id_message": 74235356198, "message": "Si fuese por mi ir\u00eda 5", "date": "2019-07-11 10:11:45"}, {"id_message": 52625051949, "message": "Pero trabajar en f\u00e1brica y ahora en agosto siento que pierdo 2 kg y gan\u00f3 100gr", "date": "2019-07-11 10:12:12"}, {"id_message": 56972687553, "message": "Me siento s\u00faper delgado", "date": "2019-07-11 10:12:34"}, {"id_message": 60244435914, "message": "La moda actual esteroides ... Lo que m\u00e1s asco da que luego te digan ... Soy natural", "date": "2019-07-11 11:11:53"}, {"id_message": 47735685933, "message": "Yo tampoco lo veo mal cada quien puede meterse lo que desee", "date": "2019-07-11 11:34:45"}, {"id_message": 23949471649, "message": "Lo que si veo mal es eso , que vendas una \" rutina \" 6 semanas 8 semanas y cuando te das cuenta que no da los resultados de un consumidor la culpa es del cliente por qu\u00e9 lo hace mal o no lleva la dieta a la perfecci\u00f3n", "date": "2019-07-11 11:37:57"}, {"id_message": 78337794549, "message": "Dani tal vez trampa no sea la palabra adecuada para lo que quiso expresar , pero entiendes a d\u00f3nde quiere llegar y el mensaje del 90 % de los esteroides ... No es como que muy adecuado para dar un consejo de cara a otros", "date": "2019-07-11 15:44:21"}, {"id_message": 94149193925, "message": "Es como decir que las drogas son buenas ...", "date": "2019-07-11 16:39:18"}, {"id_message": 72606810719, "message": "No veo los \" pros \" d\u00f3nde solo veo cosas negativas a mi salud", "date": "2019-07-11 16:39:46"}, {"id_message": 63189909202, "message": "Gracias , tengo que ir a un nutricionista no consigo ganar peso", "date": "2019-07-11 16:40:37"}, {"id_message": 56778572138, "message": "El lunes vuelvo al gym", "date": "2019-07-11 16:40:49"}, {"id_message": 46714313101, "message": "Gracias , creo que es una de las cosas por gen\u00e9tica", "date": "2019-07-11 16:41:30"}, {"id_message": 26078473959, "message": "Bueno preferir\u00eda 5cm m\u00e1s de brazo \ud83d\ude14", "date": "2019-07-11 16:46:07"}, {"id_message": 11653383866, "message": "Me tiene mal que no me crezcan los brazos", "date": "2019-07-11 16:46:38"}, {"id_message": 91364833082, "message": "Para algunos , yo veo compa\u00f1eros y en 1 2 meses buah lo que se les nota y yo aqu\u00ed 6 meses y creo que estoy en 34 cm jajaja", "date": "2019-07-11 16:48:52"}, {"id_message": 66312135872, "message": "D\u00eda 11 de marzo Peso 68.4 kg Medidas sin tensi\u00f3n Brazos Drc 32cm izq 30 - 31 cm pecho 89cm Cintura 83cm . 78 en rollitos Pierna Drc 56cm Izq 55cm Altura 1.80 m", "date": "2019-07-11 16:52:13"}, {"id_message": 90059677298, "message": "Ese es el primer mes jaja un palillo", "date": "2019-07-11 16:52:36"}, {"id_message": 30170223531, "message": "Hoy ... D\u00eda jueves 11 julio Peso 72.3 kg Brazo derecho 35 cm tension Brazo izquierdo 34.8 cm tensi\u00f3n Pecho 95 cm Piernas Derecha 60.3 cm Izquierda 59cm Altura 180 cm Cintura 87 cm Rollitos 82 cm", "date": "2019-07-11 16:53:33"}, {"id_message": 68608151310, "message": "A darle \ud83d\udcaa de momento mucho descanso y mucha Comida", "date": "2019-07-11 17:29:08"}, {"id_message": 25358139368, "message": "Buenos d\u00edas ! Y buen inicio de semana gente", "date": "2019-07-15 06:08:26"}, {"id_message": 49531582626, "message": "Hola buenas , no s\u00e9 si alguien ha hablado de esto , pero hoy es el \u00faltimo d\u00eda de las ofertas de Amazon prime y hay muy buenas ofertas en prote\u00ednas por si alguno le interesa", "date": "2019-07-16 17:30:46"}, {"id_message": 40744975223, "message": "Venezuela \ud83d\ude01", "date": "2019-07-30 17:32:47"}]