[{"id_message": 68100820835, "message": "Me hiciste acordar al h\u00edgado con cebolla", "date": "2021-02-01 16:34:50"}, {"id_message": 49803267493, "message": "Q delicia . Ya voy a hacer", "date": "2021-02-01 16:34:57"}, {"id_message": 14316571867, "message": "Pasanos la receta Gra", "date": "2021-02-05 17:54:08"}, {"id_message": 16812215160, "message": "Hola chicas hoy hice milanesas", "date": "2021-02-08 13:16:27"}, {"id_message": 99872835673, "message": "Rebozadas con coco rallado \ud83e\udd65", "date": "2021-02-08 13:16:40"}, {"id_message": 80632747508, "message": "No saben lo deliciosas", "date": "2021-02-08 13:16:45"}, {"id_message": 98789180356, "message": "Wooow no lo sab\u00eda", "date": "2021-02-08 18:40:12"}, {"id_message": 64045590010, "message": "Woooowwww que alegr\u00eda que me dio . La verdad un s\u00faper testimonio ! ! ! 8 kg con solo cambiar la.mentalidad", "date": "2021-02-13 18:25:48"}, {"id_message": 49922494070, "message": "Yo baj\u00e9 2 haciendo el ayuno intermitente", "date": "2021-02-13 18:26:05"}, {"id_message": 45376654855, "message": "Y llevo la agenda q nos pas\u00f3 Luchy y me anoto todas las semanas", "date": "2021-02-13 18:26:30"}, {"id_message": 56497472493, "message": "Preparando las sopas de la semana", "date": "2021-02-15 13:40:53"}, {"id_message": 239213796, "message": "\ud83d\udc8b", "date": "2021-02-15 13:49:41"}, {"id_message": 97860089332, "message": "Si es para los ni\u00f1os le pod\u00e9s agregar fideitos cuando pongas el agua", "date": "2021-02-15 13:50:07"}, {"id_message": 99156013814, "message": "Otra idea : Salsa sana preparada ... para cualquier comida", "date": "2021-02-15 13:58:51"}, {"id_message": 68411046534, "message": "Lo procesas y al freezer . Para usarlo calentas una lata de tomates al natural o tomate frito y le pones unas cucharadas de esto y listo .", "date": "2021-02-15 14:00:49"}, {"id_message": 93028160543, "message": "Luchyyyy tengo todos los s\u00edntomas jajajajaja", "date": "2021-02-16 19:15:02"}, {"id_message": 96371590423, "message": "Wooow lo quiero hacer . Q rico . De base de pizza est\u00e1 genial tambi\u00e9n", "date": "2021-03-20 14:20:12"}, {"id_message": 21730656946, "message": "\ud83d\ude0d \ud83d\ude0d \ud83d\ude0d", "date": "2021-03-20 14:20:52"}, {"id_message": 48262683230, "message": "\u2764 \ufe0f \ud83d\udc4f\ud83c\udffc", "date": "2021-05-20 20:46:43"}, {"id_message": 96222791369, "message": "Se te ve espl\u00e9ndida", "date": "2021-05-21 13:26:02"}, {"id_message": 9752666964, "message": "Gracias por la info !", "date": "2021-05-21 13:26:33"}, {"id_message": 86185718404, "message": "\ud83d\ude0d \ud83e\udd70 \ud83d\ude0d \ud83d\ude0d", "date": "2021-06-28 20:31:25"}]