[{"id_message": 62526051984, "message": "Es un dolor como cuando vas a la vendimia y te tiran los ri\u00f1ones .", "date": "2019-05-18 10:25:31"}, {"id_message": 92432691521, "message": "Jol\u00edn t\u00edo que guay ! ! Te juro que pensaba que eras el encargado de mantenimiento , limpiarlo y todo eso .", "date": "2019-05-19 14:04:42"}, {"id_message": 17597033764, "message": "Joder que suerte , yo quiero ser como tu .", "date": "2019-05-19 15:06:10"}, {"id_message": 8972732118, "message": "Claro es que es mas costoso mantenerlo , el alquiler de poderlo atracar , la limpieza ... Suma y sigue", "date": "2019-05-19 15:18:05"}, {"id_message": 46648177776, "message": "Hombre , fardar , fardas de cojones .", "date": "2019-05-19 15:18:47"}, {"id_message": 13417492074, "message": "De tu calva no mejor de otras cualidades .", "date": "2019-05-21 00:16:15"}, {"id_message": 22342612477, "message": "Hace que no voy a nadar , a\u00f1os ! ! !", "date": "2019-05-22 13:50:25"}, {"id_message": 83995179386, "message": "Lu ... Vente a mi casa y desayunamos juntos .", "date": "2019-05-23 00:45:25"}, {"id_message": 10623613902, "message": "Como lo haces , que textura tiene como un yogur normal ?", "date": "2019-05-23 00:57:14"}, {"id_message": 90279657542, "message": "Vente pero me tienes que ense\u00f1ar el rabo .", "date": "2019-05-23 00:58:57"}, {"id_message": 95321610490, "message": "Jol\u00edn te har\u00eda una cosa para bajar el bizcocho . M\u00e1s sabroso a\u00fan que el bizcocho .", "date": "2019-05-23 01:14:36"}, {"id_message": 1193195868, "message": "Bueno aqu\u00ed me tienes para hacer ejercicio anaerobico cuando quieras .", "date": "2019-05-23 01:15:57"}, {"id_message": 60218583698, "message": "Yo estoy a \u00faltimos y me mantengo a base de macarrones con bonito , arroz y huevos . Fin .", "date": "2019-05-23 11:30:34"}, {"id_message": 29810442657, "message": "Asta el viernes ajo y agua .", "date": "2019-05-23 11:31:06"}, {"id_message": 49621349997, "message": "Este me me comprado un sintetizador y un monitor y me quedado sin blanca .", "date": "2019-05-23 11:31:59"}, {"id_message": 739307907, "message": "La mantequilla de cacahuete del mercadona que tal es ?", "date": "2019-05-23 12:32:26"}, {"id_message": 50940284241, "message": "Y para que sirve , son hidratos o prote\u00edna ?", "date": "2019-05-23 12:32:58"}, {"id_message": 59560776527, "message": "Donde compro una buena ?", "date": "2019-05-23 12:33:41"}, {"id_message": 92586461134, "message": "Joder y cuanto cuerta ?", "date": "2019-05-23 12:34:26"}, {"id_message": 58985974941, "message": "Sii ? Ahora voy . A ver", "date": "2019-05-23 12:36:45"}, {"id_message": 76579257805, "message": "Batidora de mano , una turmix de toda la vida ?", "date": "2019-05-23 13:54:25"}, {"id_message": 84700714931, "message": "Bien dicho t\u00edo ole tus huevos .", "date": "2019-05-23 21:49:13"}, {"id_message": 2012287890, "message": "No me fijado pero creo que 30,40 como mucho .", "date": "2019-06-10 12:25:00"}, {"id_message": 9377893320, "message": "Y ese meneo de que es ?", "date": "2019-06-10 13:45:09"}, {"id_message": 49154248568, "message": "Ya nos lo has retregado por la cara que has ido a Disneyland . \ud83d\ude22 \ud83d\ude22", "date": "2019-06-10 14:49:08"}, {"id_message": 16735170106, "message": "Pon como mucho el parque de atracciones de Madrid .", "date": "2019-06-10 14:51:07"}, {"id_message": 33527976761, "message": "Estas rejuvenecido @USER . Te comia los huevos ahora mismo .", "date": "2019-06-11 14:46:52"}, {"id_message": 20750045997, "message": "No homo . O si , no se .", "date": "2019-06-11 14:49:05"}, {"id_message": 52667390514, "message": "Lu te como el culo .", "date": "2019-06-11 15:02:08"}, {"id_message": 2744820061, "message": "Hace 2 Semanas me hice da\u00f1o en la mu\u00f1eca , y la semana parada fui a urgencias porque no aguantaba el dolor , me pusieron 2 inyecciones y estado medio bien toda la semana . Ayer hice pecho y b\u00edceps y ahora me ha vuelto el dolor . Que hago voy otra vez al hospital o me tomo un paracetamol", "date": "2019-06-15 21:18:12"}, {"id_message": 61081401224, "message": "Buenos d\u00edas a todos .", "date": "2019-06-16 10:24:17"}, {"id_message": 96418744354, "message": "\ud83e\udd2e \ud83e\udd2e", "date": "2019-06-16 22:17:21"}, {"id_message": 82328940335, "message": "Joder tengo ganas de unas de esas . Cuanto ?", "date": "2019-06-17 16:24:14"}, {"id_message": 23821379668, "message": "Joder mucho , fuera de mis posibilidades . Si tienes algunas que no quieras en el n\u00famero 44 me las regalas . \ud83d\ude22 \ud83d\ude22", "date": "2019-06-17 16:25:54"}, {"id_message": 98093942402, "message": "Yo utilizo el 44 y siempre cojo mi n\u00famero , nunca he tenido problemas .", "date": "2019-06-19 10:19:26"}, {"id_message": 85820242280, "message": "Zapatillas de kalengi ! ! Comprando en decathlon un facha .", "date": "2019-06-19 21:52:29"}, {"id_message": 59538738691, "message": "Y yo pero un se\u00f1or espa\u00f1ol as\u00ed me imaginaba llevando zapatillas de marca espa\u00f1ola .", "date": "2019-06-19 21:54:09"}, {"id_message": 46451137341, "message": "L\u00edder de que ? De Madrid alomejor , pero de nada m\u00e1s .", "date": "2019-06-19 21:57:26"}, {"id_message": 38158576618, "message": "Joder tio estas mejor ahora .", "date": "2019-07-07 11:17:29"}, {"id_message": 76027274737, "message": "Te pasa como a mi , me ves con 25 a\u00f1os y te caes .", "date": "2019-07-07 11:17:54"}, {"id_message": 72145488731, "message": "Eso ya lo se yo ! ! ! Que mierda de resultados son esos ? Canadienses ten\u00edan que ser .", "date": "2019-07-12 10:51:36"}, {"id_message": 9779879483, "message": "Jol\u00edn que rico yo estoy sin comer desde las 10 .", "date": "2019-07-12 13:51:25"}, {"id_message": 56296063862, "message": "Sii , ando esperando a mi mujer que salga de trabajar . Ahora me como algo .", "date": "2019-07-12 13:54:56"}, {"id_message": 38915665245, "message": "No he tenido tiempo de hacer nada , me comer\u00e9 un bocata de jam\u00f3n", "date": "2019-07-12 13:55:30"}, {"id_message": 20026109291, "message": "JAJAJA que cabr\u00f3n . Tu que comes en volumen ?", "date": "2019-07-13 19:34:00"}, {"id_message": 66577263867, "message": "Tu que comes en volumen cabr\u00f3n . Jajaja", "date": "2019-07-13 19:34:30"}, {"id_message": 26195194826, "message": "Para cocida con bonito , una comida indispensable en volumen .", "date": "2019-07-13 19:35:11"}, {"id_message": 69490488069, "message": "Yo creo que es marketing , en vez de uno de prote\u00ednas te tomas 2 de los normales y listo .", "date": "2019-07-13 19:36:24"}, {"id_message": 55598708458, "message": "Soy pobre , pero tengo una polla como un tanque .", "date": "2019-07-13 19:42:54"}, {"id_message": 39321922174, "message": "A los del mercadona de sabores o los naturales que cuestan 55 y 70 c\u00e9ntimos respectivamente .", "date": "2019-07-13 19:44:18"}]