[{"id_message": 39473919286, "message": "es normal que baje el rendimiento y aumente el agotamiento hombre", "date": "2019-05-04 18:40:26"}, {"id_message": 43496382382, "message": "tambien hay veces q me muero de hambre jajajaja", "date": "2019-05-04 18:42:42"}, {"id_message": 70163828593, "message": "pero es lo que tiene , el que en un deficit no pase hambre ... poco deficit har\u00e1", "date": "2019-05-04 18:42:57"}, {"id_message": 78170540700, "message": "ya , pero tambien he ido probando", "date": "2019-05-04 20:01:14"}, {"id_message": 33750715900, "message": "Los batidos de prote\u00ednas se pueden beber con la leche calentita o me puedo ir la pata para abajo ?", "date": "2019-05-09 20:36:05"}, {"id_message": 10910966046, "message": "\ud83d\ude01 \ud83d\ude02", "date": "2019-05-09 20:36:13"}, {"id_message": 81661548664, "message": "No me molestan , es solo si sienta peor o algo .. m", "date": "2019-05-09 20:37:54"}, {"id_message": 15471886091, "message": "Con leche est\u00e1 muy top , te lo aconsejo ... Pero caliente no he probado", "date": "2019-05-09 20:41:53"}, {"id_message": 47477272238, "message": "Eso espero \ud83d\ude02", "date": "2019-05-09 20:42:51"}, {"id_message": 61385483889, "message": "Ves , a eso me refer\u00eda jajajaja", "date": "2019-05-09 21:08:05"}, {"id_message": 5588363277, "message": "Yo iba a calentar primero los polvos ... \ud83e\udd26\u200d\u2642 \ud83d\ude02 \ud83d\ude02 \ud83d\ude02", "date": "2019-05-09 21:08:21"}, {"id_message": 6142536213, "message": "Una cosa , cu\u00e1ndo est\u00e1is en definici\u00f3n o d\u00e9ficit , com\u00e9is carbos tipo a la hora de comer fideu\u00e1 , paella , arroces , pasta ... ! ? ? ?", "date": "2019-05-16 13:20:21"}, {"id_message": 73853229330, "message": "Para marcar abdominales , vamos \ud83d\ude02 \ud83d\ude02", "date": "2019-05-16 13:20:37"}, {"id_message": 27399273258, "message": "Eso q tiene q ver con comer carbos en definici\u00f3n ? \ud83d\ude02 \ud83d\ude02", "date": "2019-05-16 13:30:05"}, {"id_message": 73993287343, "message": "Ya hombre , pero me refiero a la dieta y tal", "date": "2019-05-16 13:32:49"}, {"id_message": 22516564171, "message": "Limpio a q te refieres , un plato de fideu\u00e1 de la abuela es limpio o no ? Jajajaja", "date": "2019-05-16 13:35:11"}, {"id_message": 14805583032, "message": "Estoy consumiendo unas 1700kcal al d\u00eda . 1 ' 70 , peso 64 y en un 18 % de grasa", "date": "2019-05-16 13:35:45"}, {"id_message": 65637371274, "message": "Demasiado localizada en la cadera", "date": "2019-05-16 13:35:55"}, {"id_message": 87971117987, "message": "Esa puta no se va", "date": "2019-05-16 13:36:00"}, {"id_message": 46116005675, "message": "Que tal son de nutrientes los botes de fabada , lentejas y tal de bote , tipo El Litoral y cosas asi", "date": "2019-05-20 13:19:20"}, {"id_message": 91466172994, "message": "Ya pero es m\u00e1s c\u00f3modo destapar y listo jajajaja", "date": "2019-05-20 13:35:14"}, {"id_message": 18271965711, "message": "Yo tambi\u00e9n y no aguanto m\u00e1s ... Jajajajajaja", "date": "2019-06-03 23:52:30"}, {"id_message": 38560782155, "message": "En nada q me paso subo peso , yo no lo entiendo", "date": "2019-06-03 23:52:45"}, {"id_message": 41991147744, "message": "Como menos q un pajarito jaja y voy a desistir del d\u00e9ficit ya", "date": "2019-06-03 23:54:21"}, {"id_message": 57580861981, "message": "Y como lo llevas ? Jajajaja yo perd\u00ed 6 kilos desde febrero y llevo dos semanas ingierendo unas 1800 , q tampoco te creas q es una barbaridad , y ya he cogido 1 kilo \ud83d\ude02 \ud83d\ude02", "date": "2019-06-04 07:30:11"}, {"id_message": 56842508716, "message": "Bf eso no es metabolismo , es una ruina \ud83d\ude02 \ud83d\ude02", "date": "2019-06-04 07:40:37"}, {"id_message": 19180715692, "message": "Descarga a que se refiere descarga ? 3-5- 7 dias sin hacer absolutamente nada o como ?", "date": "2019-06-10 21:17:09"}, {"id_message": 24914471132, "message": "La verdad q yo desde agosto no he parado m\u00e1s de 3 d\u00edas seguidos", "date": "2019-06-10 21:17:28"}, {"id_message": 14171606160, "message": "Y en esos 3 d\u00edas he estado bastante activo ... Caminando principalmente", "date": "2019-06-10 21:17:56"}, {"id_message": 60521135808, "message": "y cada cuanto sueles hacer la descarga ?", "date": "2019-06-10 22:20:35"}, {"id_message": 17201476124, "message": "si soy sincero se que es bueno pero me soy idiota y me da miedo por , primera si luego me cuesta reincorporarme , segunda por si gano grasa o pierdo musculo ... no se , me rayo demasiado jaja", "date": "2019-06-10 22:21:23"}, {"id_message": 93434481745, "message": "ya jajaja me da mas miedo el acomodarme y estar bastante tiempo sin volver", "date": "2019-06-10 22:23:19"}, {"id_message": 63996881774, "message": "Q pas\u00f3 pinches pendejos ! !", "date": "2019-06-12 14:06:23"}, {"id_message": 6881619910, "message": "Es que t\u00edo , es norma q se ponga as\u00ed ... Mira q entrar uno nuevo y no entregar una rutina , un plan nutricional , unas gu\u00edas de estiramientos y unos n\u00fameros de tel\u00e9fono de los mejores fisioterapeutas gratuitos ... esque es normal q no respeten", "date": "2019-06-12 14:07:57"}, {"id_message": 89506514219, "message": "Jajajajaja madre m\u00eda como entra la pe\u00f1a exigiendo", "date": "2019-06-12 14:08:12"}, {"id_message": 33286786195, "message": "El m\u00edo es luminoso porque es acristalado totalmente . Tiene aire acondicionado y calefacci\u00f3n y est\u00e1 pr\u00f3ximo a zonas verdes , comercios , hospital , universidad ...", "date": "2019-06-12 14:09:48"}, {"id_message": 36428374210, "message": "yo prefiero musculo por dia , ya que vas 5 dias , o pecho-triceps espalda-biceps piernas-hombro y vuelta a empezar ... no se tambien cuenta al adherencia que tengas y como te lleves con tu rutina", "date": "2019-06-15 22:31:07"}, {"id_message": 96304150365, "message": "yeep esa me mola mas", "date": "2019-06-15 22:48:11"}, {"id_message": 8803964538, "message": "yo hago lunes brazo martes pecho miercoles espalda jueves hombro y sabado pierna", "date": "2019-06-15 22:48:34"}, {"id_message": 82618513583, "message": "asi tengo el domingo para no poder menearme de las piernas XDD", "date": "2019-06-15 22:48:45"}, {"id_message": 98564516289, "message": "entre espalda y piernas , culo xD", "date": "2019-06-15 22:49:07"}, {"id_message": 30689722210, "message": "Ya ves , aburrido tambi\u00e9n te puedes drogar", "date": "2019-06-16 00:19:21"}, {"id_message": 20710028627, "message": "Yo el beber no es por kcal ni por nada de eso , una vez \" al a\u00f1o \" no hace da\u00f1o", "date": "2019-06-16 00:20:20"}, {"id_message": 20864850418, "message": "Lo que pasa q ya no me gusta , me he bebido hasta el agua de los floreros , eso s\u00ed", "date": "2019-06-16 00:20:49"}, {"id_message": 59180244742, "message": "No s\u00e9 , pero ha entrado mucha gente de golpe , no ?", "date": "2019-06-16 00:21:19"}, {"id_message": 57010175412, "message": "Est\u00e1n troleando pues ... \ud83d\ude02 \ud83d\ude02", "date": "2019-06-16 00:21:46"}, {"id_message": 50330087940, "message": "Puede q si , puede que no", "date": "2019-06-16 00:22:12"}, {"id_message": 77876727291, "message": "Igual entrenan m\u00e1s y peor y menos y mejor", "date": "2019-06-16 00:22:21"}, {"id_message": 98606551444, "message": "Wtf m\u00e1s trol q t\u00fa no hay aqu\u00ed \ud83d\ude02 \ud83d\ude02", "date": "2019-06-16 00:23:28"}, {"id_message": 51827216626, "message": "Mae m\u00eda , es verdad \ud83e\udd26\u200d\u2642 \ud83e\udd26\u200d\u2642", "date": "2019-06-16 00:37:02"}]