[{"id_message": 91160495312, "message": "Pesamos lo mismo casi y yo no me veo as\u00ed \ud83d\ude2d", "date": "2022-04-18 18:23:26"}, {"id_message": 333632761, "message": "Solo caes en diferentes conductas o solo lo controlas m\u00e1s", "date": "2022-04-18 19:41:06"}, {"id_message": 9814057806, "message": "Yo llevo 6 a\u00f1os m\u00e1s o menos", "date": "2022-04-18 19:44:54"}, {"id_message": 63596262608, "message": "Y tambi\u00e9n lo mismo", "date": "2022-04-18 19:44:58"}, {"id_message": 15980571625, "message": "Solo si comes mucho si", "date": "2022-04-18 21:21:51"}, {"id_message": 96160101549, "message": "Pues la mayor\u00eda de comida chatarra", "date": "2022-04-18 21:22:30"}, {"id_message": 27526726920, "message": "Pero solo es una , no ?", "date": "2022-04-18 21:23:15"}, {"id_message": 4613810499, "message": "Podr\u00edas pasarme la receta de ese curry vegano ? ?", "date": "2022-04-19 21:19:15"}, {"id_message": 16496494716, "message": "Oh ya lo compraste jaja", "date": "2022-04-19 21:19:26"}, {"id_message": 98159849352, "message": "Porque en un atrac\u00f3n no est\u00e1s pensando que comes", "date": "2022-04-24 02:02:37"}, {"id_message": 67174445077, "message": "A m\u00ed la gente me comenz\u00f3 a tratar diferente cuando adelgac\u00e9", "date": "2022-04-24 20:02:23"}, {"id_message": 73848051642, "message": "Y ahora me ruegan que coma", "date": "2022-04-24 20:02:35"}, {"id_message": 19997669292, "message": "Siento horrible muchas veces porque se que se preocupan", "date": "2022-04-24 20:02:46"}]