[{"id_message": 96510227073, "message": "\u00bf Qu\u00e9 suplementos recomiendan ?", "date": "2019-08-03 19:39:21"}, {"id_message": 32501259967, "message": "Tengo sobrepeso y para quemar esa grasa , posteriormente para aumentar masa muscular", "date": "2019-08-03 20:49:54"}, {"id_message": 52013851996, "message": "Si , ahorita solo me enfocare a quemar calor\u00edas", "date": "2019-08-03 20:57:40"}, {"id_message": 80547203597, "message": "Despu\u00e9s aumentaremos ejercicios de hipertrofia", "date": "2019-08-03 20:57:51"}, {"id_message": 44958675204, "message": "Y ya comenzar\u00edan los suplementos no da\u00f1inos en ese punto", "date": "2019-08-03 20:59:57"}, {"id_message": 4931208308, "message": "La yohimbina es un alcaloide indol derivado de la corteza del \u00e1rbol Pausinystalia johimbe en \u00c1frica central . Se utiliza principalmente como tratamiento para la disfunci\u00f3n er\u00e9ctil . Las marcas comerciales incluyen : Erex , Testomar , Yocon , Yohimar , Yohimbe . Es un estimulante con efectos afrodis\u00edacos e IMAO leves que act\u00faa principalmente como un antagonista de los receptores adren\u00e9rgicos \u03b12 . 2 \u200b Est\u00e1 disponible en algunos pa\u00edses bajo prescripci\u00f3n m\u00e9dica para el tratamiento de la xerostom\u00eda y disfunciones sexuales inducidas por inhibidores selectivos de la recaptaci\u00f3n de serotonina . La yohimbina produce un perfil similar al TDAH .", "date": "2019-08-03 21:12:30"}, {"id_message": 47122793567, "message": "son de un mes para el otro xD", "date": "2019-08-04 02:42:26"}, {"id_message": 42015467608, "message": "y lo graficas en excel", "date": "2019-08-04 02:46:47"}, {"id_message": 78605338631, "message": "na , es con una bascula del walmart y una cinta metrica", "date": "2019-08-04 03:31:34"}, {"id_message": 48722469435, "message": "pues compralo por internet", "date": "2019-08-04 03:33:32"}, {"id_message": 92034147389, "message": "aun que si es posible .", "date": "2019-08-04 03:36:59"}]