[{"id_message": 92605962697, "message": "Porqu\u00e9 no haces t\u00fa de Pilarica Liz ?", "date": "2019-06-14 00:07:15"}, {"id_message": 6492636107, "message": "Liz me afeito ahora o ma\u00f1ana ?", "date": "2019-06-14 00:07:44"}, {"id_message": 40056185764, "message": "No funciona muy bien el bot Liz", "date": "2019-06-14 00:08:44"}, {"id_message": 96078261505, "message": "Por la proa o por la popa Liz ?", "date": "2019-06-14 00:09:59"}, {"id_message": 86461866752, "message": "Va que me est\u00e1n esperando", "date": "2019-06-14 00:10:44"}, {"id_message": 19363588267, "message": "Ok cojo el de ph7", "date": "2019-06-14 00:11:48"}, {"id_message": 95919969005, "message": "Gracias Liz , te lo dedico", "date": "2019-06-14 00:12:19"}, {"id_message": 43393063744, "message": "C\u00f3mo entrenabas en el minicut ? Igual ?", "date": "2019-06-14 15:50:30"}, {"id_message": 27764528751, "message": "Hubo p\u00e9rdidas de masa muscular ?", "date": "2019-06-14 15:50:55"}, {"id_message": 59592864966, "message": "Porque llevo desde el d\u00eda uno haci\u00e9ndolo y noto cambios raros , el peso va bajando obviamente", "date": "2019-06-14 15:51:35"}, {"id_message": 98771040678, "message": "Estoy pasando un hambre bestial", "date": "2019-06-14 16:17:14"}, {"id_message": 11177613163, "message": "A 2400 al d\u00eda estoy y dos d\u00edas de 3100", "date": "2019-06-14 16:17:26"}, {"id_message": 49291167996, "message": "Y lo peor es pensar que est\u00e1s dandolo todo y puedes perder m\u00fasculo", "date": "2019-06-14 16:23:11"}, {"id_message": 37717999485, "message": "Este es mi mini cut desde el uno de junio", "date": "2019-06-14 22:16:10"}, {"id_message": 80909976499, "message": "Con una media de 2400 al d\u00eda pierdo peso como toca , pasito a pasito", "date": "2019-06-14 22:17:28"}, {"id_message": 97075317436, "message": "Y Romeo Santos es un problema de salud p\u00fablica", "date": "2019-06-17 21:17:58"}, {"id_message": 29378950132, "message": "Buenos d\u00edas y feliz viernes", "date": "2019-06-21 08:40:08"}, {"id_message": 40543021907, "message": "Ayer en el grappling me dio una rampa en el gemelo y a\u00fan no se me ha ido , estoy cojo . Sab\u00e9is cu\u00e1nto dura ? Es mi primera vez", "date": "2019-06-21 08:40:41"}, {"id_message": 24232689544, "message": "Gracias Andr\u00e9s , me estaba preocupando . Voy haciendo estiramientos y automasaje", "date": "2019-06-21 09:12:23"}, {"id_message": 12270093002, "message": "Gracias t\u00edo , te comento porque no entiendo tanto t\u00e9rmino . No tengo ninguna hinchaz\u00f3n ni morat\u00f3n aparente . Es como un dolor interno en el gemelo . No puedo caminar , y duele bastante si lo estiro", "date": "2019-06-21 12:13:05"}, {"id_message": 15376531880, "message": "Buenos d\u00edas , @USER como est\u00e1s ? Finalmente lo m\u00edo del gastronemio es una peque\u00f1a rotura .", "date": "2019-06-25 09:33:35"}, {"id_message": 54400219302, "message": "Estuve con muletas el finde y hoy ya voy andando con cuidado", "date": "2019-06-25 09:36:11"}, {"id_message": 4239141242, "message": "Esta tarde grappling suave", "date": "2019-06-25 09:36:21"}, {"id_message": 16910536985, "message": "Joder yo tengo unas ganas de hacer pierna .. hoy antes del grappling voy a probar con unas sentadillas y extensiones , a ver si me afecta o no al gemelo que est\u00e1 roto", "date": "2019-06-27 09:06:26"}, {"id_message": 54400706265, "message": "Voy con much\u00edsimo cuidado , y en lugar de trabajar de pie paso directamente al posicionamiento sobre la guardia", "date": "2019-06-27 09:35:28"}, {"id_message": 68630318777, "message": "Antes me hago un Bart Simpson", "date": "2019-06-28 08:48:23"}, {"id_message": 93677889146, "message": "Buenos y salvajes d\u00edas", "date": "2019-07-20 09:52:49"}, {"id_message": 43052676419, "message": "Gracias Kaske , la verdad es que aun teniendo un poco m\u00e1s de grasa que el verano pasado me encuentro m\u00e1s fuerte", "date": "2019-07-20 10:33:17"}, {"id_message": 73244818007, "message": "Ahora a tostarlo a la playa", "date": "2019-07-20 14:42:05"}, {"id_message": 7315549860, "message": "Premio , pase a recoger su regalo", "date": "2019-07-24 10:17:31"}, {"id_message": 82413517655, "message": "Lo que no entiendo es para qu\u00e9 friegas con lo que nos gusta guarrear", "date": "2019-07-24 10:35:41"}, {"id_message": 69469856299, "message": "Y yo , todo natural pero de farmacia", "date": "2019-07-24 10:39:31"}, {"id_message": 63259177948, "message": "A m\u00ed me suena estupendamente sexy", "date": "2019-07-24 11:33:34"}, {"id_message": 14413978820, "message": "Nunca me han besado", "date": "2019-07-24 14:13:45"}, {"id_message": 51237241620, "message": "Tengo pinta de tener los mismos gustos que t\u00fa ?", "date": "2019-07-24 14:35:16"}, {"id_message": 34499070123, "message": "Uno m\u00e1s para la saca", "date": "2019-07-24 14:41:47"}, {"id_message": 54271122646, "message": "Este te pone como una moto", "date": "2019-07-26 12:37:33"}, {"id_message": 92161830698, "message": "Esta igual \ud83d\ude02", "date": "2019-07-29 18:03:45"}, {"id_message": 63980888930, "message": "No me gusta tener m\u00e1s tetas que mis chicas", "date": "2019-08-01 13:36:35"}, {"id_message": 89331498206, "message": "No me ayuda nadie , voy al fallo", "date": "2019-08-01 13:37:46"}, {"id_message": 98791391769, "message": "A ver para no rayarte ni perder el tiempo contando calor\u00edas", "date": "2019-08-02 10:32:57"}, {"id_message": 70560295290, "message": "Imagina un reloj que marca las doce y media", "date": "2019-08-02 10:33:12"}, {"id_message": 21538560733, "message": "Si quieres definir pasa las verduras a la parte grande del reloj", "date": "2019-08-02 10:34:19"}, {"id_message": 11096275535, "message": "Quedando cuatro cuartos del plato ser\u00edan : vegetales , hidratos complejos , protes y grasas", "date": "2019-08-02 10:35:18"}, {"id_message": 33330437182, "message": "Mira @USER t\u00fa que entiendes", "date": "2019-08-02 11:10:39"}, {"id_message": 54828159618, "message": "M\u00e1s seco que un bocata de pipas", "date": "2019-08-02 11:10:50"}, {"id_message": 50606705143, "message": "No lleva filtro cabron", "date": "2019-08-02 11:12:48"}, {"id_message": 79599574771, "message": "Las hace autom\u00e1ticamente el Xiaomi", "date": "2019-08-02 11:13:34"}, {"id_message": 94402649011, "message": "Me gustar\u00eda m\u00e1s triunfar en China con las mma", "date": "2019-08-02 11:15:52"}, {"id_message": 99526580229, "message": "All\u00ed ser\u00e9 una estrella", "date": "2019-08-02 11:15:59"}]