[{"id_message": 28869778385, "message": "Holaa ! \ud83e\udd0d Ana 46 kg 40 kg 21 a\u00f1os reci\u00e9n cumplidos \u2764 \ufe0f\u200d\ud83e\ude79", "date": "2022-04-15 06:25:26"}, {"id_message": 3442259425, "message": "Necesito tips para la ansiedad de carbs , no me valen los chicles ni nada de eso \u2026", "date": "2022-04-15 06:28:49"}, {"id_message": 91585733303, "message": "Holaa ! \ud83e\udd0d Ana 46 kg - 1,70 cm 40 kg m\u00ednimo 21 a\u00f1os reci\u00e9n cumplidos \u2764 \ufe0f\u200d\ud83e\ude79", "date": "2022-04-15 06:29:35"}, {"id_message": 25044105634, "message": "Pero que es lo que quieres ?", "date": "2022-04-15 06:50:04"}, {"id_message": 85763088097, "message": "Que no te salga el azucar alto o o que no te salga bajo ?", "date": "2022-04-15 06:50:33"}, {"id_message": 38625301489, "message": "Nah no te preocupes , los analisis siempre suelen salir bien el cuerpo tarda en reaccionar en las analiticas", "date": "2022-04-15 06:52:08"}, {"id_message": 98601445526, "message": "Y si has cenado sp", "date": "2022-04-15 06:52:30"}, {"id_message": 30220683427, "message": "De verdad , aun en ayuno a mi me sal\u00eda en valores normales", "date": "2022-04-15 06:53:17"}, {"id_message": 32565511255, "message": "Ya ver\u00e1s , a mi mi medico me decia que estaba perfecte por los analisis y me ingresaron al dia siguiente grave asiq ntr", "date": "2022-04-15 06:54:15"}, {"id_message": 15005116321, "message": "De verdad que luego se lo explicaron los medicos a mis padres que siempre suelen salir bien", "date": "2022-04-15 06:54:47"}, {"id_message": 51319165484, "message": "Tardan mucho en dar resultados muy negativos", "date": "2022-04-15 06:55:06"}, {"id_message": 754807419, "message": "Lo unico si estas en bajo peso te saldra el colesterol alto ( ya , es raro pero no te rayes que es normal )", "date": "2022-04-15 06:55:33"}, {"id_message": 62645912636, "message": "Chiques que desayun\u00e1is vegano en dias de no ayuno ?", "date": "2022-04-16 09:44:45"}, {"id_message": 8029024127, "message": "Youtube ni de co\u00f1a pasa el filtro", "date": "2022-04-17 21:20:05"}, {"id_message": 1676069158, "message": "Cuanto tiempo llevas con ana ?", "date": "2022-04-17 21:20:39"}, {"id_message": 7646767529, "message": "A mi ya de 45 me cuesta \ud83e\udd72 cada vez mas", "date": "2022-04-17 21:53:33"}, {"id_message": 54994807924, "message": "Mucha mucha agua , y si no has ido al ba\u00f1o tambien puefe causar eso \u2026 recuerda que 7000kcal son 1kg , asique la retenci\u00f3n de l\u00edquidos enpezando bebiendo mucha agua e ir eliminando poco a poco los carbs ( poco a poco para evitar otro atrac\u00f3n ) y sustituirlos por otros", "date": "2022-04-17 22:48:35"}, {"id_message": 75909378976, "message": "Yo esque no puedo comer nada que no sea hecho por mi y con ingredientes naturales y cuanto menos ingredientes mejor", "date": "2022-04-19 21:21:00"}, {"id_message": 72980560977, "message": "Y ni de co\u00f1a algo de un super \u2026 pero que ya sabes que cada cabeza es un mundo", "date": "2022-04-19 21:21:34"}, {"id_message": 29282079977, "message": "Vas a querer mas", "date": "2022-04-19 21:22:22"}, {"id_message": 34363762893, "message": "La cosa es si vas a comer te los vas a comer", "date": "2022-04-19 21:22:35"}, {"id_message": 72956560415, "message": "Pero si tienes mucha andiedad te los vas a comer y puefe acabar en atracon", "date": "2022-04-19 21:22:58"}, {"id_message": 31796632604, "message": "Asique si la ansiedad es + 7", "date": "2022-04-19 21:23:16"}, {"id_message": 22425508488, "message": "Si la ansiedad es mucha lo mejor es comerlos", "date": "2022-04-19 21:23:31"}, {"id_message": 2793428916, "message": "Si pero en tu cabeza va a seguir eso", "date": "2022-04-19 21:23:40"}, {"id_message": 99967666687, "message": "A gente igual o mas enferma que tu", "date": "2022-04-21 22:27:00"}, {"id_message": 85532877352, "message": "A mi parece una gilipollez", "date": "2022-04-21 22:28:48"}, {"id_message": 40273003266, "message": "Que vais a decir", "date": "2022-04-21 22:28:58"}, {"id_message": 87570904051, "message": "Pero los biberones me han salvado \ud83d\ude02 \ud83d\ude02", "date": "2022-04-21 22:29:13"}, {"id_message": 70870090404, "message": "Desayuno y cena , y evito ansiedad", "date": "2022-04-21 22:35:22"}, {"id_message": 87603898993, "message": "3 cucharadas , lo necesario para un bebe de 6 meses", "date": "2022-04-21 22:36:55"}, {"id_message": 33770933452, "message": "Y alguna vez le a\u00f1ado polvos de proteina ocasionalmente", "date": "2022-04-21 22:37:22"}, {"id_message": 43280143610, "message": "Pero tienen sabor a esos alimentos", "date": "2022-04-21 22:59:44"}, {"id_message": 44317316251, "message": "Que hay que intentar evitar al paladar", "date": "2022-04-21 22:59:51"}, {"id_message": 21194486718, "message": "Y asi ya no no los pedira", "date": "2022-04-21 23:00:04"}, {"id_message": 50412825732, "message": "Yo he bebido sin comer", "date": "2022-04-22 09:58:04"}, {"id_message": 25814130858, "message": "O con una manzana", "date": "2022-04-22 09:58:10"}, {"id_message": 38427388042, "message": "Ya y a mi", "date": "2022-04-22 09:58:19"}, {"id_message": 2964020160, "message": "Yo con una cerveza voy to piripi", "date": "2022-04-22 09:58:30"}, {"id_message": 15036486989, "message": "Enserio te preocupad por el higado ? Jajajaja", "date": "2022-04-22 09:58:52"}, {"id_message": 28376783298, "message": "Y no sufre tu corazon y tus musculos y tu cerebro con el tca ? \ud83d\ude02", "date": "2022-04-22 09:59:15"}, {"id_message": 62178762778, "message": "Creo que es peor el tca que una copa", "date": "2022-04-22 09:59:24"}, {"id_message": 19817008578, "message": "Sinceramente \ud83d\ude02 ( con amor eh \ud83e\udd0d )", "date": "2022-04-22 09:59:33"}, {"id_message": 37396436190, "message": "La comida caliente , sacia mas", "date": "2022-04-23 22:14:51"}, {"id_message": 12782360478, "message": "Necesito que me ayudeis , todo con ana me ha llevado a problemas familiares y ellos no lo entienden y hablan a mis espaldas . Me duele algo ? Es por que estoy muy delgada . Estoy cansada ? Ana . Me agobio ? Ana . Me duele la espalda ? Ana , y ya no se que hacer , todo son cuchicheos y gritos e insultos \u2026 estoy muy cansade de ellos \u2026 no quiero que me traten asi", "date": "2022-04-23 22:16:41"}, {"id_message": 50093665503, "message": "Que si soy una victima , una ni\u00f1ata , que siempre estoy sola", "date": "2022-04-23 22:17:09"}, {"id_message": 2296781083, "message": "Y me hace sentir muy mal", "date": "2022-04-23 22:17:14"}, {"id_message": 93779754531, "message": "Pero parece que lo pasan peor ellos", "date": "2022-04-23 22:18:21"}, {"id_message": 67706159182, "message": "Y yo no quiero que me insulten", "date": "2022-04-23 22:18:26"}, {"id_message": 19223869226, "message": "Te digo lo mismo porfa pide ayuda externa profesional", "date": "2022-04-24 16:09:35"}]