[{"id_message": 77212630608, "message": "La fotopolla ah\u00ed a lo aleatoria", "date": "2018-07-11 12:05:13"}, {"id_message": 5178740163, "message": "Ruleta rusa de pene", "date": "2018-07-11 12:05:18"}, {"id_message": 77854740715, "message": "Es todo un complot", "date": "2018-07-11 12:06:29"}, {"id_message": 82465182452, "message": "Lo que pasa que es hipertenso", "date": "2018-07-11 12:06:36"}, {"id_message": 32757898729, "message": "Yo soy un romantico", "date": "2018-07-11 12:11:04"}, {"id_message": 4766140527, "message": "Lo mismo regalo una rosa que una palmera de choco", "date": "2018-07-11 12:11:58"}, {"id_message": 68257523316, "message": "A mi con esto me da una embolia", "date": "2018-07-11 12:13:00"}, {"id_message": 49659421880, "message": "A mi no me metas", "date": "2018-07-11 12:13:43"}, {"id_message": 55818705368, "message": "Con silenciarlo ya esta", "date": "2018-07-12 11:49:46"}, {"id_message": 72822937538, "message": "Jajajajajaja deja la testo", "date": "2018-07-12 23:59:16"}, {"id_message": 36585209250, "message": "El pecho esque cuando haces deporte y dieta", "date": "2018-07-13 00:20:55"}, {"id_message": 46191609508, "message": "A pues yo si lo hago eso , no llena , pero sueltas el veneno", "date": "2018-07-13 02:07:33"}, {"id_message": 42121926521, "message": "\ud83d\ude02 \ud83d\ude02 \ud83d\ude02 \ud83d\ude02 \ud83d\ude02 \ud83d\ude02 \ud83d\ude02 \ud83d\ude02", "date": "2018-07-13 11:10:49"}, {"id_message": 3633310087, "message": "El quad es la forma que tiene el mundo del autom\u00f3vil de identificar al tonto del pueblo", "date": "2018-07-13 17:54:32"}, {"id_message": 11636127452, "message": "Tu te escapas porque eres adorable", "date": "2018-07-13 18:02:37"}, {"id_message": 35544108894, "message": "Jejejeje camino del olympia", "date": "2018-07-13 23:05:54"}, {"id_message": 35386114878, "message": "A mi no me ech\u00e9is ! ! !", "date": "2018-07-14 11:21:33"}, {"id_message": 1403471432, "message": "Esque se lleva diferente", "date": "2018-07-14 13:18:43"}, {"id_message": 22838243453, "message": "Eso es lo mejor , yo se la pongo a los perros", "date": "2018-07-14 13:53:01"}, {"id_message": 40202170287, "message": "Ahora en casa ya", "date": "2018-07-18 12:01:52"}, {"id_message": 43842904751, "message": "Y te doler\u00e1n igual", "date": "2018-07-18 18:05:08"}, {"id_message": 61256749437, "message": "Pero estaras m\u00e1s fuerte", "date": "2018-07-18 18:05:14"}, {"id_message": 15386714378, "message": "Luego cuando est\u00e9s fuerte", "date": "2018-07-18 18:29:38"}, {"id_message": 10598855660, "message": "Debes probar el blanqueamiento", "date": "2018-07-18 18:29:46"}, {"id_message": 84955610200, "message": "Arreglando me una u\u0148a", "date": "2018-07-19 14:03:40"}, {"id_message": 8448427538, "message": "Ser artificial \ud83d\ude02", "date": "2018-07-19 14:19:54"}, {"id_message": 11472208824, "message": "Pero no enfoques el suelo", "date": "2018-07-19 15:36:29"}, {"id_message": 36089668972, "message": "Esta claro que no \ud83d\ude02", "date": "2018-07-19 15:41:41"}, {"id_message": 76427326300, "message": "Vivan los gordos ! ! Que me dan de comer", "date": "2018-07-21 10:39:38"}, {"id_message": 55574742457, "message": "Yo soy un flaco", "date": "2018-07-21 10:39:42"}, {"id_message": 63305244642, "message": "Me comprao una bici", "date": "2018-07-21 14:24:46"}, {"id_message": 71519207868, "message": "Se la he comprao al due\u0148o de la nave donde compro el pienso de los perros", "date": "2018-07-21 14:32:25"}, {"id_message": 38093883932, "message": "Es de 29 \" y el t\u00edo mide 1 ' 50", "date": "2018-07-21 14:32:41"}, {"id_message": 22193647589, "message": "Me dice ... Tiene una semana y veo que me va chica", "date": "2018-07-21 14:33:00"}, {"id_message": 5086197830, "message": "Le digo , cuando te has dao cuenta cuando no llegabas a los pedales no ? Jajajaja", "date": "2018-07-21 14:33:21"}, {"id_message": 11744686909, "message": "Jajajajajaja se la he comprao al de la tienda de animales", "date": "2018-07-21 23:16:48"}, {"id_message": 57659967776, "message": "Todav\u00eda no la tengo", "date": "2018-07-21 23:16:52"}, {"id_message": 88864619559, "message": "Entonces no me la da", "date": "2018-07-21 23:17:46"}, {"id_message": 77355762199, "message": "Jajajajaja yo no soy malote \ud83d\ude02", "date": "2018-07-21 23:17:56"}, {"id_message": 15988679220, "message": "No claro , el t\u00edo no tiene una nave de regalar bicis \ud83d\ude02 \ud83d\ude02", "date": "2018-07-21 23:18:28"}, {"id_message": 17601611445, "message": "Lo mejor esque esta nueva", "date": "2018-07-21 23:18:47"}, {"id_message": 43354146683, "message": "Y creo que me metera a currar alli", "date": "2018-07-21 23:19:08"}, {"id_message": 59115873060, "message": "Bueno hoy tambi\u00e9n a un primo mio lo ha pillao una furgoneta", "date": "2018-07-22 00:29:25"}, {"id_message": 26148912319, "message": "U a cosa por la otra", "date": "2018-07-22 00:29:32"}, {"id_message": 76614284980, "message": "Te ense\u0148an una pistola y te meas encima jajajajajsjs", "date": "2018-07-30 12:53:34"}, {"id_message": 15749645645, "message": "Bien ! ! En casa ya", "date": "2018-07-30 12:55:49"}, {"id_message": 25281432824, "message": "Que en cuanto me siente me duermo", "date": "2018-07-30 12:56:17"}, {"id_message": 56464790993, "message": "A las 3 , : 30 en pie", "date": "2018-07-30 12:57:10"}, {"id_message": 47977968888, "message": "Yo creo ye ah\u00ed esta la clave , bebe m\u00e1s a menudo", "date": "2018-08-14 13:25:34"}, {"id_message": 20353163472, "message": "Mi plan hace aguas", "date": "2018-08-14 13:27:10"}]