[{"id_message": 73430485080, "message": "Hola soy nuevo por aqui \ud83d\udc4b \ud83d\udc4b", "date": "2018-12-31 15:41:50"}, {"id_message": 35984113470, "message": "Gracias igualmente feliz a\u00f1o para todos", "date": "2018-12-31 15:42:25"}, {"id_message": 10608797212, "message": "Gracias a todos por darme la bienvenida ! !", "date": "2018-12-31 15:43:28"}, {"id_message": 85418123171, "message": "Quiero iniciarme en este mundillo ya que no tengo mucha idea ... y necesito colegas que me echen una mano", "date": "2018-12-31 15:45:20"}, {"id_message": 66892102283, "message": "Lo.llevo pensando ya hace tiempo", "date": "2018-12-31 15:46:11"}, {"id_message": 10899873502, "message": "Yo stoy de baja por el codo ... tendinitis", "date": "2018-12-31 15:48:55"}, {"id_message": 17462911583, "message": "Estoy muy verde nano ... que es eso ?", "date": "2018-12-31 15:50:02"}, {"id_message": 91983906326, "message": "Ahhh .. ok ... ya te digo que estoy muy verde", "date": "2018-12-31 15:50:57"}, {"id_message": 11612465451, "message": "Puedes hablar en privado ?", "date": "2018-12-31 15:51:14"}, {"id_message": 49581319092, "message": "Pues eso .. yo stoy fuerte pero quiero ponerme como un toro pero no tengo ni pajotera idea de suplementaci\u00f3n deportiva y dem\u00e1s ... necesito asesoramiento", "date": "2018-12-31 15:52:57"}, {"id_message": 46967362480, "message": "Si entreno ... pero todo en casa .. tengo mi propio gym en casa", "date": "2018-12-31 15:56:05"}, {"id_message": 49578670187, "message": "Ok ... ahora ya s\u00e9 que por aqu\u00ed hay pe\u00f1a coherente ... me voy conectando cuando pueda y procurar\u00e9 ir aprendiendo de todos vosotros", "date": "2018-12-31 15:57:59"}, {"id_message": 1827905059, "message": "Muchas gracias .. ir\u00e9 entrando poco a poco por aqu\u00ed y aprendiendo", "date": "2018-12-31 15:59:08"}, {"id_message": 35632705830, "message": "Si suelto alguna chorrada me corregis ... que yo.no.tengo ni idea de este mundo", "date": "2018-12-31 16:00:20"}, {"id_message": 66069139537, "message": "\ud83d\udc4b", "date": "2018-12-31 16:05:33"}]