[{"id_message": 14444054855, "message": "Se provocan el vomito o no comen directamente ?", "date": "2022-02-15 15:42:29"}, {"id_message": 77192809001, "message": "Dejen de hacer maltrato psic\u00f3logico", "date": "2022-02-15 15:44:15"}, {"id_message": 93217160288, "message": "Al decirse cerda tengan sororidad parece psicopatico como se tratan .", "date": "2022-02-15 15:44:46"}, {"id_message": 80735618052, "message": "Para complacer un sistema machista y burgues de apariencia hegemonica chicas es un trastorno", "date": "2022-02-15 15:45:36"}, {"id_message": 19880403420, "message": "Hay q buscar ayuda y no normalizar eso .", "date": "2022-02-15 15:46:05"}, {"id_message": 83568507889, "message": "Eso es peligroso en una persona sin nutricionista por dios ...", "date": "2022-02-15 15:48:07"}, {"id_message": 77478402176, "message": "Te vas a morir si seguis asi disculpa .", "date": "2022-02-15 15:53:04"}, {"id_message": 77870354482, "message": "Ok no hace falta sean altaneras", "date": "2022-02-15 17:24:57"}, {"id_message": 72234790946, "message": "Y respondes lo q te conviene x lo visto .", "date": "2022-02-15 17:25:18"}, {"id_message": 21540135163, "message": "Toman modelos de mujeres asiaticas", "date": "2022-02-15 17:25:39"}, {"id_message": 74567855259, "message": "Q las someten a ese cuerpo por dios .", "date": "2022-02-15 17:25:50"}, {"id_message": 57230350038, "message": "Yo te trate bien", "date": "2022-02-15 17:26:55"}, {"id_message": 42555907090, "message": "Yo no te hable con malas palabras", "date": "2022-02-15 18:56:09"}, {"id_message": 86051191049, "message": "Donde insulte uds insultan ni merito intelectual o cientifico", "date": "2022-02-15 18:56:28"}, {"id_message": 33817622913, "message": "Q bien desactivan audio xq no tienen argumentos", "date": "2022-02-15 19:00:03"}, {"id_message": 28501047257, "message": "Triste lo suyo ... y obvio no dejaria a mis sobrinas se le acerquen psic\u00f3patas q avalan esto y se obligan a morir x una estetica lo normalizan", "date": "2022-02-15 19:00:53"}, {"id_message": 77910230955, "message": "Y lo peor justifican maltratos .", "date": "2022-02-15 19:01:01"}, {"id_message": 62685170516, "message": "No existe ese complejo", "date": "2022-02-15 19:15:17"}, {"id_message": 19493301489, "message": "Y esta bien yo no las insulte y reitero", "date": "2022-02-15 19:18:06"}, {"id_message": 25170002586, "message": "Me disculpo mi pregunta", "date": "2022-02-15 19:18:15"}, {"id_message": 54762243729, "message": "Es nomas sin ofender y con respeto uds", "date": "2022-02-15 19:18:37"}, {"id_message": 85823606617, "message": "Consideran q ser ana y mia es normal ? ? .", "date": "2022-02-15 19:18:52"}, {"id_message": 72834641549, "message": "Y q regurgitar sea sano ?", "date": "2022-02-15 19:19:04"}, {"id_message": 1614438214, "message": "Solo pregunto o como se apoyan ? ? .", "date": "2022-02-15 19:19:16"}, {"id_message": 49441748318, "message": "Solo pregunto y con respeto .", "date": "2022-02-15 19:19:26"}, {"id_message": 64102709591, "message": "Es un invento de la pseudo", "date": "2022-02-15 19:20:07"}, {"id_message": 92890759822, "message": "Yo no me considero narcisista solo pregunte .", "date": "2022-02-15 19:20:32"}, {"id_message": 88576062522, "message": "Y no respondes xq consideras q ser enfermo y delgado y destruir tu vida es normal .", "date": "2022-02-15 19:21:28"}, {"id_message": 43096729892, "message": "Es real q se mueren", "date": "2022-02-15 19:22:20"}, {"id_message": 80794601767, "message": "Incitan a la muerte", "date": "2022-02-15 19:22:29"}, {"id_message": 7527060748, "message": "Sino lo hacen sano .", "date": "2022-02-15 19:22:52"}]