[{"id_message": 68524309394, "message": "Este es el grupo oficial ?", "date": "2021-12-20 22:14:30"}, {"id_message": 87427547286, "message": "Me pasas el original ?", "date": "2021-12-20 22:41:39"}, {"id_message": 93804653287, "message": "Yo estaba antes pero me sali", "date": "2021-12-20 22:41:49"}, {"id_message": 46829681945, "message": "Alguna sabe como puedo bajar las medidas de mi brazo \ud83d\ude2d", "date": "2021-12-21 18:05:00"}, {"id_message": 71931863902, "message": "Y de verdad lo veo muy grande", "date": "2021-12-21 18:06:36"}, {"id_message": 63917721437, "message": "Tomar prote\u00edna de soya esta bien ?", "date": "2021-12-23 23:30:01"}, {"id_message": 67187131322, "message": "Tome un batido de banano , prote\u00edna de soya y naranja", "date": "2021-12-24 01:54:18"}, {"id_message": 99991584667, "message": "Todo es bien verdad", "date": "2021-12-24 01:54:23"}, {"id_message": 24906558456, "message": "Saben si la mojarra tiene muchas calor\u00edas ?", "date": "2021-12-26 20:58:23"}, {"id_message": 24721528985, "message": "Crees que es mejor frita o al horno ?", "date": "2021-12-26 21:24:23"}, {"id_message": 5053206888, "message": "Tipo dicen que las dos tienen las mismas calorias , pero no se cual es mala", "date": "2021-12-26 21:24:54"}, {"id_message": 26273293710, "message": "Es normal empezar a tener dismorfia corporal", "date": "2021-12-28 22:04:24"}, {"id_message": 72396823845, "message": "Eso es un efecto de ana verdad", "date": "2021-12-28 22:04:33"}, {"id_message": 25824831540, "message": "Rulo eres la admin de ana y mia tips ?", "date": "2021-12-31 23:19:25"}, {"id_message": 24197484389, "message": "Creem que ir a un sauna ayude en algo ?", "date": "2022-04-15 05:16:07"}, {"id_message": 17445381592, "message": "Lo que me ayudo a mi a tener disciplina fue una carrera de kilos , la tabla de rulo me ayudo bastante ya que cada fin de semana se la pasaba y me serv\u00eda ver como cumpl\u00eda con llevar bien esa tabla", "date": "2022-04-16 03:56:09"}, {"id_message": 13218245443, "message": "Suena muy competitivo , pero te da satisfacci\u00f3n ver como logras cumplir cada dia esas peque\u00f1as cositas por bajar junto con otras personas", "date": "2022-04-16 04:04:04"}, {"id_message": 61799188105, "message": "Esra semana he estado super juiciosa", "date": "2022-04-16 16:21:10"}, {"id_message": 80956266911, "message": "Desde hace mucho estaba en un siglo de atracones pero esta semana apesar de estar fuera de mi casa he echo ejercicio y lo bueno es que me gusta", "date": "2022-04-16 16:22:25"}, {"id_message": 97766418062, "message": "Aparte de que q pesar de estar con mi familia he comido poco y sin restringirme nada lo que me a quitado la ansiedad por comer", "date": "2022-04-16 16:23:01"}, {"id_message": 33184041331, "message": "Si se me cae bastante", "date": "2022-04-16 19:24:57"}, {"id_message": 57906847521, "message": "Son mejores las infusiones o el te ?", "date": "2022-04-21 02:03:36"}, {"id_message": 4007152373, "message": "Siempre que tengo atracones mis muslos se vuelven a juntar", "date": "2022-04-21 19:55:52"}, {"id_message": 4915521098, "message": "Es lo que mas me cuesta bajar", "date": "2022-04-21 19:56:05"}, {"id_message": 38327519336, "message": "Y eso que \u00faltimamente he tenido bastante atracones", "date": "2022-04-21 19:58:10"}, {"id_message": 76984573317, "message": "Aparte de la dismorfia me tiene bastante mal", "date": "2022-04-21 19:59:20"}, {"id_message": 58442440573, "message": "Normalmente se controlar el hambre solo que \u00faltimamente no se que me pasa", "date": "2022-04-21 19:59:48"}, {"id_message": 42543027005, "message": "Ayuda , no puedo dormir", "date": "2022-04-25 05:18:27"}, {"id_message": 24430481456, "message": "Me hice ex\u00e1menes del es\u00f3fago", "date": "2022-04-28 03:24:28"}, {"id_message": 57336910976, "message": "Y lo tengo super mal", "date": "2022-04-28 03:24:33"}, {"id_message": 24167205039, "message": "Yo voy con una", "date": "2022-04-28 03:25:07"}, {"id_message": 4754235001, "message": "Apesar de que hace menciones de comida , siempre le doy respuestas normales como lo que supuestamente me gusta y es rico", "date": "2022-04-28 03:26:09"}, {"id_message": 8180610427, "message": "De echo un dia le dije que me esforzaba y ella me pregunt\u00f3 por comer ? Y yo en mi estaba tipo al contrario me esfuerzo por no comer", "date": "2022-04-28 03:27:01"}, {"id_message": 92308003090, "message": "Pero la evadi dici\u00e9ndole en las otras cosas en las que me esforzaba", "date": "2022-04-28 03:27:27"}, {"id_message": 98363479193, "message": "Lo que pasa es que siempre me a costado hablar de como me siento as\u00ed que me reservo a cualquier dato que me exponga", "date": "2022-04-28 04:29:08"}, {"id_message": 28156719773, "message": "Creen que si como huevo por una semana estare bien", "date": "2022-05-10 14:48:16"}, {"id_message": 45688559572, "message": "Tipo un huevo al desayuno , almuerzo y comida", "date": "2022-05-10 14:48:32"}, {"id_message": 14224869197, "message": "Combinado con un banano", "date": "2022-05-10 14:48:43"}, {"id_message": 18307443035, "message": "Por eso no vomitas", "date": "2022-05-16 18:28:02"}, {"id_message": 37293866981, "message": "Creo que en el blog te explican porque el hacerlo inclinada ayuda", "date": "2022-05-16 18:28:55"}, {"id_message": 30008515829, "message": "Adem\u00e1s de que debes de tomar agua para que se te facilite", "date": "2022-05-16 18:29:24"}, {"id_message": 16658520415, "message": "No soy muy experta porque jamas me gusto ser mia ya que me frustraba cuando no podia vomitar :(", "date": "2022-05-16 18:30:09"}, {"id_message": 74974531354, "message": "Saben como subir la temperatura del cuerpo ?", "date": "2022-05-16 21:45:26"}, {"id_message": 36996376793, "message": "Yo llevo una semana de atracones", "date": "2022-05-23 17:09:16"}, {"id_message": 19196623240, "message": "Alguna le dio algo en el es\u00f3fago ?", "date": "2022-05-23 17:19:37"}, {"id_message": 31878855798, "message": "Yo empece a sufrir del es\u00f3fago y ahora todo lo que como me se me va para el es\u00f3fago", "date": "2022-05-23 17:20:07"}, {"id_message": 6738387140, "message": "Hacia mucho no tenia atracones", "date": "2022-05-23 17:20:18"}, {"id_message": 51040471699, "message": "Pero \u00faltimamente no me dan ganas de nada", "date": "2022-05-23 17:20:29"}, {"id_message": 48620272837, "message": "Estaba apunto de llegar a los 50 y subi otra vez a los 55", "date": "2022-05-23 17:20:49"}]