[{"id_message": 88269273969, "message": "Modo 177cm y peso 100 kg m\u00e1s o menos y me gustar\u00eda adelgazar he pensado en ir al gym pero me da algo de verg\u00fcenza por mi sobrepeso , que me aconsej\u00e1is ? Gracias", "date": "2019-02-08 13:57:45"}, {"id_message": 392636876, "message": "Muchas gracias a todos por los consejos", "date": "2019-02-08 15:08:32"}, {"id_message": 38798159764, "message": "Sois alguno de salamanca ? Si hay alguno que gym me recomend\u00e1is ?", "date": "2019-02-08 15:09:12"}, {"id_message": 76788561003, "message": "No hay nadie de salamanca", "date": "2019-02-08 17:45:07"}, {"id_message": 45447003968, "message": "Decidido el lunes boy a puntarme a un gym pero que rutina sigo ?", "date": "2019-02-08 23:45:32"}, {"id_message": 33228175023, "message": "Nose me imagino que si", "date": "2019-02-09 08:16:47"}, {"id_message": 16973041808, "message": "Ayi te dicen si tienes que seguir alguna dieta ? O si tienes que tomar algo antes o despu\u00e9s del gym ?", "date": "2019-02-09 08:17:20"}, {"id_message": 89194590796, "message": "Si lo contar\u00e9 claro , el gimnasio es en un pueblo pero est\u00e1 bien equipado pero na dicho mi hermano que lo de aconsejar ayi poco jaja por eso pregunto por aqu\u00ed si no me esplican muy bien que es lo que debo hacer y que rutina seguir", "date": "2019-02-09 13:08:08"}, {"id_message": 45188281497, "message": "Por que claro no he pisado un gym en mi vida y si llego ayi y nadie le dice que tengo que hacer puff", "date": "2019-02-09 13:08:41"}, {"id_message": 33208519985, "message": "Es como ... y ahora que agooo jaja", "date": "2019-02-09 13:09:09"}, {"id_message": 17543732829, "message": "Gracias eso are ir\u00e9 el lunes y aver que pasa", "date": "2019-02-09 16:56:26"}, {"id_message": 5956140521, "message": "Si yo trabajo viernes s\u00e1bado y domingo por las ma\u00f1anas y de lunes a jueves nada jajaja", "date": "2019-02-10 18:47:32"}, {"id_message": 66401267039, "message": "Hola man dicho que esto es para tomarlo antes de gym para ayudar a quemar grasas", "date": "2019-02-11 10:07:15"}, {"id_message": 72798100784, "message": "Lo ha probado alguien o es malo o bueno", "date": "2019-02-11 10:07:30"}, {"id_message": 16614097822, "message": "Tambi\u00e9n Aldo mirando por internet una dieta o algo pero no se cual ser\u00e1 mejor jeje", "date": "2019-02-11 13:59:36"}, {"id_message": 81582622216, "message": "Ok \ud83d\udc4d\ud83c\udffb", "date": "2019-02-11 14:20:19"}, {"id_message": 43596070062, "message": "Con cargas y sin cargas ? \ud83e\udd37\u200d\u2642 \ufe0f", "date": "2019-02-11 14:31:21"}, {"id_message": 46967270659, "message": "Este es es que yo he comido", "date": "2019-02-11 16:47:59"}, {"id_message": 13235982563, "message": "Pero tendr\u00eda que tomar dos pastillas y media noo", "date": "2019-02-11 18:14:15"}, {"id_message": 63415953518, "message": "\ud83d\ude2e \ud83d\ude2e \ud83d\ude2e", "date": "2019-02-11 18:14:57"}, {"id_message": 97098868362, "message": "Mi cena de hoy y una manzana", "date": "2019-02-11 21:43:54"}, {"id_message": 24706442914, "message": "Acabo de yegar del gym en mi primer d\u00eda no ha ido nada mal", "date": "2019-02-11 21:44:35"}, {"id_message": 84865156271, "message": "Lleva lechuga jam\u00f3n York y queso fresco", "date": "2019-02-11 22:03:51"}, {"id_message": 33861228750, "message": "Ideas de que deber\u00eda desayunar ma\u00f1ana", "date": "2019-02-11 22:06:18"}, {"id_message": 88849130469, "message": "Primero ir\u00e9 a caminar un poco antes de desayunar", "date": "2019-02-11 22:06:34"}, {"id_message": 89317262039, "message": "He comprado esta ma\u00f1ana tostadas integrales queso fresco mermelada 0 % az\u00facar", "date": "2019-02-11 22:08:32"}, {"id_message": 76408494349, "message": "Jejeje \ud83d\udc4d\ud83c\udffb", "date": "2019-02-11 22:20:35"}, {"id_message": 84896159526, "message": "Hacer un poco de caminata en ayunas que no viene mal \ud83d\udcaa", "date": "2019-02-12 09:08:46"}, {"id_message": 50562487234, "message": "Yo a las siete de lunes a viernes", "date": "2019-02-12 13:19:35"}, {"id_message": 49893744138, "message": "El pan un trozo no hace da\u00f1o nooo", "date": "2019-02-19 13:50:46"}]