[{"id_message": 45746998116, "message": "Imagino que eso es una entradita", "date": "2018-12-04 18:05:13"}, {"id_message": 16589174520, "message": "Adri otra forma de hacer tr\u00edceps es mediante lagartijas", "date": "2018-12-04 23:17:22"}, {"id_message": 51268946300, "message": "Juntando el apoyo de las manos una con otra", "date": "2018-12-04 23:17:47"}, {"id_message": 83412541193, "message": "Que te queden ambos en el centro", "date": "2018-12-04 23:18:03"}, {"id_message": 28415131020, "message": "El pantal\u00f3n tiene una imagen subliminal para el encuentro de hoy ?", "date": "2018-12-05 17:41:58"}, {"id_message": 62659358761, "message": "Y pensar que en el que voy yo te mueres de calor con estos d\u00edas ..", "date": "2018-12-05 17:43:11"}, {"id_message": 25446940197, "message": "\ud83d\ude02 \ud83d\ude09", "date": "2018-12-05 17:43:56"}, {"id_message": 62243494953, "message": "A darle con todo ! ! !", "date": "2018-12-05 20:39:41"}, {"id_message": 16314060354, "message": "Una belleza de gimnasio", "date": "2018-12-05 20:40:15"}, {"id_message": 72472556916, "message": "Agradecido deber\u00edas estar de que tienen duchas", "date": "2018-12-05 20:43:25"}, {"id_message": 6563403112, "message": "Yo en el m\u00edo me tengo que duchar en casa .. suerte que estoy a pocas cuadras de mi casa", "date": "2018-12-05 20:44:15"}, {"id_message": 78985423850, "message": "Excelente \ud83d\udc4f \ud83d\udc4f \ud83d\udc4f \ud83d\ude31", "date": "2018-12-06 15:49:16"}, {"id_message": 25553047836, "message": "Que buena pinta tiene eso", "date": "2018-12-06 17:14:36"}, {"id_message": 60985415651, "message": "Mi consulta es , qu\u00e9 hora es ah\u00ed ? Por qu\u00e9 almuerzan a media tarde ? \ud83d\ude02", "date": "2018-12-06 18:16:09"}, {"id_message": 65024943401, "message": "Aqu\u00ed son las 2 de la tarde", "date": "2018-12-06 18:16:28"}, {"id_message": 32966150101, "message": "Jornada vespertina dura , con todo ! ! ! Con mucha garra y coraz\u00f3n \ud83d\udd25 \ud83d\udd25 \ud83c\udfcb \ufe0f \ud83c\udfcb \ufe0f \ud83c\uddfa\ud83c\uddfe \ud83c\uddfa\ud83c\uddfe \ud83e\udd4a \ud83e\udd4a", "date": "2018-12-06 22:05:08"}, {"id_message": 76567296061, "message": "@USER \ud83d\udc4f \ud83d\udc4f \ud83d\udc4f", "date": "2018-12-07 00:05:07"}, {"id_message": 32068889967, "message": "Muscular fuerte , tomar sol y comer un buen asado con la familia , a darle con todo animal ! ! ! Como un puma ! ! ! \ud83d\udcaa \ud83d\udcaa \ud83d\udcaa", "date": "2018-12-07 00:11:05"}, {"id_message": 70096197056, "message": "As\u00ed se habla estimado , veo que tiene los valores bien puestos", "date": "2018-12-07 00:19:08"}, {"id_message": 24236394322, "message": "Cuando visite Espa\u00f1a con la familia voy a visitar la cafeter\u00eda de Tips a ver qu\u00e9 tal el caf\u00e9 y las donas", "date": "2018-12-07 00:19:59"}, {"id_message": 97300615056, "message": "Los partidos son ma\u00f1ana !", "date": "2018-12-07 00:20:48"}, {"id_message": 32034680396, "message": "Tips cuando juegas por tu equipo te apuestas ? \ud83e\udd14", "date": "2018-12-07 00:23:30"}, {"id_message": 71704734932, "message": "En el f\u00fatbol americano", "date": "2018-12-07 00:23:39"}, {"id_message": 54658441394, "message": "Cuando juegas con tu propio equipo", "date": "2018-12-07 00:24:08"}, {"id_message": 94230894285, "message": "Al que eres federado", "date": "2018-12-07 00:24:27"}, {"id_message": 88318162209, "message": "A favor o en contra .. si haces la apuesta normalmente", "date": "2018-12-07 00:25:10"}, {"id_message": 39411939569, "message": "No , y eso que consumo.MUCHISIMO cine espa\u00f1ol", "date": "2018-12-07 00:27:21"}, {"id_message": 29607781269, "message": "No me digas que es actor", "date": "2018-12-07 00:28:04"}, {"id_message": 71516696685, "message": "Es una serie chilena", "date": "2018-12-07 00:28:43"}, {"id_message": 35179624446, "message": "T\u00fa sos el que hace de ? ? ?", "date": "2018-12-07 00:31:42"}, {"id_message": 77758659623, "message": "Tiene pinta de actor policial", "date": "2018-12-07 00:32:44"}, {"id_message": 46504685604, "message": "Amazon es mejor que Netflix ?", "date": "2018-12-07 01:08:59"}, {"id_message": 74650809158, "message": "Miro series espa\u00f1olas desde los Serrano", "date": "2018-12-07 01:33:17"}, {"id_message": 95105696252, "message": "Perfecto gracias por el aviso , sigo con mi humilde Netflix", "date": "2018-12-07 01:45:25"}, {"id_message": 91191577783, "message": "No sab\u00eda que hab\u00edan varios . Yo lo contrat\u00e9 desde la p\u00e1gina de Netflix", "date": "2018-12-07 01:46:33"}, {"id_message": 6922517185, "message": "C\u00f3mo puedo saber cu\u00e1l tengo ?", "date": "2018-12-07 01:46:51"}, {"id_message": 50428253733, "message": "Aqui este mes reci\u00e9n me ofrecieron un servicio de Netflix con Movistar . Realmente no sab\u00eda nada . Reci\u00e9n comienza eso aqui", "date": "2018-12-07 01:48:59"}, {"id_message": 26620211812, "message": "Yo entr\u00e9 a la p\u00e1gina oficial de Netflix para obtenerlo", "date": "2018-12-07 01:50:11"}, {"id_message": 20932998949, "message": "Y le giro el dinero directamente a Netflix", "date": "2018-12-07 01:50:29"}, {"id_message": 90006063906, "message": "No pago a ninguna telefon\u00eda por ning\u00fan servicio aparte", "date": "2018-12-07 01:50:49"}, {"id_message": 5266979358, "message": "Claro estimado , yo la vi hace 15 a\u00f1os o m\u00e1s", "date": "2018-12-07 01:51:44"}, {"id_message": 32261174304, "message": "A lo que voy , que fue mi primer contacto con el cine espa\u00f1ol", "date": "2018-12-07 01:52:21"}, {"id_message": 84447249037, "message": "Excelente Kaske , disfrute de la familia . \ud83d\udc4f \ud83d\udc4f \ud83d\udc4f \ud83d\udcaa \ud83d\udd06", "date": "2018-12-09 17:31:07"}, {"id_message": 67247850389, "message": "Una excelente tarde para tomar sol \ud83d\ude0e \ud83d\udd7a \ud83d\udd7a \ud83d\udd7a \ud83d\udc4c", "date": "2018-12-09 17:32:00"}, {"id_message": 75789209736, "message": "Cerca de mi casa", "date": "2018-12-09 22:14:25"}, {"id_message": 13312970021, "message": "Por hacer un rico asado con mis nenes . Lastima la vista je je", "date": "2018-12-09 22:27:02"}, {"id_message": 23661372497, "message": "Negativo estimado , d\u00eda con la flia en espacios verdes", "date": "2018-12-09 22:47:44"}, {"id_message": 27913523296, "message": "Buenos d\u00edas \ud83d\udcaa \ud83d\udcaa \ud83d\udcaa", "date": "2018-12-10 15:17:15"}, {"id_message": 8015416855, "message": "Excelente d\u00eda para muscular fuerte , tomar sol y comerse un buen asado \ud83d\ude09 \ud83d\ude09 \ud83d\ude09 \ud83d\ude0e \ud83c\udfcb \ufe0f", "date": "2018-12-10 15:18:10"}, {"id_message": 76529253734, "message": "Esa la venden aqu\u00ed", "date": "2019-01-01 15:50:48"}]