[{"id_message": 78914946965, "message": "Holis grupo , porfis necesito perder 15 kilos , en un mes tengo un compromiso y no quiero que me vean gorda , \u00bf Podr\u00edan ayudarme ? \u00bf Que puedo hacer para perder 15 Kilos ?", "date": "2022-05-16 05:33:21"}, {"id_message": 39353895196, "message": "Para evitar los atracones mastica la comida y escupela a m\u00ed me funciona", "date": "2022-05-16 05:41:16"}, {"id_message": 72582147349, "message": "Estamos para ayudarnos entre todas \ud83e\udd17", "date": "2022-05-16 05:47:40"}, {"id_message": 25639038793, "message": "Una pregunta ... \u00bf Si ayuno durante una semana completa solo llenando mi est\u00f3mago de t\u00e9 Verde , cu\u00e1ntos kilos ser\u00e1 posible perder ?", "date": "2022-05-16 11:06:18"}, {"id_message": 38971291889, "message": "Huy que emoci\u00f3n , pues vamos a ver c\u00f3mo me va , pero ya me anim\u00e9 a intentarlo \ud83e\udd17 \ud83e\udd73", "date": "2022-05-16 15:04:22"}, {"id_message": 9362803563, "message": "El ayuno peri\u00f3dico , ( si lo prolongas m\u00e1s de una semana se Vuelve extremo Ya que durante los d\u00edas de ayuno solo puedes tomar agua )", "date": "2022-05-22 14:59:14"}, {"id_message": 83221164520, "message": "Yo e intentado realizarlo pero siempre termino echando a perder el esfuerzo por que no soporto el ambre", "date": "2022-05-22 15:00:43"}, {"id_message": 7655764045, "message": "Hola , disculpen , no comer funciona para bajar de peso , \u00bf a qu\u00e9 tiempo puedo ver resultados ? Si alguna de ustedes a logrado bajar de peso con m\u00e9todos extremos podr\u00eda pasar los tips por favor ?", "date": "2022-05-22 15:03:54"}, {"id_message": 42834283327, "message": "Hagan todo lo posible por mantener el est\u00f3mago vac\u00edo pero por nada fumen ( eso no te ayuda en nada ) yo lo que hago es mantener el est\u00f3mago repleto de agua o t\u00e9 sin Az\u00facar ( as\u00ed ya no como porque no hay espacio en mi Barriga \ud83d\ude01 )", "date": "2022-05-23 14:35:17"}, {"id_message": 79145551820, "message": "Claro esto ayuda mucho , no nesecitas contar calor\u00edas solo comer.lo.menos posible , yo hago lo mismo solo que como ejercicio solo salto cuerda y ya , haciendo esto en dos meses y medio baje de 57 kilos a 40 kilos .", "date": "2022-05-23 14:45:31"}, {"id_message": 23733958002, "message": "Puede que funcione , pero poco a poco te vas da\u00f1ando por dentro y te volveras adicta , aparte que los dientes se tornan de un color amarillo y puede que te descubran ... muchas veces solo comemos por estr\u00e9s o ansiedad , sabes eso me pasaba a mi y me sent\u00eda muy culpable asta que mejor me compr\u00e9 una soga de saltar y en mi cuarto o en el parque saltaba la cuerda , realmente no s\u00e9 c\u00f3mo , pero me quitaba el ambre por lo que en un d\u00eda por ejemplo solo trataba de comer fruta picada o algo de ensalada con t\u00e9 Verde o sumo de lim\u00f3n , as\u00ed baje de 57 kilos a 40 en 2 meses y medio", "date": "2022-05-23 15:04:36"}, {"id_message": 11471113265, "message": "Hay una super ! ! Poster Master", "date": "2022-05-27 03:43:56"}]