[{"id_message": 95384217164, "message": "Miren para bajar de peso es necesario comer muchas frutas y verduras , suficientes cereales y pocas grasas de origen animal pero para nosotras las porciones se reducen y / o queman \u00f3sea si una persona NO m\u00eda ni Ana como cinco porciones de fruta nosotras una y as\u00ed . La lechuga , nopales , espinaca y pepino JAM\u00c1S nos subir\u00e1n de peso xq son agua mayormente y las calor\u00edas que tienen al comerlas las quemas masticando y digiriendo , ( hasta comer quema kcal ) les pas\u00f3 la lista de porciones y cuantas de cada uno come una persona que quiere bajar de peso pero no tan r\u00e1pido . Cada porcion de fruta tiene 70 kcal aprox . Las verduras 20 kcal la porci\u00f3n , 60 kcal de porci\u00f3n de origen animal ; grasas 55kcal , 90-300 cal los cereales , 90kcal de az\u00facar , L\u00e1cteos 70 kcal , 70kcal de grasa con prote\u00edna , leguminosa 130 kcal Las personas \u201c \u201d normales \u201d \u201d consumen 7 porciones de verduras , 4 de fruta , 2 de origen animal , 3 de grasa , 3-5 de cereales , 1-2 de prote\u00edna en grasa , 2-3 de l\u00e1cteos , 2 de leguminosas y 3 de az\u00facar AL D\u00cdA , nosotras reducimos eso a la mitad o tercia y tenemos un peso incre\u00edble en muy poco tiempo", "date": "2022-02-15 04:49:35"}, {"id_message": 59385568345, "message": "\u2764 \ufe0fcuando quieras", "date": "2022-02-15 04:51:45"}, {"id_message": 54193129441, "message": "Mira Laura , si no te gusta salte , yo tambi\u00e9n soy feminista y cr\u00e9eme cuando te digo que esto no lo hago para complacer a un hombre o una cultura machista y bla bla , lo hago porque no me siento bien conmigo misma y me quiero complacer A MI . Yo lo dijiste , es psic\u00f3logo / aunque tambi\u00e9n psiqui\u00e1trico u org\u00e1nico , la mayor\u00eda no elegimos ser as\u00ed , no creas ni por un segundo que es bonito y hermoso y feliz , meterse los dedos hasta la garganta , que no puedas ni hablar de el dolor , el miedo irracional a subir de peso , temer comer y ni siquiera disfrutar de la comida , que 24/7 de odies , no es bonito ni glamoroso . Son cosas que nos pasan a diario . Es mucho m\u00e1s sano esas porciones que no comer nada , o vomitar todo o solo comer \u201c bad food \u201d . La mayor\u00eda ya tenemos y pedimos ayuda y no sirve al 1000 % . As\u00ed q as\u00ed pedimos ayuda . Se que es una comparaci\u00f3n borde pero es como si me dijeran que siendo diagnosticada y con tratamiento de quimio ya no voy a tener cancer ? \u00d3sea perdon ? Que tenga un m\u00e9dico no significa que ya no estoy enferma o si ? Si te molestaras en leer , la caracterizaci\u00f3n principal de un psicop\u00e1tico o psicopatol\u00f3gico es control y manipulaci\u00f3n , seg\u00fan mental health gateway org el 78 % de las personas con un TCA es porque NO sienten el control y se dejan manipular", "date": "2022-02-15 16:29:21"}, {"id_message": 58057862162, "message": "Ya estamos jodid @s y lo sabemos , no ocupamos una persona que se cree un s\u00faper h\u00e9roe que venga a recordarnos lo mal que estamos en todos los sentidos , as\u00ed que te pido de favor que no vengas a querer decirnos como estamos mentalmente porque lo sabemos , lo lamentamos pero seguimos porque ya no tenemos el control , eso es algo que ojal\u00e1 tu mente de deje comprender", "date": "2022-02-15 16:31:09"}, {"id_message": 8530176923, "message": "\u2764 \ufe0f lo que ocupes", "date": "2022-02-15 16:31:27"}, {"id_message": 77522938324, "message": "Y si , nos hace falta amor , amor propio y por eso no nos sentimos valiosas o queridas y terminamos en relaciones t\u00f3xicas , pero no despertamos un d\u00eda y decidimos odiarnos va ? No nos quieres por nuestra est\u00e9tica o nuestro f\u00edsico ? URL L\u00e9elo y me dices", "date": "2022-02-15 16:35:31"}, {"id_message": 51880557967, "message": "Y si entre nosotras nos apoyamos en esto es por gente \u201c normal \u201d como tu que no logran entender nuestros cerebros \u201c rotos \u201d y no hacen m\u00e1s que recriminar que estamos mal , nosotras nos apoyamos porque sabemos que se siente y sabemos que los \u201c normales \u201d como tu solo nos van a juzgar y / o dar la espalda", "date": "2022-02-15 16:38:37"}, {"id_message": 55226485970, "message": "Y no , decir cerdo o Cerda no es misoginia ni patriarcado , es u . TCA , gordofobia , falta de amor propio ( tambi\u00e9n reflejado a los dem\u00e1s ) pero no machismo", "date": "2022-02-15 16:41:16"}, {"id_message": 13809274442, "message": "Joder pero es que tu lo dices y no te das cuenta , ES UNA ENFERMEDAD , la gente no elige estar enferma , que bueno que tenga sobrinas y que ? Y las paginas que hablas de hace 15 a\u00f1os atr\u00e1s , no es nuestra culpa ni nuestro problema a menos que los usemos y si la fobia es un miedo y nosot @s tenemos miedo a subir de peso , a un kilo m\u00e1s . Y si nosotras decidimos pesar 50 kilos es nuestro problema , pero sigues dici\u00e9ndolo eres T\u00da no te pedimos ayuda , nadie te pidi\u00f3 ayuda , ni consejo y no \u201c el que quiere puede \u201d pues Jolines , el que tiene cancer y se quiere curar solo lo decide y puff adi\u00f3s c\u00e9lulas cancer\u00edgenas en todo el cuerpo vdd ? Sabemos que esta mal y no lo ocultamos por eso , lo ocultamos porque sabemos el da\u00f1o la culpa y las consecuencias que les puede causar a nuestros padres y a nosotr @ NUESTRA enfermedad", "date": "2022-02-15 16:54:14"}, {"id_message": 44208928568, "message": "Nadie ha dicho que ojal\u00e1 seas as\u00ed para que nos comprendas , in fact nadie te ha pedido que nos comprendas , no somos un experimento para entender . Pero tiene que saber que ( en el mismo ejemplo que t\u00fa pusiste ) jam\u00e1s vas a saber que es ser violada si no te han violado , tienes la idea que lo que se siente pero nunca en carne propia sin embargo no te van pidiendo l @s feministas que te violen para que sumes a la lucha ? . Lo mis o pasa aqu\u00ed , con la anorexia y bulimia . Te pido de favor que no metas temas como la violacion aqui , gracias", "date": "2022-02-15 16:57:27"}, {"id_message": 62225562466, "message": "\ud83d\ude10 Anyway , les pas\u00f3 un link de tweeter de recetar keto o low cal ?", "date": "2022-02-15 17:27:37"}, {"id_message": 66845849897, "message": "A ver pero cual justificaci\u00f3n t\u00eda ? Triste que no entiendas razones y si desactivamos audio es porque no vales la pena nuestro tiempo , quieres cerrarte en que en tu mundo todos estamos mal menos tu , vale pero Joder d\u00e9janos en paz , quieres argumentos , los tienes , quieres opiniones , las tienen , quieres glorificarte , lo hiciste entonces m\u00e1rchate , nadie insulto su \u201c m\u00e9rito intelectual \u201d por dos cosas 1 . Nos importa poco 2 . No podemos insultar algo que no vemos . A decir vdd solo veo una chiquilla con complejo de superh\u00e9roe que cree que con unos mensajitos nos va a cambiar y a todo un \u00e1mbito psiqui\u00e1trico . Y para insultar no se ocupas groser\u00edas . Gracias", "date": "2022-02-15 19:12:22"}, {"id_message": 97053288600, "message": "Amig @s ya me canse de esto as\u00ed que seguir\u00e9 como siempre . Les mando la lista de porci 9nes de frutas y verduras", "date": "2022-02-15 19:20:27"}, {"id_message": 61475544291, "message": "Recopilacion \u2206 * FRUTA KCAL POR CADA 100 GRAMOS * Manzana 52 kcal Pi\u00f1a 55 kcal Albaricoque . 43 kcal Pera 55 kcal Pl\u00e1tano 88 kcal Ar\u00e1ndano 35 kcal Naranja 45 kcal Moras 43 kcal Ar\u00e1ndano rojo 46 kcal Fresa 32 kcal Higo 107 kcal Pomelo 50 kcal Granada 74 kcal Escaramujo 162 kcal Mel\u00f3n 54 kcal Frambuesas 36 kcal Jengibre 80 kcal Kiwi 51 kcal Cerezas 50 kcal Lichi 66 kcal Mandarina 50 kcal Mango 62 kcal Maracuy\u00e1 97 kcal Ciruela 47 kcal Melocot\u00f3n 41 kcal Membrillo 38 kcal Ruibarbo 21 kcal Sand\u00eda 30 kcal Uvas 70 kcal Lim\u00f3n 35 kcal \u2206 * VERDURA KCAL POR CADA 100 GRAMOS * Berenjena 24 kcal Alcachofa 47 kcal Aguacate 160 kcal Coliflor 25 kcal Br\u00f3coli 35 kcal Jud\u00edas 25 kcal Berro de agua 19 kcal Champi\u00f1ones 22 kcal Col china 13 kcal Guindilla 40 kcal Guisantes 82 kcal Lechuga 15 kcal Hinojo 31 kcal Pepino 15 kcal Col rizada 49 kcal Zanahoria 36 kcal Patata 86 kcal Colinabo 27 kcal Calabaza 19 kcal Puerro 31 kcal Ma\u00edz 108 kcal Acelga 19 kcal Pimiento 21 kcal Rabanitos 16 kcal Remolacha 43 kcal Col lombarda 29 kcal R\u00facula 25 kcal Esp\u00e1rrago 18 kcal Espinaca 23 kcal Boniato 76 kcal Calabac\u00edn 20 kcal Cebolla 40 kcal", "date": "2022-02-15 19:20:31"}, {"id_message": 7434477525, "message": "El pepino y lechuga son libres igual la espinaca . No suben de peso", "date": "2022-02-15 19:21:12"}, {"id_message": 95094140244, "message": "Recuerden consumir mayormente verduras y frutas", "date": "2022-02-15 19:22:51"}, {"id_message": 74759478916, "message": "Aunque los cereales sirven para mantenernos con energ\u00eda", "date": "2022-02-15 19:23:13"}, {"id_message": 51098337299, "message": "Y suplementos para no descompensar", "date": "2022-02-15 19:23:31"}, {"id_message": 2882572843, "message": "Estos en especial son s\u00faper buenos para no desmayarse", "date": "2022-02-15 19:25:30"}]