[{"id_message": 43755645776, "message": "Buenas y cual es una buena prote\u00edna o la q t\u00fa recomendar\u00edas", "date": "2019-02-18 20:03:11"}, {"id_message": 2800338046, "message": "Y q hay q hacer para ponerte como el m\u00fasculo tos ese de La foto de grupo", "date": "2019-02-18 22:40:01"}, {"id_message": 66486511313, "message": "Le faltan abd inferiores , a culturista es limbo ? ?", "date": "2019-02-18 22:40:30"}, {"id_message": 46791754176, "message": "No estoy muy metido en el mundo , ahora estoy empezando", "date": "2019-02-18 22:41:32"}, {"id_message": 56592531358, "message": "Lo buscar\u00e9 , muchas gracias", "date": "2019-02-18 22:42:03"}, {"id_message": 90084006795, "message": "Buenas , me pasan un reto de 7 d\u00edas para ponerte como jetulio Jim\u00e9nez", "date": "2019-02-20 10:37:43"}, {"id_message": 93230440228, "message": "Eso no sirve y entrenamiento tampoco", "date": "2019-02-20 18:52:23"}, {"id_message": 59107660648, "message": "\ud83d\udc46", "date": "2019-02-20 21:13:41"}, {"id_message": 12281651000, "message": "Gracia , despu\u00e9s de d\u00eda y medio en este grupo por fin algo sensato ...", "date": "2019-02-20 21:44:16"}, {"id_message": 36215220791, "message": "URL Meteros aqu\u00ed y en una semana aprend\u00e9is todo de alimentaci\u00f3n y entrenamiento , te pones como Jetulio Jim\u00e9nez", "date": "2019-02-22 11:21:36"}, {"id_message": 80123707960, "message": "Y cual es el de follar , please", "date": "2019-02-24 18:51:54"}, {"id_message": 83088693961, "message": "Estar\u00eda interesante crear uno", "date": "2019-02-24 18:52:23"}, {"id_message": 46561933892, "message": "Q bestias Dios m\u00edo", "date": "2019-02-24 19:07:15"}, {"id_message": 84371099821, "message": "Bonito el color de esos azulejos", "date": "2019-02-27 00:27:54"}, {"id_message": 70947005010, "message": "Puedes poner las tuyas para orientarnos ? ?", "date": "2019-03-11 19:44:07"}, {"id_message": 18085989249, "message": "A ver si saco ese pecho superior q no hay manera \ud83d\ude02 \ud83d\ude02 \ud83d\ude02", "date": "2019-03-11 19:44:45"}, {"id_message": 35362230770, "message": "Muchos entrenamientos pa estar as\u00ed", "date": "2019-03-14 21:10:26"}, {"id_message": 76518494430, "message": "\ud83d\udc4d \ud83d\udc4d buena app , yo quiero la de cr", "date": "2019-03-31 10:31:01"}, {"id_message": 63049402499, "message": "No te esta diciendo entre 10 y 14", "date": "2019-04-20 18:02:38"}, {"id_message": 91991832058, "message": "Eres un maquina , haces dominadas como si nada", "date": "2019-04-21 00:29:17"}, {"id_message": 7566251686, "message": "Yo 12-13 esforz\u00e1ndome muuuucho , no es lo m\u00edo \ud83d\ude2d \ud83d\ude2d", "date": "2019-04-21 00:30:34"}, {"id_message": 63845135681, "message": "Estoy currando y me hab\u00eda picado la curiosidad , yo refiero ahora agarre ancho , en el gym mejor", "date": "2019-04-21 00:36:37"}, {"id_message": 68984413064, "message": "Con todo el equipo , q se nota", "date": "2019-04-21 00:38:40"}, {"id_message": 78466540787, "message": "Jajaja las noches son laaargas , pufff pero bueno ... no nos podemos quejar", "date": "2019-04-21 00:42:23"}, {"id_message": 22285112820, "message": "Prueba un tiempo una , luego la otra y observa resultados , cada persona tiene sus preferencias", "date": "2019-04-30 16:16:18"}, {"id_message": 21142249723, "message": "\ud83d\ude02 \ud83d\ude02 quien no puedo separar en 5-6 d\u00edas no queda otra", "date": "2019-04-30 16:17:40"}, {"id_message": 26643097045, "message": "1h ? ? ? mucho me parece si entrenas con intensidad", "date": "2019-04-30 16:18:37"}, {"id_message": 65679245887, "message": "Calentamiento va antes claro , tambien depende mucho lo q le des al palique claro est\u00e1", "date": "2019-04-30 16:33:01"}, {"id_message": 109794993, "message": "Si calculas 40 segundos por serie y descansas 1 y medio por serie , cada ejercicios 7-8 min", "date": "2019-04-30 16:35:31"}, {"id_message": 79511096761, "message": "Normalmente es catering ya , y empresas buenas de alimentaci\u00f3n con primer , Segundo y postre", "date": "2019-05-09 13:28:23"}, {"id_message": 81709130072, "message": "Aparte donde yo estuve ten\u00edas habitaci\u00f3n y una cocina por edificio donde pod\u00edas hacerte tu comida / cena / desayuno ...", "date": "2019-05-09 13:28:57"}, {"id_message": 50649202350, "message": "Es deporte no ? ? Antebrazo", "date": "2019-05-28 12:39:42"}, {"id_message": 28257181268, "message": "En 40 segundos cambia brazo si le da tiempo", "date": "2019-05-28 12:41:48"}]