[{"id_message": 53570909948, "message": "Buenas gracias x la invitaci\u00f3n", "date": "2018-11-24 10:25:03"}, {"id_message": 97946998856, "message": "Cu\u00e1nto es lo m\u00e1ximo que se debe tomar cretaina kaske", "date": "2018-11-24 10:26:55"}, {"id_message": 3750941275, "message": "Osea solo ser\u00eda para dieta de definici\u00f3n ?", "date": "2018-11-24 10:29:43"}, {"id_message": 89424050735, "message": "Y durante cu\u00e1nto tiempo ?", "date": "2018-11-24 10:30:06"}, {"id_message": 30099120610, "message": "Y sobre la glutamina ? Se puede tomar junto a ella y en q momentos y etapas ?", "date": "2018-11-24 10:33:36"}, {"id_message": 33253590420, "message": "Gracias \ud83d\ude0d", "date": "2018-11-24 11:11:57"}, {"id_message": 17757201244, "message": "Y este cambio quien es ? ? ?", "date": "2019-01-06 23:55:46"}, {"id_message": 1208526852, "message": "\ud83d\ude2e", "date": "2019-01-06 23:55:51"}, {"id_message": 50647897587, "message": "Ahora a llegar como est\u00e1is vosotros . Animalotes totales y animalotas", "date": "2019-01-07 13:21:19"}, {"id_message": 22113176773, "message": "Que es ? Qu\u00e9 funci\u00f3n tiene ?", "date": "2019-02-25 10:36:24"}, {"id_message": 13166309929, "message": "Voy a informarme jwjejje", "date": "2019-02-25 11:29:28"}, {"id_message": 85988729000, "message": "Buenos d\u00edas compis , tengo una duda ... Ya llevo bajado mucho en 2 a\u00f1os desde 132kg a 77 , pero ahora me est\u00e1 costando mucho bajar m\u00e1s para terminar de quitar la barriguita , y mi consulta es que os parece anular los carbohidratos o ingerir un 10 % o una dieta cetogenica ? Ya que tampoco veo construcci\u00f3n de musculacion ni nada ... Lo siento si es una consulta err\u00f3nea pero no tengo ni idea ...", "date": "2019-02-27 10:10:29"}, {"id_message": 41644366883, "message": "Si tambi\u00e9n pens\u00e9 en post con la ISO tomar unos 25 de crema de arroz ... Pero esa no s\u00e9 qu\u00e9 hacer ... Estoy llegando a desesperar ..", "date": "2019-02-27 10:16:22"}, {"id_message": 59518181413, "message": "Bajito ... \ud83d\ude02", "date": "2019-02-27 10:18:35"}, {"id_message": 62009849819, "message": "\ud83d\ude11", "date": "2019-02-27 10:20:15"}, {"id_message": 20549593065, "message": "Perdona .. pero esa tabla poniendo los resultados me hace ella el c\u00e1lculo ? Esa no lo entiendo muy bien ...", "date": "2019-02-27 10:29:52"}, {"id_message": 46832263295, "message": "Lo de Sergio es para leer tranquilamente xq no me estoy enterando nada", "date": "2019-02-27 10:30:52"}, {"id_message": 87790271015, "message": "Pues no lo s\u00e9 fijo", "date": "2019-02-27 10:46:18"}, {"id_message": 66621442733, "message": "Pero vamos carbos 204 fijo", "date": "2019-02-27 10:47:29"}, {"id_message": 30699400659, "message": "Q aplicaci\u00f3n ? ? ? \ud83d\ude01 \ud83d\ude01 \ud83d\ude01", "date": "2019-02-27 11:38:11"}, {"id_message": 43324637559, "message": "Pues s\u00ed que voy sobrado ya en la 2 comida", "date": "2019-02-27 12:33:18"}, {"id_message": 9019146858, "message": "\ud83d\ude02 \ud83d\ude02 \ud83d\ude02 q desastre", "date": "2019-02-27 12:33:25"}, {"id_message": 24847443562, "message": "Mecaaaaa . Me perd\u00ed ... Q yo soy novato estoy empezando en esto", "date": "2019-02-27 14:22:37"}, {"id_message": 65195346444, "message": "No soy profesional como vosotros", "date": "2019-02-27 14:22:50"}, {"id_message": 40014694797, "message": "Si s\u00ed eso lo s\u00e9 jejejje", "date": "2019-02-27 14:45:18"}, {"id_message": 94847688652, "message": "X lo que veo voy pasado de prote\u00edna y grasas si ?", "date": "2019-02-27 14:55:16"}, {"id_message": 28882788163, "message": "Pero encuentro dif\u00edcil como ajustarlo xq si pongo otra cosa me desajusta los carbohidratos o otra cosa", "date": "2019-02-27 14:56:00"}, {"id_message": 20696022996, "message": "Venga Lu tu si sabes ...", "date": "2019-02-27 15:02:22"}, {"id_message": 25496793881, "message": "Na no te creo", "date": "2019-02-27 15:03:24"}, {"id_message": 80852018705, "message": "Si la subo mas m\u00e1s me pas\u00f3 no ?", "date": "2019-02-27 15:04:04"}, {"id_message": 98457497835, "message": "\ud83e\udd28 \ud83e\udd28 \ud83e\udd28", "date": "2019-02-27 15:05:55"}, {"id_message": 63517519997, "message": "David pero lo que veo dif\u00edcil es eso . Recortar de algo sin q me afecte los otros valores", "date": "2019-02-27 15:06:23"}, {"id_message": 71869432918, "message": "\ud83e\udd28 \ud83e\udd28", "date": "2019-02-27 15:08:20"}, {"id_message": 28732896294, "message": "Q opin\u00e1is sobre esta prote", "date": "2019-02-27 21:36:10"}, {"id_message": 99918767007, "message": "Jajajjaja \ud83d\udc37 \ud83d\udc37 \ud83d\udc37", "date": "2019-03-25 12:55:20"}, {"id_message": 48057661423, "message": "Que opin\u00e1is sobre los circuitos T\u00e1bata abdomen ?", "date": "2019-05-20 18:13:48"}, {"id_message": 44218169593, "message": "Y alguna serie de T\u00e1bata ? Para los ABS a ver si salen de una puta vez", "date": "2019-05-20 18:41:19"}, {"id_message": 75535135034, "message": "@USER te pregunto jajajjaja", "date": "2019-05-20 18:44:08"}, {"id_message": 13010316517, "message": "@USER una buena rutina de T\u00e1bata para abdomen", "date": "2019-05-20 18:52:50"}]