[{"id_message": 91695429004, "message": "INI_BOLD Gracias END_BOLD por haberme a\u00f1adido al grupo c\u00f3mo Admin ! INI_BOLD In\u00edciame en chat privado END_BOLD , as\u00ed te enviar\u00e9 all\u00ed los mensajes de error , sin atascar este chat !", "date": "2020-04-15 21:32:14"}, {"id_message": 70847064472, "message": "\u2705 Reinicio del Bot \u2705 Reinicio lista de Admin", "date": "2020-04-15 21:38:03"}, {"id_message": 3866837497, "message": "Julia , para ser aceptado en el grupo , configura tu alias personal", "date": "2020-04-16 21:04:07"}, {"id_message": 26999319493, "message": "Flor , para ser aceptado en el grupo , configura tu alias personal", "date": "2020-04-16 21:06:12"}, {"id_message": 90828641787, "message": "Sheeer : 3 , para ser aceptado en el grupo , configura tu alias personal", "date": "2020-04-16 22:07:28"}, {"id_message": 32638781987, "message": "Bienvenid @ L\u00e1grima \u2764 Porfavor leer Las reglas y presentarse \u2764 Ana o m\u00eda Peso actual Peso meta Edad ( es importante no mentir a fin de evitar situaciones desagradables ) Se corre riesgo de baneo en caso de no hacer su presentaci\u00f3n .", "date": "2020-04-28 02:11:11"}, {"id_message": 58024108649, "message": "Bienvenid @ Sophya \u2764 Porfavor leer Las reglas y presentarse \u2764 Ana o m\u00eda Peso actual Peso meta Edad ( es importante no mentir a fin de evitar situaciones desagradables ) Se corre riesgo de baneo en caso de no hacer su presentaci\u00f3n .", "date": "2020-05-05 17:37:12"}, {"id_message": 87119120610, "message": "Bienvenid @ Janneth ECP \u2764 Porfavor leer Las reglas y presentarse \u2764 Ana o m\u00eda Peso actual Peso meta Edad ( es importante no mentir a fin de evitar situaciones desagradables ) Se corre riesgo de baneo en caso de no hacer su presentaci\u00f3n .", "date": "2020-05-08 04:08:21"}, {"id_message": 12427487810, "message": "Bienvenid @ Agus \u2764 Porfavor leer Las reglas y presentarse \u2764 Ana o m\u00eda Peso actual Peso meta Edad ( es importante no mentir a fin de evitar situaciones desagradables ) Se corre riesgo de baneo en caso de no hacer su presentaci\u00f3n .", "date": "2020-05-10 21:41:32"}, {"id_message": 82808597479, "message": "Bienvenid @ vero \u2764 Porfavor leer Las reglas y presentarse \u2764 Ana o m\u00eda Peso actual Peso meta Edad ( es importante no mentir a fin de evitar situaciones desagradables ) Se corre riesgo de baneo en caso de no hacer su presentaci\u00f3n .", "date": "2021-03-27 23:44:22"}, {"id_message": 71059562980, "message": "Bienvenid @ l . i . a . \u2764 Porfavor leer Las reglas y presentarse \u2764 Ana o m\u00eda Peso actual Peso meta Edad ( es importante no mentir a fin de evitar situaciones desagradables ) Se corre riesgo de baneo en caso de no hacer su presentaci\u00f3n .", "date": "2021-04-06 22:47:47"}, {"id_message": 49893527745, "message": "Bienvenid @ Paulina \u2764 Porfavor leer Las reglas y presentarse \u2764 Ana o m\u00eda Peso actual Peso meta Edad ( es importante no mentir a fin de evitar situaciones desagradables ) Se corre riesgo de baneo en caso de no hacer su presentaci\u00f3n .", "date": "2021-04-10 20:08:36"}, {"id_message": 42096212192, "message": "Bienvenid @ Daina \u2764 Porfavor leer Las reglas y presentarse \u2764 Ana o m\u00eda Peso actual Peso meta Edad ( es importante no mentir a fin de evitar situaciones desagradables ) Se corre riesgo de baneo en caso de no hacer su presentaci\u00f3n .", "date": "2021-05-01 19:18:22"}, {"id_message": 35612963230, "message": "Bienvenid @ Bego\u00f1a \u2764 Porfavor leer Las reglas y presentarse \u2764 Ana o m\u00eda Peso actual Peso meta Edad ( es importante no mentir a fin de evitar situaciones desagradables ) Se corre riesgo de baneo en caso de no hacer su presentaci\u00f3n .", "date": "2021-05-27 22:47:55"}, {"id_message": 22012908240, "message": "Bienvenid @ Josh Simons \u2764 Porfavor leer Las reglas y presentarse \u2764 Ana o m\u00eda Peso actual Peso meta Edad ( es importante no mentir a fin de evitar situaciones desagradables ) Se corre riesgo de baneo en caso de no hacer su presentaci\u00f3n .", "date": "2021-06-02 03:31:48"}, {"id_message": 30393455016, "message": "Bienvenid @ Leu \u2764 Porfavor leer Las reglas y presentarse \u2764 Ana o m\u00eda Peso actual Peso meta Edad ( es importante no mentir a fin de evitar situaciones desagradables ) Se corre riesgo de baneo en caso de no hacer su presentaci\u00f3n .", "date": "2021-06-13 12:08:21"}, {"id_message": 69655425441, "message": "Bienvenid @ Lizz \u2764 Porfavor leer Las reglas y presentarse \u2764 Ana o m\u00eda Peso actual Peso meta Edad ( es importante no mentir a fin de evitar situaciones desagradables ) Se corre riesgo de baneo en caso de no hacer su presentaci\u00f3n .", "date": "2021-06-24 06:15:44"}, {"id_message": 27554149017, "message": "Bienvenid @ Rachel \u2764 Porfavor leer Las reglas y presentarse \u2764 Ana o m\u00eda Peso actual Peso meta Edad ( es importante no mentir a fin de evitar situaciones desagradables ) Se corre riesgo de baneo en caso de no hacer su presentaci\u00f3n .", "date": "2021-06-29 04:32:46"}, {"id_message": 3295710166, "message": "Bienvenid @ Valentina \u2764 Porfavor leer Las reglas y presentarse \u2764 Ana o m\u00eda Peso actual Peso meta Edad ( es importante no mentir a fin de evitar situaciones desagradables ) Se corre riesgo de baneo en caso de no hacer su presentaci\u00f3n .", "date": "2021-07-05 01:54:52"}, {"id_message": 94372460616, "message": "Bienvenid @ Berlin \u2764 Porfavor leer Las reglas y presentarse \u2764 Ana o m\u00eda Peso actual Peso meta Edad ( es importante no mentir a fin de evitar situaciones desagradables ) Se corre riesgo de baneo en caso de no hacer su presentaci\u00f3n .", "date": "2021-07-11 05:35:00"}, {"id_message": 19136025168, "message": "Bienvenid @ Fanny \u2764 Porfavor leer Las reglas y presentarse \u2764 Ana o m\u00eda Peso actual Peso meta Edad ( es importante no mentir a fin de evitar situaciones desagradables ) Se corre riesgo de baneo en caso de no hacer su presentaci\u00f3n .", "date": "2021-07-15 04:37:59"}, {"id_message": 28215455030, "message": "Bienvenid @ Lilac \u2764 Porfavor leer Las reglas y presentarse \u2764 Ana o m\u00eda Peso actual Peso meta Edad ( es importante no mentir a fin de evitar situaciones desagradables ) Se corre riesgo de baneo en caso de no hacer su presentaci\u00f3n .", "date": "2021-07-18 23:03:39"}, {"id_message": 88006431210, "message": "Bienvenid @ P \u2764 Porfavor leer Las reglas y presentarse \u2764 Ana o m\u00eda Peso actual Peso meta Edad ( es importante no mentir a fin de evitar situaciones desagradables ) Se corre riesgo de baneo en caso de no hacer su presentaci\u00f3n .", "date": "2021-07-25 16:41:15"}, {"id_message": 30221901929, "message": "Bienvenid @ Roc\u00edo \u2764 Porfavor leer Las reglas y presentarse \u2764 Ana o m\u00eda Peso actual Peso meta Edad ( es importante no mentir a fin de evitar situaciones desagradables ) Se corre riesgo de baneo en caso de no hacer su presentaci\u00f3n .", "date": "2021-07-28 00:17:18"}, {"id_message": 74337487850, "message": "Bienvenid @ \u2022 | \ud835\ude7c\ud835\ude98\ud835\ude97 \u2764 Porfavor leer Las reglas y presentarse \u2764 Ana o m\u00eda Peso actual Peso meta Edad ( es importante no mentir a fin de evitar situaciones desagradables ) Se corre riesgo de baneo en caso de no hacer su presentaci\u00f3n .", "date": "2021-08-02 01:02:18"}, {"id_message": 15032387574, "message": "Bienvenid @ Tania \u2764 Porfavor leer Las reglas y presentarse \u2764 Ana o m\u00eda Peso actual Peso meta Edad ( es importante no mentir a fin de evitar situaciones desagradables ) Se corre riesgo de baneo en caso de no hacer su presentaci\u00f3n .", "date": "2021-10-31 23:27:01"}, {"id_message": 25581989038, "message": "Bienvenid @ LA Solitaria \u2764 Porfavor leer Las reglas y presentarse \u2764 Ana o m\u00eda Peso actual Peso meta Edad ( es importante no mentir a fin de evitar situaciones desagradables ) Se corre riesgo de baneo en caso de no hacer su presentaci\u00f3n .", "date": "2021-11-10 03:25:07"}, {"id_message": 83182837513, "message": "Bienvenid @ \u2728 Raphtalia \u2764 Porfavor leer Las reglas y presentarse \u2764 Ana o m\u00eda Peso actual Peso meta Edad ( es importante no mentir a fin de evitar situaciones desagradables ) Se corre riesgo de baneo en caso de no hacer su presentaci\u00f3n .", "date": "2021-11-16 04:19:51"}, {"id_message": 55568018098, "message": "Bienvenid @ M \u2764 Porfavor leer Las reglas y presentarse \u2764 Ana o m\u00eda Peso actual Peso meta Edad ( es importante no mentir a fin de evitar situaciones desagradables ) Se corre riesgo de baneo en caso de no hacer su presentaci\u00f3n .", "date": "2021-11-25 15:43:20"}, {"id_message": 76756465274, "message": "Bienvenid @ Laura \u2764 Porfavor leer Las reglas y presentarse \u2764 Ana o m\u00eda Peso actual Peso meta Edad ( es importante no mentir a fin de evitar situaciones desagradables ) Se corre riesgo de baneo en caso de no hacer su presentaci\u00f3n .", "date": "2021-11-28 22:33:09"}, {"id_message": 27127257813, "message": "Bienvenid @ Peluk \u2764 Porfavor leer Las reglas y presentarse \u2764 Ana o m\u00eda Peso actual Peso meta Edad ( es importante no mentir a fin de evitar situaciones desagradables ) Se corre riesgo de baneo en caso de no hacer su presentaci\u00f3n .", "date": "2021-12-06 00:16:57"}, {"id_message": 27796787998, "message": "Bienvenid @ Alex \u2764 Porfavor leer Las reglas y presentarse \u2764 Ana o m\u00eda Peso actual Peso meta Edad ( es importante no mentir a fin de evitar situaciones desagradables ) Se corre riesgo de baneo en caso de no hacer su presentaci\u00f3n .", "date": "2021-12-14 05:48:12"}, {"id_message": 21081982825, "message": "Bienvenid @ Lau \u2764 Porfavor leer Las reglas y presentarse \u2764 Ana o m\u00eda Peso actual Peso meta Edad ( es importante no mentir a fin de evitar situaciones desagradables ) Se corre riesgo de baneo en caso de no hacer su presentaci\u00f3n .", "date": "2021-12-17 03:12:11"}, {"id_message": 752794821, "message": "Bienvenid @ \u2728 \u2764 Porfavor leer Las reglas y presentarse \u2764 Ana o m\u00eda Peso actual Peso meta Edad ( es importante no mentir a fin de evitar situaciones desagradables ) Se corre riesgo de baneo en caso de no hacer su presentaci\u00f3n .", "date": "2021-12-23 05:04:48"}, {"id_message": 77124739321, "message": "Bienvenid @ Karla \u2764 Porfavor leer Las reglas y presentarse \u2764 Ana o m\u00eda Peso actual Peso meta Edad ( es importante no mentir a fin de evitar situaciones desagradables ) Se corre riesgo de baneo en caso de no hacer su presentaci\u00f3n .", "date": "2021-12-27 07:03:28"}, {"id_message": 94385847636, "message": "Bienvenid @ Lau \ud83c\udf4f \u2764 Porfavor leer Las reglas y presentarse \u2764 Ana o m\u00eda Peso actual Peso meta Edad ( es importante no mentir a fin de evitar situaciones desagradables ) Se corre riesgo de baneo en caso de no hacer su presentaci\u00f3n .", "date": "2022-01-04 14:45:52"}, {"id_message": 66634616823, "message": "Bienvenid @ \ud835\udd9b\ud835\udd86\ud835\udd91\ud835\udd8a\ud835\udd93\ud835\udd99\ud835\udd8e\ud835\udd93\ud835\udd86 \ud83d\udeb7 \u2764 Porfavor leer Las reglas y presentarse \u2764 Ana o m\u00eda Peso actual Peso meta Edad ( es importante no mentir a fin de evitar situaciones desagradables ) Se corre riesgo de baneo en caso de no hacer su presentaci\u00f3n .", "date": "2022-01-10 06:56:29"}, {"id_message": 61742980799, "message": "Bienvenid @ engel \u2764 Porfavor leer Las reglas y presentarse \u2764 Ana o m\u00eda Peso actual Peso meta Edad ( es importante no mentir a fin de evitar situaciones desagradables ) Se corre riesgo de baneo en caso de no hacer su presentaci\u00f3n .", "date": "2022-01-13 10:44:23"}, {"id_message": 95039830360, "message": "Bienvenid @ La Solitaria \u2764 Porfavor leer Las reglas y presentarse \u2764 Ana o m\u00eda Peso actual Peso meta Edad ( es importante no mentir a fin de evitar situaciones desagradables ) Se corre riesgo de baneo en caso de no hacer su presentaci\u00f3n .", "date": "2022-01-16 20:33:33"}, {"id_message": 81964770583, "message": "Bienvenid @ Lol \u2764 Porfavor leer Las reglas y presentarse \u2764 Ana o m\u00eda Peso actual Peso meta Edad ( es importante no mentir a fin de evitar situaciones desagradables ) Se corre riesgo de baneo en caso de no hacer su presentaci\u00f3n .", "date": "2022-01-22 16:45:42"}, {"id_message": 54474327970, "message": "Bienvenid @ Romaissa \u2764 Porfavor leer Las reglas y presentarse \u2764 Ana o m\u00eda Peso actual Peso meta Edad ( es importante no mentir a fin de evitar situaciones desagradables ) Se corre riesgo de baneo en caso de no hacer su presentaci\u00f3n .", "date": "2022-01-29 19:53:33"}, {"id_message": 2140438702, "message": "Bienvenid @ Sun \u2764 Porfavor leer Las reglas y presentarse \u2764 Ana o m\u00eda Peso actual Peso meta Edad ( es importante no mentir a fin de evitar situaciones desagradables ) Se corre riesgo de baneo en caso de no hacer su presentaci\u00f3n .", "date": "2022-02-05 20:28:59"}, {"id_message": 68765233715, "message": "Bienvenid @ Dr . GA \u2764 Porfavor leer Las reglas y presentarse \u2764 Ana o m\u00eda Peso actual Peso meta Edad ( es importante no mentir a fin de evitar situaciones desagradables ) Se corre riesgo de baneo en caso de no hacer su presentaci\u00f3n .", "date": "2022-02-17 21:45:10"}, {"id_message": 46833474833, "message": "Bienvenid @ I \u2764 Porfavor leer Las reglas y presentarse \u2764 Ana o m\u00eda Peso actual Peso meta Edad ( es importante no mentir a fin de evitar situaciones desagradables ) Se corre riesgo de baneo en caso de no hacer su presentaci\u00f3n .", "date": "2022-03-11 16:35:27"}, {"id_message": 91501272816, "message": "Bienvenid @ Claudia \u2764 Porfavor leer Las reglas y presentarse \u2764 Ana o m\u00eda Peso actual Peso meta Edad ( es importante no mentir a fin de evitar situaciones desagradables ) Se corre riesgo de baneo en caso de no hacer su presentaci\u00f3n .", "date": "2022-03-19 23:15:43"}, {"id_message": 98299646616, "message": "Bienvenid @ La Solitaria \ud83d\udc9a \u2615 \u2764 Porfavor leer Las reglas y presentarse \u2764 Ana o m\u00eda Peso actual Peso meta Edad ( es importante no mentir a fin de evitar situaciones desagradables ) Se corre riesgo de baneo en caso de no hacer su presentaci\u00f3n .", "date": "2022-03-23 03:25:42"}, {"id_message": 1572191154, "message": "Bienvenid @ Rocio \u2764 Porfavor leer Las reglas y presentarse \u2764 Ana o m\u00eda Peso actual Peso meta Edad ( es importante no mentir a fin de evitar situaciones desagradables ) Se corre riesgo de baneo en caso de no hacer su presentaci\u00f3n .", "date": "2022-03-26 23:16:20"}, {"id_message": 39077892623, "message": "Bienvenid @ Atziri \u2764 Porfavor leer Las reglas y presentarse \u2764 Ana o m\u00eda Peso actual Peso meta Edad ( es importante no mentir a fin de evitar situaciones desagradables ) Se corre riesgo de baneo en caso de no hacer su presentaci\u00f3n .", "date": "2022-04-09 15:54:15"}, {"id_message": 55847322227, "message": "Bienvenid @ Noe \u2764 Porfavor leer Las reglas y presentarse \u2764 Ana o m\u00eda Peso actual Peso meta Edad ( es importante no mentir a fin de evitar situaciones desagradables ) Se corre riesgo de baneo en caso de no hacer su presentaci\u00f3n .", "date": "2022-05-23 18:16:27"}, {"id_message": 86310176168, "message": "Bienvenid @ \u2014 Cielo \u2764 Porfavor leer Las reglas y presentarse \u2764 Ana o m\u00eda Peso actual Peso meta Edad ( es importante no mentir a fin de evitar situaciones desagradables ) Se corre riesgo de baneo en caso de no hacer su presentaci\u00f3n .", "date": "2022-05-25 08:10:45"}]