[{"id_message": 48460146440, "message": "Buenos d\u00edas , llevo varios a\u00f1os de par\u00f3n y he vuelto al gimnasio , llevo un par de meses haciendo una full body para intentar coger forma . Alg\u00fan consejo sobre que rutins hacer para bajar un poco de peso y empezar a crear unos buenos cimientos", "date": "2019-03-31 09:28:55"}, {"id_message": 20854630669, "message": "Gracias , le echo un ojo", "date": "2019-03-31 11:05:09"}, {"id_message": 63758332691, "message": "Yo cuando era m\u00e1s chaval iba al gimnasio a menudo , en un gimnasio de pueblo de monitor en plan autodidacta", "date": "2019-03-31 11:08:51"}, {"id_message": 54054503935, "message": "Ahora quiero retomar con 43 a\u00f1os , pero estoy oxidado tanto f\u00edsicamente como en conocimientos de entrenamiento", "date": "2019-03-31 11:09:44"}, {"id_message": 21501756145, "message": "Me levanto a las 6 de la ma\u00f1ana para ir al gimnasio , ya que luego tengo que currar y despu\u00e9s cuidar de las cr\u00edas", "date": "2019-03-31 11:10:31"}, {"id_message": 17174067976, "message": "Si me pod\u00e9is recomendar un entrenamiento genial", "date": "2019-03-31 11:11:06"}, {"id_message": 95340072876, "message": "Es un Terrano , va bien !", "date": "2019-03-31 11:11:26"}, {"id_message": 40430590431, "message": "Es el que tengo", "date": "2019-03-31 11:12:11"}, {"id_message": 76390607343, "message": "\u00daltimamente lo saco poco , pero me da buenas alegrias", "date": "2019-03-31 11:12:32"}, {"id_message": 87728355033, "message": "Lo tengo de segundo coche para ir al monte", "date": "2019-03-31 11:12:49"}, {"id_message": 4409258617, "message": "Bueno , os tengo que dejar que las criaturas me reclaman y nos vemos andar en bici", "date": "2019-03-31 11:13:22"}]