[{"id_message": 43907809245, "message": "En serio , en el grupo que estaba una reportera colombiana", "date": "2022-04-18 02:28:56"}, {"id_message": 77571388671, "message": "En todo el grupo que estaba se hab\u00edan infiltrado", "date": "2022-04-18 02:29:15"}, {"id_message": 21864323630, "message": "Alguien por favor me explica c\u00f3mo es hacer el ayuno de 16/8 por favor perd\u00f3n es que no entiendo \ud83d\ude4f \ud83e\udd7a", "date": "2022-04-24 01:32:02"}, {"id_message": 33286012789, "message": "Por ejemplo acabo de terminar de cenar y ya son 6:34 entonces mi siguiente comida ser\u00eda a las 12 pm", "date": "2022-04-24 01:34:00"}, {"id_message": 21116832230, "message": "Aaaaa muchas gracias ! ! ! \ud83e\udd0d", "date": "2022-04-24 01:34:45"}, {"id_message": 22508312535, "message": "\ud83e\udd7a oigan acabo de darme cuenta que me eliminaron de la otra cuenta \ud83d\ude1e solo di mi opini\u00f3n sobre cuando una chica insist\u00eda sobre unas pastillas , de que no deber\u00eda de tomarlos porque una mala dosis podria causar da\u00f1os , de que mejor optar\u00e1 por ejercicio y dieta dije algo malo ?", "date": "2022-05-01 23:50:18"}, {"id_message": 30563999768, "message": "No recuerdo bien creo que era Ana y m\u00eda \ud83d\ude14", "date": "2022-05-01 23:52:13"}, {"id_message": 46835002048, "message": "Oww la chica estaba pidiendo d\u00f3nde comprar esas pastillas solo le dije que una mala dosis de esas pastillas podr\u00eda hacerle da\u00f1o , y que mejor optar\u00e1 por dieta y ejercicio talvs eso fue \ud83d\ude14", "date": "2022-05-01 23:56:26"}, {"id_message": 9269728558, "message": "Sii si la chica estaba pidiendo esa pastilla y de metformina yo solo le dije que no deber\u00eda optar por las pastillas , mejor dieta y ejercicio", "date": "2022-05-01 23:59:25"}, {"id_message": 7941181970, "message": "Dije algo malo ? ? \ud83e\udd7a Yo solo la recomend\u00e9 que no comprar\u00e1 esas pastillas", "date": "2022-05-02 00:00:40"}, {"id_message": 81447207698, "message": "Puede ser \ud83e\udd7a la verdad estaba que pregunte y pregunt\u00e9 por eso le dije que no deber\u00eda optar por las pastillas", "date": "2022-05-02 00:01:53"}, {"id_message": 92027077460, "message": "Muchas gracias \ud83e\udd0d", "date": "2022-05-02 00:13:07"}, {"id_message": 25681120710, "message": "As algo as\u00ed como ejercicio nada m\u00e1s hasta entrar en calor a m\u00ed me ayuda mucho , porque siempre sufro con la presi\u00f3n baja o cuando hago ayuno , me ayuda mucho hacer eos", "date": "2022-05-17 02:16:54"}]