[{"id_message": 65897610860, "message": "hoola , me presento me llamo cayetana , soy entre ana y mia , pero m\u00e1s ana , peso 54 kilos ( creo un horror lo s\u00e9 ) mi meta es 45 pero en realidad quiero 40 pero poco a poco y mi edad es de 19 a\u00f1os", "date": "2020-04-07 14:56:09"}, {"id_message": 42224238181, "message": "como llev\u00e1is el dia ? ?", "date": "2020-04-07 15:15:40"}, {"id_message": 6836186429, "message": "me siento un poco deca\u00edda emocionalmente , pero bueno", "date": "2020-04-07 15:45:07"}, {"id_message": 89966749163, "message": "me alegro de que est\u00e9 bien ! !", "date": "2020-04-07 15:45:15"}, {"id_message": 38953673480, "message": "llevo comiendo muchas calor\u00edas d\u00edas anteriores , engord\u00e9 bastante y hoy me atraqu\u00e9 a la ma\u00f1ana ...", "date": "2020-04-07 18:12:08"}, {"id_message": 53495370519, "message": "es muy duro esto pero con esfuerzo y constancia se puede , muchxs de nosotrxs que ya llevamos bastante en esto lo sabemos de sobra ... lo digo por experiencia y ahora estoy mal pero el mes que viene puede que este un poquito mejor", "date": "2020-04-07 22:59:51"}, {"id_message": 57864192388, "message": "si desayunais , me pod\u00e9is decir lo que desayunais ?", "date": "2020-04-07 23:01:05"}, {"id_message": 96534464062, "message": "diferente ? porque ? \ud83e\udd14", "date": "2020-04-07 23:47:58"}, {"id_message": 41005364129, "message": "bueno , puedes hacer varias cosas , comer un poco simplemente y controlarte , masticarlo mucho para poder saciarte antes . Puedes hacerlos pero no comerlos y decirle a tu madre que en ese momento no te apetece , que ya comer\u00e1s mas adelante , que te encuentras mal", "date": "2020-04-07 23:57:40"}, {"id_message": 96558628071, "message": "con tu palma de la mano midelo", "date": "2020-04-07 23:59:44"}, {"id_message": 59834502892, "message": "y luego coges una regla", "date": "2020-04-07 23:59:49"}, {"id_message": 27770997143, "message": "y te mides la mano", "date": "2020-04-07 23:59:53"}, {"id_message": 94047150723, "message": "porque como tu madre te vea con una regla midiendo el panqueque JAJAJAJAJJS", "date": "2020-04-08 00:00:21"}, {"id_message": 87003732978, "message": "que har\u00e1s entonces ? \ud83e\udd14", "date": "2020-04-08 00:01:26"}, {"id_message": 29117217541, "message": "no pasa nada por uno", "date": "2020-04-08 00:04:13"}, {"id_message": 71657357158, "message": "intenta controlar la situaci\u00f3n y con uno te bastar\u00e1", "date": "2020-04-08 00:05:04"}, {"id_message": 18691057108, "message": "naadaa \ud83d\ude0a", "date": "2020-04-08 00:05:32"}, {"id_message": 52702350059, "message": "para saberlo mejor cuenta las calor\u00edas de los ingredientes", "date": "2020-04-08 00:21:34"}, {"id_message": 54806394522, "message": "y cuenta cuantos te salieron ! !", "date": "2020-04-08 00:21:47"}, {"id_message": 17608761021, "message": "sumas las calor\u00edas y lo divides entre cuantos te han salido , as\u00ed lo puedes saber mejor", "date": "2020-04-08 00:22:37"}, {"id_message": 68666414790, "message": "puedes comer la mitad , o un poco menos , lo comes lento y dices que te encuentras mal , te quitaste esas ganitas de comerlo y a la vez diciendo que no te encuentras bien es como que te obligas tu a no comerlo", "date": "2020-04-08 00:29:27"}, {"id_message": 55444190181, "message": "ya que dijiste que no te encuentras bien", "date": "2020-04-08 00:29:49"}, {"id_message": 79570011126, "message": "no las des para eso estamos", "date": "2020-04-08 00:30:17"}, {"id_message": 46552549627, "message": "dicen que el 20 , pero no me lo creo , seguro que se alarga", "date": "2020-04-08 07:19:03"}, {"id_message": 32491375695, "message": "me encanta tu voz enserio es super relajante", "date": "2020-04-08 07:56:49"}, {"id_message": 43474925065, "message": "yo voy har\u00e9 esa", "date": "2020-04-17 21:49:01"}, {"id_message": 44498560768, "message": "es buena ? \ud83e\udd14", "date": "2020-04-17 21:49:17"}, {"id_message": 47099936755, "message": "pues yo nada la verdad , y tu ? ?", "date": "2020-04-17 21:51:10"}, {"id_message": 60020429523, "message": "sii yo eso tambi\u00e9n lo suelo hacer", "date": "2020-04-18 07:21:03"}, {"id_message": 7185584793, "message": "yo ma\u00f1ana dejo de comer", "date": "2020-04-18 20:52:47"}, {"id_message": 43292097007, "message": "bueno bien y tu ? ? ?", "date": "2020-04-19 15:46:38"}, {"id_message": 34171289233, "message": "oye , creo que voy a empezar a vomitar ...", "date": "2020-04-19 20:48:17"}, {"id_message": 85986686641, "message": "tipo despu\u00e9s de cada comida", "date": "2020-04-19 20:48:22"}, {"id_message": 2405204651, "message": "solo a veces y cuando sea necesario", "date": "2020-04-19 20:48:27"}, {"id_message": 91440966008, "message": "me pod\u00e9is decir como lo hac\u00e9is ?", "date": "2020-04-19 20:48:38"}, {"id_message": 37287471080, "message": "me refiero para hacerlo m\u00e1s f\u00e1cil", "date": "2020-04-19 20:48:57"}, {"id_message": 85518477081, "message": "sisi , si saber ya s\u00e9 , pero esque ya no me da la arcada", "date": "2020-04-19 20:50:00"}, {"id_message": 36545989057, "message": "quer\u00eda saber diferentes formas de como los hac\u00edais", "date": "2020-04-19 20:50:44"}, {"id_message": 22158809509, "message": "psra ver si me sirve", "date": "2020-04-19 20:50:49"}, {"id_message": 22227529792, "message": "bueno , hace como menos de uns semana que no v\u00f3mito , probar\u00e9 de nuevo con la forma normal ( con los dedos )", "date": "2020-04-19 20:52:35"}, {"id_message": 84347723836, "message": "muchas gracias \u2764 \ufe0f", "date": "2020-04-19 21:10:24"}, {"id_message": 52052044331, "message": "eres de mucha ayuda", "date": "2020-04-19 21:10:29"}, {"id_message": 97046570410, "message": "por lo menos para m\u00ed", "date": "2020-04-19 21:10:35"}, {"id_message": 36271719265, "message": "yo tambi\u00e9n me apunto ! ! !", "date": "2020-04-20 07:05:04"}, {"id_message": 45132098425, "message": "yo apunto de irme a dormir \ud83d\udca4", "date": "2020-04-24 23:08:59"}, {"id_message": 65905694925, "message": "\ud83d\ude02 \ud83d\ude02 \ud83d\ude02", "date": "2020-04-25 13:02:20"}, {"id_message": 37414352254, "message": "yo bebo super poca \ud83e\udd26\ud83c\udffb\u200d\u2640 \ufe0f", "date": "2020-04-25 22:08:40"}, {"id_message": 50616777362, "message": "todo es poco a poco", "date": "2020-07-15 21:38:58"}, {"id_message": 25190678631, "message": "\u00faltimamente estoy comiendo poco y estoy bien", "date": "2020-07-15 23:47:31"}, {"id_message": 81733977064, "message": "pero siento que no adelgazo", "date": "2020-07-15 23:47:37"}]