[{"id_message": 16953294388, "message": "Hola yo hoy dia de brazo y un poco de cardio con estas vistas . So restos de una OCR que hubo aqui el domingo", "date": "2018-11-08 12:57:48"}, {"id_message": 1038183219, "message": "No pasa nada \ud83d\ude0a", "date": "2018-11-08 13:16:52"}, {"id_message": 91313227880, "message": "Muy bien . Hoy Cansado y sin ganas de venir pero una vez que terminas quedas encantado \ud83d\ude01", "date": "2018-11-08 13:21:50"}, {"id_message": 18790575574, "message": "Jaja si yo hoy mas bien era por situaci\u00f3n familiar . Pero as\u00ed tambi\u00e9n quite estr\u00e9s . Que para eso es tambi\u00e9n muy bueno . Entrenar no hay problema porque pr\u00e1cticamente me gusta entrenar todos los grupos musculares . \ufffc", "date": "2018-11-08 13:25:28"}, {"id_message": 82784995503, "message": "Y ya est\u00e1s bien para todo el d\u00eda", "date": "2018-11-08 13:26:35"}, {"id_message": 80945315546, "message": "Si ya llevo unos a\u00f1os", "date": "2018-11-08 13:27:28"}, {"id_message": 84033677525, "message": "Me quite 13 kg de encima", "date": "2018-11-08 13:27:34"}, {"id_message": 66392343342, "message": "Pues exactamente no se el tiempo . Menos de un a\u00f1o . Luego dije asi estoy bien me mantuve siempre asi y ahora quiero tonificar algo mas y ganar masa muscular", "date": "2018-11-08 13:31:25"}, {"id_message": 68527655262, "message": "Que guay . Me alegro \ud83d\ude0a", "date": "2018-11-08 13:38:17"}, {"id_message": 43009443038, "message": "Ya eso es cierto", "date": "2018-11-08 13:41:16"}, {"id_message": 32858745852, "message": "S\u00ed y ocasiona problemas de todo en la piel del aumento de peso", "date": "2018-11-08 13:43:40"}, {"id_message": 35084424390, "message": "Desde que empec\u00e9 a cambiar el estilo de vida , estoy con la suplementaci\u00f3n de Herbalife", "date": "2018-11-08 13:47:17"}, {"id_message": 69490696455, "message": "Pero a\u00fan hace poco recomendado por un amigo", "date": "2018-11-08 13:48:22"}, {"id_message": 37759253822, "message": "Estoy tomando 5 g al d\u00eda", "date": "2018-11-08 13:50:09"}, {"id_message": 43631660219, "message": "O la divido en dos tomas . Antes y despues de entrenar", "date": "2018-11-08 14:17:32"}, {"id_message": 17378088552, "message": "O solo antes de entrenar", "date": "2018-11-08 14:17:39"}, {"id_message": 76405088587, "message": "Yoo que le di sin querer", "date": "2019-01-06 00:25:26"}, {"id_message": 5245463273, "message": "Boa t\u00edo , un canal nuevo al que me acabo de unir", "date": "2019-04-21 21:02:55"}]