[{"id_message": 16456969993, "message": "Hola \ud83e\udd19 \ud83d\udcaa", "date": "2018-11-23 15:51:56"}, {"id_message": 6182886854, "message": "Chicos tengo una duda , yo soy corredor de fondo ( medias maratones 10 km ) y compito en ello por tanto meto mucho cardio en mis entrenos junto con 4 sesiones semanales de pesas , algun consejo para empezar una fase de volumen ? Ira lenta pero soy muy paciente", "date": "2018-11-23 19:34:11"}, {"id_message": 65580642316, "message": "Si pero lo hago a nivel amateur no tengo el sue\u00f1o de llegar un dia al nivel de los keniatas lo hago para tener algo en lo que desconectar de la uni", "date": "2018-11-23 19:42:49"}, {"id_message": 26532932673, "message": "He leido en bastantes articulos y estudios que el superavit debe ser a modo de prueba y error , por ejemplo no centrarte en un superavit fijo digamos que de 250 kcal ya que eso hay semanas que puede ser excesivo debido a que disminuyes tu nivel de actividad u otras que por otras razones tenga que ser mayor y de los peligros de estar en una misma semana en deficit o superavit", "date": "2018-11-23 19:48:24"}, {"id_message": 22932794291, "message": "Yo voy a pegarle un poco a la calistenia", "date": "2018-11-25 18:51:53"}, {"id_message": 87360950910, "message": "Amigos pueden ayudarme en una cosa porfa ?", "date": "2018-11-29 19:57:57"}, {"id_message": 36070789051, "message": "Mi peso varia mucho ahora estoy en unos 84 kg y 15 % grasa segun una bascacula con completo que te mide todo", "date": "2018-11-29 20:07:09"}, {"id_message": 31944737037, "message": "Tambi\u00e9n cabe decir que mi estado fisico anterior era 20 kg mas", "date": "2018-11-29 20:07:26"}, {"id_message": 10234193052, "message": "Esto ha sido tras un proceso de perdida de peso", "date": "2018-11-29 20:08:01"}, {"id_message": 12157731418, "message": "No creas jajaja 183 cm", "date": "2018-11-29 20:08:16"}, {"id_message": 25952969340, "message": "De cintura 84 cm tengo", "date": "2018-11-29 20:08:26"}, {"id_message": 35931377330, "message": "Sii es la parte que mas me cuesta definir por ejenplo la zona superior de la espalda es la mas rajada", "date": "2018-11-29 20:10:49"}, {"id_message": 35424253428, "message": "Sin embargo ahora la tengo mas definida que hace un mes pero es mi zona fofilla", "date": "2018-11-29 20:12:10"}, {"id_message": 88012415848, "message": "Definiendo definiendo desde abril pero ya te digo empece con 107 kilos", "date": "2018-11-29 20:15:27"}, {"id_message": 48001943644, "message": "Y ahora estoy asi", "date": "2018-11-29 20:15:33"}, {"id_message": 91917698758, "message": "Mi prioridad no es rajarme o crecer mucho simplemente pues me molaria marcar algo mas y asi", "date": "2018-11-29 20:16:17"}, {"id_message": 28640001763, "message": "En verano si que subi algo mas pero Porque descuide un poco la dieta pero ahora si que subo segun mi NEAT diario", "date": "2018-11-29 20:19:05"}, {"id_message": 29150343820, "message": "O sea tu metodo era por ejemplo , 1 mes en volumen y luego 2 semas definiendo ?", "date": "2018-11-29 23:00:35"}, {"id_message": 98805657974, "message": "Dandole ca\u00f1a con que frecuencia a las pesas ?", "date": "2018-11-29 23:00:48"}, {"id_message": 85282240544, "message": "Yo le pego tambien un par de dias a la semana al menos 18-21 km a correr es algo que me mola bastante", "date": "2018-11-29 23:03:07"}, {"id_message": 33862869269, "message": "Me la apunto gracias tio", "date": "2018-11-29 23:03:17"}, {"id_message": 58693568720, "message": "La Rioja \ud83d\ude4a", "date": "2018-12-01 00:42:27"}, {"id_message": 18836755553, "message": "Perder 10 kilos en 1 dia es muy facil", "date": "2018-12-03 17:45:15"}]