[{"id_message": 69925245670, "message": "Nadie es responsable de la vida de los dem\u00e1s", "date": "2022-05-06 02:37:37"}, {"id_message": 42195943719, "message": "Ellas son responsables de sus propias vidas", "date": "2022-05-06 02:37:54"}, {"id_message": 29574175374, "message": "Nadie nos obliga a estar aqu\u00ed", "date": "2022-05-06 02:37:59"}, {"id_message": 42020367339, "message": "Si su hija lleg\u00f3 a ese punto fue por qu\u00e9 quer\u00eda tocar fondo y llamar la atenci\u00f3n de sus padres , sin duda ella no quer\u00eda esto , solo es una persona insegura de si misma buscando una alternativa", "date": "2022-05-06 02:38:58"}, {"id_message": 7456364645, "message": "Aqu\u00ed la encontro en vez de con sus padres", "date": "2022-05-06 02:39:07"}, {"id_message": 2439716257, "message": "Y en parte te deben las gracias por qu\u00e9 gracias a ti busco otro tipo de ayuda", "date": "2022-05-06 02:39:17"}, {"id_message": 70575327067, "message": "Sabes , las armas no matan personas , las personas matan personas", "date": "2022-05-06 02:39:28"}, {"id_message": 15693560601, "message": "Puedo decirte que no te tardes mucho , yo hago una comida grande , ya sea desayuno o cena , despu\u00e9s intento entrar a ba\u00f1arme , dejo el agua fria abierta un rato , pongo m\u00fasica a todo volumen y saco todo", "date": "2022-05-08 08:53:12"}, {"id_message": 82539834020, "message": "Nadie sospecha nada , el ruido se oculta con la m\u00fasica y el agua", "date": "2022-05-08 08:53:29"}, {"id_message": 97686705745, "message": "Ocupo dos dedos , no los saco de golpe para no salpicar y que no se escuchen arcadas", "date": "2022-05-08 08:54:05"}, {"id_message": 34841568044, "message": "Hay alimentos que se digieren m\u00e1s r\u00e1pido que otros , pero de verdad no te recomiendo tardar m\u00e1s de una hora", "date": "2022-05-08 08:54:40"}, {"id_message": 89144663605, "message": "Toma agua si es algo muy s\u00f3lido , solo no te excedas o si no sale m\u00e1s agua y \u00e1cido g\u00e1strico que comida", "date": "2022-05-08 08:55:07"}]