[{"id_message": 17359661408, "message": "Quiero volver a bajar", "date": "2022-05-22 02:42:03"}, {"id_message": 75361184488, "message": "Me pasan licuados detox ? ?", "date": "2022-05-22 02:43:48"}, {"id_message": 9039265003, "message": "Les parece desayunar caf\u00e9 con leche descremada y con edulcorante", "date": "2022-05-22 16:14:36"}, {"id_message": 50233230761, "message": "Y dos galletas de arroz con un poco de mebrillo", "date": "2022-05-22 16:14:49"}, {"id_message": 317053829, "message": "Y comer una manzana", "date": "2022-05-22 16:14:57"}, {"id_message": 77067786490, "message": "Yo voy a hacer las 4 comidas pero m\u00e1s peque\u00f1as y menos kcal", "date": "2022-05-22 22:12:28"}, {"id_message": 17564012931, "message": "Chicas en dos d\u00edas baj\u00e9 dos kilos", "date": "2022-05-23 21:06:11"}, {"id_message": 78686261563, "message": "No pude hacer ejercicio tmp", "date": "2022-05-23 21:11:35"}, {"id_message": 68535256950, "message": "Com\u00ed galletas de arroz", "date": "2022-05-23 21:36:15"}, {"id_message": 53816333312, "message": "Para sustituir los carbohidatos", "date": "2022-05-23 21:36:25"}, {"id_message": 19591398689, "message": "Espero ma\u00f1ana pesar junto 82", "date": "2022-05-23 21:36:37"}, {"id_message": 22366908192, "message": "D\u00f3nde puedo ver la pel\u00edcula el demonio neon ? ? Es una pel\u00edcula sobre anorexia", "date": "2022-05-23 22:28:31"}, {"id_message": 98528108692, "message": "Me escondieron la balanza", "date": "2022-05-24 16:51:15"}]