[{"id_message": 46808456219, "message": "Yo era de los que dec\u00eda que la gente que iba a esa hora al gimnasio estaba loca ... y mira ahora .", "date": "2019-06-02 21:13:34"}, {"id_message": 50756143183, "message": "Nunca puedes decir de este agua no beber\u00e9", "date": "2019-06-02 21:13:59"}, {"id_message": 75042106371, "message": "A m\u00ed me cuesta menos madrugar para ir porque lo tengo justo al lado de casa . Salir del portal y ya estoy en el gimnasio", "date": "2019-06-02 21:17:11"}, {"id_message": 76543603015, "message": "Gracias . Lo tomas tu ?", "date": "2019-06-02 21:18:21"}, {"id_message": 70132909669, "message": "Chic @s buenos d\u00edas Conoc\u00e9is alguna alternativa al ejercicio hip thrust ?", "date": "2019-06-04 11:53:38"}, {"id_message": 70173808503, "message": "Buscare informaci\u00f3n porque desconozco la mayor\u00eda d ejercicios que mencion\u00e1is", "date": "2019-06-04 12:18:50"}, {"id_message": 84074627095, "message": "Gracias a todos por las recomendaciones", "date": "2019-06-04 13:40:14"}, {"id_message": 75854237184, "message": "Y yo sin cenar ... llevo un d\u00eda con un mal cuerpo", "date": "2019-06-04 23:35:50"}, {"id_message": 66750297539, "message": "Solo he tomado un batido para no irme con el est\u00f3mago vac\u00edo", "date": "2019-06-04 23:36:14"}, {"id_message": 11874171510, "message": "Como meta algo s\u00f3lido lo voy a echar", "date": "2019-06-04 23:38:52"}, {"id_message": 71877769092, "message": "Qu\u00e9 hace ah\u00ed mi pedido ? ? ?", "date": "2019-06-05 14:04:54"}, {"id_message": 80074313765, "message": "Este es natural ? ? No conozco a casi nadie de este mundillo", "date": "2019-06-05 14:05:22"}, {"id_message": 54489852406, "message": "Al hilo de esto , sol\u00e9is notar ese ardor en la espalda cuando la entren\u00e1is ? ? Yo hoy por ejemplo he hecho hoy jalones , remo sentado , remo con mancuernas ... y en el momento de hacer el ejercicio s\u00ed que noto esa congesti\u00f3n pero despu\u00e9s a lo largo del d\u00eda no noto nada , en cambio ayer que hice pectoral sigo teniendo hoy ese quemaz\u00f3n", "date": "2019-06-05 18:11:09"}, {"id_message": 70522497722, "message": "Yo la semana pasada estuve con la t\u00edpica \u201c tort\u00edcolis \u201d no s\u00e9 si por el entreno de espalda ...", "date": "2019-06-05 18:15:57"}, {"id_message": 70834235579, "message": "No s\u00e9 si es por el entrenamiento o por la silla de la oficina", "date": "2019-06-05 18:46:12"}, {"id_message": 21718584590, "message": "Que animal ! ! ! \ud83d\udcaa\ud83c\udffb \ud83d\udcaa\ud83c\udffb Una cosa , no se te ladea mucho la barra ? ? Hacia la izquierda ... ah\u00ed tienes que perder estabilidad por cojones", "date": "2019-06-06 12:15:54"}, {"id_message": 25759620868, "message": "Si no es por eso te haces dos m\u00e1s", "date": "2019-06-06 12:19:21"}, {"id_message": 75176925915, "message": "Yo hoy en peso muerto 100 kg 4 repeticiones y en la 5 me desmont\u00e9 y no tir\u00e9 para no joderme", "date": "2019-06-06 12:26:15"}, {"id_message": 59466418009, "message": "Para los pesos que la gente maneja por aqu\u00ed , eso es poco . Con ese peso calientan", "date": "2019-06-06 12:28:10"}, {"id_message": 86939087580, "message": "Hay gente muy fuerte en el grupo", "date": "2019-06-06 12:28:35"}, {"id_message": 71195800500, "message": "Yo peso muerto he empezado ha hacerlo hace poco por respeto a las lesiones . La zona lumbar la nota m\u00e1s d\u00e9bil y me he intentado fortalecer", "date": "2019-06-06 12:35:04"}, {"id_message": 53669051268, "message": "Hab\u00e9is visto el \u00faltimo v\u00eddeo que ha subido escuela de culturismo natural ?", "date": "2019-06-06 13:57:52"}, {"id_message": 90376982865, "message": "Que hambre me acaba de entrar", "date": "2019-06-06 14:06:25"}, {"id_message": 56513182638, "message": "40 , y solo hay un par de mancuernas . No es que tengan mucha demanda ...", "date": "2019-06-10 14:56:52"}, {"id_message": 67059371834, "message": "Pues no siento las piernas ! ! ! Hoy para empezar la semana , para mi hoy es lunes que ayer fue festivo aqu\u00ed , le hemos dado duro a las piernas ... voy progresando en la sentadilla , hoy 100 kg Y esta tarde revisi\u00f3n con el nutricionista a ver qu\u00e9 progreso llevamos", "date": "2019-06-11 11:57:08"}, {"id_message": 2310602878, "message": "T\u00fa est\u00e1s como un Toro", "date": "2019-06-11 11:57:27"}, {"id_message": 78568665047, "message": "En la siguiente publicaci\u00f3n suya , los resultados del control", "date": "2019-06-17 12:58:25"}, {"id_message": 92261249266, "message": "Yo en depende qu\u00e9 fotos si me parece natural y en otras no", "date": "2019-06-17 12:58:43"}, {"id_message": 35298272910, "message": "Compis , me recomend\u00e1is alguna zapatilla buena bonita y barata para el gimnasio ? ? Hoy haciendo sentadilla no me ha gustado que casi pierdo el equilibrio . Ahora uso unas normales de la marca propia de las tiendas d\u00e9cimas", "date": "2019-06-17 13:28:05"}, {"id_message": 48283186375, "message": "Las que tengo ahora no tiene c\u00e1mara de aire y a\u00fan as\u00ed no me siento estable", "date": "2019-06-17 13:40:59"}, {"id_message": 63767561102, "message": "No s\u00e9 cu\u00e1les son las nano , buscar\u00e9", "date": "2019-06-17 13:41:31"}, {"id_message": 1460865142, "message": "Gracias voy a ver", "date": "2019-06-17 13:41:46"}, {"id_message": 27491542300, "message": "Una pregunta , las us\u00e1is para todo el gimnasio o solo para peso muerto y sentadilla ?", "date": "2019-06-17 13:42:17"}, {"id_message": 88111642770, "message": "De todas las que me hab\u00e9is recomendado en Amazon no tienen mi n\u00famero de ninguna de ellas", "date": "2019-06-17 13:57:56"}, {"id_message": 93582158253, "message": "Para correr no las voy usar , solo para gimnasio", "date": "2019-06-17 14:27:54"}, {"id_message": 28638198770, "message": "Alguien de aqu\u00ed tiene las reebok lifter ? Por precio creo que me pillar\u00e9 est\u00e1s pero nos las encuentro en tienda f\u00edsica para probarlas C\u00f3mo tallan , dan mucha talla ? Yo uso un 41 y por la tabla de medidas de reebok ser\u00eda un 40,5 y estoy en la duda de ese o el 41", "date": "2019-06-19 10:16:04"}, {"id_message": 43356218630, "message": "Utilizas estas mismas zapatillas ?", "date": "2019-06-19 10:27:40"}, {"id_message": 60675707125, "message": "Esto de tener que pillarlas por internet sin poder prob\u00e1rselas uno antes ...", "date": "2019-06-19 10:34:27"}, {"id_message": 55962911102, "message": "De reebok solo no he ido a ninguna , tengo que mirar si hay alguna en Valladolid pero en otras tiendas de deportes no ten\u00edan este tipo de zapatillas", "date": "2019-06-19 10:47:03"}, {"id_message": 90550665955, "message": "Acabo de estar en Zamora", "date": "2019-06-19 10:49:09"}, {"id_message": 97037458711, "message": "Vamos a darle a las piernas", "date": "2019-06-27 06:40:21"}, {"id_message": 85599406266, "message": "Mis nuevas zapatillas para el gimnasio", "date": "2019-06-28 19:21:07"}, {"id_message": 25297111290, "message": "Al final las Under Armour las tuve que devolver porque me ven\u00edan peque\u00f1as y al final he cogido las nano 8", "date": "2019-06-28 19:21:49"}, {"id_message": 60611942722, "message": "El lunes las pruebo que toca pierna", "date": "2019-06-28 19:24:42"}, {"id_message": 31762583057, "message": "A ver en la sentadilla , pero tienen que ir bien", "date": "2019-06-28 19:24:56"}, {"id_message": 54926724613, "message": "Cualquiera de las dos son zapatillas de PM", "date": "2019-06-28 19:34:11"}, {"id_message": 72531296873, "message": "Si , te entend\u00ed eso ya son gustos", "date": "2019-06-28 19:36:56"}, {"id_message": 77668903752, "message": "Los colores en las zapatillas , por lo menos en las nano , es como en los coches . Dependiendo de un color u otro tiene un precio distinto", "date": "2019-06-28 19:40:04"}, {"id_message": 98382370098, "message": "Yo tomo 7-8 gramos de creatina y peso 70", "date": "2019-06-29 19:15:39"}, {"id_message": 15722699943, "message": "En la primera foto parece que le han pegado la cara a ese cuerpo", "date": "2019-06-29 22:55:43"}]