[{"id_message": 41688979169, "message": "Loquitas \ud83d\ude48", "date": "2019-03-23 11:02:57"}, {"id_message": 99323774985, "message": "Hoy es un dia perfecto para dejar la droga ! ! !", "date": "2019-03-25 11:25:25"}, {"id_message": 36946939334, "message": "Buenos dias \u2600 \ufe0f", "date": "2019-03-25 11:25:39"}, {"id_message": 11332924909, "message": "Oh si \ud83d\udd25", "date": "2019-04-04 22:03:13"}, {"id_message": 7313415380, "message": "Ya llegaron los hackers", "date": "2019-04-05 01:35:23"}, {"id_message": 7462870402, "message": "Jajajaja putos seran siempre", "date": "2019-04-05 01:36:15"}, {"id_message": 9814409928, "message": "Has sido tu el culpable", "date": "2019-04-05 01:37:56"}, {"id_message": 48148749720, "message": "Ellos vienen del sport", "date": "2019-04-05 01:38:10"}, {"id_message": 37084119530, "message": "No me das salseo", "date": "2019-04-05 01:40:42"}, {"id_message": 6056989317, "message": "Esos han petado esto de virus", "date": "2019-04-05 01:42:08"}, {"id_message": 64152835979, "message": "Y no lo sabeis ...", "date": "2019-04-05 01:42:13"}, {"id_message": 23861851823, "message": "Que risa me he dado", "date": "2019-04-05 01:44:04"}, {"id_message": 23751593801, "message": "Me encantan los trolls", "date": "2019-04-05 01:44:15"}, {"id_message": 52749754404, "message": "Pero desde que entre yo ...", "date": "2019-04-05 01:44:41"}, {"id_message": 34884361530, "message": "Pero yo soy bueno lu", "date": "2019-04-05 01:45:58"}, {"id_message": 97959094677, "message": "Os puedo hacer una pregunta a tod @s ?", "date": "2019-04-05 21:29:49"}, {"id_message": 2201112045, "message": "A vosotr @s que os motiv\u00f3 para hacer deporte .", "date": "2019-04-05 21:30:26"}, {"id_message": 72026543595, "message": "Gracias por la respuesta rey", "date": "2019-04-05 21:32:34"}, {"id_message": 16315671777, "message": "La mala vida , caer en la droga o en pandillas ... De eso ha salido alguien de aqui por el deporte ?", "date": "2019-04-05 21:33:53"}, {"id_message": 22644444039, "message": "Buen motivo ese wey !", "date": "2019-04-05 21:34:32"}, {"id_message": 44965067950, "message": "Dale kaske \ud83d\udcaa", "date": "2019-04-05 21:34:58"}, {"id_message": 85139396235, "message": "Cuando pille wifi lo descargo ! \ud83d\ude0e", "date": "2019-04-05 21:36:39"}, {"id_message": 76819959880, "message": "\ud83d\ude48 te van a poner inyeccion doble las enfermeras \ud83d\udd25", "date": "2019-04-05 21:40:24"}, {"id_message": 76349661458, "message": "Tenias que haber entrado en una pandilla entonces wey", "date": "2019-04-05 23:27:57"}, {"id_message": 33178156845, "message": "Y sacar otra cosita ...", "date": "2019-04-05 23:28:28"}, {"id_message": 3373993583, "message": "Lo hara el ? \ud83d\ude48", "date": "2019-04-05 23:33:41"}, {"id_message": 41663891096, "message": "Molan los papis motivadores", "date": "2019-04-05 23:34:40"}, {"id_message": 67680157625, "message": "De los bajos fondos ...", "date": "2019-04-05 23:35:53"}, {"id_message": 57612123611, "message": "No creo ... Ahi igual de mafias !", "date": "2019-04-05 23:36:56"}, {"id_message": 50267007469, "message": "Tu crees ? \ud83d\ude05", "date": "2019-04-05 23:37:52"}, {"id_message": 70759008425, "message": "Si eres de la moraleja quizas no veas esas cosas jaja", "date": "2019-04-05 23:38:24"}, {"id_message": 30181238162, "message": "Y a quien atacabais ? \ud83d\ude0f", "date": "2019-04-05 23:39:05"}, {"id_message": 3455816590, "message": "Yo no he dicho que sea latino eh", "date": "2019-04-05 23:40:08"}, {"id_message": 55918523536, "message": "Ostias , vosotros en vez de atacar ... Veiais cosas ricas \ud83d\udd25", "date": "2019-04-05 23:41:55"}, {"id_message": 44342399898, "message": "Todos para una y una para todos ... Suena bien eso eh jajaj", "date": "2019-04-05 23:43:52"}, {"id_message": 96589980981, "message": "En plan los angeles del inferno", "date": "2019-04-05 23:44:43"}, {"id_message": 31870432242, "message": "Yo un ford fiesta", "date": "2019-04-05 23:47:41"}, {"id_message": 71961453445, "message": "Y que tal con ellos ...", "date": "2019-04-05 23:50:05"}, {"id_message": 57706045782, "message": "Eso es bueno , no va a ser todo vandalismo \ud83e\udd73", "date": "2019-04-05 23:51:50"}, {"id_message": 91158800651, "message": "Buena motivacion esa bro \ud83e\udd1f", "date": "2019-04-05 23:55:25"}, {"id_message": 87811879724, "message": "El cejas pesara menos de 49 ?", "date": "2019-04-05 23:56:21"}, {"id_message": 45411889901, "message": "Pero el cabron folla que es la ostia ...", "date": "2019-04-05 23:57:05"}, {"id_message": 50806192075, "message": "Mirar zagales , motivacion pal gym", "date": "2019-04-05 23:59:43"}, {"id_message": 10415386522, "message": "Pues espero que siempre te veas y te sientas genial =)", "date": "2019-04-06 03:09:48"}, {"id_message": 60198316268, "message": "Y que mejor mensaje , que decirle ...", "date": "2019-04-13 18:20:17"}, {"id_message": 18225889952, "message": "Le voy a quitar el puesto como no de se\u00f1ales ...", "date": "2019-04-13 18:55:23"}, {"id_message": 90481745382, "message": "Por la estatura se puede sacar la medida del nabo ?", "date": "2019-04-15 18:49:28"}, {"id_message": 48896077546, "message": "Es una curiosidad que tengo de hace tiempo ...", "date": "2019-04-15 18:49:44"}, {"id_message": 23378551107, "message": "A que monasterio has ido rezar", "date": "2019-04-19 10:38:29"}, {"id_message": 11756843810, "message": "Hoy es un buen dia para ir a misa !", "date": "2019-04-21 09:37:58"}]