[{"id_message": 51815275443, "message": "yo soy de Moncloa", "date": "2019-02-04 09:43:51"}, {"id_message": 41409606439, "message": "pero estoy en el Basic Fit , pago una mierda y como voy de ma\u00f1ana aunque se masifiquen no suele haber casi ni peter ...", "date": "2019-02-04 09:44:10"}, {"id_message": 60186202481, "message": "a ver , el truco es que tengo permanencia , sino pagar\u00eda 28-29 \u20ac", "date": "2019-02-04 09:45:31"}, {"id_message": 71586232542, "message": "me regalaron dos meses y matricula", "date": "2019-02-04 09:45:41"}, {"id_message": 70655751021, "message": "voy a Orense normalmente , pero s\u00ed , si tuviese que ir por las tardes al gym ni de co\u00f1a estar\u00eda en esta cadena .. jajaja", "date": "2019-02-04 09:46:35"}, {"id_message": 10276556403, "message": "por las ma\u00f1anas se va bien", "date": "2019-02-04 09:46:38"}, {"id_message": 41814300562, "message": "ahora han sacado una oferta que si os apunt\u00e1is dos personas sin permanencia os sale a cada una por unos 19 \u20ac mes , y con 15 \u20ac", "date": "2019-02-04 09:47:54"}, {"id_message": 45607140933, "message": "si quieres ir por la ma\u00f1ana est\u00e1 bien , o a clases colectivas , por las tardes no te lo recomiendo ..", "date": "2019-02-04 09:48:10"}, {"id_message": 30896552420, "message": "y ya \u00faltimo porque tampoco he ido a muchos m\u00e1s , est\u00e1 uno que se llama wellsport en la zona de ciudad universitaria-moncloa ... ese para universitarios vale 25 \u20ac mes sin permanencia , y muchas veces sacan ofertas matricula gratis", "date": "2019-02-04 09:49:40"}, {"id_message": 27214224103, "message": "era un antiguo club spa que val\u00eda la ostia ir , lo compraron otros y ahora es rollo club lowcost", "date": "2019-02-04 09:50:02"}, {"id_message": 99480110607, "message": "para la gente cercana a metropolitano-francos rodr\u00edguez est\u00e1 guay \ud83d\ude01", "date": "2019-02-04 09:53:10"}, {"id_message": 13250820932, "message": "tu a cual vas Liz ?", "date": "2019-02-04 09:53:52"}, {"id_message": 24257186473, "message": "cierto ... la mayor\u00eda est\u00e1n por M\u00f3stoles , Fuenla", "date": "2019-02-04 09:56:59"}, {"id_message": 10035152684, "message": "pero hay uno nuevo en San Bernardo", "date": "2019-02-04 09:57:11"}, {"id_message": 51388517443, "message": "Buenos d\u00edas musculosos , a darlo todo esta semana .. \ud83d\ude80", "date": "2019-03-25 08:34:54"}, {"id_message": 58197187200, "message": "Cu\u00e9ntanos seg\u00fan vaya , que edad tiene y que dolencia ?", "date": "2019-03-25 08:38:38"}, {"id_message": 80704490932, "message": "Yo pronto te tomar\u00e9 el ejemplo de estas horas", "date": "2019-04-10 05:26:35"}, {"id_message": 65617174147, "message": "Pero mi gym no abre hasta las 7 xd", "date": "2019-04-10 05:26:44"}]