[{"id_message": 67586580054, "message": "Algun consejo para sacarle partido a la sentadilla ?", "date": "2022-11-02 00:33:02"}, {"id_message": 94951475595, "message": "Prensa puede ser por bajar demasiado y hacer un peque\u00f1o gui\u00f1o de cadera , si no puede ser por una sobre caraga de otros ejercicios", "date": "2022-11-02 22:22:40"}, {"id_message": 56122226220, "message": "Es lo unico q se me ocurre", "date": "2022-11-02 22:22:48"}, {"id_message": 95035468217, "message": "Yo le doy 14 cuad , 14 femoral , 8 aductor , 8 gemelos , 8 gluteo ( semanalmente )", "date": "2022-11-04 21:25:16"}, {"id_message": 80208891282, "message": "A ver uno era en inclinado y otro plano pero igualmente el andoni lo unico natural q toma sera agua y poquito mas", "date": "2022-11-04 23:38:06"}, {"id_message": 78043025441, "message": "Eso es jusro lo q me paso a mi", "date": "2022-11-04 23:38:46"}, {"id_message": 63515735423, "message": "A ver se nota diferencia", "date": "2022-11-04 23:38:54"}, {"id_message": 54496625317, "message": "Pero son muy grandes los dos", "date": "2022-11-04 23:39:03"}, {"id_message": 32489714374, "message": "Niguna es muy exacta", "date": "2022-11-04 23:42:34"}, {"id_message": 20847264613, "message": "Excepto analisis muy caros", "date": "2022-11-04 23:42:48"}, {"id_message": 29664065651, "message": "Alguien me recomienda rutina d 5 dias hipertrofia", "date": "2022-11-06 01:37:50"}, {"id_message": 79105028233, "message": "Es k hago power y quiero probar cosas distintas", "date": "2022-11-06 01:38:13"}, {"id_message": 59466118535, "message": "No tiene q ser de power", "date": "2022-11-06 13:15:15"}, {"id_message": 44550126640, "message": "Rutina normal d 5 dias de hipwetrofia", "date": "2022-11-06 13:15:25"}, {"id_message": 16405050184, "message": "Es k mi rutina combina sentadilla y banca en un mismo dia jajajajaj", "date": "2022-11-07 00:09:01"}, {"id_message": 95518769034, "message": "Alguien sabe algo sobre dolor de cuello", "date": "2022-11-07 23:32:18"}, {"id_message": 78429953698, "message": "Es q me esta matando", "date": "2022-11-07 23:32:25"}, {"id_message": 66546809419, "message": "Q no lo se jajajaja", "date": "2022-11-07 23:35:58"}, {"id_message": 57452420068, "message": "Ire al medico a ver q me dice y dsps al fisio", "date": "2022-11-07 23:37:09"}, {"id_message": 84820879466, "message": "No t pdo ayudar pq no se como hacer bien ese ejercicio jajaja", "date": "2022-11-18 19:46:28"}, {"id_message": 59202321569, "message": "Hola , alguien sabe cuales son las marcas minimas de subjunior en power ?", "date": "2022-12-14 19:49:04"}, {"id_message": 47410060253, "message": "Tengo 16 a\u00f1os y peso 70kg x si ayuda", "date": "2022-12-14 19:49:30"}]