[{"id_message": 23838573673, "message": "Saludos desde de Mexico", "date": "2019-05-29 22:32:55"}, {"id_message": 43407714133, "message": "Una rutina para ma\u00f1ana", "date": "2019-05-29 22:33:32"}, {"id_message": 52752441711, "message": "Tsssss Oaxaca el estado m\u00e1s perron", "date": "2019-05-29 23:36:42"}, {"id_message": 62617888016, "message": "Buenas noche ! ! A descansar", "date": "2019-05-30 06:55:47"}, {"id_message": 89712010625, "message": "Ac\u00e1 en la cdmx", "date": "2019-05-30 06:55:55"}, {"id_message": 4483723659, "message": "Hice mucho cardi\u00f3 y necesito prote\u00edna de aqu\u00ed a un mes prosee volverlos a comer", "date": "2019-05-30 20:37:07"}, {"id_message": 37206723738, "message": "\ud83d\ude13", "date": "2019-05-30 20:37:13"}, {"id_message": 27595410150, "message": "Esacto de esta tambi\u00e9n", "date": "2019-05-30 20:38:09"}, {"id_message": 41937118437, "message": "Aqu\u00ed no hay eso , que es ?", "date": "2019-05-30 20:40:03"}, {"id_message": 12144968457, "message": "Del sur de la CDMX", "date": "2019-05-30 20:45:01"}, {"id_message": 9936957067, "message": "Correrse es enfermedad del est\u00f3mago ?", "date": "2019-05-30 21:02:58"}, {"id_message": 58616874233, "message": "Eso es curvy y no entra en obesidad ? O algo as\u00ed ...", "date": "2019-06-17 21:27:39"}, {"id_message": 58637949070, "message": "Damn valla que si ! ! !", "date": "2019-06-17 21:37:46"}]