[{"id_message": 43512288278, "message": "@USER fotos Disney , no ?", "date": "2019-06-10 22:24:39"}, {"id_message": 47207101279, "message": "Perdonad mi retraso de conversaci\u00f3n , qu\u00e9 es hmb ?", "date": "2019-06-10 22:26:37"}, {"id_message": 60586535093, "message": "Y cuidado con las lesiones", "date": "2019-06-10 22:26:46"}, {"id_message": 87304108424, "message": "@USER encantada tambi\u00e9n \ud83d\ude0a", "date": "2019-06-10 22:27:00"}, {"id_message": 36690258170, "message": "@USER gracias juli , qu\u00e9 buen te veni", "date": "2019-06-10 22:27:16"}, {"id_message": 70554458251, "message": "Bien te veo \ud83d\ude02 ( el predictivo )", "date": "2019-06-10 22:27:36"}, {"id_message": 33120010316, "message": "Lu ... mi ni\u00f1aaaaaa \ud83d\ude18 \ud83d\ude18 \ud83d\ude18", "date": "2019-06-10 22:27:48"}, {"id_message": 47246625061, "message": "Gracias @USER , para qu\u00e9 sirve porfa ?", "date": "2019-06-10 22:28:19"}, {"id_message": 90161525320, "message": "Ah\u00ed vamos , de lunes , hoy tranquila , tengo lesiones en rodilla y voy poco a poco , pero empiezo . Me he propuesto correr , a ver si soy capaz \ud83d\ude02", "date": "2019-06-10 22:29:16"}, {"id_message": 2206751814, "message": "Empezar\u00e9 en cinta , pero la idea es fuera \ud83d\ude0a", "date": "2019-06-10 22:30:54"}, {"id_message": 80122946897, "message": "Quisiera llegar a correr trail , pero a ver mi resistencia", "date": "2019-06-10 22:31:43"}, {"id_message": 32909067890, "message": "Ya os ir\u00e9 contando . Y a ver la entrenadora personal c\u00f3mo me trata \ud83d\ude02", "date": "2019-06-10 22:32:52"}, {"id_message": 16277731528, "message": "@USER qu\u00e9 fot\u00f3n , no ? Pesa la eleg\u00ed porque la conoc\u00eda de otras amistades que entren\u00f3 y la chavala tiene hasta lista de espera ... Bienvenidos a los nuevos \ud83d\ude0a Hoy me han puesto falta en entrenamiento , y encima he cenado hidratos ... un completo , que se llama ... \ud83d\ude31 Lu ... el est\u00f3mago de nuevo ? O colon irritable ? Cuidao con el estr\u00e9s ... yo prob\u00e9 a hacer yoga , pero no es nada relajante , aunque posturalmente me ha venido genial , y para elongar ( se dice as\u00ed ? ) m\u00fasculos ... y la nataci\u00f3n s\u00ed me relaja , aunque \u00faltimamente la practico poco . @USER qu\u00e9 bueno lo del complejo pokemon ! \ud83d\ude02 \ud83d\ude02 \ud83d\ude02 Ah por cierto , veo que se han repartido masajes gratuitos , qui\u00e9n los ha probado ? \ud83d\ude1d oye Juli , y ese v\u00eddeo ? Qu\u00e9 peso levantas ya ? Hala , me voy a la cama ya ! Buenas noches y espero que est\u00e9is durmiendo bien ! Pd . Yo tomo termog\u00e9nico con L carnitina , cafe\u00edna y etc , aunque s\u00f3lo para el cardio ( @USER me inform\u00f3 s\u00faper bien de esto hace un tiempo ya ) . Y a m\u00ed me funciona , y pierdo . Cohones , tol mundo queriendo ganar aunque sea al parch\u00eds , y yo aqu\u00ed que no s\u00e9 qu\u00e9 hacer pa perder \ud83d\ude1c", "date": "2019-06-13 02:25:29"}, {"id_message": 1114084509, "message": "Buenas noches ! Sobre el tema de los f\u00e1rmacos s\u00f3lo puedo opinar que la vida es el mayor valor que tenemos , de ah\u00ed que el precio que nos dispongamos a pagar sea el m\u00e1s caro . Y en momentos no muy afortunados , todos estamos dispuestos a pagar por un d\u00eda m\u00e1s de vida . Obviamente eso hace que el precio El sea incalculable . Es ley oferta demanda y subida de valor ( esto parece una clase de econom\u00eda , m\u00e1s que de nutrici\u00f3n y deporte jaja ) . De la encuesta , no me gustan mis manos normalmente , son peque\u00f1as y parecen de ni\u00f1a , pero eso s\u00ed , trabajan y levantan peso , as\u00ed que me van estupendas , pero no las ense\u00f1o \ud83d\ude1c Por cierto yo los audios no suelo escucharlos @USER Este finde promet\u00eda en entrenamiento , pues me he pillao una gripe que ni la peli de twister oye . Resultado ? Me vi la saga de xmen y espero que algo se me haya pegao , que ma\u00f1ana ya no hay m\u00e1s excusas pa no ir al gym . El v\u00eddeo de sentadillas 180 kg ? de @USER , eres t\u00fa ? \ud83d\ude31 yo las hago con 30 y estoy orgullosa ( o lo estaba , claro ) jajjaja Alguien contest\u00f3 a Sergio ? Batido de pr\u00f3tesis , Sergio . Y lee por aqu\u00ed que todos los d\u00edas se aprenden un mont\u00f3n de cosas . Determinadas fotos y conversaciones sobre la anorexia y no comer @USER @USER no me han gustado , en el sentido de que siempre voy a preferir a alguien con peso de m\u00e1s que a alguien con problemas mentales de m\u00e1s . Los que la hab\u00e9is sufrido , sab\u00e9is que ese tipo de obsesiones comen el cerebro , as\u00ed que me alegra que est\u00e9is aqu\u00ed porque seguramente hab\u00e9is encontrado el equilibrio y aqu\u00ed hay muchas personas que nos vamos a ayudar a mantenerlo ( en todos los aspectos ) . @USER t\u00fa ya estabas bien hasta en la posguerra jajaja Uy , carne ... yo , que si paso hambre ser\u00eda capaz de comerme a mi vecino ... ( weno no , que est\u00e1 pasa\u00edlla la carne del hombre , pobresillo ... ) Ah , y mi gato ... pero \u00e9se no se come \ud83d\ude0d ya os mandar\u00e9 alguna foto ... me gusta el loro jose ! Lo llevas de feria tb ? Bienvenidos a los nuevos ... y a las expresiones de mi Lu ... , que pa m\u00ed son nuevas tambi\u00e9n \ud83d\ude05 Waw @USER , \u00e1nimo ! Oye , y a vosotros qui\u00e9n os graba entrenando ? Yo como habitualmente entreno sola ... \ud83e\udd37\ud83c\udffb\u200d\u2640 Bueno veo que aqu\u00ed est\u00e1is tos sin comer , as\u00ed que yo me voy al l\u00edo tambi\u00e9n , qu\u00e9 ma\u00f1ana es lunes y se me acaban las excusas , as\u00ed que hoy toca capricho ! Por cierto @USER cu\u00eddate y qu\u00e9 no se infecte ! \ud83d\ude18 \ud83d\ude18 \ud83d\ude18", "date": "2019-06-16 21:55:43"}, {"id_message": 15129887148, "message": "En su casa andar\u00e1 \ud83d\ude02", "date": "2019-06-16 21:57:05"}, {"id_message": 81289728048, "message": "Ah ! Sergio dec\u00eda batido de prote\u00ednas , pero el predictivo ... y cu\u00eddate ese m\u00fasculo !", "date": "2019-06-16 21:58:36"}, {"id_message": 84955370211, "message": "Pd . Lo siento family , entro cuando puedo , pero os leo \ud83d\ude05 \ud83d\ude09", "date": "2019-06-16 22:01:20"}, {"id_message": 87170834149, "message": "Nueva semana , no excuses . \ud83d\udcaa\ud83c\udffb \ud83d\udcaa\ud83c\udffb \ud83d\udcaa\ud83c\udffb", "date": "2019-06-17 09:32:25"}, {"id_message": 71813001267, "message": "( Y por cierto , esta semana pasada , para que os sirva de consuelo , he tenido que comer de MCdonald's y porquer\u00edas toda la semana , que comer a las 5 de la tarde no te lo ponen en cualquier sitio . Voy a acabar cambiando de curro , en serio \ud83d\ude12 )", "date": "2019-06-17 09:34:22"}, {"id_message": 30228817121, "message": "Si es que no me dejan entrar a juicios con el tupper ... lo mismo si les digo que les llevo el desayuno a los jueces ... \ud83d\ude06 \ud83d\ude1c", "date": "2019-06-17 09:37:41"}, {"id_message": 1752348243, "message": "\ud83d\ude02 \ud83d\ude18 \ud83d\ude18", "date": "2019-06-17 09:45:36"}, {"id_message": 77276692762, "message": "Qui\u00e9n ten\u00eda las nano ? Dicen que tambi\u00e9n son multifuncionales . Valen para correr tambi\u00e9n ?", "date": "2019-06-17 16:51:41"}, {"id_message": 71087049137, "message": "Estoy mirando el modelo , pero la suela no s\u00e9 ...", "date": "2019-06-17 16:55:59"}, {"id_message": 61287163149, "message": "Gracias Carlos . Son de trail ?", "date": "2019-06-19 00:39:18"}, {"id_message": 20950777358, "message": "Gracias ! Vi que el modelo pon\u00eda tr y de ah\u00ed la confusi\u00f3n . Quiero intentar preparar los 101 de ronda para el a\u00f1o pr\u00f3ximo , a ver si llego .", "date": "2019-06-19 00:54:10"}, {"id_message": 97444772060, "message": "Me part\u00eda escuchando esto ayer", "date": "2019-06-21 09:14:13"}, {"id_message": 81744885392, "message": "Molan . T\u00fa en tu casa ten\u00edas uno montado por ti , no ?", "date": "2019-06-25 13:04:53"}, {"id_message": 26851484868, "message": "\u00c1ngel , te dice en el diagn\u00f3stico edema de tend\u00f3n . Eso significa sobre esfuerzo , inflamaci\u00f3n y generaci\u00f3n de l\u00edquido para protegerse el cuerpo . Creo , por lo que he le\u00eddo , y por el tema de edemas ( yo tuve uno ) , que reposo , cremitas y tiempo es lo recomendable .", "date": "2019-06-26 08:09:28"}, {"id_message": 17751433895, "message": "@USER al final tomar\u00e1s preentreno ? Todo va a depender de lo que tomes ... yo tomo termog\u00e9nico . Si lo que quieres es acelerar para mayor quema corporal , m\u00edralo . A m\u00ed me va bien , antes del cardio .", "date": "2019-06-26 08:13:31"}, {"id_message": 64811015031, "message": "Estoy contenta , voy bajando % en grasa . \ud83d\ude0a", "date": "2019-06-26 08:14:44"}, {"id_message": 46487085723, "message": "@USER c\u00f3mo sabes tanto ? \ud83d\ude2f \ud83d\udc4f\ud83c\udffb a ver , voy a leer lo de weider y dem\u00e1s ... en qu\u00e9 se diferenciaba la t\u00e9cnica y eso ...", "date": "2019-06-26 08:18:02"}, {"id_message": 73296314189, "message": "Modo nostalgia on \ud83d\ude1c \ud83d\ude06", "date": "2019-06-26 08:21:30"}, {"id_message": 11846002320, "message": "Jajajajaja ... me meo con las historias cuando os leo de seguido ... \ud83d\ude02", "date": "2019-06-26 08:25:36"}, {"id_message": 48117091933, "message": "Bienvenidos a los nuevos , y que todos teng\u00e1is buen d\u00eda \ud83d\ude0a", "date": "2019-06-26 08:28:45"}, {"id_message": 65760864789, "message": "\ud83d\ude04 claroooo , pero chiquillo , d\u00f3nde voy a estar yo mejor ! Adem\u00e1s , he cambiado pr fin de m\u00f3vil y \u00e9ste tengo que saturar lo pero ya ! \ud83d\ude02 \ud83d\ude02 \ud83d\ude02", "date": "2019-06-26 08:30:50"}, {"id_message": 20541646794, "message": "Aaaahhh , y est\u00e1s mejor ? \ud83d\ude0a", "date": "2019-06-26 08:31:33"}, {"id_message": 59805636133, "message": "No la hago en plan dieta , tengo una espec\u00edfica de endocrino que repito de cuando en cuando y ajusto peso . Aumento cardio , y cuido cenas . Mis batidos de protes , 5 comidas al d\u00eda , y de momento funciona . No me gustan las dietas porque crean frustraci\u00f3n . Si las haces , te frustran por lo que no comes , si no las haces , porque te la est\u00e1s saltando . As\u00ed que trato de comer sano y ya . \ud83d\ude0a", "date": "2019-06-26 08:34:32"}, {"id_message": 15265103792, "message": "Yo uso uno de weider , termog\u00e9nico ; he probado otros , pero es con el que he notado cambios .", "date": "2019-07-01 11:59:34"}, {"id_message": 1454354622, "message": "Bienvenidos a los nuevos \ud83d\udcaa\ud83c\udffb \ud83d\ude0a", "date": "2019-07-01 12:02:23"}, {"id_message": 79366940576, "message": "Buenos d\u00edas ! \ud83d\ude0a Cuando yo entr\u00e9 aqu\u00ed y necesitaba opini\u00f3n , y s\u00f3lo exist\u00eda este grupo , siempre se me ha dado . Hace mucho que estoy , y ya a algunxs os considero amistades . No importa que existan otros grupos , siempre habr\u00e1 muchos m\u00e1s lugares , y cada uno se quedar\u00e1 all\u00e1 donde quiera estar . \ud83d\ude0a Juli\u00e1n , me parece genial que explores tus l\u00edmites , siempre con cautela y buen asesoramiento . Ya contar\u00e1s si funciona ! \ud83d\ude0a Oye qu\u00e9 sand\u00eda joer ! Qu\u00e9 antojo me hab\u00e9is creado ! \ud83d\ude0b No s\u00e9 si os he contado que me he comprado una bici , una cosa de paseo , claro , que el cardio ya lo hago en el gym . Estoy bastante emocionada ( reconozco que mucho spinning , pero a la hora de montar en bici , me cagaba ) , y sal\u00ed 3 d\u00edas esta semana . Espero continuar acelerando metabolismo , eso ayudar\u00e1 al gasto continuo . Lu ... Luuu , ya mismo te sigo los pasos con la moto grande ! \ud83d\ude02 ( conste que 125 s\u00ed conduzco jeje ) Me gustan los chistes de aqu\u00ed , jajaja , sin ingeniosos y me parec\u00e9is muy divertidos . Bienvenidos a los nuevos . \ud83d\ude0a @USER Bonita familia ! @USER has probado esas protes ? No s\u00e9 si son de fiar ... @USER bienvenido . Cuidado con las lesiones , suelen repetirse si no las curas bien . Y para empezar , lo mejor es eso , empezar , pero poco a poco . Creo que quien dijo que el deporte es salud se luci\u00f3 , porque ser\u00e1 porque se nota que ten\u00edas salud cada vez que te lesionas , porque creo que aqu\u00ed m\u00e1s de unx nos lesionamos una tras otra \ud83d\ude02 ( yo al menos \ud83d\ude44 ) te deseo suerte en las opos . Juliiiii , cu\u00e1ndo me has hecho una foto ? ( Ahora adivin\u00e1is cu\u00e1l de las dos soy jajjajajajajajajja ) Qu\u00e9 teng\u00e1is feliz finde , yo me voy a entrenar ya \ud83d\ude0a \ud83d\ude18", "date": "2019-07-06 07:27:33"}, {"id_message": 19125367264, "message": "As\u00ed sueno yo ? \ud83d\ude02 \ud83d\ude02 \ud83d\ude02", "date": "2019-07-06 07:50:17"}, {"id_message": 83993308443, "message": "Juliiiii no es oro to lo que reluce \ud83d\ude02 \ud83d\ude02 \ud83d\ude02", "date": "2019-07-06 07:50:40"}, {"id_message": 31700375481, "message": "Lo probar\u00e9 \ud83d\ude0b", "date": "2019-07-07 01:25:56"}, {"id_message": 70964856578, "message": "No jes\u00fas , soy de M\u00e1laga , aunque voy algunas veces por Sevilla \ud83d\ude0a", "date": "2019-07-07 01:26:33"}, {"id_message": 10212307416, "message": "Pero nena , si te veo en moto muchas veces , no ? \ud83d\ude33", "date": "2019-07-07 01:27:28"}, {"id_message": 60997382396, "message": "Me gusta esa frase .", "date": "2019-07-07 01:32:46"}, {"id_message": 39433493690, "message": "Hola ! Lu ... es verdad , nena , llevas raz\u00f3n , en moto no , te vi con casco ... deb\u00ed imaginar el resto \ud83d\ude05 el pilates y el yoga no son lesivos si se hacen bien posturalmente , y poco a poco ... cuidado con forzar ... yo hago yoga , por estirar la musculatura y no quedarme tocho , como er @USER \ud83d\ude1c @USER y con la hiper laxitud no has tenido lesiones ? Yo vuelco demasiado las rodillas hacia atr\u00e1s , y ando de lesi\u00f3n en lesi\u00f3n ... de hecho , la semana pasada me dio un tir\u00f3n en clase de bodypump ... Veo que hab\u00e9is estado hablando precisamente de rodillas , voy a mirar lo que ha mandado @USER de la biomec\u00e1nica de rodilla ... Respecto a la suplementaci\u00f3n , yo he tomado la b\u00e1sica , pero siempre con periodos de descanso . Y lo de los sarms voy a leerlo , no puedo opinar a\u00fan ... @USER me alegra que vuelvas a entrenar . Victor las gelatinas de prote\u00edna del merca monas a m\u00ed me gustan . ... alguien dijo nocilla ? Bombones ? Fondue de chocolate ? \ud83d\ude0b \ud83d\ude0b \ud83d\ude0b @USER volumen , aunque espero que ya hayas empezado \ud83d\udcaa\ud83c\udffb Bienvenidos a los nuevos , por cierto . Bueno que no me quiero enrollar mucho , que luego me creo la fama , y con raz\u00f3n \ud83d\ude1c este mes es el peor en mi curro ( y mira que los dem\u00e1s son malos ) y vamos a tope , as\u00ed que perdonad que os lea de golpe . Leticia espero que est\u00e9s mejor . Y Angel espero que tb . @USER las personas en l\u00ednea es como en wasap , est\u00e1n dentro de la app pero no tienen que estar leyendo el grupo . De momento yo sigo con entrenamiento general , y ahora que tengo la bici , salgo a montar algunos d\u00edas , pero de manera relajada . No se lo dig\u00e1is a nadie , pero mucho spinning , y ahora estoy aprendiendo lo de montar en bici jaja . Y con entrenador personal empiezo en agosto , ya os contar\u00e9 . Buenas noches , espero que no os aburr\u00e1is mucho con el resumen jeje . \ud83d\ude0a \ud83d\udcaa\ud83c\udffb", "date": "2019-07-16 01:43:24"}, {"id_message": 35402606412, "message": "Hola ! Ya estoy por aqu\u00ed , me fui unos d\u00edas a C\u00e1diz \ud83d\ude0d he alucinado con la noticia del chaval que muere por exceso de prote\u00ednas ... eso puede pasar ? \ud83d\ude33 y por la cafe\u00edna ? Alguien sabe si con los termog\u00e9nicos se produce algo similar ? Col\u00e1geno estoy tomando yo tambi\u00e9n pue la rodilla , juli . Y mejor\u00f3 , tambi\u00e9n . Joe , yo quiero un abdomen como el de Ainara . En C\u00e1diz el domingo amaneci\u00f3 con niebla y fr\u00edo , vaaaya , mangas largas . Pero despu\u00e9s , despej\u00f3 y hasta me quem\u00e9 andando por la calle ...", "date": "2019-07-22 22:25:21"}, {"id_message": 40145895411, "message": "Y una preguntilla ... qu\u00e9 diferencia hay b\u00e1sicamente a nivel de resultados entre hacer actividades tipo bodypump y hacer m\u00e1quinas ? Y cu\u00e1ntas veces a la semana se podr\u00edan compaginar cada ? Si lo sab\u00e9is , porfa .", "date": "2019-07-22 22:26:28"}, {"id_message": 71715621645, "message": "Ufff dietas en vacaciones , es casi imposible ...", "date": "2019-08-03 00:22:11"}]