[{"id_message": 68695388886, "message": "Si , si vale la pena", "date": "2022-05-12 05:06:05"}, {"id_message": 597733178, "message": "El d\u00eda de hoy peso 64kilos", "date": "2022-05-12 05:06:44"}, {"id_message": 85111985881, "message": "Y reci\u00e9n estoy por entrar a mi rango normal", "date": "2022-05-12 05:06:52"}, {"id_message": 85023689598, "message": "Soy fuerte , hago deporte y a\u00fan deseo bajar m\u00e1s", "date": "2022-05-12 05:07:07"}, {"id_message": 33625909035, "message": "Quiz\u00e1 no es la mejor forma de bajar de peso", "date": "2022-05-12 05:07:32"}, {"id_message": 54314590590, "message": "Pero si una muy eficiente si sabes controlar", "date": "2022-05-12 05:07:42"}, {"id_message": 49004510897, "message": "Come un d\u00eda antes unas mollejas de pollo", "date": "2022-05-12 05:09:16"}, {"id_message": 29118009467, "message": "Uno o dos d\u00edas antes", "date": "2022-05-12 05:09:28"}, {"id_message": 87481630991, "message": "Yo si lo hice", "date": "2022-05-16 03:01:56"}, {"id_message": 87904394761, "message": "Pero tambi\u00e9n hay que saber que tipo de ejercicio y tipo de comida hay que comer", "date": "2022-05-16 03:02:21"}, {"id_message": 99736802119, "message": "Est\u00e1 fue mi comida de hoy", "date": "2022-05-16 03:06:31"}, {"id_message": 79098776672, "message": "Y te mantiene fuerte", "date": "2022-05-16 03:12:20"}, {"id_message": 69082880146, "message": "Hace poco v\u00ed unos v\u00eddeos de un chico que pasaba por Omegle Supuestamente era guapo algo , blanco y delgado Todo lo que no soy Ver c\u00f3mo ... Las chicas son . M\u00e1s risue\u00f1as y m\u00e1s atentas con eso .. te baja fuerte el autoestima Saber que ... Por m\u00e1s que me esfuerce ... Por las m\u00e1s que baje de peso .. Me pinte el cabello o me opere no lograr\u00e9 ser suficiente para causar esas reacciones , se siente fatal Y pasa siempre cuando salgo con amigos ... Siempre voltean a ver a otros pero jam\u00e1s a mi Quiero estar solo Y no quiero novia o algo as\u00ed , creo que hasta ser\u00eda un mal novio Pero que frustrante es saber que yo no puedo convertirme en eso que todas les roban la vista pero sabes muy en fondo que eso de ( tu belleza est\u00e1 dentro o el f\u00edsico no lo es todo ) sabes que si importa mucho", "date": "2022-05-16 06:21:38"}, {"id_message": 63893782761, "message": "Evita az\u00facar y as ejercicio", "date": "2022-05-16 06:25:08"}, {"id_message": 69730806619, "message": "Es mejor evitar carbohidratos como arroz , pan , golsinas y dulces , hasta los granos", "date": "2022-05-16 06:25:45"}, {"id_message": 37948153806, "message": "Si vas a vomitar que sea despu\u00e9s de 30min", "date": "2022-05-16 06:26:04"}, {"id_message": 91444206265, "message": "Despu\u00e9s de las 24 horas que no hayas comido nada ... Es mucho m\u00e1s f\u00e1cil aguantar un ayuno porque t\u00fa cuerpo est\u00e1 en fase cetonica .. osea que aprovecha toda su grasa para utilizarlo como energ\u00eda", "date": "2022-05-16 06:26:56"}, {"id_message": 97591598767, "message": "Y mientras est\u00e1s en esa fase ... Debes aprovechar para tomar el sol De preferencia desnuda Porque all\u00ed las cetonas van a transformarse m\u00e1s r\u00e1pido en energia y vas a perder peso m\u00e1s r\u00e1pido Y si haces ejercicio pesado mucho mejor", "date": "2022-05-16 06:28:52"}, {"id_message": 96586094126, "message": "Recuerdo que logr\u00e9 perder 4k en una semana haciendo eso", "date": "2022-05-16 06:29:06"}, {"id_message": 49824032450, "message": "3 pero mi grasa corporal en ese entonces era muy elevado", "date": "2022-05-16 14:11:59"}, {"id_message": 53687265826, "message": "Pero repito hay que evitar el az\u00facar y los carbohidratos As\u00ed se baja de peso muy r\u00e1pido", "date": "2022-05-16 14:25:43"}, {"id_message": 93577042338, "message": "Solo comer vegetales y huevos Nada de semillas no frutas dulces", "date": "2022-05-16 14:26:27"}, {"id_message": 26993708420, "message": "Porque eso engorda mucho", "date": "2022-05-16 14:26:33"}, {"id_message": 78748995533, "message": "Si pero tiene un porcentaje que sale como heses", "date": "2022-05-16 18:14:52"}, {"id_message": 41285147932, "message": "Cu\u00e1nto pesas , cu\u00e1nto mides y edad", "date": "2022-05-17 15:30:01"}, {"id_message": 32380646732, "message": "Porque el cuerpo se prepara para aguantar periodos de poca comida", "date": "2022-05-25 05:00:28"}, {"id_message": 44926856958, "message": "Es mejor que en esta etapa comas algo muy bajo en az\u00facar y carb\u00f3n", "date": "2022-05-25 05:01:00"}, {"id_message": 17932558464, "message": "Pero az\u00facar es az\u00facar .. es un veneno y engorda demasiado debes grabarte eso y toma su tiempo", "date": "2022-05-25 05:02:23"}, {"id_message": 92439205549, "message": "Yo cuando pesaba 90k no com\u00ed y solo tom\u00e9 agua durante 4 d\u00edas", "date": "2022-05-25 05:04:04"}, {"id_message": 80004295942, "message": "Cuando est\u00e1s en ese peso .. es m\u00e1s f\u00e1cil aguantar las ganas de comer", "date": "2022-05-25 05:04:31"}, {"id_message": 33105334139, "message": "Yo lo logr\u00e9 en 3 meses", "date": "2022-05-25 05:04:42"}, {"id_message": 55052428612, "message": "Depende que es lo que comas", "date": "2022-05-25 05:05:01"}, {"id_message": 10005283033, "message": "Mi dieta es alta en prote\u00edna y grasa mono insaturada", "date": "2022-05-25 05:07:45"}, {"id_message": 62034864854, "message": "Y muy baja en Carbos", "date": "2022-05-25 05:07:50"}, {"id_message": 7777813007, "message": "Y por la noche hago gimnasia", "date": "2022-05-25 05:08:19"}, {"id_message": 52582840291, "message": "No comer az\u00facar tambi\u00e9n significa eliminar frutas dulces", "date": "2022-05-25 05:08:41"}, {"id_message": 62910201542, "message": "Les quiero compartir algo", "date": "2022-05-25 06:21:35"}, {"id_message": 68939076770, "message": "Perd\u00ed bastante de pedo", "date": "2022-05-25 06:23:10"}, {"id_message": 87424393809, "message": "Por fin voy tomando autoestima para tomarme fotos", "date": "2022-05-25 06:23:23"}, {"id_message": 35911982167, "message": "Auque a\u00fan me falta", "date": "2022-05-25 06:25:45"}, {"id_message": 24985014692, "message": "Miren ... Este es un problema nuestro , hay que admitir pero el exponer esas cosas personales a estos chicos ... Ayudara a quein lleg\u00f3 al extremo de la anorexia , somos el ejemplo que la gente no debe seguir .. lamentablemente pero somos al final .. un mal necesario para personas que posean m\u00e1s problemas de anorexia que nosotros", "date": "2022-05-26 05:14:52"}, {"id_message": 865554096, "message": "Tenemos un problema .. eso s\u00ed ... Pero creo que es un problema controlable Mientras no tengamos lastima de nosotros", "date": "2022-05-26 05:42:44"}, {"id_message": 18181448304, "message": "Que tipo de cosas", "date": "2022-05-26 18:31:55"}, {"id_message": 95118851284, "message": "Si est\u00e1s d\u00e9bil solo trote", "date": "2022-05-26 22:46:48"}, {"id_message": 84013254012, "message": "Si est\u00e1s algo fuerte yoga y estiramiento al principio", "date": "2022-05-26 22:47:02"}, {"id_message": 5538707949, "message": "Pasa unos d\u00edas y su est\u00e1s m\u00e1s fuerte ... Entonces dale un poco de pesas o calistenia", "date": "2022-05-26 22:47:28"}, {"id_message": 42097364285, "message": "Porque con peso te vas a desmayar si est\u00e1s d\u00e9bil", "date": "2022-05-26 22:47:42"}, {"id_message": 14098970104, "message": "Entonces debes cuidsrte porque si haces peso .. est\u00e1s en peligro de subir una lesi\u00f3n aunque nunca hayas tenido una", "date": "2022-05-26 22:49:52"}, {"id_message": 14769864964, "message": "Rayos . Ahora que intente comer algo", "date": "2022-05-26 22:55:44"}, {"id_message": 41474492325, "message": "Involuntariamente estoy bomitando ya no lo estoy controlando", "date": "2022-05-26 22:55:56"}]