[{"id_message": 55142961718, "message": "Algun consejo con el cruce en polea baja para no acabar con la lumbar dolorida ?", "date": "2019-06-16 12:50:55"}, {"id_message": 75011502590, "message": "Que pruebe lo que pruebe el siguiente dia me resiento de la lumbar", "date": "2019-06-16 12:51:17"}, {"id_message": 74416576945, "message": "He probado ambas y lo mismo \ud83d\ude02", "date": "2019-06-16 12:56:39"}, {"id_message": 28061507056, "message": "Y solo me pasa con ese ejercicio , hago sentadilla o peso muerto y ningun problema", "date": "2019-06-16 12:57:04"}, {"id_message": 89093873678, "message": "De rodillas no he probado , pero si de pie , con pierna adelantada y hasta sentado", "date": "2019-06-16 13:00:55"}, {"id_message": 4998546379, "message": "Si esto siempre lo hago , ya que tengo anteversion pelvica", "date": "2019-06-16 16:58:14"}, {"id_message": 20789594039, "message": "Y mis fotos no ?", "date": "2019-06-16 16:58:46"}, {"id_message": 60448852816, "message": "Porque ratas muertas es mejor que ratas putrefactas", "date": "2019-06-20 14:27:12"}, {"id_message": 83863241583, "message": "Si veis alguna rata muerta por la calle , foto y mp", "date": "2019-06-20 14:27:52"}, {"id_message": 49691782085, "message": "Puedo bajar dosis tambien \ud83e\udd14", "date": "2019-06-20 14:28:39"}, {"id_message": 17981393037, "message": "Mientras no sea a ti \ud83d\ude0c", "date": "2019-06-20 14:36:31"}, {"id_message": 98531946140, "message": "La defi ya la hago solo , soy ectomorfo", "date": "2019-06-20 14:58:43"}, {"id_message": 25804039832, "message": "Para que definir si se me ve el hueso", "date": "2019-06-20 14:59:38"}, {"id_message": 13876831556, "message": "Pero vaya , que la creatina se usa tanto en volumen como definicion", "date": "2019-06-20 15:00:47"}, {"id_message": 91109739974, "message": "No soy ningun asesino", "date": "2019-06-20 15:06:32"}, {"id_message": 12215681340, "message": "Pero tu sabes la de proteina que lleva eso ?", "date": "2019-06-20 15:16:10"}, {"id_message": 72424607320, "message": "Estais perdiendo el tiempo", "date": "2019-06-20 15:16:16"}, {"id_message": 10023049437, "message": "Hostia no te ubico ahora hahaha", "date": "2019-06-20 15:16:50"}, {"id_message": 81980707360, "message": "Mira macho me vienes a tocar los huevos mientras disfruto viendo a una rata muerta y te aplasto la cabeza", "date": "2019-06-20 15:19:41"}, {"id_message": 53873804074, "message": "Eso digo yo tio , ya ni disfrutar de sus hobbies puede uno", "date": "2019-06-20 15:22:10"}, {"id_message": 34253103767, "message": "Un intolerante el Jose este", "date": "2019-06-20 15:24:21"}]