[{"id_message": 85081905673, "message": "Mmm yo soy mas de lu jajaja", "date": "2018-11-27 23:00:43"}, {"id_message": 18252784363, "message": "A ver ... soy gallego aqui si no sobra comida es que no has echo la suficiente kajaka", "date": "2018-11-27 23:01:16"}, {"id_message": 63083113757, "message": "Y si sobra poco se cuestiona que alguien quedo con hambre jajajaja", "date": "2018-11-27 23:02:11"}, {"id_message": 33495480557, "message": "Muchos problemas de espalda y deformaciones se soluciona con buena postura para ayudar un arnes o incluso plantillas para los zapatos y ejercitar cinturon abdominal", "date": "2018-11-29 18:09:13"}, {"id_message": 30998016566, "message": "Bueno algo gallego para dar variedad de comidas jajaja", "date": "2018-12-09 15:55:54"}, {"id_message": 91266079187, "message": "Buu Lu tendrian que estar encima de unas motos o algo jajaja", "date": "2018-12-25 21:28:29"}, {"id_message": 1482715177, "message": "Mmm baaah discutible jaajaj", "date": "2018-12-25 21:34:56"}, {"id_message": 60092194586, "message": "Podian ser fitnes y en moto jajaja", "date": "2018-12-25 21:35:09"}, {"id_message": 50545783917, "message": "Joe es lo que busco para mi una foto deberia ser mucho mas sencillo jajaja", "date": "2018-12-25 22:04:54"}, {"id_message": 44525406701, "message": "Esa me vale perfectamente jajaja", "date": "2018-12-25 22:27:09"}, {"id_message": 68002463313, "message": "Joder es ana de toda la vida xd", "date": "2018-12-25 22:27:14"}, {"id_message": 2573119600, "message": "Bueno ... Esa es la nueva eeeh jajaja", "date": "2018-12-25 22:27:32"}, {"id_message": 49474685551, "message": "A mi se me quedaron peque\u00f1as con la gsxr la verdad jajaja", "date": "2018-12-25 22:34:40"}, {"id_message": 81998801934, "message": "Jajajaka vale lo veo xd yo estoy ahora detras de la zx10r del 2015 haber si hago unas llamadas ma\u00f1ana", "date": "2018-12-25 22:55:43"}, {"id_message": 7824353322, "message": "Joder pues eso vale oro kaske", "date": "2018-12-25 23:26:59"}, {"id_message": 14674283378, "message": "Joder ... En mi familia gustan pero solo consegui meter a mi padre pero se quedo en la burgman 125 jajaaj", "date": "2018-12-25 23:31:30"}, {"id_message": 78423916837, "message": "La aparco fuera tranquila : *", "date": "2018-12-25 23:33:18"}, {"id_message": 3958661731, "message": "Rosa mosqueta en bidones jajaja", "date": "2018-12-26 21:18:12"}, {"id_message": 61411239372, "message": "Una preguntilla grupo quede con un colega entrenador personal para que me llevase lo de subir de peso y me dijo que tendria que comer 2gr de proteina por kg de peso y 1gr de grasas por kg de peso y que el resto de kcal que da igual de donde las meta", "date": "2018-12-26 22:56:42"}, {"id_message": 71019838530, "message": "Esto como es de cierto ?", "date": "2018-12-26 22:56:50"}, {"id_message": 5983124886, "message": "Claro es que no es lo tipico que se dice por eso me choco", "date": "2018-12-26 22:58:00"}, {"id_message": 54811876024, "message": "Aviso que fue 2 pinceladas de como iria la dieta pero me choco", "date": "2018-12-26 22:58:33"}, {"id_message": 37388162520, "message": "Exactamente me dijo tu cumples los 2gr de protes y el gramo de grasa por kilo y como si las 4000kcal las metes de helado", "date": "2018-12-26 22:59:05"}, {"id_message": 27697399121, "message": "Esto todo tomando algo en un bar jajaja", "date": "2018-12-26 22:59:17"}, {"id_message": 4070341993, "message": "Yo me como la cabeza con lo de calorias que tengo que meter jajaja", "date": "2018-12-26 22:59:39"}, {"id_message": 51756790927, "message": "Yo trabajo no puedo estar comiendo todo el dia jajaja", "date": "2018-12-26 23:00:07"}, {"id_message": 62510095908, "message": "En breves me pondre en serio que ya estoy mas asentado en el curro", "date": "2018-12-26 23:01:08"}, {"id_message": 42235582890, "message": "Y me tendreis por aqui preguntando jajaja", "date": "2018-12-26 23:01:18"}, {"id_message": 84819853073, "message": "Por que yo siempre fui de engullir para dentro sin preocupacion", "date": "2018-12-26 23:01:40"}, {"id_message": 25351090188, "message": "Naaah soy quique xd", "date": "2018-12-26 23:04:56"}, {"id_message": 76108425733, "message": "Este chaval digamos que hace y estudio un poco de todo", "date": "2018-12-26 23:05:19"}, {"id_message": 45878469242, "message": "Estoy aqui por lu kimbo jajaja las motos nos pueden a los dos xd", "date": "2018-12-26 23:05:37"}, {"id_message": 86443165450, "message": "Por eso quede con el a ver que me decia y tal", "date": "2018-12-26 23:05:56"}, {"id_message": 78323461813, "message": "Si me merece la pena pues lo contrato y esperar resultados", "date": "2018-12-26 23:06:10"}, {"id_message": 60120116788, "message": "Mmm no me gusta el helado", "date": "2018-12-26 23:08:09"}, {"id_message": 46944328899, "message": "Eso le dije yo xd", "date": "2018-12-26 23:08:35"}, {"id_message": 67516496963, "message": "Claro a mi esque me sono a locura que despues al final no sera asi", "date": "2018-12-26 23:13:01"}, {"id_message": 34422434027, "message": "Yo no se subir ni a lo gordo", "date": "2018-12-26 23:13:43"}, {"id_message": 4253028799, "message": "Bua hablais de alimentacion como yo hablo de la mezcla de gasolina para la moto jajaja", "date": "2018-12-26 23:24:46"}, {"id_message": 6618167159, "message": "Mmm si nunca probaste el gengibre natural ... No esperes un gran sabor jajaja", "date": "2018-12-28 22:47:12"}, {"id_message": 9855920571, "message": "Tambien se echa en comidas kaske", "date": "2018-12-28 22:47:27"}, {"id_message": 29634321906, "message": "En plan por el medio en alguna le queda bien", "date": "2018-12-28 22:47:40"}, {"id_message": 60025290262, "message": "Menos mal que Lu nunca falla jajaja", "date": "2019-01-06 01:26:41"}, {"id_message": 89644872858, "message": "Aqui por menos de 35 no encuentras nada", "date": "2019-01-07 13:18:52"}, {"id_message": 87647566985, "message": "Holaaa gente no escribo mucho que aun no se suficiente como para dar consejos jajaja pero os leo cada una de las recomendacion asi que gracias a todos de antemano", "date": "2019-06-22 17:28:55"}, {"id_message": 51562461080, "message": "Queria pediros un favor quien pueda y le apetezca le puede dar like a esta foto para un concurso ?", "date": "2019-06-22 17:29:22"}, {"id_message": 20309289146, "message": "Bien bien muchos cambios jajaja", "date": "2019-06-22 17:54:14"}, {"id_message": 99342401686, "message": "Pues en numeros parece una mierda pero para mi es un logro", "date": "2019-06-22 17:54:31"}, {"id_message": 27990917937, "message": "Gane 5kg en los ultimos meses y me mantengo en 10 % de grasa corporal", "date": "2019-06-22 17:54:54"}, {"id_message": 20827502045, "message": "Y compre moto nueva tambien jajaja", "date": "2019-06-22 17:55:24"}]