[{"id_message": 4920076893, "message": "y al super se va sin hambre tmb", "date": "2022-10-10 19:16:49"}, {"id_message": 72187811771, "message": "ayuda a no tentarse", "date": "2022-10-10 19:16:56"}, {"id_message": 77463311396, "message": "no compro nada que no este en la lista", "date": "2022-10-10 19:17:04"}, {"id_message": 7293012276, "message": "lavo todo y pico", "date": "2022-10-10 19:17:14"}, {"id_message": 46145494842, "message": "dejo todo listo en tuppers en la heladera", "date": "2022-10-10 19:17:36"}, {"id_message": 11119040945, "message": "cebolla , morrones , puerros , etc", "date": "2022-10-10 19:17:45"}, {"id_message": 80695708216, "message": "dejo los tomates lavados", "date": "2022-10-10 19:17:56"}, {"id_message": 39121493684, "message": "entonces cuando llego a casa", "date": "2022-10-10 19:18:04"}, {"id_message": 84223046615, "message": "si estoy muy rota , agarro un tomate y un huevo , los pico y ya tengo una ensalada", "date": "2022-10-10 19:18:24"}, {"id_message": 89338783309, "message": "si ando con mas ganas", "date": "2022-10-10 19:18:34"}, {"id_message": 79320512400, "message": "me cocino unas verduritas al wok", "date": "2022-10-10 19:18:46"}, {"id_message": 14270809038, "message": "total ya tengo todo picado ( chiquitito ) y todo se cocina muy rapido", "date": "2022-10-10 19:19:03"}, {"id_message": 44147454489, "message": "ahora que mi mama esta mal", "date": "2022-10-10 19:19:54"}, {"id_message": 46653186672, "message": "tmb lo estoy haciendo para ella", "date": "2022-10-10 19:20:01"}, {"id_message": 50105597313, "message": "si queres hacerte la vida mas facil", "date": "2022-10-10 19:20:16"}, {"id_message": 59960882667, "message": "y en dos minutos tenes todo cortado sin mucho esfuerzo", "date": "2022-10-10 19:20:34"}, {"id_message": 15706469393, "message": "Est\u00e1s fotos son viejas pq estoy en e trabajo ahora xP", "date": "2022-10-10 19:26:03"}, {"id_message": 26496923882, "message": "ahi tenes cortado morron", "date": "2022-10-10 19:27:37"}, {"id_message": 21655097762, "message": "el morron lo corto asi", "date": "2022-10-10 19:36:31"}, {"id_message": 48630489762, "message": "hacer eso me facilita mucho la vida", "date": "2022-10-10 19:45:04"}, {"id_message": 2398178883, "message": "y me ahorra comer porquerias por falta de tiempo", "date": "2022-10-10 19:45:21"}, {"id_message": 36328444648, "message": "es parecido a lo que yo hago", "date": "2022-10-11 19:25:26"}, {"id_message": 97565891086, "message": "pero ya cocinando :P", "date": "2022-10-11 19:25:29"}, {"id_message": 6105903661, "message": "el otro dia probe algo que me recomendo mi hermana", "date": "2022-10-11 19:26:34"}, {"id_message": 36819473036, "message": "y es reemplazar los fideos ( tallarines ) por zucchinis", "date": "2022-10-11 19:26:47"}, {"id_message": 48911736263, "message": "y quedan MUY bien", "date": "2022-10-11 19:27:36"}, {"id_message": 72919203037, "message": "con una salsa de tomate y cebolla con unas bolitas de carne ( no me acuerdo como se llaman xP )", "date": "2022-10-11 19:28:41"}, {"id_message": 88957461019, "message": "y quedaron SUPER bien", "date": "2022-10-11 19:28:46"}, {"id_message": 45973188654, "message": "el zucchini lo corte con una mandolina , pero tengo entendido que hay un sacapuntas para cortarlo largo y para que parezcan tallarines", "date": "2022-10-11 19:29:27"}, {"id_message": 17858612953, "message": "la verdad es que no pienso comprar el sacapuntas :P", "date": "2022-10-11 19:29:38"}, {"id_message": 5046870940, "message": "pero si voy a repetir el plato cuando tenga antojo de pasta", "date": "2022-10-11 19:29:53"}, {"id_message": 84745404789, "message": "Yo voy empezando a retomar mis rutinas de nuevo", "date": "2022-10-13 13:38:04"}, {"id_message": 96952105812, "message": "Tratando de retomar el ejercicio", "date": "2022-10-20 16:21:54"}, {"id_message": 56401987714, "message": "Hoy arranco yo tmb", "date": "2022-10-21 13:04:13"}, {"id_message": 32835501900, "message": "No lo hagas seg\u00fan tus \u00e1nimos . Hacelo como si fuera tu trabajo", "date": "2022-10-22 13:35:06"}, {"id_message": 86525299528, "message": "Ni en mis ganas", "date": "2022-10-22 13:36:08"}, {"id_message": 87869488093, "message": "No s\u00e9 si les est\u00e1 pasando a uds", "date": "2022-11-01 21:24:06"}, {"id_message": 83030154982, "message": "Pero es como la quinta vez que me escriben en privado para ofrecerme cosas relacionadas con el peso", "date": "2022-11-01 21:24:45"}, {"id_message": 30368933221, "message": "La verdad es que yo vengo para atr\u00e1s ... La partida de mi viejo nos rompi\u00f3 a todos", "date": "2022-11-09 14:03:16"}, {"id_message": 45159156185, "message": "No he podido recuperar mis ganas para nada", "date": "2022-11-09 14:03:36"}, {"id_message": 68303435036, "message": "Mi mam\u00e1 est\u00e1 hecha mierda", "date": "2022-11-09 14:03:44"}, {"id_message": 24544914463, "message": "Y yo me estoy enfocando en cuidarla a ella", "date": "2022-11-09 14:04:11"}, {"id_message": 14562476221, "message": "Me he salido de la dieta bastante", "date": "2022-11-09 14:04:29"}, {"id_message": 25248294370, "message": "Me ped\u00ed sushi , hamburguesas , milanesas y pastas ...", "date": "2022-11-09 14:05:31"}, {"id_message": 3933048767, "message": "A algunos no las termine ... Y a pesar de que ya no los encontr\u00e9 tan ricos como antes", "date": "2022-11-09 14:06:43"}, {"id_message": 32992188615, "message": "Creo que lo \u00fanico bueno que estoy haciendo por mi", "date": "2022-11-09 14:07:04"}, {"id_message": 36585575901, "message": "Es ir al gimnasio", "date": "2022-11-09 14:07:08"}, {"id_message": 22935231446, "message": "No pq me guste sino para arrastrar a mi mam\u00e1 que ya no quer\u00eda salir de su casa", "date": "2022-11-09 14:07:41"}, {"id_message": 34422383808, "message": "Ya fuimos dos veces", "date": "2022-11-09 14:07:49"}, {"id_message": 27326287460, "message": "Ma\u00f1ana vamos de nuevo", "date": "2022-11-09 14:07:53"}]