[{"id_message": 74849488564, "message": "El zasca se oy\u00f3 desde Mieres \ud83d\ude02", "date": "2018-06-29 16:02:51"}, {"id_message": 88083775909, "message": "Pero no te pases que convulsiona", "date": "2018-06-30 01:01:35"}, {"id_message": 79088824775, "message": "Estar\u00e1s m\u00e1s relajado \ud83d\ude02", "date": "2018-06-30 01:02:00"}, {"id_message": 36578146967, "message": "Voy a tomarme unas tostadas", "date": "2018-06-30 17:44:45"}, {"id_message": 3093583879, "message": "Me metiste miedo con el Cross fit jajaja", "date": "2018-06-30 19:35:50"}, {"id_message": 97831258749, "message": "Esos son muchas calor\u00edas Jorge", "date": "2018-07-01 12:49:12"}, {"id_message": 35788724377, "message": "Alguno se mete testosterona ?", "date": "2018-07-02 00:16:24"}, {"id_message": 42842781712, "message": "He o\u00eddo que pa pillar m\u00fasculo viene puta madre", "date": "2018-07-02 00:16:53"}, {"id_message": 1056525957, "message": "Ouye ten\u00eda curiosidad jaja", "date": "2018-07-02 20:11:03"}, {"id_message": 4943857467, "message": "Uf pues yo no puedo hacer rugby", "date": "2018-07-02 20:11:16"}, {"id_message": 50294469699, "message": "Larga historia \ud83d\ude02", "date": "2018-07-02 20:12:44"}, {"id_message": 59644009427, "message": "Luego pa bajar eso ...", "date": "2018-07-03 14:10:14"}, {"id_message": 71656980679, "message": "C\u00f3mo pill\u00e9 yo eso ...", "date": "2018-07-03 14:10:38"}, {"id_message": 21253110773, "message": "Ay , que me da la stendhalia", "date": "2018-07-03 14:10:43"}, {"id_message": 35882428512, "message": "Yo tengo unas manos de oro", "date": "2018-07-04 01:12:45"}, {"id_message": 62685203369, "message": "Yo me meto unas tostadas con mantequilla cada d\u00eda que flipas", "date": "2018-07-04 11:09:31"}, {"id_message": 91778074760, "message": "Voy en buen camino jaja", "date": "2018-07-04 11:09:40"}, {"id_message": 19233119176, "message": "Madre m\u00eda el aguacate", "date": "2018-07-04 11:16:52"}, {"id_message": 42794762421, "message": "Es que c\u00f3mo pill\u00e9 al aguacate ... Madree ...", "date": "2018-07-04 11:17:00"}, {"id_message": 5426706525, "message": "Me los jalo de dos en dos , como los halls \ud83d\ude02", "date": "2018-07-04 11:17:26"}, {"id_message": 95202661813, "message": "Uuf no se yo", "date": "2018-07-04 11:23:21"}, {"id_message": 35830565770, "message": "Yo con una ensaladita salm\u00f3n y tal", "date": "2018-07-04 11:23:22"}, {"id_message": 51261336246, "message": "Habr\u00e1 que pasarse y nos invitas a un bocata o que ! / Jajaja", "date": "2018-07-04 11:25:33"}, {"id_message": 66790096509, "message": "Quiz\u00e1s deba usarse como \u00faltimo recurso", "date": "2018-07-04 20:24:39"}, {"id_message": 32402079272, "message": "Pa guardar las birras las neveras no ? \u00a1 Jajajaja !", "date": "2018-07-04 22:53:17"}, {"id_message": 13147674085, "message": "El elefante es el ser humano m\u00e1s poderoso del planeta", "date": "2018-07-04 23:13:05"}, {"id_message": 62770026320, "message": "Cuidao que 14 mil son muchos", "date": "2018-07-04 23:32:16"}, {"id_message": 8533214133, "message": "Casi m\u00e1s vacas que en Asturias", "date": "2018-07-04 23:32:56"}, {"id_message": 85574091861, "message": "Se te quedan los cojones peque\u00f1os", "date": "2018-07-06 15:25:25"}, {"id_message": 41591037124, "message": "Hasta que dejas de tomarla", "date": "2018-07-06 15:25:30"}, {"id_message": 27553803524, "message": "El puto Toti \ud83d\ude02 \ud83d\ude02 \ud83d\ude02", "date": "2018-07-06 23:17:33"}, {"id_message": 98668623351, "message": "T\u00fa le viste tambi\u00e9n ?", "date": "2018-07-06 23:47:42"}, {"id_message": 2542522285, "message": "Lol , pues igual curra de eso", "date": "2018-07-06 23:47:47"}, {"id_message": 15199974685, "message": "Pues era mi \u00eddolo", "date": "2018-07-07 00:09:55"}, {"id_message": 18624545753, "message": "Te creo , te creo", "date": "2018-07-07 00:15:44"}, {"id_message": 68122686663, "message": "Joder , no me lo esperaba", "date": "2018-07-07 00:15:54"}, {"id_message": 82879543049, "message": "Un poco de hashishi", "date": "2018-07-07 00:18:50"}, {"id_message": 5136581204, "message": "La puse sin querer", "date": "2018-07-07 00:19:56"}, {"id_message": 62014302614, "message": "Quer\u00eda poner este emoji", "date": "2018-07-07 00:20:00"}, {"id_message": 6468697702, "message": "Aunque ojal\u00e1 ! \u00bf O no ? Jajajaja !", "date": "2018-07-07 00:20:24"}, {"id_message": 81732150794, "message": "Eso est\u00e1 bien jejej", "date": "2018-07-07 00:22:54"}, {"id_message": 36379343725, "message": "Que me qued\u00e9 dormido jaja", "date": "2018-07-07 10:16:44"}, {"id_message": 95924841915, "message": "S\u00ed , sigue as\u00ed \u00e1nimo", "date": "2018-07-07 13:40:32"}, {"id_message": 22314850672, "message": "C\u00f3mo ligas eh , jeje", "date": "2018-07-08 00:07:26"}, {"id_message": 58002700330, "message": "Albacete City \ud83d\ude02 \ud83d\ude02", "date": "2018-07-09 00:00:31"}, {"id_message": 67851596006, "message": "Yo quiero partir nueces con las nalgas", "date": "2018-07-10 23:33:45"}, {"id_message": 9746320356, "message": "Pan situada londinenses ducados Guerra iba ducado buen im\u00e1genes", "date": "2018-07-12 20:48:16"}, {"id_message": 12289940889, "message": "Me acaba de llegar eso", "date": "2018-07-12 20:48:59"}, {"id_message": 80449527818, "message": "A rockear \ud83e\udd1f", "date": "2018-07-13 08:58:42"}, {"id_message": 43073668913, "message": "\ud83e\udd18 \ud83e\udd18 \ud83e\udd18", "date": "2018-07-13 08:58:45"}]