[{"id_message": 66413079411, "message": "Jajaja tiooo se ve que es un ojo \ud83d\ude02 \ud83d\ude02 \ud83d\ude02", "date": "2019-06-03 17:22:41"}, {"id_message": 54809151526, "message": "Aqu\u00ed todos tom\u00e1is prote\u00ednas elaboradas ?", "date": "2019-06-03 17:25:12"}, {"id_message": 67156614177, "message": "Por lo que dicen prozis es de los peores", "date": "2019-06-03 19:44:21"}, {"id_message": 27200859737, "message": "En serio 750 \u20ac ? Joder que bien", "date": "2019-06-04 20:11:11"}, {"id_message": 76649760635, "message": "A m\u00ed no me toca ni lo metio", "date": "2019-06-04 20:11:28"}, {"id_message": 84215409210, "message": "Pues yo creo que est\u00e1n en la misma sinton\u00eda oye \ud83d\ude02 \ud83d\ude02 \ud83d\ude02", "date": "2019-06-04 21:17:41"}, {"id_message": 12935664158, "message": "T\u00fa te dedicas a este mundillo verdad ? Jajaja", "date": "2019-06-05 20:12:00"}, {"id_message": 60862379848, "message": "Limpia el espejo mam\u00f3n jajajajaja", "date": "2019-06-06 02:34:31"}, {"id_message": 96517930442, "message": "Joder que asco jaja", "date": "2019-06-06 13:57:36"}, {"id_message": 35823753640, "message": "Jajajaja pobre Jose jajaja", "date": "2019-06-06 18:29:51"}, {"id_message": 50611650891, "message": "Los red Bulls son poco sanos no ?", "date": "2019-06-07 10:28:47"}, {"id_message": 44907150535, "message": "Ah como lo hab\u00edas medio recomendado digo este muchacho entre los bocadillos de Nocilla y el redbull .. \ud83d\ude02 \ud83d\ude02 \ud83d\ude02", "date": "2019-06-07 10:31:51"}, {"id_message": 14418101458, "message": "Yo eso s\u00ed que no me lo creo No hay por donde cogerlo", "date": "2019-06-07 11:08:07"}, {"id_message": 50320763755, "message": "Dani ten cuidao que como tengas 1 mill\u00f3n de euros ... \ud83d\ude02 \ud83d\ude02 \ud83d\ude02", "date": "2019-06-07 16:25:41"}, {"id_message": 81964165441, "message": "Yo no s\u00e9 ni qui\u00e9n es ese \ud83d\ude02 \ud83d\ude02 \ud83d\ude02", "date": "2019-06-07 16:41:00"}, {"id_message": 87105997669, "message": "Jose no gana pa botes de Nocilla ... as\u00ed est\u00e1 que ni aunque le toque los rascas le llega \ud83d\ude02 \ud83d\ude02 \ud83d\ude02", "date": "2019-06-07 16:48:14"}, {"id_message": 30845006607, "message": "Cuando te sacaste el b1 ? Sabes que de B1 a c1 hay gran cambio no ? Jajajq", "date": "2019-06-07 17:02:29"}, {"id_message": 35155461479, "message": "Yo tampoco Y paso de seguir a esa gente \ud83d\ude02", "date": "2019-06-07 17:58:58"}, {"id_message": 40431168651, "message": "Jajaja vamos que est\u00e1s to motivao con ese hombre", "date": "2019-06-07 18:01:59"}, {"id_message": 23201680761, "message": "Depende de lo que sea", "date": "2019-06-07 18:17:24"}, {"id_message": 28515106974, "message": "De ese mismo canal xDD Dani", "date": "2019-06-07 18:34:12"}, {"id_message": 97916327569, "message": "Vete t\u00fa a saber ...", "date": "2019-06-07 20:03:34"}, {"id_message": 53671244680, "message": "A saber lo que habr\u00e1 hecho ese", "date": "2019-06-07 21:10:04"}, {"id_message": 36015245286, "message": "Me flipa las 3 primeras frases", "date": "2019-06-08 00:03:53"}, {"id_message": 66798242024, "message": "Ha sido buscar elan 40 y salir un anuncio de que lo vendes jaja", "date": "2019-06-08 01:03:26"}, {"id_message": 2435158806, "message": "Y de que trabajas para poder permitirte pagar el barco ese ?", "date": "2019-06-08 01:09:47"}, {"id_message": 72322826106, "message": "A m\u00ed me lo preguntas ? Jajaja", "date": "2019-06-08 01:11:45"}, {"id_message": 46751092830, "message": "Jajajaja yo universitario a\u00fan", "date": "2019-06-08 01:13:06"}, {"id_message": 92689291655, "message": "En el olympia dicen que est\u00e1 lleno de gente que se mete ... Los referentes del jose no veas \ud83d\ude02 \ud83d\ude02 \ud83d\ude02", "date": "2019-06-08 12:47:22"}, {"id_message": 32656875230, "message": "Eso es que si lo ves xD \ud83d\ude02 \ud83d\ude02 Normal si hay m\u00e1s gente artificial ...", "date": "2019-06-08 12:50:52"}, {"id_message": 57015545787, "message": "Jajajaja Dani entre saberse la sexualidad de los \u00eddolos del grupo Y MHYV est\u00e1 puesto al d\u00eda jajajaja", "date": "2019-06-08 12:52:13"}, {"id_message": 53475203076, "message": "Que le\u00ed x aqu\u00ed que era el \u00fanico que sab\u00eda la sexualidad verdadera de un t\u00edo que no se como.se llama , solo se que le ca\u00eda mal a @USER", "date": "2019-06-08 12:53:35"}, {"id_message": 20192180174, "message": "Ah Juan faro creo que se llamaba jajajaja", "date": "2019-06-08 12:54:50"}, {"id_message": 6082605204, "message": "Eso eso y dijeron por aqu\u00ed que controlabas de la sexualidad de los \u00eddolos del grupo Por eso lo dijeee", "date": "2019-06-08 12:58:05"}, {"id_message": 29558283264, "message": "A quien se lo dices ? Jajaja", "date": "2019-06-08 12:59:25"}, {"id_message": 79583381666, "message": "Jajaja yo veo que est\u00e1s obesionao con los gays Pues en mi caso va a ser que no \ud83d\ude02 \ud83d\ude02 \ud83d\ude02", "date": "2019-06-08 13:00:20"}, {"id_message": 15057764595, "message": "M\u00e1s h\u00e1bitos saludables y menos mierdas artificiales", "date": "2019-06-08 13:11:30"}, {"id_message": 42029457685, "message": "Yo no me refiero a eso Lo digo por gente que se cree cualquier tonter\u00eda por marketing puro", "date": "2019-06-08 13:12:22"}, {"id_message": 65492722025, "message": "Pero qui\u00e9n quiere quitarse las agujetas ? Lo suyo es hacer m\u00e1s duro los ejercicios en esa zona Que duela ah\u00ed \ud83d\ude0c", "date": "2019-06-09 22:01:33"}, {"id_message": 13919870313, "message": "Los de tu gimnasio dir\u00e1n no veas este con el postureo ... \ud83d\ude02 \ud83d\ude02 \ud83d\ude02", "date": "2019-06-11 23:35:59"}, {"id_message": 48355700554, "message": "A ver yo digo lo que pensar\u00e1 la gente No lo que piense yo jajaja", "date": "2019-06-11 23:43:58"}, {"id_message": 43852252139, "message": "Que risa lol \ud83d\ude02 \ud83d\ude02 \ud83d\ude02", "date": "2019-06-12 15:43:14"}, {"id_message": 24034884097, "message": "Ya has ligao J ... \ud83d\ude02 \ud83d\ude02 \ud83d\ude02", "date": "2019-06-12 15:54:13"}, {"id_message": 65943369319, "message": "Hahahaha ya sabes ... aprovecha que te dan masajes gratis \ud83d\ude02 \ud83d\ude02 \ud83d\ude02", "date": "2019-06-12 15:55:19"}, {"id_message": 84362167859, "message": "A m\u00ed tampoco \ud83d\ude02 \ud83d\ude02 \ud83d\ude02", "date": "2019-06-12 16:23:21"}, {"id_message": 28895190406, "message": "\u00daltimamente est\u00e1 entrando gente muy rara \ud83d\ude02 \ud83d\ude02", "date": "2019-06-12 16:24:12"}, {"id_message": 1642034719, "message": "Por lo general cuando un medicamento no va a salir \" rentable \" por los pocos afectados , no se va a poner el mismo empe\u00f1o que en medicamentos que afectan a millones , eso es evidente", "date": "2019-06-13 08:50:21"}, {"id_message": 5095990637, "message": "Es que parece que dices lo contrario a lo que dije aqu\u00ed , con lo que dije es normal que mucha gente piense que hay soluciones que directamente no se quieren sacar", "date": "2019-06-13 08:52:02"}, {"id_message": 8770651708, "message": "En el futuro la carne ser\u00e1 un lujo y lo que se comer\u00e1 en su lugar ser\u00e1 insectos", "date": "2019-06-13 20:08:44"}, {"id_message": 66833632570, "message": "Entro y veo esto A quien se est\u00e1 contestando ? Jajajaja", "date": "2019-06-20 18:54:58"}]