[{"id_message": 69006200395, "message": "ni eso ni para competir . Sustituto de desayuno sano , en vez de tomarme algo con hidratos o cualquier cosa por ahi , meter un batido de prote : S", "date": "2019-04-03 11:12:07"}, {"id_message": 29737666714, "message": "@USER por cierto .. donde compras tu la proteina ? muchas gracias", "date": "2019-04-03 11:21:55"}, {"id_message": 61203016848, "message": "\ud83d\udd39 INI_BOLD Prote\u00edna de Suero 992gr Amfit Nutrition por 12,29 \u20ac en Amazon END_BOLD M\u00ednimo hist\u00f3rico bajando INI_BOLD desde 18,09 \u20ac END_BOLD \ud83d\udca5 \ud83d\udca5 \ud83d\udca5 Pr\u00e1cticamente 1 Kilo de prote\u00edna de suero de leche con INI_BOLD glutamina , 6 amino\u00e1cidos de cadena ramificada BCAA END_BOLD y bajo contenido en grasas y az\u00facares \ud83d\udc4c \ud83d\udd25 INI_BOLD Precio oferta : 12,29 \u20ac END_BOLD \ud83d\udd30 INI_BOLD Enlace : END_BOLD URL \u269c \ufe0fINI_BOLD Relacionado : END_BOLD - Hasta - 25 % Productos de las Marcas Amazon \ud83d\udc40 Visto en @USER", "date": "2019-04-03 12:03:57"}, {"id_message": 51431633726, "message": "justo acaba de llegarme esto de un canal de chollos \ud83d\ude02 ( no se si se puede poner publi , si es asi lo borro ! ) era porque me ha parecido curioso", "date": "2019-04-03 12:04:15"}, {"id_message": 72087586299, "message": "marca Amazon ? tiene su propia marca ? : o", "date": "2019-04-03 12:05:18"}, {"id_message": 53798594656, "message": "ese y el aislado", "date": "2019-04-03 12:16:22"}, {"id_message": 17422775922, "message": "yo habia leido que estaban buenos .. al final es lo que dice LJ , .. que cuestion de gustos , supongo ...", "date": "2019-04-03 12:20:45"}, {"id_message": 7731457752, "message": "ah , vale , perdona \ud83d\ude05 \ud83d\ude05 \ud83d\ude05", "date": "2019-04-03 12:21:01"}, {"id_message": 76743579727, "message": "creo que solo pone Cada cucharada de 31 g de la prote\u00edna de suero Amfit Nutrition contiene 4 g de glutamina y 6 g de amino\u00e1cidos de cadena ramificada ( BCAA", "date": "2019-04-03 12:22:37"}, {"id_message": 82760671784, "message": "y que hacen los aminoacidos ? ( siento ser tan ignorante ) si me sacas de proteina / hidrato / grasa ya me pierdo : C", "date": "2019-04-03 12:24:58"}, {"id_message": 89270388314, "message": "\ud83d\ude31 osea que realmente , la clave de la calidad de una prote est\u00e1 en los aminoacidos ?", "date": "2019-04-03 12:30:30"}, {"id_message": 32119250874, "message": "me voy a tener que sacar una carrera para entender esto .. \ud83d\ude02", "date": "2019-04-03 12:36:56"}, {"id_message": 44324881342, "message": "pero bueno , asi a grandes rasgos lo pillo , habria que informarse mucho", "date": "2019-04-03 12:37:11"}, {"id_message": 8559736610, "message": "no no , si te entiendo ! ni de broma ... es imposible . Hay que dedicarle mucho tiempo", "date": "2019-04-03 12:38:38"}, {"id_message": 84830867710, "message": "supongo que tu te dedicas a algo relacionado con esto ?", "date": "2019-04-03 12:38:45"}, {"id_message": 84121022632, "message": "yo tampoco creo que viendo tres articulos en internet uno aprenda realmente lo que hay que saber en profundidad", "date": "2019-04-03 12:39:16"}, {"id_message": 65338200022, "message": "te puedes hacer una minima idea de algunas cosas", "date": "2019-04-03 12:39:20"}, {"id_message": 76414984867, "message": "yo siempre prefiero ser humilde y preguntar . Creo que es lo mejor .", "date": "2019-04-03 12:40:22"}, {"id_message": 18495605458, "message": "yo tambien , me interesa . Gracias", "date": "2019-04-03 12:53:52"}, {"id_message": 40583822396, "message": "Jajajja bueno para darte alg\u00fan capricho como alternativa ..", "date": "2019-04-03 14:59:57"}, {"id_message": 60964286164, "message": "Osea ... Prote\u00edna en polvo con claras ?", "date": "2019-04-03 17:51:39"}, {"id_message": 94988420723, "message": "Gracias a todos por ayudarme con lo de las protes en polvo ! Al final hice un pedido de evowhey ( hsn ) con 12 sabores distintos para hacer cata \ud83d\ude0f hoy he probado el primero y ... ME HA GUSTADO ! ! ! \ud83d\udc4f As\u00ed que supongo que teniendo en cuenta que solo hab\u00eda probado dos protes antes de estas en mi vida , fue cuesti\u00f3n de mala suerte \ud83d\ude05", "date": "2019-04-06 20:00:21"}, {"id_message": 53296358171, "message": "Todo lleno de sobrecitos XD", "date": "2019-04-06 20:00:48"}, {"id_message": 55479522384, "message": "Me parece buena idea . De momento he probado Caf\u00e9 latte . Si habeis probado alguna vez los polvos de \" caf\u00e9 capuchino \" del Mercadona , sabe pr\u00e1cticamente igual . Est\u00e1 bastante bueno , dulce y con sabor a caf\u00e9 no muy fuerte .", "date": "2019-04-06 22:18:07"}, {"id_message": 97944193769, "message": "Estoy probando el batido de turron de hsn y dios , que cosa pas rica", "date": "2019-04-09 10:36:35"}, {"id_message": 80022637928, "message": "o a mi me sabe a avellanas , a lo mejor tengo el gusto atrofiado \ud83d\ude02", "date": "2019-04-09 10:36:56"}, {"id_message": 14187159918, "message": "no te extra\u00f1e .. si ya hay de mojito ...", "date": "2019-04-09 10:38:36"}, {"id_message": 6174563020, "message": "pues es buena idea y no tiene que ser dificil de hacer", "date": "2019-04-09 10:44:02"}, {"id_message": 64747417140, "message": "puf , yo he intentado probar otras leches que no sean la de vaca .. y no puedo con ellas", "date": "2019-04-09 10:47:17"}, {"id_message": 31215954657, "message": "Cada cap\u00edtulo que sale se filtra \ud83e\udd26\u200d\u2640", "date": "2019-04-21 21:06:39"}, {"id_message": 37687220247, "message": "Alguien me puede pasar el v\u00eddeo de @USER ? Es que no lo encuentro y quiero verlo !", "date": "2019-04-21 21:07:17"}, {"id_message": 15754056942, "message": "Yo lo ver\u00e9 est\u00e1 noche . Me he puesto el despertador para verlo en HBO \ud83e\udd2d", "date": "2019-04-21 21:10:01"}, {"id_message": 2106660766, "message": "- The full monty - Germinal ( no es comedia ) - Philadelphia ( no es graciosa ni de huelgas pero si habla de problemas en el trabajo \ud83d\ude02 )", "date": "2019-04-21 22:07:49"}, {"id_message": 70627168921, "message": "Alguno por aqu\u00ed usa Strava ?", "date": "2019-04-22 12:42:30"}, {"id_message": 55288964595, "message": "No , eso es la stevia", "date": "2019-04-22 12:43:45"}, {"id_message": 5092701314, "message": "Es una app .. para monitorizar tus tiempos , ritmos , etc etc cuando corres , haces bici ..", "date": "2019-04-22 12:44:14"}, {"id_message": 6209944391, "message": "Lo preguntaba porque no me marca bien los tiempos nunca .. y era por saber si alguien la usaba :(", "date": "2019-04-22 12:51:27"}, {"id_message": 58939631647, "message": "Si , menos mal que tengo esa para ir viendo lo que hago porque si fuese por el puto Strava ..", "date": "2019-04-22 12:52:09"}, {"id_message": 57365738969, "message": "Es por ver tambi\u00e9n distancia y ritmo", "date": "2019-04-22 12:52:24"}, {"id_message": 54436628367, "message": "Que eso con un cron\u00f3metro ...", "date": "2019-04-22 12:52:33"}, {"id_message": 9252252358, "message": "Es una pasta XD probar\u00e9 otra app", "date": "2019-04-22 12:54:08"}, {"id_message": 50671936479, "message": "Para m\u00ed trote cochinero no me voy a comprar un reloj de esos pro", "date": "2019-04-22 12:54:26"}, {"id_message": 5230292557, "message": "Si , me han recomendado runkeeper . Voy a ver qu\u00e9 tal", "date": "2019-04-22 12:57:23"}, {"id_message": 16404243823, "message": "Ahora no me viene nada a la cabeza .. pero en Jap\u00f3n tiene una palabra espec\u00edfica para referirse a las personas que mueren por exceso de trabajo . La verdad es que si hay alguna peli sobre ello no creo que sea japonesa porque no son muy dados a la autocr\u00edtica . Pero bueno , a lo mejor te sirve de algo ... la palabra es \" karoshi \"", "date": "2019-04-22 17:00:17"}, {"id_message": 80960641837, "message": "Gung Ho - Wikipedia , la enciclopedia libre URL", "date": "2019-04-22 17:01:44"}, {"id_message": 84516041054, "message": "@USER Pues mira , est\u00e1 peli parece que habla de esos temas , ( la he encontrado desde el art\u00edculo de \" karoshi \" )", "date": "2019-04-22 17:02:19"}, {"id_message": 63065535214, "message": "Te ha salido hasta bonita la foto \ud83d\ude02", "date": "2019-04-24 14:46:06"}, {"id_message": 44027687142, "message": "y esas operaciones te las cubre la seguridad social ?", "date": "2019-05-02 12:30:44"}, {"id_message": 94394336561, "message": "por cierto , ejemplo a seguir :)", "date": "2019-05-02 12:31:21"}, {"id_message": 96294378483, "message": "ah vale , lo siento , es que no lo leo mucho", "date": "2019-07-01 13:55:11"}]