[{"id_message": 93906270030, "message": "Hola . Vengo de una dieta cetogenica xon la que me sent\u00eda muy bien pero ha raiz de un problema laboral padezco una bulimia nerviosa que me ha hechp coger 10 kilos", "date": "2022-05-22 12:15:16"}, {"id_message": 82543136180, "message": "Quiero normalizar evitando los atraconws y bajae al menos 7 de esos 10", "date": "2022-05-22 12:15:48"}, {"id_message": 18701797334, "message": "Que puedo hacer ? Aywe poe \u00f1a noche tome un lexatin que me receto \u00f1a psiquiatra y me dejo bastante ko y sin ganas de hacer nasa", "date": "2022-05-22 12:16:51"}, {"id_message": 8148322777, "message": "El principal problema ws que aoy pastelera y me da por hacer pruebas en casa y aunque no me guste el dulce en si no puedo evitar atacarme", "date": "2022-05-22 12:17:34"}, {"id_message": 3744784099, "message": "Es normal o me pasa solo a mi ? Que puedos hacer ?", "date": "2022-05-22 12:17:53"}, {"id_message": 43398188747, "message": "Y como se lucha ? Teneis algun truco ?", "date": "2022-05-22 12:28:22"}, {"id_message": 68600993032, "message": "Contra nosotras mismas , podee decir no a tiempo y poder seguir \u00f1a dieta bien", "date": "2022-05-22 12:34:31"}, {"id_message": 95761324858, "message": "No me lo trata nadie , el lexatin fue poe problema laboral", "date": "2022-05-22 12:35:58"}, {"id_message": 20543381008, "message": "Yo hago ayunos de 16 o 18 h", "date": "2022-05-22 21:58:38"}, {"id_message": 8756763530, "message": "A mi me pass igual . Tengo una ceremonia y no me vale la ropa sue tengo y no puedo comprar nueva", "date": "2022-05-22 23:20:29"}, {"id_message": 49223289980, "message": "Tengo una duda . Yo sufro atracones , puedo cenar bien y luego atrac\u00f3n a cualquier marranada", "date": "2022-05-23 23:02:50"}, {"id_message": 99347811328, "message": "Como sabes si purgas que est\u00e1 todo fuera ?", "date": "2022-05-23 23:03:07"}, {"id_message": 20918124520, "message": "Poe ejemplo si he cenado una ensalada peeo luego te comes helado . Cuando sale la empanada ya digamos que has eliminado lo \" no debido \" y que no te engordara ? O esto no es asi ?", "date": "2022-05-23 23:06:06"}, {"id_message": 21096877375, "message": "A vee si slguien puede responder mi pregunta", "date": "2022-05-23 23:38:50"}, {"id_message": 40029137218, "message": "Porque lo vas a \u00f1asar mal", "date": "2022-05-23 23:39:11"}, {"id_message": 648127227, "message": "I speak a little . Do you have anu questions ?", "date": "2022-05-24 23:28:24"}, {"id_message": 99209741296, "message": "Dieta keto o cetogenica basada en el consumo de proteinas u grasas . En makros 5 % de carbos 25 % de prote\u00ednas y 70 de grasas", "date": "2022-05-25 21:24:22"}, {"id_message": 79111708018, "message": "Trata de activar wl glucagon y obtener la energia de las reservas de grasa", "date": "2022-05-25 21:25:00"}, {"id_message": 24918499450, "message": "Yo tengo un problema , problemon . Sufron de atracones diarios incluso varias veces al dia incluso seguidos . Por que ? Porque soy pastelera y me pongo a hacer cosas sin nwcwsidad alguna y me ataco . Y cuando me pasa soy consciente de que me esta pasando pero no puedo parara", "date": "2022-05-26 18:26:57"}, {"id_message": 10178720830, "message": "Necesito alguien que me ayude a dejarlo alguien a quien pueda hablar wn un momenro dado", "date": "2022-05-26 18:28:02"}, {"id_message": 10537970276, "message": "Aunque sea solo para no levantarme e ir a la cocina", "date": "2022-05-26 18:28:21"}, {"id_message": 19619768536, "message": "No se si me explico", "date": "2022-05-26 18:28:26"}, {"id_message": 96755368054, "message": "Por ? Pues fe todo , mousses , tartas de queso .", "date": "2022-05-26 18:35:23"}, {"id_message": 4074591917, "message": "Por que me lo preguntas Gas ?", "date": "2022-05-26 18:42:08"}, {"id_message": 83700231458, "message": "Empieza eliminando los carbohidratos , nads de azucar , arrorz pasta pan patatas ...", "date": "2022-05-27 09:16:35"}]