[{"id_message": 77887246038, "message": "Gracias ! \ud83d\udc4d\ud83c\udffb", "date": "2019-02-02 18:10:30"}, {"id_message": 64137764706, "message": "Alguien sabe si puedo tomar productos de suplementaci\u00f3n caducados de como m\u00ednimo 1 a\u00f1o como proteina de suero , creatina monohidrato , glutamina , 5 - HTP , aceite de h\u00edgadod e bacalao , vitamina C y BCAA ? Gracias", "date": "2019-03-03 15:41:19"}, {"id_message": 40001798718, "message": "Ok , gracias Julian fit & J", "date": "2019-03-03 15:45:21"}, {"id_message": 87813997282, "message": "Cuando dije un a\u00f1o era para simplificar ya que al tener varios productos todos tienen una fecha de caducidad que es de al menos 1 a\u00f1o y medio y otros de 2 \u00f3 3 a\u00f1os", "date": "2019-03-03 16:14:48"}, {"id_message": 54446607845, "message": "Liz , el tuyo no ha hecho a\u00fan un a\u00f1o", "date": "2019-03-03 16:15:16"}, {"id_message": 60289745940, "message": "Entonces , mejor tirarlo todo , no ?", "date": "2019-03-03 16:18:54"}, {"id_message": 61156180452, "message": "Ok LJ_Team gracias por la explicaci\u00f3n", "date": "2019-03-03 16:23:18"}, {"id_message": 83460520372, "message": "A\u00fan no ! \ud83d\ude09", "date": "2019-03-03 16:23:53"}, {"id_message": 69863069520, "message": "Exacto , has dado en el clavo", "date": "2019-03-03 16:24:57"}, {"id_message": 88472400975, "message": "M\u00e1s que dejar de entrenar , quer\u00eda descansar de suplementaci\u00f3n pero creo que descans\u00e9 demasiado tiempo", "date": "2019-03-03 16:25:48"}, {"id_message": 58882101855, "message": "Inform\u00e1ndome de la glutamina , no me queda claro cu\u00e1ndo se ha de tomar ? Unos dicen antes del entreno y antes de dormir ; otros , antes y despu\u00e9s del entreno . Como es un recuperador muscular , no entiendo el porqu\u00e9 se toma antes del entreno , si uno a\u00fan no ha de recuperar nada . Y tambi\u00e9n tengo la duda de que se recomienda tomarla cuando se hace ejercicio de alta intensidad . El ir al gimnasio se considera de alta intensidad ? Por \u00faltimo , veo que con una alimentaci\u00f3n variada y concretamente carnes rojas , almendras , l\u00e1cteos , soja , pavo , alubias secas etc uno obtiene la glutamina directamente a trav\u00e9s de alimentos . Gracias", "date": "2019-03-03 18:28:30"}, {"id_message": 75438616263, "message": "Gracias \ud83d\udc4d", "date": "2019-03-03 20:04:12"}, {"id_message": 75834358371, "message": "Supongo que los huevos los bates , cu\u00e1nto tiempo en el microondas ? Y le quitas las yemas ?", "date": "2019-03-24 10:16:25"}, {"id_message": 68740218592, "message": "Por qu\u00e9 no os abr\u00eds otro Telegram para mandaros estas chorradas ? Seguro que os lo pasar\u00e9is genial y perder\u00e9is vuestro tiempo , que parece que no os importa .", "date": "2019-07-01 00:10:12"}]