[{"id_message": 97034199832, "message": "Costa Rica y usted ?", "date": "2018-10-21 00:48:14"}, {"id_message": 50469720783, "message": "Si estaba viendo ... voy al gimnasio y cuando puedo ... el ciclismo de monta\u00f1a y vos ?", "date": "2018-10-21 00:50:03"}, {"id_message": 11133939082, "message": "Gracias por el halago \ud83d\ude05 estabas gordillo pero ah\u00ed he ido ... Tema m\u00e9dico ?", "date": "2018-10-21 00:55:01"}, {"id_message": 12441161404, "message": "Entiendo entiendo ... Que triste , la restricci\u00f3n del deporte duele si", "date": "2018-10-21 01:07:01"}, {"id_message": 89956309950, "message": "En relaci\u00f3n con el mundo del gimnasio ?", "date": "2018-10-21 01:09:09"}, {"id_message": 74614563794, "message": "Que te puedo decir ? ? ? Relativo ...", "date": "2018-10-21 01:12:43"}, {"id_message": 56962018786, "message": "Ah si claro ... bueno en el caso de mi pa\u00eds ... como que la gente suele pecar con la alimentaci\u00f3n \ud83d\ude06", "date": "2018-10-21 01:15:33"}, {"id_message": 93942271355, "message": "Yo igual \ud83d\ude05 tambi\u00e9n me pasa con la bicicleta", "date": "2018-10-21 01:43:36"}, {"id_message": 33045739757, "message": "Que lindas ! \ud83d\udc4c\ud83c\udffd", "date": "2018-10-21 01:50:00"}, {"id_message": 94426704753, "message": "Excelente actitud ! ! En realidad este deporte vale la pena !", "date": "2018-10-21 01:53:30"}, {"id_message": 61253822381, "message": "Cuantos a\u00f1os llevas en hacer este deporte ?", "date": "2018-10-21 02:01:12"}, {"id_message": 6670193847, "message": "En mi caso ... Yo hago 5 tiempos y he bajado ... Pero debo luchar con el estr\u00e9s porque si no me estri\u00f1o", "date": "2018-10-21 22:40:40"}, {"id_message": 33800023221, "message": "Si ... tambi\u00e9n le meto a los tiempos de la media ma\u00f1ana y media tarde frutas ... la papaya no me puede faltar y las ciruelas", "date": "2018-10-21 22:43:05"}, {"id_message": 80029059365, "message": "En 6meses he tratado de cambiar mi vida", "date": "2018-10-21 22:43:45"}, {"id_message": 88176822753, "message": "Me desped\u00ed de la cerveza en abril y que cambio m\u00e1s fuerte", "date": "2018-10-21 22:44:11"}, {"id_message": 66008847079, "message": "Yo me tomaba generalmente cada 2 semanas de 3 a 6 cervezas de lata", "date": "2018-10-21 22:47:32"}, {"id_message": 36458973966, "message": "Hace como 4 a\u00f1os iba al gimnasio de la U ... Pero entrenaba muy informalmente y con lo que hab\u00eda pues no estaba completo ... En el periodo 2015-2016 iba al de otro campus de la misma U pero m\u00e1s elaborado .. lo que pasa es que no hac\u00eda las cosas correctamente ... El a\u00f1o pasado decid\u00ed ir formalmente a uno pero no sab\u00eda alimentarme y me fui aburriendo porque ah\u00ed a pesar de que hab\u00eda muy buenas m\u00e1quinas ... el due\u00f1o no quer\u00eda invertir en entrenadores de verdad ... entonces en abril decid\u00ed pasarme para otro ... que es donde estoy .. y pues ah\u00ed todo hasta la fecha ha sido bonito", "date": "2018-10-21 22:51:24"}, {"id_message": 35189739742, "message": "Recuerdo que me daba miedo irme porque la verdad el due\u00f1o era muy buena gente ... Pero el plano que me importaba no estaba resultando suficiente y era botar el tiempo y esfuerzo .. Y una madrugada decid\u00ed que en vez de mover la bicicleta para el camino derecho la voltee para el izquierdo ... Me sometieron a rutinas de circuitos ( no conoc\u00eda los circuitos ) , y me recomendaron saltar la cuerda ... entonces ah\u00ed le damos cuerda antes y despu\u00e9s y evito comer chatarra", "date": "2018-10-21 22:57:06"}, {"id_message": 63974331449, "message": "Hola ... quer\u00eda saber si ustedes sab\u00edan acerca de una duda que tengo en relaci\u00f3n con unos productos . Un compa me los ofrece , pero en el fondo me da temor porque hace un a\u00f1o tuve la experiencia de comprar un suplemento y me engorde en dos paradas ... por lo que lo tuve que suspender y tuve que tratar de perder esos kilos . No se si ustedes los conocen .. y en caso de conocerlos , o usarlos pues que me informen al respecto ... o que me recomienden cu\u00e1l suplemento puede ayudarle a uno sin necesidad de engordarse ... pues lo que quiero es tener l\u00ednea pero no inflarme de mala manera", "date": "2018-11-28 16:11:36"}]