[{"id_message": 13681729087, "message": "Hola soy Milca Ana o Mia : Ana Peso actual : 50 Peso meta : 43 Edad : 18", "date": "2020-04-17 02:04:46"}, {"id_message": 56186362888, "message": "Soy algo en todo esto y necesito consejos", "date": "2020-04-17 02:05:20"}, {"id_message": 26250713234, "message": "Bueno para empezar el no hacer nada en casa me hace sentir aburrida y estuve haciendo ayunos pero hoy me dieron ganas de comer y comi demasiado", "date": "2020-04-17 02:07:05"}, {"id_message": 80436005797, "message": "Ahora me siento mal", "date": "2020-04-17 02:07:17"}, {"id_message": 71521274617, "message": "Si lo hice pero no vote todo", "date": "2020-04-17 02:08:08"}, {"id_message": 93510310185, "message": "Eso hago y estoy en otros grupos pero no son muy activos y nose que hacer me siento sola", "date": "2020-04-17 02:09:26"}, {"id_message": 75623322895, "message": "Y es por eso que hoy comi", "date": "2020-04-17 02:09:42"}, {"id_message": 41654887678, "message": "Me siento muy sola", "date": "2020-04-17 02:11:07"}, {"id_message": 60309977849, "message": "\ud83d\ude2d", "date": "2020-04-17 02:11:14"}, {"id_message": 37467125461, "message": "Hoy en mi pais nevo por donde vivo la cuestion esque hace demasiado frio como para hacer ejercicio", "date": "2020-04-17 02:12:33"}, {"id_message": 85064378644, "message": "Si tienes razon ma\u00f1ana comienzo nuevamente con los ejercicios", "date": "2020-04-17 02:16:04"}, {"id_message": 46100408572, "message": "Tu de que pais eres ?", "date": "2020-04-17 02:16:17"}, {"id_message": 59663997141, "message": "No comprendo muy bien el reto", "date": "2020-04-20 02:49:59"}, {"id_message": 85145758416, "message": "Me podrian explicar porfa", "date": "2020-04-20 02:50:09"}, {"id_message": 13495510854, "message": "Quiero volver a ser Ana Ya me descuide mucho", "date": "2020-07-15 17:37:43"}]