[{"id_message": 45823882119, "message": "Una pregunta yo soy fofinosano quiero cuidarme , conozco unw chica q va a gim w dice levantar 55 kg eb pesas es mucho eso ?", "date": "2018-08-10 16:59:51"}, {"id_message": 66105025767, "message": "A prop de sants", "date": "2018-08-10 17:00:31"}, {"id_message": 67106499826, "message": "Que va jo estic gordete perdre pes", "date": "2018-08-10 17:05:23"}, {"id_message": 73999347864, "message": "El seu bra\u00e7 i el meu", "date": "2018-08-10 17:06:19"}, {"id_message": 63386276055, "message": "Te mes bra\u00e7 q jo ?", "date": "2018-08-10 17:07:02"}, {"id_message": 11629151626, "message": "Ella el te en pose relax ?", "date": "2018-08-10 17:07:15"}, {"id_message": 75765491815, "message": "Ell el te en relax", "date": "2018-08-10 17:07:25"}, {"id_message": 21296895011, "message": "Es curiositat entrenare igual", "date": "2018-08-10 17:08:07"}, {"id_message": 53714515188, "message": "Quin bra\u00e7 veus mes fort", "date": "2018-08-10 17:08:25"}, {"id_message": 1196330047, "message": "Vol dir aixo q es mes forta q jo ?", "date": "2018-08-10 17:09:22"}, {"id_message": 9108091334, "message": "Tampoc vull ser un bestia sinplement tindra foma", "date": "2018-08-10 17:11:12"}, {"id_message": 59775662663, "message": "Llevors dirias q ara ella te mes for\u00e7a q jo ?", "date": "2018-08-10 17:12:10"}, {"id_message": 65907089414, "message": "I mes forma en el bra\u00e7 no es mes for\u00e7a en el bra\u00e7", "date": "2018-08-10 17:13:13"}, {"id_message": 72984179823, "message": "Jo quan vaig veurela pensaba em quanyaria en un pold", "date": "2018-08-10 17:14:08"}, {"id_message": 1513924192, "message": "Ella es la q deia aixecaba 55 kg", "date": "2018-08-10 17:19:16"}, {"id_message": 63982287699, "message": "Pues hablo castellano y ya jejeje", "date": "2018-08-10 17:24:24"}, {"id_message": 45315329905, "message": "Hablaba de quien tenia mas brazo , dijo q ella y si eso significaba q ella era mas fuetre", "date": "2018-08-10 17:29:41"}, {"id_message": 59369744148, "message": "Q ella decia levantar 55kg de pesas", "date": "2018-08-10 17:31:06"}, {"id_message": 53588592272, "message": "Q opinas julian ft", "date": "2018-08-10 17:36:09"}, {"id_message": 64488904642, "message": "Cuento con dos desventajas no tengo mucha fuerza y ella entrena y yo n", "date": "2018-08-10 17:39:55"}, {"id_message": 22186337750, "message": "Algunos dicen q la venas fuerte a ella pq entrena y tiene mas brazo otros q yo . A mi no me sabe mal pq es resultado de su esfuerzo q yo no hice", "date": "2018-08-10 17:48:14"}, {"id_message": 27585886181, "message": "Tu pq apostarias en un pulso", "date": "2018-08-10 17:53:21"}, {"id_message": 5598826493, "message": "Si un poco rallado con mi poca forma f\u00edsica", "date": "2018-08-10 17:57:21"}, {"id_message": 6374913858, "message": "Pq he llevado una vida de descuide , pero todo lo malo me lo podeis decir ahora pq en un a\u00f1o habre cambiado", "date": "2018-08-10 17:58:44"}]