[{"id_message": 16038583844, "message": "Pues har\u00e9 una p\u00e1gina con dietas pondr\u00e9 publicidad y si Dios quiere saco dinero jaja", "date": "2019-01-13 00:46:05"}, {"id_message": 66586154227, "message": "Hola vosotros que com\u00e9is antes de entrenar ?", "date": "2019-01-14 16:31:30"}, {"id_message": 39241417985, "message": "Que tiene que ver una cosa con la otra", "date": "2019-01-14 16:37:42"}, {"id_message": 56645542755, "message": "Yo no quiero sacar dinero de dietas", "date": "2019-01-14 16:39:40"}, {"id_message": 14986457599, "message": "Yo quiero sacar dinero de la web", "date": "2019-01-14 16:39:45"}, {"id_message": 21544196434, "message": "D\u00e9jalo no es as\u00ed tambi\u00e9n vendo productos de gimnasio y tampoco entiendo de ellos", "date": "2019-01-14 16:40:28"}, {"id_message": 49204460403, "message": "Claro que hay que entender ? Para vender productos de fitness ? T\u00fa buscas algo lo compras y listo", "date": "2019-01-14 16:41:37"}, {"id_message": 18575461598, "message": "Yo no ofrezco soporte de ning\u00fan tipo", "date": "2019-01-14 16:41:47"}, {"id_message": 53975171360, "message": "Si quieres que te asesoren te vas a una tienda", "date": "2019-01-14 16:41:54"}, {"id_message": 28774569905, "message": "Pues es una pena", "date": "2019-01-14 16:43:45"}, {"id_message": 93705759466, "message": "Lo mismo que seg\u00fan tu hago instrusismo laboral en ese sector lo mismo hacen con el m\u00edo", "date": "2019-01-14 16:44:03"}, {"id_message": 31455138513, "message": "Unas tortitas de avena x ejemplo con huevos ?", "date": "2019-01-14 16:59:49"}, {"id_message": 81801775355, "message": "lechuga con pollo y atun", "date": "2019-01-31 16:57:45"}, {"id_message": 94943375155, "message": "xk prozis no tiene ya Optimun nutrition > ?", "date": "2019-06-01 14:18:35"}, {"id_message": 4372089063, "message": "que proteina e HSN me recomendais ? Hasta ahora tomaba la Gold whey standard de ON", "date": "2019-06-03 17:24:31"}, {"id_message": 84546974504, "message": "los sabores estan bien conseguidos ?", "date": "2019-06-03 17:26:34"}, {"id_message": 36675677898, "message": "El de Galletas lo habeis probado : c ?", "date": "2019-06-03 17:37:06"}, {"id_message": 44708872812, "message": "En el paquete de 4KG hay un sabor que pone Galletas", "date": "2019-06-03 17:47:47"}, {"id_message": 95482794976, "message": "Entonces el de Fresa y pl\u00e1tano es bueno ? supongo que sabe como los yogures estos bebibles", "date": "2019-06-03 17:55:57"}, {"id_message": 14376558674, "message": "No me gusta el melon xd : S", "date": "2019-06-03 18:12:29"}, {"id_message": 92329443864, "message": "Yo desde que prozis solo vende su marca ..", "date": "2019-06-03 19:38:40"}, {"id_message": 93407694493, "message": "Ya lo e pepdido el de fresa y pl\u00e1tano el de 4KG espero que no este malooo jajaj", "date": "2019-06-03 19:48:23"}, {"id_message": 44439855157, "message": "si me gusta mucho", "date": "2019-06-03 19:49:07"}, {"id_message": 61536460124, "message": "Siii a\u00fan no las e abierto ya te dir\u00e9", "date": "2019-06-06 18:44:01"}, {"id_message": 82319930247, "message": "Jaja a\u00fan nooo esta semana acabo el bote y lo empiezo tengo unas ganas \ud83d\ude0b", "date": "2019-06-27 23:29:11"}, {"id_message": 3589637279, "message": "Conf\u00edo en ti que son 4kg jajaja", "date": "2019-06-27 23:30:25"}, {"id_message": 64411352427, "message": "\ud83d\ude02 xk a\u00fan no s\u00e9 c\u00f3mo saben jaja", "date": "2019-06-27 23:34:16"}, {"id_message": 92667473747, "message": "Uola que claculadora de macros us\u00e1is ?", "date": "2019-07-01 10:48:24"}, {"id_message": 50903585320, "message": "Lo ped\u00ed el otro d\u00eda con la prote\u00edna y va fino fino", "date": "2019-07-01 10:48:56"}, {"id_message": 48575406877, "message": "Hoy la empiezo nada m\u00e1s salir de trabajar \ud83d\udcaa \ud83d\udcaa", "date": "2019-07-01 10:50:45"}, {"id_message": 75483848304, "message": "Alguno de vosotros estudiais nutrici\u00f3n o algo as\u00ed ?", "date": "2019-07-01 11:17:24"}, {"id_message": 60091403632, "message": "MifitnessPal o Yazio o alguna otra que sepais jaja y sab\u00e9is alguna web para ver cuantas calorias tienen los alimentos de forma rapida ?", "date": "2019-07-01 16:25:55"}, {"id_message": 46071556997, "message": "Est\u00e1 riqu\u00edsimo \ud83d\ude0b", "date": "2019-07-02 22:22:01"}, {"id_message": 81117256339, "message": "Y muy barato que me sali\u00f3 gracias @USER", "date": "2019-07-02 22:22:15"}, {"id_message": 48324963649, "message": "Jaja un poco esque hoy le eche bastantes cubitos x la calor y se me a aguado un poco \ud83d\ude02 \ud83d\ude02", "date": "2019-07-02 22:30:37"}, {"id_message": 30243452018, "message": "Tu qu\u00e9 compras todo de han ?", "date": "2019-07-02 22:30:47"}, {"id_message": 51284005547, "message": "Con leche pero le eche cubitos", "date": "2019-07-02 22:33:04"}, {"id_message": 39979858392, "message": "C\u00f3mo yo mas o menos lo que hago es que compro mucho y as\u00ed pues tengo jaja", "date": "2019-07-02 22:33:20"}, {"id_message": 85263934131, "message": "Jajaja \ud83d\udcb8 \ud83d\udcb8", "date": "2019-07-02 22:35:07"}, {"id_message": 33757160702, "message": "Yo lo que pillo es prote\u00edna , pre entreno y bccaas . Los inform\u00e1ticos sin cafe\u00edna no somos inform\u00e1ticos xf el menor d\u00eda me da un ataque pero buewno", "date": "2019-07-02 22:37:06"}, {"id_message": 76221242956, "message": "No est\u00e1 mal el de hsn tiene 300 creo ha sabes \ud83c\udf1d", "date": "2019-07-02 22:51:00"}, {"id_message": 68539503584, "message": "Si , y est\u00e1 rico rico", "date": "2019-07-02 22:51:57"}, {"id_message": 84402043054, "message": "Creo que s\u00ed es azul el que tengo", "date": "2019-07-02 22:52:24"}, {"id_message": 37909587202, "message": "Sep jaja yo esque soy un delicao", "date": "2019-07-02 23:03:07"}, {"id_message": 37273948320, "message": "Mucha calor por vuestras ciudades ? ?", "date": "2019-07-03 14:54:39"}, {"id_message": 48360385342, "message": "Lleva aqu\u00ed sin llover nose desde cu\u00e1ndo", "date": "2019-07-03 14:56:25"}, {"id_message": 56448287747, "message": "Jaja salir a las 3 con toda la calor \ud83d\ude2d", "date": "2019-07-03 14:57:06"}, {"id_message": 8284573121, "message": "Me voy a quemar nada m\u00e1s pisar la calle", "date": "2019-07-03 14:57:18"}, {"id_message": 3161773721, "message": "Cierto \ud83d\ude02", "date": "2019-07-03 17:28:05"}, {"id_message": 33204671255, "message": "Gran\u00e1 es lo mejor", "date": "2019-07-03 18:00:51"}]