[{"id_message": 21049047913, "message": "Yo hoy hecho mis primeras dominadas con lastre con 10 k he podido hacer 10 rep 4 series", "date": "2019-04-04 23:37:23"}, {"id_message": 67109240884, "message": "Yo solo con agarre cerrado", "date": "2019-04-04 23:39:58"}, {"id_message": 40756944017, "message": "Las palmas mirando hacia a mi", "date": "2019-04-04 23:40:24"}, {"id_message": 29555894798, "message": "No se como se llama", "date": "2019-04-04 23:40:38"}, {"id_message": 23088634419, "message": "Estoy contento yo las dominas me suelo hacer 15 con los dos tipos de agarre sin lastre", "date": "2019-04-04 23:41:54"}, {"id_message": 82224158253, "message": "Y la primera vez con 10 k hacerme 10 no est\u00e1 nada mal para mi", "date": "2019-04-04 23:42:42"}, {"id_message": 68251160266, "message": "Ir\u00e9 subiendo peso como me comentas", "date": "2019-04-04 23:43:38"}, {"id_message": 73754715906, "message": "De donde es ese peso ? ? ?", "date": "2019-04-05 16:25:03"}, {"id_message": 63568870013, "message": "\ud83d\udc4d \ud83d\ude02 \ud83d\ude02 \ud83d\ude02", "date": "2019-04-05 22:03:45"}, {"id_message": 44934485897, "message": "Muchas gracias LJ una persona 100 % 100 % s\u00faper formal de total confianza muchas gracias de nuevo ahora a darle ca\u0144a \ud83d\udcaa \ud83d\udcaa \ud83d\udcaa", "date": "2019-04-09 23:10:02"}, {"id_message": 8055071579, "message": "Buenos d\u00edas hoy a darle duro despu\u00e9s de una semana de descanso \ud83d\udcaa \ud83d\udcaa \ud83d\udcaa", "date": "2019-04-23 12:16:12"}, {"id_message": 86345852119, "message": "Pero a la bota \ud83d\ude02 \ud83d\ude02 \ud83d\ude02", "date": "2019-04-23 12:41:45"}, {"id_message": 66216589856, "message": "Tengo agujetas de ayer despu\u00e9s de una semana hoy toca piernas", "date": "2019-04-24 19:34:31"}, {"id_message": 47434499056, "message": "Vamos darle duro ! ! ! K tengo mono", "date": "2019-04-24 19:34:59"}, {"id_message": 45230212488, "message": "Buuuaaaaa estoy reventao no me puedo ni mover", "date": "2019-04-24 22:09:18"}, {"id_message": 31662297956, "message": "Ma\u00f1ana m\u00e1s \ud83d\udcaa \ud83d\udcaa \ud83d\udcaa", "date": "2019-04-24 22:09:49"}, {"id_message": 95193397487, "message": "Me encanta ! ! ! k envidia con la facilidad que lo hace", "date": "2019-05-02 23:58:32"}, {"id_message": 9056679463, "message": "Yo te veo mejor k antes ! ! ! \ud83d\ude09", "date": "2019-05-08 08:11:13"}, {"id_message": 89036280912, "message": "Programa sobre los veganos en la sexta por si alguien le interesa", "date": "2019-05-10 22:53:59"}, {"id_message": 31205511633, "message": "Voy a tener k dejar de hacer sentadillas con barra me pega pinchazos la columna", "date": "2019-05-14 08:33:12"}, {"id_message": 60258483272, "message": "Pues me pega un pinchazo en la columna en la zona de la paletilla , pensaba k era porke sub\u00eda de peso pero ayer con menos peso en alguna me pegaba el latigazo", "date": "2019-05-14 11:03:38"}, {"id_message": 35962144150, "message": "He pensado en hacer sentadillas sin barra cogiendo el disco con las manos y hacer m\u00e1s repes", "date": "2019-05-14 11:06:24"}, {"id_message": 22374409278, "message": "Yo ayer cambi\u00e9 el horario de entro y acabe a las 9:30 y me cost\u00f3 un cojon dormirme", "date": "2019-05-14 12:54:35"}, {"id_message": 3356812823, "message": "Si hoy me vuelve a pasar estoy pensando en levantarme a las 5 de la ma\u00f1ana a entrenar antes de ir a currar", "date": "2019-05-14 12:56:44"}, {"id_message": 31575487118, "message": "Buenas hoy voy reventado", "date": "2019-05-14 22:35:31"}, {"id_message": 19282769199, "message": "Parece k me all\u00e1 pasado un tren por encima", "date": "2019-05-14 22:35:50"}, {"id_message": 17930680365, "message": "\ud83d\ude33 \ud83e\udd26\u200d\u2642 \ufe0f", "date": "2019-05-15 13:05:29"}, {"id_message": 87514646901, "message": "Alguien se levanta a las 5 de la ma\u00f1ana a entrenar ?", "date": "2019-06-02 22:34:55"}, {"id_message": 72182999188, "message": "Que multivitaminico sol\u00e9is tomar ? ? ?", "date": "2019-06-03 11:31:29"}, {"id_message": 94597517200, "message": "Este lo a probado alguien ? ? ?", "date": "2019-06-03 11:32:14"}, {"id_message": 89379528242, "message": "Jose k tal mereces la pena", "date": "2019-06-03 11:35:38"}, {"id_message": 64029850171, "message": "Estar mejor ahora k antes ! ! ! buen trabajo", "date": "2019-06-03 22:47:13"}, {"id_message": 78934677761, "message": "Muchas gracias Juli\u00e1n muchas dominadas", "date": "2019-06-04 22:05:02"}, {"id_message": 14731493859, "message": "Las abdominales parecen de plastico \ud83d\ude02 \ud83d\ude02 \ud83d\ude02", "date": "2019-06-05 12:07:21"}, {"id_message": 59194406088, "message": "K pasa en la zona de alicante ? ? ?", "date": "2019-06-07 11:48:59"}, {"id_message": 52689429069, "message": "Grande Rafa ! ! ! \ud83d\udc4f \ud83d\udc4f \ud83d\udc4f", "date": "2019-06-10 11:08:27"}, {"id_message": 59939819953, "message": "Se necesita receta para las pastillas de anavar ?", "date": "2019-06-11 11:19:28"}, {"id_message": 68955104144, "message": "Gracias por la informaci\u00f3n", "date": "2019-06-11 11:52:39"}, {"id_message": 10630119411, "message": "Tu m\u00e9dico te lo receta sin mas", "date": "2019-06-11 11:58:40"}, {"id_message": 60893785821, "message": "Siii xafao k me mola mogoll\u00f3n \ud83d\ude09", "date": "2019-06-17 22:13:05"}, {"id_message": 4588251940, "message": "Ha cuanto esta el clembuterol ? Es bueno ?", "date": "2019-06-20 21:14:34"}, {"id_message": 30446854289, "message": "Por esto lo decia", "date": "2019-06-20 21:45:28"}, {"id_message": 56002949564, "message": "Valla ventiladores Aki en mi zona estar\u00edan cotizados", "date": "2019-06-22 01:19:44"}, {"id_message": 90021073762, "message": "La buena vida adriii", "date": "2019-06-22 01:30:30"}, {"id_message": 95090660939, "message": "K es eso Juli\u00e1n ? ? ?", "date": "2019-07-08 19:38:14"}, {"id_message": 94381998717, "message": "No es por nada pero la paella de Valencia no vale nada", "date": "2019-07-13 18:44:22"}, {"id_message": 25894835863, "message": "Porque la mejor esta en la zona de Alicante", "date": "2019-07-13 18:50:15"}, {"id_message": 2287908449, "message": ", \ud83e\udd23 \ud83e\udd23 \ud83e\udd23", "date": "2019-07-13 18:58:00"}, {"id_message": 52920073278, "message": "Si tienes oportunidad prueba la de cada sitio", "date": "2019-07-13 18:58:57"}, {"id_message": 96608384393, "message": "Veo k tienes buena refencia", "date": "2019-07-13 19:07:13"}]