[{"id_message": 23718675932, "message": "Jajaja bien y vos ? ?", "date": "2020-04-06 20:09:21"}, {"id_message": 6291732370, "message": "Toca en donde dice ana y mia", "date": "2020-04-06 20:35:02"}, {"id_message": 18028947275, "message": "Okey bien \u2764 \ufe0f \u2764 \ufe0f", "date": "2020-04-06 20:41:53"}, {"id_message": 23656814847, "message": "Bueno cualquier cosa ya sabes donde pedir ayuda", "date": "2020-04-06 20:48:32"}, {"id_message": 2547406126, "message": "Bueno yo me llamo candela mi edad es 14 creo que peso 54 mido 164 y mi meta es 48 o 40", "date": "2020-04-06 21:13:25"}, {"id_message": 41125042755, "message": "Bien y a ti ? ?", "date": "2020-04-06 23:17:32"}, {"id_message": 97346462858, "message": "Holaaa cuantas calorias van ? ? ?", "date": "2020-04-07 03:31:50"}, {"id_message": 32008918850, "message": "Soy la que te dio el link", "date": "2020-04-07 04:58:57"}, {"id_message": 59116452455, "message": "El grupo es nuevo si queres te hago admi y lo compartis", "date": "2020-04-07 04:59:26"}, {"id_message": 32288499823, "message": "Onda a gente de confianza", "date": "2020-04-07 04:59:39"}, {"id_message": 95769912493, "message": "Sii \u263a \ufe0f", "date": "2020-04-07 05:01:27"}, {"id_message": 97443799740, "message": "\u2764 \ufe0f \u2764 \ufe0f", "date": "2020-04-07 05:01:51"}, {"id_message": 33161963924, "message": "Basicamente nos pasamos dietas tips", "date": "2020-04-07 05:02:27"}, {"id_message": 92265023520, "message": "Y lo hago aca en telegram ya que me revisan WhatsApp pero lo tengo silenciado y mis viejos no sabe de esta app", "date": "2020-04-07 05:03:18"}, {"id_message": 78167822166, "message": "Yo sip nomas de 500 calorias al dia", "date": "2020-04-07 05:06:00"}, {"id_message": 44540905345, "message": "No tipo se me dificulta vomitar eso si", "date": "2020-04-07 05:17:22"}, {"id_message": 44353829509, "message": "Hola a tod @s bienvenid @s . A continuaci\u00f3n las reglas y algunas preguntas frecuentes . * Toda persona nueva debe presentarse para \u201c romper el hielo \u201d y generar confianza entre los integrantes del grupo : Se anexa una ficha que puede servir de ejemplo para su presentaci\u00f3n . ( nombre o apodo ) Ana o m\u00eda Peso actual Peso meta Edad ( es importante no mentir a fin de evitar situaciones desagradables ) Se corre riesgo de baneo en caso de no hacer su presentaci\u00f3n . * El sarcasmo est\u00e1 permitido mientras no sea de car\u00e1cter ofensivo . * Prohibido hacer comentarios despectivos acerca de un comentario , foto o v\u00eddeo que alguno de los miembros comparta . * Prohibido promover la auto lesi\u00f3n en todas sus variantes ( cortarse quemarse etc ) . * Prohibido promover el uso de medicamentos ( con o sin receta m\u00e9dica ) . Prohibido Mandar mensajes privados a los admin sin una buena raz\u00f3n . * Ser activo a diario es el requisito Primordial . * En caso de tener que ausentarse contactar a los administradores para validar su caso * Solo se puede permanecer en un grupo general de whatsapp a la vez , en caso de hacer caso omiso ser\u00e1n baneados de ambos * Prohibido enviar cualquier contenido pornogr\u00e1fico ( audios , im\u00e1genes videos etc .. ) . * \u2022 Prohibido enviar links de otros grupos sea de la tem\u00e1tica que sea , no est\u00e1 prohibido hacer sus propios grupos e invitar a l @s dem\u00e1s mediante pv , aunque les instamos a ser cuidadosos en lo que respecta a los links externos . * Prohibido el spam de im\u00e1genes , Stickers y / o Emojis . ( Se le dar\u00e1 ban a la persona que los pida y a la que los mande ) \u2022 Si identifican a alguien que este en contra de nuestro estilo de vida o alguien que este mandando fotos de Google , avisar a los administradores para su eliminaci\u00f3n . * Menores de edad : Se les recomienda analizar y comprender en lo que se est\u00e1n metiendo , aqu\u00ed nadie se har\u00e1 responsable por da\u00f1os f\u00edsicos , psicol\u00f3gico o emocionales . * Si tu peso ya est\u00e1 en lo establecido por el m\u00ednimo seg\u00fan Ana y m\u00eda es importante mantenerse ah\u00ed adelgazar m\u00e1s es riesgoso para tu salud . Recuerda qe lo primordial es la salud.En caso de hacer caso omiso ser\u00e1s removid @ sin previo aviso . Medidas de seguridad : 1 . - No mandar fotos personales , y en caso de hacerlo , censurar su rostro y entorno . 2 . - ponerle una contrase\u00f1a o patr\u00f3n a telegram , disponible en los ajustes de la app . Y en caso de whatsapp pueden hacer uso de una app externa . 3 . - evitar dar datos personales espec\u00edficos ( como domicio , trabajo , n\u00famero de tel\u00e9fono y dem\u00e1s ) , no nos hacemos responsables por el mal uso que estos pudieran tener . 4 . - Si te contactan por interno recuerda extremar precauciones con informaci\u00f3n personal . Preguntas Frecuentes \u2013 El grupo es mixto ? = Si , y lo seguir\u00e1 siendo , tambi\u00e9n es multinacional . \u2013 Y las dietas ? se hace env\u00edo de los archivos cada cierto periodo de tiempo , recuerden que necesitan un lector de pdf para poder ver los archivos . \u2013 Y los dem\u00e1s admin ? = Cada administrador cumple con un rol diferente . Que va desde el reclutamiento de personas para el grupo , hasta la creaci\u00f3n de contenido para el grupo o blog . \u2013 Porque eliminan gente ? = Por romper alguna regla as\u00ed mismo nos reservamos el derecho de eliminar del grupo a quien consideremos pertinente . - si soy eliminado puedo volver a entrar ? = Depende del motivo por el que fuiste eliminado . \u2013 Cada cuanto hacen limpieza ? = Limpieza Diaria . \u2013 que necesito para ser admin ? = Ser activo diariamente Tener un periodo de 3 meses de estancia como m\u00ednimo en el grupo para el cual quieres ser administrador Aceptar unirte al grupo de administradores Estar dispuesta a crear , editar documentos pdf para el grupo Ser mayor de edad o en su defecto tener la suficiente madurez mental para tomar decisiones de peso Acatar las indicaciones que se nos d\u00e9n y hacerlas valer Respetar las reglas y hacer que se respeten Ser una persona proactiva y comprometida con el grupo .", "date": "2020-04-07 07:13:52"}, {"id_message": 54997874758, "message": "Tengo un gran problema Mi madre quiere que haga panqueques y es mi debilidad y si no como va a sospechar pero no se Las calorias y tengo miedo por que es puro gluten", "date": "2020-04-07 23:55:20"}, {"id_message": 98264150029, "message": "De harina Los comines", "date": "2020-04-07 23:57:49"}, {"id_message": 41161810817, "message": "Uhh gracias \u2764 \ufe0f \u2764 \ufe0f", "date": "2020-04-07 23:58:07"}, {"id_message": 62647186133, "message": "Dice que se dies diametros tiene 86 sin relleno", "date": "2020-04-07 23:58:27"}, {"id_message": 99930242639, "message": "Pero no se cuanto midee", "date": "2020-04-07 23:59:00"}, {"id_message": 21961988284, "message": "Es toda mi mano casi", "date": "2020-04-08 00:00:18"}, {"id_message": 45644585468, "message": "Y me mato haciendo", "date": "2020-04-08 00:03:52"}, {"id_message": 19926614705, "message": "Gracias a re lo que pueda", "date": "2020-04-08 00:04:41"}, {"id_message": 17312252807, "message": "Pero este est\u00e1 a salvo de esas personas por suerte", "date": "2022-04-18 02:26:58"}, {"id_message": 24108812821, "message": "Si ac\u00e1 pas\u00f3 lo mismo pero por suerte bloqueamos y reportamos a todos y no jodieron m\u00e1s", "date": "2022-04-18 02:32:15"}, {"id_message": 19786012377, "message": "Ni se les ocurra fumar", "date": "2022-04-18 02:44:00"}, {"id_message": 59493949228, "message": "Da m\u00e1s anciedad fumar", "date": "2022-04-18 02:44:11"}, {"id_message": 19273797909, "message": "Lo digo por experiencia", "date": "2022-04-18 02:44:19"}, {"id_message": 25113982389, "message": "Si pero luego pasa que te da de nuevo y se hace un bucle cada vez peor", "date": "2022-04-18 02:45:17"}, {"id_message": 97417939619, "message": "A mi solo me paraba por unas horas", "date": "2022-04-18 02:45:26"}, {"id_message": 82671339441, "message": "Y luego me daba m\u00e1s anciedad", "date": "2022-04-18 02:45:34"}, {"id_message": 34520260379, "message": "Hasta me di atracones por querer tapar lo con un cigarro", "date": "2022-04-18 02:45:50"}, {"id_message": 40064772939, "message": "No sirve encerio que no", "date": "2022-04-18 02:45:57"}, {"id_message": 61676732065, "message": "Plis pres\u00e9ntate o te elimino", "date": "2022-04-18 03:40:11"}, {"id_message": 92820754256, "message": "Si y no depende", "date": "2022-04-18 04:40:10"}, {"id_message": 58705044976, "message": "Publique dietas en el canal", "date": "2022-04-18 19:02:21"}, {"id_message": 98522323140, "message": "Aviso por las dudas", "date": "2022-04-18 19:02:26"}, {"id_message": 28402122968, "message": "chicas hay una nueva publicacion en el blog", "date": "2022-04-19 01:19:46"}, {"id_message": 47120497162, "message": "Hay amor qu\u00e9 pas\u00f3 ?", "date": "2022-05-01 23:47:09"}, {"id_message": 86561395371, "message": "Como se llama la otra CV", "date": "2022-05-01 23:51:13"}, {"id_message": 52481610444, "message": "Hay linda todo va a mejorar lo Prometo \u2665 \ufe0f", "date": "2022-05-01 23:52:04"}, {"id_message": 94057724241, "message": "Chicas acu\u00e9rdense qu\u00e9 hay un grupo de whats App", "date": "2022-05-02 20:31:33"}, {"id_message": 69743721706, "message": "Ya publique nuevas cosas en el blog", "date": "2022-05-09 03:12:28"}, {"id_message": 83287188678, "message": "Blog Ana y m\u00eda , hay tips grupos foros thinspho etc es mejor que este canal jaja URL", "date": "2022-05-09 03:12:28"}, {"id_message": 49372794330, "message": "Chiquis hay nuevas publicaciones en el blog si quieren alg\u00fan tema en particular me dicen", "date": "2022-05-15 20:44:56"}, {"id_message": 15601743706, "message": "la grasa no se quema asi", "date": "2022-05-24 03:39:40"}, {"id_message": 95740582793, "message": "no exite ningun alimento bebida pastilla crems", "date": "2022-05-24 03:39:51"}, {"id_message": 39020768728, "message": "de eso va el ayuno", "date": "2022-05-24 04:26:28"}]