[{"id_message": 50779086728, "message": "Me presento , mi nombre es Jes\u00fas y ando buscando grupo donde comentar cosas relativas con el gimnasio y el deporte", "date": "2019-07-05 20:17:21"}, {"id_message": 15363726448, "message": "Estoy en el grupo adecuado ? \ud83d\ude05", "date": "2019-07-05 20:17:30"}, {"id_message": 74155489923, "message": "Os pongo en situaci\u00f3n ... Estatura 1.77 peso 69kg , vamos lo q viene siendo un tirillas", "date": "2019-07-05 20:18:12"}, {"id_message": 44259311210, "message": "La cuesti\u00f3n es que llevo a\u00f1os de gimnasio por etapas ... Cuando no son los estudios es el curro y cuando no una lesi\u00f3n ...", "date": "2019-07-05 20:18:49"}, {"id_message": 50369382516, "message": "En fin q no consigo estar 6 meses seguidos d\u00e1ndole a los hierros \ud83d\ude44", "date": "2019-07-05 20:19:12"}, {"id_message": 97410163556, "message": "Quiero empezar de nuevo a ver si cojo algunos kilos", "date": "2019-07-05 20:19:36"}, {"id_message": 39137239580, "message": "Que no piso el gimnasio desde septiembre , octubre ...", "date": "2019-07-05 20:19:58"}, {"id_message": 36370417154, "message": "Recomend\u00e1is empezar de alguna forma para evitar agujetas de manera grandiosa ? \ud83d\ude06", "date": "2019-07-05 20:20:29"}, {"id_message": 59355553460, "message": "En fin , me dej\u00f3 asesorar", "date": "2019-07-05 20:20:49"}, {"id_message": 68166718775, "message": "Entiendo digamos algo , se hacer todo tipo de ejercicios y c\u00f3mo hacerlos adecuadamente ya que conozco mi cuerpo y se c\u00f3mo hacerlos , la cosa es que nunca he dado con una rutina que encadenada con otra y otra me haga subir de peso", "date": "2019-07-05 20:21:51"}, {"id_message": 87862381760, "message": "Llevo hace unos 6 a\u00f1os o as\u00ed de gimnasio yendo unos 6 o 7 meses al a\u00f1o", "date": "2019-07-05 20:22:42"}, {"id_message": 25908044839, "message": "Si eso es primordial para no deprimirse uno solo empezar ... \ud83d\ude06", "date": "2019-07-05 20:23:43"}, {"id_message": 99241567514, "message": "Quiero empezar poco a poco tocando todos los grupos", "date": "2019-07-05 20:23:57"}, {"id_message": 79166966379, "message": "Otra cosa que no menciono es q vengo hace casi dos semanas de un esguince leve , as\u00ed que me tocar\u00e1 tom\u00e1rmelo con calma al menos tren inferior ...", "date": "2019-07-05 20:35:24"}, {"id_message": 96124853177, "message": "Ya te digo ... \ud83e\udd26\ud83c\udffb\u200d\u2642", "date": "2019-07-05 20:36:42"}, {"id_message": 16232803442, "message": "Acabo de terminar una oposici\u00f3n , con eso te lo digo todo", "date": "2019-07-05 20:36:55"}, {"id_message": 93705307110, "message": "Y para m\u00e1s puta mala suerte , el mismo d\u00eda que me examino fue el d\u00eda del esguince ...", "date": "2019-07-05 20:37:20"}, {"id_message": 550218320, "message": "Despu\u00e9s de examinarme vamos , comienzo bien las vacaciones", "date": "2019-07-05 20:37:45"}, {"id_message": 9482938129, "message": "Ojal\u00e1 hubiese sido para polic\u00eda , al menos hubiese tenido preparaci\u00f3n f\u00edsica", "date": "2019-07-05 20:48:52"}, {"id_message": 66717475797, "message": "Mucho andaluz por aqu\u00ed o no ?", "date": "2019-07-05 20:51:34"}, {"id_message": 49120010112, "message": "De Huelva soy yo", "date": "2019-07-05 21:20:40"}, {"id_message": 32347853872, "message": "Maemia \ud83d\ude06", "date": "2019-07-06 10:48:21"}, {"id_message": 8291123082, "message": "Gracias MJ , se puede decir q eres \" miarma \" ? ( con cari\u00f1o , mi novia es sevillana tb ) jajajjaja", "date": "2019-07-06 10:49:28"}, {"id_message": 59685441334, "message": "Es un puto geiperman el CR7 jajajaja", "date": "2019-07-06 15:12:47"}, {"id_message": 98261125047, "message": "Maemia \ud83d\ude48", "date": "2019-07-08 20:20:04"}, {"id_message": 37614256648, "message": "Correr como un cabron y dieta cojones", "date": "2019-07-08 20:20:24"}, {"id_message": 73832071582, "message": "Que lo queremos todo f\u00e1cil y ya", "date": "2019-07-08 20:20:35"}, {"id_message": 51338089804, "message": "Que poca educaci\u00f3n en el esfuerzo hemos recibido en este pa\u00eds ...", "date": "2019-07-08 20:20:49"}, {"id_message": 49871608266, "message": "Sobre todo , q es lo q m\u00e1s quema", "date": "2019-07-08 20:27:08"}, {"id_message": 20874330579, "message": "Pero q m est\u00e1s contando t\u00fa a m\u00ed de t\u00e9 ni Cocacola ... ? ?", "date": "2019-07-09 08:16:20"}, {"id_message": 63919084774, "message": "Qui\u00e9n le ha dicho q sea menos q nadie ?", "date": "2019-07-09 08:16:51"}, {"id_message": 24195584450, "message": "No te ralles Andr\u00e9s , cada cual q se lo tome como le de la gana", "date": "2019-07-09 19:42:55"}, {"id_message": 59388030584, "message": "Qui\u00e9n me quiera poner de maleducado por estas palabras all\u00e1 cada uno con su finura de palacio", "date": "2019-07-09 19:45:17"}, {"id_message": 15971897206, "message": "No he querido ofender a nadie , ni siquiera a quien preguntaba", "date": "2019-07-09 19:45:55"}, {"id_message": 97879956266, "message": "Menos mal q est\u00e1s t\u00fa para defenderlo , q \u00e9l tiene una mano rota o no puede usar audios cachissss", "date": "2019-07-09 19:47:20"}, {"id_message": 73973291718, "message": "Eso es q se ofendi\u00f3 ? ? ?", "date": "2019-07-09 19:47:43"}, {"id_message": 26052315223, "message": "En serio , si tienes ganas de guerra quemalas en el gimnasio anda J", "date": "2019-07-09 19:48:07"}, {"id_message": 34621049364, "message": "Pues si es tu hijo ya deber\u00edas de asesorarle t\u00fa en vez de permitirle que entre en grupos de Telegram q a saber lo q se encuentra , como ofensas como la m\u00eda ... \ud83d\ude02", "date": "2019-07-09 19:49:04"}, {"id_message": 1286706144, "message": "Ok , venga anda saludos", "date": "2019-07-09 19:49:16"}, {"id_message": 29720980947, "message": "Que yo no me enfado @USER , simplemente me hace gracia q me acusen de ofender con ese argumento \ud83e\udd37\ud83c\udffb\u200d\u2642", "date": "2019-07-09 19:52:11"}, {"id_message": 27685697638, "message": "Pero que formas ? ? ? Le insult\u00e9 ? ? Le dije algo en concreto a \u00e9l ? ? ?", "date": "2019-07-09 20:04:53"}, {"id_message": 73712057940, "message": "Simplemente critiqu\u00e9 el car\u00e1cter que tenemos en esta sociedad de quererlo todo ya", "date": "2019-07-09 20:05:10"}]