[{"id_message": 15425283361, "message": "dice que en ese estudio se revisaron 53 estudios hechos con diferentes productos naturales para el aumento de la testosterona", "date": "2022-12-07 09:17:44"}, {"id_message": 72618012960, "message": "y de todos ellos el tribulo no tuvo relacion con el aumento de la testosterona en sangre", "date": "2022-12-07 09:18:13"}, {"id_message": 90769912568, "message": "pero lo que si parece estar relacionado son las semillas de mucuna en polvo", "date": "2022-12-07 09:18:35"}, {"id_message": 11835388766, "message": "ah\u00ed est\u00e1 el estudio completo sobre el tribulo", "date": "2022-12-07 09:21:16"}, {"id_message": 51745772936, "message": "para el que le pueda interesar", "date": "2022-12-07 09:21:20"}, {"id_message": 2645936931, "message": "y ah\u00ed est\u00e1 una de las partes m\u00e1s puntuales del documento", "date": "2022-12-07 09:23:27"}, {"id_message": 29046474116, "message": "pero claro , igual este es un estudio de revisi\u00f3n de otros estudios", "date": "2022-12-07 09:23:41"}, {"id_message": 51923142171, "message": "si quieres leer algo que sea definitivamente determinante , busca m\u00e1s titulos al respecto", "date": "2022-12-07 09:24:03"}, {"id_message": 78433886277, "message": "Hay subgrupos aca ? Waoh ... Mejor se abrian un Discord XD", "date": "2022-12-09 03:09:56"}, {"id_message": 67232634171, "message": "Para que son buenos Don Carlos ? ?", "date": "2022-12-20 12:25:08"}, {"id_message": 54652357724, "message": "Yo solo usaba la glucosa de los batidos", "date": "2022-12-20 12:28:20"}, {"id_message": 66614117924, "message": "Los iba sorbiendo entre series", "date": "2022-12-20 12:28:32"}, {"id_message": 38485470547, "message": "Pero ... Supongo que habra algun aporte extra de los datiles , no ...", "date": "2022-12-20 12:29:15"}, {"id_message": 84587768513, "message": "Ahora ya todo tiene sentido", "date": "2022-12-20 12:29:26"}, {"id_message": 62297358867, "message": "Hay personas que prefieren el platano como aporte de energia", "date": "2022-12-20 12:29:45"}, {"id_message": 75006015712, "message": "Pero siempre se me hizo menos practico ... Cuantos platanos te terminabas comiendo con cada sesion ? Jajaja", "date": "2022-12-20 12:30:17"}, {"id_message": 29994255605, "message": "Que te guste ya es diferente", "date": "2022-12-20 12:30:38"}, {"id_message": 75200454750, "message": "Aporte de hierro , mira ... Estan interesantes tus datiles", "date": "2022-12-20 12:31:21"}, {"id_message": 68247654787, "message": "Hot touch : ni un jamon sin probar menos", "date": "2022-12-21 00:01:33"}, {"id_message": 58046259957, "message": "Eso suena a manada con una persona basta", "date": "2022-12-21 00:02:52"}, {"id_message": 37253152001, "message": "Hay cursos para eso ? XD", "date": "2022-12-21 00:04:06"}, {"id_message": 26420995812, "message": "Si pones la palma de la mano hacia adelante , de que lado del codo te duele ? Del lado del codo que esta para adentro del cuerpo ? O del lado que queda afuera ?", "date": "2022-12-21 21:38:13"}, {"id_message": 33650236703, "message": "Ubica cual es tu dolor aca", "date": "2022-12-21 22:10:52"}, {"id_message": 8680191306, "message": "En cual de esos puntos te duele", "date": "2022-12-21 22:12:08"}, {"id_message": 37556312795, "message": "Ademas , mira esos tendones del dibujo , presionatelos con los dedos y fijate si te duelen", "date": "2022-12-21 22:13:21"}, {"id_message": 72944605045, "message": "Es lo tipico , pero haciendo press mas comun es que te de el otro ... Solo busca en google \" estiramientos para epicondilitis \" y cambia de ejercicio hasta que te pase y cuando retomes el press , si lo haces con barra larga , ahora usa la barra Z , esa le exige menos a los musculos del codo ... Al menos hasta que los fortalezcas y puedas volver a la barra recta", "date": "2022-12-21 22:42:29"}, {"id_message": 19507737232, "message": "Perdona , me referia a cuando hagas curl , no press", "date": "2022-12-21 22:49:17"}, {"id_message": 52116673063, "message": "Cual es el ejercicio que les gusta mas hacer porque claramente se les hace el mas facil de hacer ?", "date": "2022-12-22 06:19:32"}, {"id_message": 96404780329, "message": "Press de banca no vale decir XD", "date": "2022-12-22 06:19:53"}, {"id_message": 81113278020, "message": "Si , martillo tambien se me hace mas facil de hacer \ud83d\ude05", "date": "2022-12-22 10:37:39"}, {"id_message": 52017606963, "message": "Interesante sugerencia ... Solo has lo contrario a cada cadena y supongo que con eso sera suficiente", "date": "2022-12-22 10:38:26"}, {"id_message": 55114234940, "message": "Habia un librito ... Partido en dos ( innecesariamente ) que hablaba de eso ... Vere si lo encuentro", "date": "2022-12-22 10:39:11"}, {"id_message": 97418964180, "message": "Es este , b\u00fascalo en internet , son 2", "date": "2022-12-22 10:41:37"}, {"id_message": 97604680290, "message": "40 series ? Repeticiones ? Entre 8 y 12 ?", "date": "2022-12-22 11:25:30"}, {"id_message": 81885728622, "message": "Ahi si , nunca menos de 8", "date": "2022-12-22 11:28:10"}, {"id_message": 85914659925, "message": "Pero lo veo preciso para volumen", "date": "2022-12-22 11:28:45"}, {"id_message": 6096840197, "message": "Es decir , que sean series muy altas", "date": "2022-12-22 11:29:03"}, {"id_message": 89119152667, "message": "Ahora ... Que el cuerpo te aguante es otra cosa jajaja", "date": "2022-12-22 11:29:24"}, {"id_message": 68716596444, "message": "Usualmente las series se van aumentando progresivamente", "date": "2022-12-22 11:29:52"}, {"id_message": 39518911441, "message": "Mandarte con 40 de lleno es lesionarte si o si", "date": "2022-12-22 11:30:15"}, {"id_message": 39045568186, "message": "Aaah yo pense que te referias a ganar masa", "date": "2022-12-22 11:31:18"}, {"id_message": 18973731569, "message": "Si ya vi ... Fui yo que lei de corrido tu mensaje jaja", "date": "2022-12-22 11:32:35"}, {"id_message": 5886832431, "message": "Pues depende , que objetivo quieres lograr con eso ?", "date": "2022-12-22 11:32:58"}, {"id_message": 94370992871, "message": "Bueno , hasta donde tengo entendido eso es mas para ganar volumen ... No se que diran los demas", "date": "2022-12-22 11:34:14"}, {"id_message": 73637138762, "message": "Pues mejor haces el cardio de toda la vida que ese si define mejor \ud83d\ude05", "date": "2022-12-22 11:36:40"}, {"id_message": 43619805756, "message": "Pero podrias intentarlo a ver como te va", "date": "2022-12-22 11:37:26"}, {"id_message": 21620252691, "message": "Ya empezaste con ese plan ?", "date": "2022-12-22 11:37:35"}, {"id_message": 80339997178, "message": "O recien lo estas pensando ?", "date": "2022-12-22 11:37:42"}, {"id_message": 94995200322, "message": "Listo ... En 6 semanas estaran los primeros resultados", "date": "2022-12-22 11:38:26"}, {"id_message": 98339243407, "message": "A ver que dicen los demas", "date": "2022-12-22 11:38:50"}]