[{"id_message": 36768143269, "message": "P\u00e1jaro , la has hecho aposta", "date": "2019-01-03 14:51:01"}, {"id_message": 21405545030, "message": "Mirale , va sin pierna jajjaja", "date": "2019-01-03 14:51:28"}, {"id_message": 32183372134, "message": "Por cierto siempre me he preguntado si sirven esos ejercicios sin ser lastrados", "date": "2019-01-03 14:53:15"}, {"id_message": 44778089935, "message": "Mejor que nada seguro , pero hipertrofian algo ?", "date": "2019-01-03 14:53:38"}, {"id_message": 18042471161, "message": "Me refiero , imaginate un hipthrust 5 * 5 120kg frente a eso ...", "date": "2019-01-03 14:54:32"}, {"id_message": 12585641340, "message": "No se si en s\u00ed termina de hacer algo", "date": "2019-01-03 14:54:48"}, {"id_message": 6826744797, "message": "La verdad es que para ser t\u00eda como te dicen , los marcas bien", "date": "2019-01-03 14:57:48"}, {"id_message": 44286667969, "message": "A las chicas les cuesta sacar", "date": "2019-01-03 14:58:05"}, {"id_message": 43284618618, "message": "Cuesta bajar el % graso mucho", "date": "2019-01-03 14:58:51"}, {"id_message": 62267567129, "message": "Jajja si , ha saltado como un lince", "date": "2019-01-03 14:59:26"}, {"id_message": 63045503365, "message": "Para que est\u00e9 seca una chica cuesta ... puff , bueno lo sabr\u00e1s ...", "date": "2019-01-03 14:59:59"}, {"id_message": 80996892944, "message": "Si hombre si , se te ve tapad\u00edsimo jajjajajaja", "date": "2019-01-04 20:14:12"}, {"id_message": 35869815410, "message": "Pilla los i10 , clones aut\u00e9nticos", "date": "2019-01-06 13:22:49"}, {"id_message": 89814748099, "message": "Lo pongo porque le puede venir bien a todo el grupo", "date": "2019-01-06 13:24:57"}, {"id_message": 49625686787, "message": "Que son clones , no imitaciones", "date": "2019-01-06 13:28:26"}, {"id_message": 42257473335, "message": "Y si mientras intentas abrir te agachas un poco lo mismo cuenta como serie de frontsquat", "date": "2019-01-17 12:02:32"}, {"id_message": 70254827283, "message": "Yo tambien , pero mix de pimientas y hierbas provenzales u or\u00e9gano", "date": "2019-01-20 16:56:53"}, {"id_message": 95191023055, "message": "Que fileticos m\u00e1s limpios", "date": "2019-01-21 16:27:54"}, {"id_message": 7636278299, "message": "Ha matao la vaca con sus propias manos", "date": "2019-01-21 16:48:41"}, {"id_message": 18431017560, "message": "Pobres potricos , pero no pobres ternericos ? Ajjajaj", "date": "2019-01-21 18:03:18"}, {"id_message": 83276412817, "message": "A la alemana ? Era ?", "date": "2019-01-21 19:38:51"}, {"id_message": 92557897862, "message": "Cuanto meter\u00edas en una 5 * 5 ?", "date": "2019-01-22 11:47:20"}, {"id_message": 22946384165, "message": "Series reps a cuanto sueles ir ?", "date": "2019-01-22 12:02:27"}, {"id_message": 61533137529, "message": "Vamos , que te gusta todo jajjajaj", "date": "2019-01-22 12:03:33"}, {"id_message": 37992955058, "message": "Pues cuantos ejercicios metes por sesi\u00f3n ? Y descansos", "date": "2019-01-22 12:17:26"}, {"id_message": 69717506617, "message": "Os pregunto a todos jajaj qu\u00e9 m\u00e1ximas llevas , peso y altura ?", "date": "2019-01-22 15:28:00"}, {"id_message": 35881535412, "message": "Qu\u00e9 haces de abs ?", "date": "2019-01-22 16:17:37"}, {"id_message": 68829350039, "message": "Depende de que sea la m\u00e1quina", "date": "2019-01-22 22:04:35"}, {"id_message": 89636442624, "message": "Bueno , como no es un pinacho ni un lagun pues al gym", "date": "2019-01-22 22:15:11"}, {"id_message": 71807937301, "message": "Cuidado con lo que follais no vayais a cargaros el superhabit y entreis en normo / deficit", "date": "2019-01-23 12:46:09"}, {"id_message": 81584925621, "message": "Eso es , siempre asegurar , chavales , nunca decir no a una mamada / cabalgada", "date": "2019-01-23 12:47:24"}, {"id_message": 60983059261, "message": "Bueno bueno habla por ti \ud83d\ude02", "date": "2019-01-23 12:48:09"}, {"id_message": 10833953056, "message": "Jajajaja pues ya t\u00e1 , consejito del d\u00eda", "date": "2019-01-23 12:48:52"}, {"id_message": 66301636862, "message": "La verdad es que algunos le ponen empe\u00f1o y joer se cuidan la ostia", "date": "2019-01-23 12:49:27"}, {"id_message": 74089866090, "message": "Dieta a rajatabla y despues viene la parienta y te arruina el superhabit", "date": "2019-01-23 12:55:22"}, {"id_message": 82531082593, "message": "Thanks for the info jajaajj", "date": "2019-01-23 12:56:01"}, {"id_message": 834490803, "message": "Si bueno , y quien no ? Jajaaja", "date": "2019-01-23 12:56:21"}, {"id_message": 21337932471, "message": "Polvo y unas oreo para compensar r\u00e1pidamente", "date": "2019-01-23 12:57:02"}, {"id_message": 28311382337, "message": "Eso mismo quer\u00eda decir , me has leido la mente", "date": "2019-01-23 13:18:17"}, {"id_message": 20958513125, "message": "Has ido al gym ?", "date": "2019-01-23 18:14:15"}, {"id_message": 95880874684, "message": "La virgen , pero todo eso para que tomais ?", "date": "2019-01-24 16:01:17"}, {"id_message": 86248622702, "message": "No s\u00e9 como podeis subir con tan poquito \ud83d\ude2d", "date": "2019-02-13 00:06:23"}, {"id_message": 85274393636, "message": "S\u00f3lo e ? Cuanto metes en volumen ?", "date": "2019-02-13 00:12:12"}, {"id_message": 87998753810, "message": "Ahh ok eso ya suena bien", "date": "2019-02-13 00:14:35"}, {"id_message": 95309753355, "message": "Cuadras macros o solo kcal ?", "date": "2019-02-13 00:15:05"}, {"id_message": 65274934877, "message": "Para m\u00ed es la clave de todo", "date": "2019-02-13 11:57:14"}, {"id_message": 75108148154, "message": "Como es paseo de granjero unilateral ?", "date": "2019-06-11 20:28:30"}, {"id_message": 24445852752, "message": "Ok , meto mancuerna gigante y ando intentado equilibrar normal no ?", "date": "2019-06-11 20:29:36"}, {"id_message": 97330860472, "message": "El grupo del mindfullness eee jajjajajajj", "date": "2019-07-02 10:38:16"}, {"id_message": 81150049255, "message": "Joer que bien hablas", "date": "2019-07-02 20:35:30"}]