[{"id_message": 17715406894, "message": "Buenas ! ! A todos y todas !", "date": "2019-01-28 18:33:39"}, {"id_message": 89481972304, "message": "Eso iba a decir yo , s\u00f3lo estas controlando tu progreso con la bascula ? Te has medido perimetro de cintura , pierna , brazo ... quizas sea que has subido masa magra y bajado masa grasa si esos perimetros han bajado . Por otro lado aunque comas todo 0 % si consumes m\u00e1s calor\u00edas de las que necesitas para estar en d\u00e9ficit , engordaras .", "date": "2019-01-29 10:30:51"}, {"id_message": 33957909215, "message": "Chicos y chicas , haber si me podeis ayudar , realizo 3 dias crossfit y 3 d\u00edas gym ( pierna , torso y fullbody ) adem\u00e1s sol\u00eda salir a correr 2 dias 6km . \u00daltimamente he ido petando de piernas y en parte por el estres ( ex\u00e1menes , poco dormir ... ) deje la carrera , a\u00fan as\u00ed segu\u00ed notando las piernas que no me recuperan . Me quit\u00e9 la pierna del gym , y las sigo notando cargadas . Estoy en semana de descarga para hacer un reset .", "date": "2019-01-30 22:40:54"}, {"id_message": 26548151600, "message": "Como os organizariais ? Tengo pensando quitar el dia de pierna", "date": "2019-01-30 22:41:21"}, {"id_message": 14609552945, "message": "Se trabaja casi siempre el tren inferior", "date": "2019-01-30 22:41:57"}, {"id_message": 41131185034, "message": "Yo esk no voy a clases grupales . Entreno con un chico que compite y esta s\u00f3lo conmigo , y voy al d\u00eda es decir no s\u00e9 de antes lo que entreno . El s\u00ed lo va teniendo en cuenta xk me va diciendo la semana que viene aumentamos intensidad y eso . Pero el entreno como tal no lo tengo previo", "date": "2019-01-30 22:43:57"}, {"id_message": 58293667189, "message": "Esa era mi duda , fuera pierna de los d\u00edas de gym", "date": "2019-01-30 22:44:56"}, {"id_message": 98551851595, "message": "Y de correr como lo veis ? Poco a poco hasta que se vayan haciendo para no volver a petar ? O tambien al palco la carrera ?", "date": "2019-01-30 22:45:38"}, {"id_message": 77015675009, "message": "Estoy a deficit desde hace 5 meses", "date": "2019-01-30 22:47:17"}, {"id_message": 98849295579, "message": "Mas o menos he calculado un gatos de 2000 o 2200 que tengo", "date": "2019-01-30 22:48:08"}, {"id_message": 31366417158, "message": "Pero esk aun tengo algo que perder de peso ...", "date": "2019-01-30 22:48:40"}, {"id_message": 35811453353, "message": "Medidas y eso me tomo no solo peso claro", "date": "2019-01-30 22:50:11"}, {"id_message": 29824768311, "message": "Pero bueno , m\u00e1s no es mejor , es algo que me cuesta meterme en la cabeza \ud83d\ude05", "date": "2019-01-30 22:50:50"}, {"id_message": 12027871802, "message": "No a este ritmo 3 meses , el cuerpo me ped\u00eda guerra", "date": "2019-01-30 22:52:09"}, {"id_message": 98773891534, "message": "Pero no le he dado el descanso necesario a las patas \ud83d\ude1e", "date": "2019-01-30 22:52:38"}, {"id_message": 71804220083, "message": "Escalo desde hace 2 a\u00f1os , y corria", "date": "2019-01-30 22:53:29"}, {"id_message": 33488831330, "message": "Deje la escalada x trabajo y me meti a crossfit", "date": "2019-01-30 22:53:40"}, {"id_message": 93922301736, "message": "Eso es lo que fallo , no se como planificarlo para que me haya descanso suficiente \ud83e\udd26\u200d\u2640", "date": "2019-01-30 22:54:56"}, {"id_message": 9914367222, "message": "Soy un culo inquieto", "date": "2019-01-30 22:57:58"}, {"id_message": 27170316819, "message": "Ese es un problema jajjaja", "date": "2019-01-30 22:58:09"}, {"id_message": 77329195279, "message": "Yo creo que me he frito el sistema nervioso tmb", "date": "2019-01-30 22:58:58"}, {"id_message": 98062245817, "message": "Haber si esta semana de descarga ...", "date": "2019-01-30 22:59:17"}, {"id_message": 48333765943, "message": "Jaajaja mi problema esk mi ocio , es irme con los compis a la monta\u00f1a de ruta o a escalar , pasar el finde en alg\u00fan sitio chulo", "date": "2019-01-30 23:00:42"}, {"id_message": 63971350100, "message": "Cuando se termina la ruta , o la via de escalada si jaja", "date": "2019-01-30 23:02:39"}, {"id_message": 5659133788, "message": "Pero merece la pena", "date": "2019-01-30 23:02:53"}, {"id_message": 59069749116, "message": "Jajajaja tampoco te creas ! \ud83d\ude05", "date": "2019-01-30 23:05:57"}, {"id_message": 46746886856, "message": "Gracias x la ayuda ! Voy a intentar organizarme un poquito mejor \ud83d\ude04", "date": "2019-01-30 23:07:07"}, {"id_message": 66610753712, "message": "Arribes del duero creo recordar", "date": "2019-01-31 06:19:18"}, {"id_message": 62395138257, "message": "Salamanca pegado a Portugal", "date": "2019-01-31 06:19:36"}, {"id_message": 81840268579, "message": "Yo creo que morir\u00eda comiendo jajajja", "date": "2019-01-31 09:12:53"}, {"id_message": 41884994448, "message": "Que oferta ? Y donde jeje", "date": "2019-02-04 09:41:24"}, {"id_message": 67572981836, "message": "Algo para los no respondedores a la cafe\u00edna que active un poco ?", "date": "2019-02-06 17:13:01"}, {"id_message": 58627535130, "message": "Vamos me la tomo , y no noto nada . Aumente la dosis e igual .", "date": "2019-02-06 17:16:46"}, {"id_message": 70003162028, "message": "Y aunque me la tome tarde en plan 7 u 8 de la tarde ( entreno sobre esa hora ) duermo f\u00e1cilmente ( que s\u00e9 que la gente dice de tomarla pronto por que les cuesta dormir ) yo nanai", "date": "2019-02-06 17:17:56"}, {"id_message": 9743065687, "message": "Todo aquello con harina de avena / espelta y sal ros del himalaya ? \ud83d\ude02", "date": "2019-02-07 15:59:03"}]