[{"id_message": 57018379231, "message": "Por eso es mejor que te la chupen y ya est\u00e1 . Te aseguras no salirte de kcals", "date": "2019-01-23 12:46:59"}, {"id_message": 2697024546, "message": "Eso de pasivo suena un poco mal", "date": "2019-01-23 12:47:40"}, {"id_message": 39648340622, "message": "Si te digo la verdad", "date": "2019-01-23 12:47:46"}, {"id_message": 57038508091, "message": "Es respetable claro , adem\u00e1s se ponen mazados los joputas", "date": "2019-01-23 12:48:46"}, {"id_message": 45682031110, "message": "Pero eso solo se debe hacer con una pareja estable", "date": "2019-01-23 13:05:32"}, {"id_message": 61316475369, "message": "Otra t\u00eda te manda a la mierda", "date": "2019-01-23 13:05:37"}, {"id_message": 18580839981, "message": "Yo creo que sabe mejor porque mientras lo tomas piensas que en tu cuerpo est\u00e1n entrando 15gr de proteina", "date": "2019-01-23 13:08:24"}, {"id_message": 24006037087, "message": "Menudo hijo de puta , tienes un cuerpazo del cop\u00f3n . De gordo nada , tu est\u00e1s fuerte . Menudas espaldas tienes , hijo de la gran puta . Olv\u00eddate de adelgazar , potencia ese f\u00edsico tan espectacular que tienes , hijo de una perra sarnosa . Qu\u00e9 puta envidia me das ! Cuida un poco la alimentaci\u00f3n y tira de m\u00e1quinas en el gym . Nataci\u00f3n y remo es lo que necesitas para terminar de ponerte del cop\u00f3n . Menudo hijo de la gran puta eres , ya quisiera yo ese pedazo de cuerpo . Cabronazo , hijo de mil putas , te invidio much\u00edsimo . Insisto , cuida un poco la dieta y mach\u00e1cate en el gym , con ese cuerpo puedes quedarte del cop\u00f3n , cabronazo . Y a los que dicen que est\u00e1s gordo ni puto caso , son un atajo de maricones insecto-palos que solo les gusta lamer falos . Tu , sin embargo , est\u00e1s del cop\u00f3n , hijo de la grand\u00edsima puta . Qu\u00e9 suerte ten\u00e9is algunos con la gen\u00e9tica . Saludos y a darle fuerte , cabronazo .", "date": "2019-01-23 13:16:12"}, {"id_message": 59740203596, "message": "No hay de qu\u00e9", "date": "2019-01-23 13:18:40"}, {"id_message": 85477803884, "message": "Tranquilo , es un copia y pega", "date": "2019-01-23 13:20:21"}, {"id_message": 93344856107, "message": "a mi me parece que es por simple desadaptaci\u00f3n", "date": "2019-01-23 21:49:38"}, {"id_message": 57071738040, "message": "pero no tienen por qu\u00e9 decir demasiado", "date": "2019-01-23 21:49:43"}, {"id_message": 49404637178, "message": "ni de si el entrenamiento ha sido bueno o malo", "date": "2019-01-23 21:49:53"}, {"id_message": 25143663817, "message": "a mi tras retormar el gimnasio la primera semana", "date": "2019-01-23 21:50:43"}, {"id_message": 82103794757, "message": "y luego apenas nada", "date": "2019-01-23 21:50:46"}, {"id_message": 72032787390, "message": "mejor eso a quedarte corto , jajjaa", "date": "2019-01-23 21:51:22"}, {"id_message": 77958531933, "message": "prefiero eso a rayarte pensando si entrenaste bien la zona o no", "date": "2019-01-23 21:51:36"}, {"id_message": 3482721416, "message": "con las agujetas sabes que s\u00ed", "date": "2019-01-23 21:51:39"}, {"id_message": 67088914331, "message": "Y el principio weider de confusion muscular ?", "date": "2019-01-23 22:11:49"}, {"id_message": 77703886476, "message": "Y trabajar otros angulos", "date": "2019-01-23 22:12:04"}, {"id_message": 67430944570, "message": "No hace falta mas jaja", "date": "2019-01-23 22:58:05"}, {"id_message": 1332191568, "message": "en la de la izquierda pesas m\u00e1s", "date": "2019-01-24 10:28:40"}, {"id_message": 22398649009, "message": "parece que ahi tengas la cintura m\u00e1s ancha , m\u00e1s grasa", "date": "2019-01-24 10:28:49"}, {"id_message": 68506820450, "message": "la de la derecha m\u00e1s seco", "date": "2019-01-24 10:29:16"}, {"id_message": 12427875173, "message": "Venga , da ya el resultado", "date": "2019-01-24 11:08:30"}, {"id_message": 50069428648, "message": "Y ayudas a comercios locales", "date": "2019-01-25 14:03:40"}, {"id_message": 63450781357, "message": "Cuando @USER saque el video de diferencias en dieta de volumen limpia vs sucia ya ver\u00e9is", "date": "2019-01-25 17:21:29"}, {"id_message": 22757035086, "message": "Que muchos creen que da igual que metas 3000kcal de basura que de comida real", "date": "2019-01-25 17:21:55"}, {"id_message": 47450521145, "message": "\ud83d\udc4c\ud83c\udffb", "date": "2019-01-25 17:43:21"}, {"id_message": 98416528465, "message": "que la leche es de lenta absorci\u00f3n", "date": "2019-01-25 22:23:14"}, {"id_message": 967343137, "message": "tiene lactosa que es muerte", "date": "2019-01-25 22:23:19"}, {"id_message": 49141988387, "message": "hace muy pesada la digesti\u00f3n", "date": "2019-01-25 22:23:34"}, {"id_message": 65765410984, "message": "Tomo 5 de esos de la lista a diario O . o", "date": "2019-01-26 14:45:51"}, {"id_message": 21245797066, "message": "Tu eres otro como yo que le costara comer", "date": "2019-01-26 14:53:29"}, {"id_message": 2958959831, "message": "Mas de uno de este grupo se comia 4 platos como ese de una", "date": "2019-01-26 14:53:40"}, {"id_message": 18361867579, "message": "Qu\u00e9 mierda es eso tio", "date": "2019-01-26 15:02:56"}, {"id_message": 1094783847, "message": "Estas ayunando o que ?", "date": "2019-01-26 15:03:25"}, {"id_message": 12785224135, "message": "Si se va al abdomen ni se notara", "date": "2019-01-26 15:04:15"}, {"id_message": 51402808741, "message": "Y no temes por tu piel ?", "date": "2019-01-26 15:04:35"}, {"id_message": 87313157699, "message": "Alomejor porque bajas demasiado ?", "date": "2019-01-27 14:18:07"}, {"id_message": 86927331128, "message": "A mi me pasaba", "date": "2019-01-27 14:18:11"}, {"id_message": 92651812082, "message": "Lo que hago es no pegar la espalda al bajar", "date": "2019-01-27 14:18:18"}, {"id_message": 13316126333, "message": "Se referira al tipico crunch abdominal", "date": "2019-01-27 14:22:38"}, {"id_message": 14517954149, "message": "Ese v\u00eddeo es la mejor respuesta que te van a dar xD", "date": "2019-01-27 23:56:34"}, {"id_message": 54391260171, "message": "Era para probar lo de las encuestas , que es nuevo", "date": "2019-01-28 00:21:04"}, {"id_message": 13090457026, "message": "Qu\u00e9 miembro del grupo ?", "date": "2019-01-28 00:21:33"}, {"id_message": 10632852360, "message": "Que si lu traga o escupe", "date": "2019-01-28 00:21:45"}, {"id_message": 28842735974, "message": "Ah que puse LIz ?", "date": "2019-01-28 00:22:34"}, {"id_message": 71024547933, "message": "que te veo muy alterada", "date": "2019-01-28 00:22:54"}, {"id_message": 47103052788, "message": "Eso es tan falso como tu foto de perfil ... \ud83d\ude02", "date": "2019-01-28 00:24:07"}]