[{"id_message": 66897962712, "message": "Que te ha dado resultado ?", "date": "2022-04-14 18:45:36"}, {"id_message": 62889119835, "message": "Que pasa cu\u00e1ndo ya haya llegado a mi peso so\u00f1ado ?", "date": "2022-04-14 18:47:59"}, {"id_message": 26871354570, "message": "Yo solo quiero llegar a un peso equilibrado y ya", "date": "2022-04-14 18:54:13"}, {"id_message": 23413521406, "message": "Pero hazlo por ti , no por tus parejas", "date": "2022-04-14 18:56:12"}, {"id_message": 60781102569, "message": "En \u00faltimas todo pasa y uno es el que queda con su vida", "date": "2022-04-14 18:56:38"}, {"id_message": 90674562688, "message": "Bien , pero aqu\u00ed no hay profesionales", "date": "2022-04-14 18:57:17"}, {"id_message": 48349350858, "message": "Lo estoy tomando con calma , cuando uno llama las cosas a veces llegan personas que no aportan nada", "date": "2022-04-14 18:59:03"}, {"id_message": 24388039950, "message": "Depende tu edad y estatura", "date": "2022-04-14 19:00:56"}, {"id_message": 47454043003, "message": "Deber\u00eda haber un grupo emocional", "date": "2022-04-14 19:01:33"}, {"id_message": 51388406648, "message": "Puedes m\u00e1s bien tonificar y mantener el peso , pero no bajes m\u00e1s", "date": "2022-04-14 19:02:47"}, {"id_message": 65635852141, "message": "Aqu\u00ed el peso es la excusa pero realmente hay otra cosa en el fondo", "date": "2022-04-14 19:03:21"}, {"id_message": 51646657924, "message": "Hombre no es gente decimos ac\u00e1 en Colombia jaja pero creo que es depende de lo que uno busque y acept\u00e9", "date": "2022-04-14 19:03:55"}, {"id_message": 86102791607, "message": "Y si es que alcanza a llegar", "date": "2022-04-14 19:05:08"}, {"id_message": 68842400999, "message": "Bueno y los administradores solo se encargan de enviar la presentaci\u00f3n , no hablan ?", "date": "2022-04-14 19:05:37"}, {"id_message": 26229543778, "message": "De seguro alguien te dar\u00e1 una mano", "date": "2022-04-14 19:07:13"}, {"id_message": 91200851406, "message": "Pens\u00e9 que el grupo ten\u00eda alguna din\u00e1mica", "date": "2022-04-14 19:07:49"}, {"id_message": 81613048087, "message": "Oka , espero que todo salga bien", "date": "2022-04-14 19:08:13"}, {"id_message": 34952601711, "message": "Creo que todos lo han hecho \ud83d\ude09", "date": "2022-04-14 19:08:36"}, {"id_message": 59642025823, "message": "S\u00ed , por favor , no menores de edad", "date": "2022-04-14 19:52:26"}, {"id_message": 68289777168, "message": "Se los digo de coraz\u00f3n , en esa etapa no tienen sino dudas y dudas , no empeoren eso", "date": "2022-04-14 19:52:53"}, {"id_message": 38658284307, "message": "El problema es que ahora mienten con la edad", "date": "2022-04-14 20:00:01"}, {"id_message": 81082120302, "message": "Si el sexo fuera lo \u00fanico en una pareja , muchas no tendr\u00edan que pasar por infidelidad . El sexo es solo un complemento", "date": "2022-04-14 20:40:04"}, {"id_message": 96220324963, "message": "Esa idea nace del machismo solo para que las mujeres crean que satisfacer a un hombre es una forma de tenerlos contentos y a tu lado , simplemente s\u00e9 t\u00fa misma y si el se va pues simplemente la relaci\u00f3n no era lo que buscaba y punto", "date": "2022-04-14 20:41:57"}, {"id_message": 29792779137, "message": "Si se acerc\u00f3 a usted siendo flaca o gorda fue porque algo le gust\u00f3", "date": "2022-04-14 20:42:24"}, {"id_message": 57083134429, "message": "Parece ser que ni haz le\u00eddo las normas del grupo", "date": "2022-04-14 20:44:11"}, {"id_message": 67714506637, "message": "Sino est\u00e1s de acuerdo , simple , sigues derecho", "date": "2022-04-14 20:44:36"}, {"id_message": 95483763886, "message": "Y opino porque la compa\u00f1era lo expuso", "date": "2022-04-14 20:44:52"}, {"id_message": 41290352279, "message": "Si te sientes identificada sorry", "date": "2022-04-14 20:45:00"}]