[{"id_message": 10392205573, "message": "Ah\u00ed vamow ami , goy ayune 26 horas deber\u00eda estar feliz pero ando medio apatica", "date": "2021-04-24 01:50:15"}, {"id_message": 81706253100, "message": "Esos per\u00edodos de tiempo en q una tiene tal apat\u00eda q no quele hacer nada y no sabe ni por qu\u00e9 jeje", "date": "2021-04-24 01:50:53"}, {"id_message": 36398018974, "message": "Hace como 15 d\u00edas logr\u00e9 49 horas y estando con mis padres", "date": "2021-04-24 01:51:41"}, {"id_message": 97696286989, "message": "Sola ayuno m\u00e1s pero ahora ocn mid padres no puedo , pq yo estoy recayendo", "date": "2021-04-24 01:51:59"}, {"id_message": 68669475674, "message": "Es q lit ni al chico q me gusta le he respondido en 3 d\u00edas y medio y hoy tmpc queiro responderle jejrje", "date": "2021-04-24 01:52:34"}, {"id_message": 50413006979, "message": "Solo almuerxo poquito con la familia", "date": "2021-04-24 01:52:56"}, {"id_message": 60041351959, "message": "No desayuno ni ceno", "date": "2021-04-24 01:53:01"}, {"id_message": 83491298425, "message": "Varios d\u00edas hasta q me desmayo pq soy hipoglicemica", "date": "2021-04-24 01:54:25"}, {"id_message": 16769200327, "message": "Yo diento q lo quiero y mucho pero no quiero aburrirlo m\u00e1s con mis drmaas o apegarme , y es q \u00e9l sabe de mi tca", "date": "2021-04-24 01:55:12"}, {"id_message": 93122506381, "message": "Entond s\u00e9 q mr va a rega\u00f1sr y no quiero defirle mentiras pq se va a darcuenta", "date": "2021-04-24 01:55:33"}, {"id_message": 20664344314, "message": "54 , sub\u00ed 1 kilo luego de la lesion , no pude ayunar como antes ni hacer ejercicio", "date": "2021-04-24 01:56:02"}, {"id_message": 32300523099, "message": "Se me baja 3l azucar y me desmayo", "date": "2021-04-24 01:56:18"}, {"id_message": 67157347394, "message": "Es vdd , y los chicos cusndo nos amsn tratan de mil formas de hacernos recapacitar", "date": "2021-04-24 01:57:45"}, {"id_message": 41171995626, "message": "Enmi caso ya recai as\u00ed q ya me vale todo , s\u00e9 q no bajo d epeso si no dejo de comerpor horas y cunado como es saludable", "date": "2021-04-24 01:58:33"}, {"id_message": 49195442194, "message": "Mido 153cm s\u00ed doy chaparrita jejeje", "date": "2021-04-24 01:58:51"}, {"id_message": 661286761, "message": "Shi , aunque bueno sesiente bonito w de preocupen por t\u00ed", "date": "2021-04-24 01:59:13"}, {"id_message": 38994223483, "message": "Jeje lueho de 17 kilos de sobrepeso", "date": "2021-04-24 02:01:02"}, {"id_message": 50967819306, "message": "Con ayunos y eso como 2 meses", "date": "2021-04-24 02:01:38"}, {"id_message": 19470976536, "message": "Pero ya llrvaba 8 meses y meido comiendo saludsblr 3 comidas , luego 2 yhacia mucho ejercicio", "date": "2021-04-24 02:02:01"}, {"id_message": 47573838949, "message": "Ya mi cuerpo no ds", "date": "2021-04-24 02:02:05"}, {"id_message": 63076098476, "message": "Jeje gashas aunque me tir\u00e9 la salud jejeando recuperandome", "date": "2021-04-24 02:03:01"}, {"id_message": 59940979825, "message": "Jajajaja no es eso sino q segu\u00ed con la misma carga de ejercicios y sin comer y con mi hipoglicemia y trasnocho por la uni me desborone , perd\u00ed el equilibrio en un ejercicio hit y sent\u00ed q me torcia la rodilla me ca\u00ed encima y pues aun camino medio lento jeje", "date": "2021-04-24 02:06:07"}, {"id_message": 81663876031, "message": "Ojal\u00e1 pofder , etsoy esperando q se acabe pandemia o al mrnos entraraalternancia para poder hacer ayunod larhos y bajar toda la grasa", "date": "2021-04-24 02:06:45"}, {"id_message": 14550268038, "message": "Jeje shi ya esta semana tuve como 2 atracones", "date": "2021-04-24 02:08:42"}, {"id_message": 4352452501, "message": "Pero ayer trote un poco pero me doli\u00f3 la rodilla entons camine rapido como 45 minjtos y realice un cardio", "date": "2021-04-24 02:09:07"}, {"id_message": 691663368, "message": "Jejeje le digo al chico q te digo q tuve atracon y me felicita jeje , dice q al fin como normal", "date": "2021-04-24 02:09:50"}, {"id_message": 10327353249, "message": "Total , yo planeaba inyectarme mesoterapia para quitar la grasita acumulada q seresiste a irse", "date": "2021-04-24 02:10:18"}, {"id_message": 12814204311, "message": "Pero meda miedo ahora con el virus", "date": "2021-04-24 02:10:33"}, {"id_message": 56262864686, "message": "Es vdd , aunque anoche no pude dormir casi es m\u00e1s tuve pesadillas q se daban cuenta en mi casa q soy Ana y q yo les dec\u00eda q entendieran q no puedo comer como una persona normal o mr rngordo y todo se hubiese solucionado con ir a endocrinologo a tiempo pero me siento horrible", "date": "2021-04-24 02:12:10"}, {"id_message": 70286301558, "message": "Y yo me despierto tipo : wtf con mi flia ni hablo pq ni me quieren , q pesadilla hablarles de lo q siento", "date": "2021-04-24 02:12:44"}, {"id_message": 11641301474, "message": "Shi pero antes baj\u00e9 200 gramos de la nada jajajaja mi cuerpo es raro", "date": "2021-04-24 02:13:10"}, {"id_message": 91242612822, "message": "S\u00ed , aunque mi hna sabe , pues intuye y me llama anorecica de brazos pero gorda de cuerpo", "date": "2021-04-24 02:14:46"}, {"id_message": 67796975647, "message": "Pq les estorbo , a mi mam\u00e1 leda\u00f1e la vida y mi pap\u00e1 siempre quiso un hijo hombre as\u00ed q ni me habla", "date": "2021-04-24 02:15:20"}, {"id_message": 11574840769, "message": "Ya me acostumbre , mam\u00e1 dice q le da\u00f1e el cuerpo , q por mi culpa no pudo trabajar , por tener q cuidarme", "date": "2021-04-24 02:17:58"}, {"id_message": 79196217778, "message": "S\u00ed , pq segun ella desde q me tuvo a m\u00ed yo sal\u00ed super desnutrid ayella qued\u00f3 gorda y ella antesdetenerme era felgadidima y comia montones y no engordaba pero es q yo ten\u00eda algo q les pasaa unos bbsqno abdorben los nutrientes dela mam\u00e1", "date": "2021-04-24 02:22:49"}, {"id_message": 56267027014, "message": "Ya me acostumbre , ahora me refugio en Ana", "date": "2021-04-24 02:29:53"}, {"id_message": 72157864401, "message": "Ay q p4na ami no hab\u00eda rebisado 3l geupo hasta ahora respondo", "date": "2021-04-24 04:22:43"}, {"id_message": 5384613083, "message": "S\u00ed , quizas , etsoy es esp 3rsnfo terminsr la carrera e irme y dejarlos tranquilos para no edtorbarles m\u00e1s q no vurlvan a saber de m\u00ed", "date": "2021-04-24 04:23:25"}, {"id_message": 2749703713, "message": "chicas , tuve un atrac\u00f3n y estaba solo comiendo el almuerzo y muy poquito y estoy q me vomito y super inflamada , qu\u00e9 ejercicios me recomiendan para desinflamar el abdomen tras un atrac\u00f3n ?", "date": "2021-04-24 23:17:59"}, {"id_message": 51281635466, "message": "Chica s tengan cuidado con un tal \" pingfex \" es un acosador y como s q se llama eso osea manda fotos ya saben q horror bloqueen lo se hace pesar pq padece TCA y sale con obscenidades , q le pasa", "date": "2021-04-28 06:28:22"}, {"id_message": 22427776252, "message": "De vdd las pastas adelgazan ?", "date": "2021-05-18 18:18:13"}, {"id_message": 9924214864, "message": "Hoy me siento feliz hice 1400 saltos de lazo", "date": "2021-05-18 19:42:25"}, {"id_message": 33019808116, "message": "Jajajajajajaj perd\u00f3n confund\u00ed el t\u00e9rmino de spaguetis por pastas jajajaa", "date": "2021-05-18 22:17:38"}, {"id_message": 57844194245, "message": "Chicas me voy de viaje con mi familia , princesas las voy a extra\u00f1ar un mont\u00f3n , quiz\u00e1s el domingo me toque cerrar telegram por 2 d\u00edas , prometo q volver\u00e9", "date": "2021-07-31 07:24:30"}]