[{"id_message": 21281654676, "message": "Soy Ari , mia , peso 48 quiero pesar 46 , tengo 23", "date": "2022-04-21 00:43:52"}, {"id_message": 79780306439, "message": "Yo por si os sirve uso esto", "date": "2022-04-21 22:59:06"}, {"id_message": 79322600931, "message": "Son sobres con polvos de sabor , quitan mucho la ansiedad", "date": "2022-04-21 22:59:19"}, {"id_message": 43497562168, "message": "Y son sin azucar , nada de calorias", "date": "2022-04-21 22:59:29"}, {"id_message": 53603988602, "message": "A mi esta tan dulce que me empacha y me quita el hambre", "date": "2022-04-21 23:00:32"}, {"id_message": 38301316001, "message": "Cada uno que utilice su metodo", "date": "2022-04-21 23:00:40"}, {"id_message": 8826866261, "message": "El musculo no se te va a mover de sitio ni reducir , simplemente iras perdiendo grasa y agua de donde el cuerpo quiera \ud83d\ude41", "date": "2022-04-21 23:35:58"}, {"id_message": 85298464227, "message": "Simplemente no hagas ejercicios de esplda para no desarrollar musculo ahi", "date": "2022-04-21 23:37:06"}, {"id_message": 25940516454, "message": "Y para los atracones que alimentos es mejor evitar que sean mas dificiles de vomitar ? Yo intento evitar chocolate y todo lo que sean pastas de bolleria y pan porque se hace una pasta muy espesa y me cuesta vomitarlo", "date": "2022-04-23 09:04:51"}, {"id_message": 34312721078, "message": "Y antes del atracon , comer un buen plato de verdura para tenerlo de base en el estomago ya que lo del fondo del estomago es mas complicado sacarlo", "date": "2022-04-23 09:05:52"}, {"id_message": 75894928357, "message": "Para comida y cena verdura con carne / pescado / claras de huevo", "date": "2022-04-25 22:57:27"}, {"id_message": 54095021134, "message": "Todo al vapor o plancha", "date": "2022-04-25 22:57:37"}, {"id_message": 56346166683, "message": "Y desayuno y merienda una fruta o un yogur con un poco de cereales sin azucar ( unos 10-15 gr )", "date": "2022-04-25 22:58:16"}, {"id_message": 39230864578, "message": "Yo tomo muchas infusiones y leche de almendras que tiene muy pocas calorias", "date": "2022-04-25 23:05:03"}, {"id_message": 65295754557, "message": "Y gelatina sin azucar", "date": "2022-04-25 23:05:42"}, {"id_message": 75852020388, "message": "Aunque para algun @s es mejor evitar lo dulce", "date": "2022-04-25 23:06:02"}, {"id_message": 24959966790, "message": "Yo un consejo , yo no voy al psicologo por mia porque no se lo quiero decir a mis padres entonces me lo tengo que pagar yo para ir ( que ya me lo pague un tiempo pero no puedo mas econ\u00f3micamente ) . Si teneis la suerte de poder ir al psicologo aprobecharlo de verdad", "date": "2022-04-27 15:30:17"}, {"id_message": 18188535001, "message": "Se que es complicado salir de esto , yo la primera , pero el primer paso es aceptarlo y intentarlo", "date": "2022-04-27 15:30:41"}, {"id_message": 59337080535, "message": "Y si teneis la suerte de poder acudir al psicologo , aunque no hagais lo que os diga porque no podais , hablarlo , solo eso ya va bien", "date": "2022-04-27 15:31:16"}, {"id_message": 25154839212, "message": "Decir k simplente quieres comer sano", "date": "2022-05-03 07:47:44"}, {"id_message": 68387870292, "message": "Infusion , cafe , agua con limon , cocacola zero ... el royo es que nestea y aquarius sin azucar no suelen tener en bares , si tienes la suerte de que te gusta el gas pues cola zero", "date": "2022-05-05 23:51:38"}]