[{"id_message": 92493366171, "message": "Se\u00f1ores la eterna pregunta", "date": "2022-10-11 19:08:34"}, {"id_message": 51459244204, "message": "O cu\u00e1l es la m\u00e1s barata ahora jajaja de prote\u00ednas", "date": "2022-10-11 19:09:04"}, {"id_message": 77861593154, "message": "Que prote\u00edna dir\u00eda que es la de mayor calidad de hsn ?", "date": "2022-10-11 19:25:11"}, {"id_message": 54829097663, "message": "Que diferencia hay entre las 2 ?", "date": "2022-10-11 19:27:33"}, {"id_message": 37947496883, "message": "Siempre cog\u00ed esa pero parece que est\u00e1 cara ahora no", "date": "2022-10-11 19:33:48"}, {"id_message": 64501203789, "message": "Muy cara pero bueno es la que siempre use la evowhey 2.0", "date": "2022-10-11 19:41:31"}, {"id_message": 4719557567, "message": "Pillare los 500g a 20 \u20ac que remedio", "date": "2022-10-11 19:41:42"}, {"id_message": 65107638690, "message": "Y compa\u00f1eres \ud83d\ude43", "date": "2022-10-13 10:14:21"}, {"id_message": 85072295540, "message": "Me refiero alguien que vaya a entrenar a clases de boxeo m\u00ednimo 3 d\u00edas a la semana", "date": "2022-10-29 09:49:00"}, {"id_message": 40184703852, "message": "Para combinar con el gym", "date": "2022-10-29 09:49:11"}, {"id_message": 712206694, "message": "La idea ser\u00eda ir 3 d\u00edas al gym junto con los 3 d\u00edas que voy a boxeo", "date": "2022-10-29 09:51:40"}, {"id_message": 88959435970, "message": "No me gusta nada esa rutina", "date": "2022-10-29 09:52:15"}, {"id_message": 66149996337, "message": "Creo que la mejor as\u00ed para 3 d\u00edas es la m\u00edtica weider no ?", "date": "2022-10-29 09:52:44"}, {"id_message": 73691316137, "message": "La idea es 2 m\u00fasculos por d\u00eda . As\u00ed en 3 d\u00edas hago todos los grupos musculares no ?", "date": "2022-10-29 09:55:32"}, {"id_message": 65082109694, "message": "La idea es eso lunes mi\u00e9rcoles y viernes boxeo y martes jueves y s\u00e1bado gym", "date": "2022-10-29 11:29:07"}, {"id_message": 42319883034, "message": "Se puede hacer una rutina de 2 d\u00edas que lo toque todo ?", "date": "2022-11-04 08:47:10"}, {"id_message": 82743923439, "message": "Si ya se que es dif\u00edcil o imposible", "date": "2022-11-04 08:47:18"}, {"id_message": 76352254880, "message": "Pero es eso voy 4 d\u00edas a boxeo y quiero cogerme los mi\u00e9rcoles y s\u00e1bado pra entrenar en el gym", "date": "2022-11-04 08:48:03"}, {"id_message": 13205077015, "message": "Ya la verdad que ser\u00eda lo suyo pero nose c\u00f3mo organizarme", "date": "2022-11-04 09:11:03"}, {"id_message": 9919449465, "message": "Ya pero mi gym no habr\u00e9 los domingos \ud83e\udd72", "date": "2022-11-04 09:23:50"}, {"id_message": 69356824628, "message": "Que dices de d\u00edas de partido", "date": "2022-11-04 09:27:31"}, {"id_message": 9924284156, "message": "Priorizo el boxeo por eso nose donde meter d\u00edas de gym", "date": "2022-11-04 09:28:25"}, {"id_message": 80443377218, "message": "No voy a contestar tonter\u00edas , que tienes 13 a\u00f1os ?", "date": "2022-11-04 09:28:41"}, {"id_message": 13346957163, "message": "Eso hac\u00eda antes d\u00eda de pierna y torso aunque me era aburrido pero era el \u00fanico que pod\u00eda hacer por tener tan pocos d\u00edas para entrenar", "date": "2022-11-04 09:31:29"}, {"id_message": 69425452919, "message": "Muchas gracias \ud83d\ude4f\ud83c\udfff", "date": "2022-11-04 09:54:07"}, {"id_message": 25171637096, "message": "Estoy mirando entre full body o pierna torso la de empuje / tiron no hab\u00eda ca\u00eddo \u2026 la mirar\u00e9", "date": "2022-11-04 09:55:13"}, {"id_message": 42888278309, "message": "Entrenar 4 d\u00edas boxeo y 2 de gym \ud83d\ude4c\ud83c\udffb", "date": "2022-11-04 09:56:59"}, {"id_message": 51184817780, "message": "Si pero nose c\u00f3mo hacerlo jaja", "date": "2022-11-04 10:18:54"}, {"id_message": 97769691903, "message": "Ya que curro por las ma\u00f1anas y ala 6.30 es el entreno de boxing por la tarde", "date": "2022-11-04 10:19:13"}, {"id_message": 98402401731, "message": "No puedo luego del boxeo tengo que sacar la perra cenar y dormir que alas 5 de la a ma\u00f1ana en pie", "date": "2022-11-04 10:35:30"}, {"id_message": 43095202447, "message": "Ojal\u00e1 tener m\u00e1s tiempo jajaj", "date": "2022-11-04 10:35:38"}, {"id_message": 40202722961, "message": "Un poquito de torso today \ud83d\udcaa\ud83c\udffb \ud83d\udcaa\ud83c\udffb \u270c\ud83c\udffb", "date": "2022-11-11 08:07:50"}, {"id_message": 16558304720, "message": "Cuales dir\u00edas que son los embutidos que m\u00e1s prote\u00edna tienen", "date": "2022-12-13 20:18:13"}, {"id_message": 88915113958, "message": "Alguien usa beta alanina ?", "date": "2022-12-15 23:58:36"}, {"id_message": 6896140637, "message": "Estaba pensando en pillarla de cara para los entrenos de boxeo", "date": "2022-12-15 23:59:14"}, {"id_message": 24328135108, "message": "Actualmente estoy tomando creatina , que ser\u00eda tomarla junto la creatina o en diferentes horas ?", "date": "2022-12-15 23:59:49"}, {"id_message": 96088301214, "message": "Nose siempre me ha parecido malillo personalmente", "date": "2022-12-16 00:01:11"}, {"id_message": 20457728208, "message": "Que luego sea bueno y tal pero nose no me molan", "date": "2022-12-16 00:01:24"}, {"id_message": 74084485171, "message": "Pues vaya hab\u00eda le\u00eddo lo contrario jajaja", "date": "2022-12-16 00:01:39"}, {"id_message": 75391299168, "message": "Suficiente quemo ya con las sesiones de boxeo ya jaja", "date": "2022-12-16 00:07:07"}, {"id_message": 68800407160, "message": "Por probar algo nuevo", "date": "2022-12-16 00:13:35"}, {"id_message": 68935240022, "message": "Que haya gente que diga que esto es est\u00e9tico \ud83e\udee0 nose rick \u2026", "date": "2022-12-17 07:06:35"}, {"id_message": 47600341007, "message": "Con to los ciclos que llevan aparte", "date": "2022-12-17 08:23:42"}, {"id_message": 11096360107, "message": "Adem\u00e1s no se pueden si arrascar la espalda ni atarse los cordones dir\u00eda yo \ud83e\udd23 \ud83d\ude43", "date": "2022-12-17 08:24:21"}, {"id_message": 94078158832, "message": "Desde luego esos f\u00edsicos s\u00ed que no", "date": "2022-12-17 08:25:34"}, {"id_message": 26040413828, "message": "Aparte de que es un f\u00edsico 0 funcional", "date": "2022-12-17 08:25:59"}, {"id_message": 79802184816, "message": "Bueno si pra mover peso", "date": "2022-12-17 08:26:22"}, {"id_message": 31104939919, "message": "Cmo mulas de carga funcionar\u00e1n bien", "date": "2022-12-17 08:26:45"}]