[{"id_message": 98398379257, "message": "Guap\u00edsimo las que suelta", "date": "2022-10-13 14:17:58"}, {"id_message": 64186901255, "message": "Me he desmotivado m\u00e1s que sus mulas ...", "date": "2022-10-17 21:30:47"}, {"id_message": 2491591638, "message": "Voy a los toros y me pegan un pelotaso ... Mala suerte hijo ...", "date": "2022-10-17 21:31:02"}, {"id_message": 45396163978, "message": "Se me da de puta madre firmar documentos importantes y cobrar por ello .", "date": "2022-10-18 15:51:40"}, {"id_message": 48321787547, "message": "En ayunas , no en desayuno .", "date": "2022-10-19 11:15:43"}, {"id_message": 89262612812, "message": "Espalda y biceps finikitao", "date": "2022-10-19 21:15:00"}, {"id_message": 70476098413, "message": "Por fin vuelta al gym", "date": "2022-10-19 21:15:05"}, {"id_message": 23052475806, "message": "Pero ta mu gueno", "date": "2022-10-19 21:16:43"}, {"id_message": 61078194072, "message": "F por mis lorzas", "date": "2022-10-19 21:16:58"}, {"id_message": 69113305263, "message": "Con paciencia y con saliva todo entra peque\u00f1o amigo .", "date": "2022-10-20 21:38:56"}, {"id_message": 20691297929, "message": "Buenos d\u00edas a todos ! Feliz semana !", "date": "2022-11-21 11:02:38"}]