[{"id_message": 42482657411, "message": "Como te escribo al privado ?", "date": "2022-01-01 01:16:21"}, {"id_message": 76228051849, "message": "Mia es una pr\u00e1ctica", "date": "2022-03-02 18:23:19"}, {"id_message": 92684746005, "message": "Un helado de cono tiene 250 kcal aproximadamente , no es es mucho . Quemalas hoy con ejercicio o repone ma\u00f1ana", "date": "2022-03-24 05:31:10"}, {"id_message": 84495673188, "message": "Hay alguien aqu\u00ed que mida 1.68 m ? ? Si si , me pueden decir cuando pesan y su meta", "date": "2022-03-28 14:09:33"}, {"id_message": 86697483537, "message": "en ese canal se encuntran recetas muy ricas y demasiadas bajas en calorias", "date": "2022-03-31 19:57:58"}, {"id_message": 47302689687, "message": "son super buenas , todas las recetas no pasan de las 100 kcal", "date": "2022-03-31 19:57:58"}, {"id_message": 56337062153, "message": "Alguien sabe q paso con el grupo d The Voice ? ?", "date": "2022-04-15 04:02:32"}, {"id_message": 89939199944, "message": "A quien le escribo para la carrera de kilos ? ?", "date": "2022-04-17 21:23:15"}, {"id_message": 90106364265, "message": "Alguien aqu\u00ed consume barras de prote\u00edna ? Si consumen , me recomiendan algun", "date": "2022-04-19 02:19:53"}, {"id_message": 71477114203, "message": "Mira este video ... \ud83d\udc40 URL", "date": "2022-04-19 05:41:23"}, {"id_message": 98466920470, "message": "Yo en vez de la miel le puse dos sobresiros de stevia y quedo rico , es un a nieva baja en cal", "date": "2022-04-19 05:41:24"}, {"id_message": 83672155960, "message": "Alguien sabe si las vitaminas rompen ayuno ? ? ?", "date": "2022-04-21 14:56:33"}, {"id_message": 97082203177, "message": "LA VERDADERA CARTA DE ANA - Hola me presento , ver\u00e1n tengo diferentes nombre los doctores me llaman anorexia pero tu , puedes llamarme Ana ahora ser\u00e9 tu amiga a pesar que a penas nos conozcamos . - \u00bf Estas empez\u00e1ndote a preocupar por tu cuerpo ? Todav\u00eda eres joven \u00bf No te parece ? \u00bf Por que crees que el f\u00edsico es los mas importante para encajar ? \u00bf Sera por eso que quieres estar mas delgada ? O capaz te molestan por estar gorda o tambi\u00e9n buscas la perfecci\u00f3n ... \u00a1 No puedes hablar o cortarle a nadie ! N A D I E que no se con nosotras , yo soy perfecta y quiero ayudarte a ti a serlo amiga , pero tienes que poner de tu parte , ya que que una vez entro a tu vida no pienso salir de ah\u00ed . - Siempre me amaras y respetaras todas mis reglas para alcanzar la perfecci\u00f3n , Me fallas ser\u00e1s una gorda , una gorda que nadie la va aceptar , no tendr\u00e1s novio nadie se fijara en ti por que eres una GORDA , ten cuidado con nombrarme con tus padres porque si les dicen o te descubren har\u00e1n todo lo posible para alejarte de mi , ellos dir\u00e1n que soy mala pero no es as\u00ed , yo solo quiero ayudar a quienes buscan ser princesas . - Empezaras con verte al espejo y sentirte mal contigo misma , te sentir\u00e1s ... \u00bf gorda ? \u00bf esa es la palabra correcta ? FEA Y GORDA . fea , gorda y sola , las gordas comen chatarra \u00bf No ? Tu tambi\u00e9n com\u00edas esas porquer\u00eda \u00bf Quieres seguir siendo como esas gordas horrendas ? No verdad ? Dejemos la comida chatarra . Aqu\u00ed es cuando te pones a pensar < < No comer\u00e9 eso , tiene muchas calor\u00edas y me har\u00e1 engordar > > Pero cunado tu mama te compra algo que te gusta y tu llegas a pensar < < Buenos hoy ser\u00e1 el ultimo d\u00eda que como , ma\u00f1ana comenzare de nuevo > > Pero no , al otro d\u00eda es lo mismo y piensas la misma frase . Esto seguir\u00e1 hasta el d\u00eda en el que te veras en el espejo y muy decepcionada de ti te dir\u00e9 < < Eres una gorda fracasada , no puedes con nada , eres d\u00e9bil , no tienes fuerza de voluntad para esto . Ya no ser\u00e1s mi amiga y ser\u00e1s para siempre una gorda asquerosa , vaca fea y sola > > No te gustara eso verdad ? Mejor empecemos de verdad ahora tienes que decir < < No mama no quiero , no vuelvas a comprarme eso ya no me gusta , gracias > > Por fin ! ! Fuera comida chatarra de porquer\u00eda . - Empezaras a buscar por internet dietas para bajar de peso r\u00e1pidamente , ya estas harta de ser gorda . Buscaras la forma de bajar tu asquerosa panza , tus piernas gordas y tu grasa que te da asco . Pero comer\u00e1s sano o al menos intentaras ... Pasara un tiempo el cual la verdad no comer\u00e1s comida chatarra te dar\u00e1 asco y comer\u00e1s cosas sanas . Pero si te pesas ah\u00ed habr\u00e1 un problema .. \u00a1 No bajaste nada de peso NADA ! Sigues siendo una gorda de antes . - \u00bf Te podr\u00eda decir algo ? \u00bf Sabes es lo realmente te hace engordar ? LA COMIDA , SI , la comida . Por lo tanto la comida es mala , es veneno . Las princesas deben odiar la comida , debes odiarla como tu y tus hermanas . - Ana piensa que es mala , es cierto lo es , Pero muchas personas nos confundes y dicen que es buena , no lo es , pero por desgracia no podemos vivir sin ella , as\u00ed que mejor comamos lo menos que podamos , si ? < < Mam\u00e1 dame solo un poco > > Comer\u00e1s y te sentir\u00e1s mal , sientes que fallaste . Pero bueno si no com\u00edas ibas a desmayarte . Queremos ser princesas , no pacientes de un hospital . - Cada d\u00eda comer\u00e1s menos y te obsesionaras m\u00e1s y m\u00e1s ; y cada d\u00eda m\u00e1s . Ya somos una , somos dos en un mismo cuerpo . Ya formo parte de ti . - Empiezas con ejercicio , el ejercicio cada d\u00eda se pone m\u00e1s pesada y m\u00e1s doloroso . Pero seguir\u00e1s haciendo . - Contaras las calor\u00edas de TODO , te pesaras cada d\u00eda , cada hora sin sentir ning\u00fan cambio en tu cuerpo , cundo te veas al espejo te veras gorda , aunque seas flaca .. Te hare ver como lo que en verdad eres , una gorda . - \u00bf Qu\u00e9 hago con la comida ? Mi mam\u00e1 empieza a sospechar . P\u00eddele m\u00e1s , p\u00eddele chatarra , pero NI QUE SE TE OCURRA COMERLO . Lo guardaras en una bolsa , lo esconder\u00e1s y cuando nadie te vea lo tiraras , fin del asunto . - Comer\u00e1s menos , una vez al d\u00eda , tomaras mucha agua y masticaras chicles sin az\u00facar . Te lavaras los dientes muy seguido . Empiezo a notar diferencia en la b\u00e1scula \u00ab \u00a1 Eh bajado 5 kilos en menos de un mes ! Me siento", "date": "2022-04-26 04:50:04"}, {"id_message": 24463065407, "message": "genial , me siento una princesa \u00bb . Pero te dire algo \u2026 No lo eres , aun eres gorda . \u00ab \u00bf Pesas 45 kilos ? No es suficiente , debes rondar los 50 kilos es tu peso ideal \u00bb . \u00bf Peso ideal ? Ese es el peso de las gordas . Las princesas debemos de pesar menos de 40 kilos , pero tampoco pasarnos . No queremos morir , queremos ser princesas . Como yo , verdad ? Como Ana , su reina . - Est\u00e1s m\u00e1s delgada , llegaste a los 40 kilos . Todos lo notan y te lo dicen . Tus padres lo notaron tambi\u00e9n , te llevaron a lavarte el cerebro , a un m\u00e9dico , a un psiquiatra o a un psic\u00f3logo . Te repito , te dir\u00e1n que soy mala , que te hago da\u00f1o pero no es as\u00ed . Si tu eres fuerte dilo , di que comes , que comes mucho . Ellos te revisaran y dir\u00e1n que mientes , que no te alimentas bien . Tu dir\u00e1s que s\u00ed y que por m\u00e1s que te mediquen , seguir\u00e1s siendo la misma de antes . La misma que Ana domin\u00f3 y que nunca dejara libre . - Ya eres una princesa , eres perfecta . Pero cuidado , esa perfecci\u00f3n podr\u00eda costarte la vida . A menos que seas consciente y que no te pases de la raya . Un esqueleto sin absolutamente nada de grasa , no es bonito . Queremos tener el cuerpo de las modelos de revista , no ? No queremos acabar en un ata\u00fad . - Si quieres tener ese estilo de vida , perfecto . Pero te advierto , no es un juego de ni\u00f1as , no es una tonter\u00eda y si no te pones un l\u00edmite podr\u00eda acabar con tu vida . Atentamente , Ana .", "date": "2022-04-26 04:50:04"}]