[{"id_message": 34558803124, "message": "hola soy nueva \ud83d\ude01", "date": "2020-04-09 04:58:32"}, {"id_message": 43677758135, "message": "ok ya me present\u00f3", "date": "2020-04-09 05:16:00"}, {"id_message": 35015343844, "message": "hola soy azzu soy Ana Peso : 55 meta : 46 tengo 18 a\u00f1os", "date": "2020-04-09 05:16:52"}, {"id_message": 20214870549, "message": "gracias \u2764 \ufe0f", "date": "2020-04-09 05:18:11"}, {"id_message": 75080739408, "message": "yo no cen\u00e9 as\u00ed que me com\u00ed una manzana jeejeje", "date": "2020-04-09 05:35:53"}, {"id_message": 26124810010, "message": "que buenos concejos yo no sab\u00eda eso ah \ud83d\ude01", "date": "2020-04-09 05:38:37"}, {"id_message": 45536998091, "message": "lo intentar\u00e9 jeje aver si funciona conmigo", "date": "2020-04-09 05:39:28"}, {"id_message": 32568293179, "message": "para mi es f\u00e1cil", "date": "2020-04-09 06:45:02"}, {"id_message": 39343681314, "message": "x2 mi mam\u00e1 se enoja cuando no como", "date": "2020-04-09 07:14:42"}, {"id_message": 71541056863, "message": "si mall pero bueno son as\u00ed jeje", "date": "2020-04-09 07:20:09"}, {"id_message": 37624507646, "message": "\ud83e\udd37\u200d\u2640 \ud83d\ude05", "date": "2020-04-09 07:33:38"}, {"id_message": 21915644087, "message": "yo me siento mal porque me hermano me empez\u00f3 a decir que soy fea y todas esas cosas", "date": "2020-04-10 06:31:43"}, {"id_message": 38430502177, "message": "me puse a llora", "date": "2020-04-10 06:31:53"}, {"id_message": 65918230977, "message": "ya me doy asco yo misma loco", "date": "2020-04-10 06:32:59"}, {"id_message": 16192306466, "message": "por eso hago esto para despu\u00e9s demostrarles a tod @s lo que puedo lograr", "date": "2020-04-10 06:35:32"}, {"id_message": 38224743095, "message": "holaa \ud83d\ude01 \u2764 \ufe0f", "date": "2020-04-10 18:24:24"}, {"id_message": 50484483168, "message": "yo hacia ejercicio \ud83d\ude06 \ud83e\udd71", "date": "2020-04-10 19:00:11"}, {"id_message": 95363659896, "message": "soy azul de Argentina y tengo 18 \ud83d\ude04", "date": "2020-04-10 22:13:40"}, {"id_message": 32674331222, "message": "y qu\u00e9 hacen ? \ud83d\ude0a", "date": "2020-04-10 22:34:39"}, {"id_message": 54197861171, "message": "por hacerme un mate cocido", "date": "2020-04-10 23:18:51"}, {"id_message": 63732890090, "message": "con dolor de est\u00f3mago :(", "date": "2020-04-11 21:18:51"}, {"id_message": 12409962853, "message": "sisi ya se me paso", "date": "2020-04-12 00:36:11"}]