[{"id_message": 29980593666, "message": "Me faltan abdominales yo creo", "date": "2019-01-16 23:59:17"}, {"id_message": 58550387203, "message": "Alguien se sabe alguna rutina buena de ABS ? ?", "date": "2019-01-16 23:59:44"}, {"id_message": 64111619913, "message": "El otro d\u00eda compr\u00e9 unos cuantos suplementos", "date": "2019-01-17 00:00:06"}, {"id_message": 80384739642, "message": "Jajajajaja toda la raz\u00f3n", "date": "2019-01-17 00:02:08"}, {"id_message": 45889288954, "message": "Lo compr\u00e9 en ceuta", "date": "2019-01-17 00:05:25"}, {"id_message": 61087265050, "message": "Y me sali\u00f3 4 ' 5 kg por 30 \u20ac", "date": "2019-01-17 00:05:38"}, {"id_message": 70317887199, "message": "Me habr\u00e1 costado unos 300 \u20ac todo", "date": "2019-01-17 01:23:54"}, {"id_message": 91657644362, "message": "No creo que haya sido mala idea", "date": "2019-01-17 01:24:02"}, {"id_message": 41713958147, "message": "Porque es verdad que la comida es mejor", "date": "2019-01-17 01:24:12"}, {"id_message": 76270750074, "message": "Pero al tomar estos suplementos me hace efecto placebo y me siento con m\u00e1s energ\u00eda en los entrenos", "date": "2019-01-17 01:24:47"}, {"id_message": 4177959316, "message": "Cada uno lo ve a su manera xd ...", "date": "2019-01-17 01:25:22"}, {"id_message": 83805100353, "message": "Me voy a meter esteroides", "date": "2019-01-18 14:25:45"}, {"id_message": 22150785122, "message": "Feliz d\u00eda de los inocentes ! !", "date": "2019-01-18 14:26:29"}, {"id_message": 10692827360, "message": "Alguien sabe c\u00f3mo montar una barra de dominadas del decathlon ? ?", "date": "2019-02-18 23:09:02"}, {"id_message": 75782914126, "message": "Y me ven\u00eda con esto", "date": "2019-02-18 23:20:51"}, {"id_message": 51182579641, "message": "Pero no s\u00e9 si hace falta", "date": "2019-02-18 23:20:57"}, {"id_message": 92035100782, "message": "La estoy poniendo y se me resbala hacia abajo", "date": "2019-02-18 23:28:35"}, {"id_message": 51637322098, "message": "Tendr\u00e9 que ponerle los tornillos", "date": "2019-02-18 23:28:47"}, {"id_message": 56946822579, "message": "Lo tendr\u00e9 en cuenta gracias", "date": "2019-02-18 23:40:13"}, {"id_message": 7734814579, "message": "Me puedo fiar de este personaje ?", "date": "2019-05-08 20:50:00"}]