[{"id_message": 12916064275, "message": "Antes por que era sof\u00e1 caballo y rey , ahora por sobra la inffo Toma y dale", "date": "2022-10-10 18:00:28"}, {"id_message": 94560904389, "message": "Tanto cuestan las pesas ?", "date": "2022-10-11 14:09:27"}, {"id_message": 15517766499, "message": "Cuerpo trabajado \ud83d\udc4d", "date": "2022-10-11 23:11:34"}, {"id_message": 46799843936, "message": "Algo m\u00e1s de volumen", "date": "2022-10-13 23:19:07"}, {"id_message": 29459062589, "message": "Y en 1 mes no se te puede notar mucho", "date": "2022-10-13 23:19:31"}, {"id_message": 83837227750, "message": "Come y entrena duro y ten paciencia y ver\u00e1s resultados", "date": "2022-10-13 23:19:45"}, {"id_message": 72573166202, "message": "Ah\u00ed un mont\u00f3n de v\u00eddeos que te dicen que ah\u00ed que bloquear las piernas en prensa no ?", "date": "2022-10-16 11:49:29"}, {"id_message": 63975396708, "message": "Te estar\u00e1s haciendo de oro . !", "date": "2022-10-16 14:51:18"}, {"id_message": 36133240037, "message": "Luuu eres s\u00faper borde", "date": "2022-10-17 21:29:12"}, {"id_message": 95132734446, "message": "Eres la sargento del grupo", "date": "2022-10-17 21:29:57"}, {"id_message": 49743435957, "message": "Mejor endurecer manos \ud83e\udd23", "date": "2022-10-18 13:59:06"}, {"id_message": 43232984887, "message": "Claro si es por que se te resbala guiiii . ! ! Tendr\u00e1 m\u00e1s agarre", "date": "2022-10-18 14:09:57"}, {"id_message": 17601186066, "message": "Que paso . ! Tiene l\u00f3gica si se te resbala la barra y eso te da m\u00e1s agarre tienes raz\u00f3n No mal interpretes . ! ! JeFa", "date": "2022-10-18 14:18:46"}, {"id_message": 73786019589, "message": "Yepaaa ya soy uno m\u00e1s \ud83d\ude00", "date": "2022-10-19 14:01:29"}, {"id_message": 3216442666, "message": "No se lo que quiere decir hit , pero te dir\u00eda que si eres principiante haciendo deporte el que sea que vayas poco a poco", "date": "2022-10-21 07:40:40"}, {"id_message": 80393404917, "message": "\ud83e\udd23 \ud83e\udd23 \ud83e\udd23 \ud83d\udd25", "date": "2022-10-21 15:57:08"}, {"id_message": 21751841576, "message": "Cada vez que me asomo , leo esto y me alegra el d\u00eda", "date": "2022-10-21 15:57:39"}, {"id_message": 86844223343, "message": "Si tambi\u00e9n dicen que la coca te activa y te hace entrenar m\u00e1s fuerte", "date": "2022-10-27 16:16:56"}, {"id_message": 28752764234, "message": "Buenos d\u00edas , consejo para pillar t\u00e9cnica en levantamiento de peso muerto", "date": "2022-10-28 12:07:55"}, {"id_message": 36745258532, "message": "Como que arrastra la barra por la tibia", "date": "2022-10-28 12:14:23"}, {"id_message": 2786419193, "message": "No tengo insta no puedo verlo , voy a ver si le encuentro n YouTube . !", "date": "2022-10-28 12:18:11"}, {"id_message": 84930038372, "message": "\ud83e\udd23 \ud83e\udd23 \ud83e\udd23 \ud83e\udee1", "date": "2022-11-02 16:56:33"}, {"id_message": 63231028304, "message": "Joder , cu\u00e1nto tecle\u00e1is joder", "date": "2022-11-03 18:34:32"}, {"id_message": 98293114526, "message": "Pues al rev\u00e9s mucho mejor el fr\u00edo", "date": "2022-11-04 17:16:58"}, {"id_message": 74668165872, "message": "Luego ya no respira \ud83e\udd23", "date": "2022-11-11 18:47:39"}, {"id_message": 10018695772, "message": "Buena t\u00e9cnica pra ser tus primeros \ud83d\udc4d", "date": "2022-11-18 12:10:51"}, {"id_message": 68630980015, "message": "Y depende el tiempo de descanso entre serie y serie", "date": "2022-11-24 14:36:10"}, {"id_message": 70163674250, "message": "Depende el cuerpo m , cada uno evolucionamos de una manera Entrena por que te gusta y no te obsesiones de los resultado Por qu\u00e9 son son inmediatos y es una carrera de larga distancia \u00c1nimo . ! !", "date": "2022-11-25 12:37:56"}]