[{"id_message": 30005115388, "message": "Si yo tambi\u00e9n gracias por los consejos", "date": "2022-02-19 21:27:06"}, {"id_message": 14242903508, "message": "Para lograr las . metas", "date": "2022-02-19 21:27:13"}, {"id_message": 65122449383, "message": "Si peso 83.4 kilos al menos quiero bajar dos kilos por semana :(", "date": "2022-02-19 21:37:41"}, {"id_message": 48582647734, "message": "Vomita o toma laxante", "date": "2022-02-20 04:25:09"}, {"id_message": 24336799469, "message": "Gracias por los tips", "date": "2022-02-20 06:49:48"}, {"id_message": 86080189312, "message": "Ni\u00f1as yo estoy teniendo problemas en el desayuno solo tomo jugo y en el almuerzo ensalada pero la cena siempre tengo hambre y como dem\u00e1s y me odio a veces no puedo vomitarla . Y siento que no avanzo :(", "date": "2022-02-22 14:04:24"}, {"id_message": 74050266512, "message": "Gracias por los consejos realmente pueden funcionar muchas gracias", "date": "2022-02-22 14:09:23"}, {"id_message": 78176851495, "message": "Pero esta bien ayuda con el objetivo final", "date": "2022-02-22 14:21:48"}, {"id_message": 56837162496, "message": "Hola estaden el grupo correcto", "date": "2022-02-23 05:11:52"}, {"id_message": 44512776195, "message": "Si poco a poco vas a ir vomitando sin ruido .", "date": "2022-03-02 18:33:22"}, {"id_message": 38960297158, "message": "Me pasa lo mismp", "date": "2022-03-07 19:21:27"}, {"id_message": 86204200381, "message": "Lo voy a intentar", "date": "2022-03-08 18:47:47"}, {"id_message": 41456330976, "message": "Toma agua antes de vomitar eso ayuda un poco pero no mucha", "date": "2022-03-09 03:29:23"}, {"id_message": 74115578430, "message": "Eso me ayuda a mi", "date": "2022-03-09 03:29:31"}, {"id_message": 43236599036, "message": "Agua si pero distribuida por vasos para no tener es sensaci\u00f3n de llenura", "date": "2022-03-19 18:01:11"}, {"id_message": 45521441062, "message": "Tengo 2 semanas de atracones de casi todo lo que como , pero solo he bajado 2 libras . Y estoy obesa peso 83 kilos y mido 1.57 en serio quiero bajar de peso me odio .", "date": "2022-05-09 06:24:02"}]