[{"id_message": 32389680171, "message": "vosotros d\u00f3nde teneis m\u00e1s pelo ? arriba o abajo ?", "date": "2022-11-29 19:51:26"}, {"id_message": 29490163533, "message": "Ah\u00ed hay esfuerzo y sacrificio", "date": "2022-11-29 20:09:04"}, {"id_message": 51493499562, "message": "Pero esos pechos ... Son operados , verdad ?", "date": "2022-11-29 20:09:21"}, {"id_message": 8625048144, "message": "S\u00ed , me refiero a esa foto", "date": "2022-11-29 20:10:23"}, {"id_message": 11889147505, "message": "Hacer la prensa as\u00ed sirve de algo ?", "date": "2022-11-30 10:46:14"}, {"id_message": 17601445180, "message": "Tu ? S\u00ed , seguro ... Cu\u00e1nto lo dudo !", "date": "2022-11-30 22:37:08"}, {"id_message": 11748115205, "message": "Pero seguro que no est\u00e1s como la ni\u00f1a", "date": "2022-11-30 22:38:14"}, {"id_message": 7650960132, "message": "Tampoco puedes hacer tren inferior ?", "date": "2022-11-30 22:56:06"}, {"id_message": 52160710380, "message": "Vaya ... Ser\u00e1 por tema tensi\u00f3n / circulatorio", "date": "2022-11-30 22:56:47"}, {"id_message": 93632240585, "message": "Pues yo he hecho bracitos", "date": "2022-12-01 10:39:27"}, {"id_message": 9450630276, "message": "Ostras , qu\u00e9 coraje me da eso", "date": "2022-12-01 11:11:11"}, {"id_message": 85355474964, "message": "Y sobre todo los discos mezclados en la misma barra ! ! ! \ud83e\udd2c \ud83e\udd2c \ud83e\udd2c", "date": "2022-12-01 11:11:36"}, {"id_message": 83694570787, "message": "A darle a la espalda", "date": "2022-12-02 07:34:15"}, {"id_message": 48148968569, "message": "Solo me gustan los de chocolate o vainilla , y no llevas ni uno ...", "date": "2022-12-02 21:02:08"}, {"id_message": 82427246376, "message": "D\u00f3nde hay que apuntarse ? ? ?", "date": "2022-12-03 13:51:20"}, {"id_message": 79131719614, "message": "Anda , eres papi ? ? ? \ud83d\ude0f", "date": "2022-12-06 11:30:38"}, {"id_message": 37229592105, "message": "Andaaa , dos ni\u00f1as adem\u00e1s ?", "date": "2022-12-06 11:31:15"}, {"id_message": 81499922841, "message": "Y les gusta el deporte ?", "date": "2022-12-06 11:31:41"}, {"id_message": 43624030526, "message": "Pues ... Depende , si la m\u00e1quina est\u00e1 bien dise\u00f1ada , la prefiero por concentrar m\u00e1s ... Pero en mi gym la que hay no es muy all\u00e1 ... As\u00ed que tiro en polea", "date": "2022-12-07 22:12:53"}, {"id_message": 40036740819, "message": "En el gym de Madrid la que hab\u00eda me encantaba \ud83d\ude0d", "date": "2022-12-07 22:13:11"}, {"id_message": 21215495827, "message": "Yo ma\u00f1ana , llevo tres d\u00edas de descanso ...", "date": "2022-12-08 13:35:45"}, {"id_message": 8541993030, "message": "Puede ser efecto placebo ? ? ?", "date": "2022-12-08 13:39:13"}, {"id_message": 94014933296, "message": "Chocolate cl\u00e1sico for ever", "date": "2022-12-12 07:53:46"}, {"id_message": 66204698803, "message": "Y eso ? Ya volviste al gym tras la recuperaci\u00f3n de la operaci\u00f3n ?", "date": "2022-12-12 07:54:17"}, {"id_message": 62102860643, "message": "Tu entrenando por la ma\u00f1ana ? ? ? Y eso ? ? ?", "date": "2022-12-12 10:30:14"}, {"id_message": 80997239154, "message": "Aaah cierto , que fue domingo", "date": "2022-12-12 11:23:20"}, {"id_message": 37064297424, "message": "Cuidado hoy con el Martes y 13 ! ! !", "date": "2022-12-13 08:12:07"}, {"id_message": 37190164470, "message": "la merienda un poco seca , no ? ? ?", "date": "2022-12-13 14:15:33"}, {"id_message": 20646496864, "message": "Yo he hecho pierna , y creo que haciendo femoral tumbado me he hecho da\u00f1o en los lumbares ...", "date": "2022-12-14 10:57:00"}, {"id_message": 3886314058, "message": "Pues no lo s\u00e9 ... Creo que es porque no estaba concentrado ... Me estaban hablando de chorradas y claro ... \ud83e\udd26\u200d\u2642 \ud83e\udd26\u200d\u2642 \ud83e\udd26\u200d\u2642", "date": "2022-12-14 11:09:44"}, {"id_message": 82210207539, "message": "Uno que no se lo toma en serio ...", "date": "2022-12-14 11:11:10"}, {"id_message": 58044120924, "message": "Incluida la m\u00fasica ? ? ? \ud83e\udd14", "date": "2022-12-14 11:59:41"}, {"id_message": 59272477794, "message": "y para calorias un buen BigMac ? ? ?", "date": "2022-12-14 18:49:23"}, {"id_message": 26208582511, "message": "Gym time ... Chest day !", "date": "2022-12-16 08:06:35"}, {"id_message": 60600112815, "message": "Huy , hemos bajado de los 900 componentes del grupo ... \ud83d\ude14", "date": "2022-12-16 22:11:04"}, {"id_message": 76924162004, "message": "Has hecho limpieza @USER ? ? ?", "date": "2022-12-16 22:11:19"}, {"id_message": 53985348127, "message": "Yo voy ahora ... A las 9", "date": "2022-12-17 08:39:32"}, {"id_message": 46551790263, "message": "2022 Classic Physique Olympia Results URL", "date": "2022-12-18 09:01:57"}, {"id_message": 66453563667, "message": "Tu brazacos no cuentan ! ! !", "date": "2022-12-18 12:23:17"}, {"id_message": 75379502009, "message": "Y puedes subir y bajas escaleras ?", "date": "2022-12-18 12:26:26"}, {"id_message": 20678793337, "message": "Ya te puedes comer un BigMac sin remordimientos \ud83d\ude1c", "date": "2022-12-18 12:46:10"}, {"id_message": 98571701253, "message": "No lo descartes ... Hay fetiches muy raros por ah\u00ed ...", "date": "2022-12-18 13:04:15"}, {"id_message": 27876223807, "message": "Las rutinas y la alimentaci\u00f3n deber\u00eda ser personalizadas \ud83d\ude09", "date": "2022-12-18 23:18:34"}, {"id_message": 12814713886, "message": "Yo pondr\u00eda negro , se nota menos la mierda", "date": "2022-12-18 23:47:15"}, {"id_message": 70959682676, "message": "Gym time , hoy bracitos", "date": "2022-12-19 08:22:38"}, {"id_message": 86818482935, "message": "Back and shoulders day ! ! !", "date": "2022-12-20 08:41:27"}, {"id_message": 16715273423, "message": "Ya , esa es la cuesti\u00f3n , que no quiero dejar de verme los abdominales ...", "date": "2022-12-20 14:40:33"}, {"id_message": 60802778424, "message": "Desayunar , reposar y al gym", "date": "2022-12-22 06:56:03"}, {"id_message": 16362648860, "message": "Ni detr\u00e1s del m\u00f3vil ... \ud83d\ude1c", "date": "2022-12-22 06:56:58"}, {"id_message": 2516360590, "message": "Mucha suerte hoy con la Loter\u00eda de Navidad ! ! !", "date": "2022-12-22 07:54:44"}]