[{"id_message": 67668645844, "message": "hola soy natali , tengo 16 a\u00f1os , soy ana , kasak no me e pesado \ud83d\ude05 me pesare hasta el lunes , la ultima vez estaba en 48 , 1 meta 40 meta final 38", "date": "2020-04-26 02:54:45"}, {"id_message": 20607326909, "message": "hola \ud83d\udc51 gracias", "date": "2020-04-26 02:54:58"}, {"id_message": 56841874761, "message": "tengo unos de thispo en ruso \ud83d\ude05", "date": "2020-04-26 03:10:01"}, {"id_message": 50234010238, "message": "\u200b \u0414\u043e\u0431\u0430\u0432\u0438\u0442\u044c \u0433\u0440\u0443\u043f\u043f\u0443 \u0434\u043b\u044f \u043e\u0431\u0449\u0435\u043d\u0438\u044f ?", "date": "2020-04-26 03:15:59"}, {"id_message": 36601630064, "message": "el chicle te ayuda \u2665 \ufe0f mas no te quita el hambre \ud83d\udcaf x \ud83d\udcaf , si compras chicles mira que sean sin azucar o que tengan 0 calorias aunque hay unos que tienen muy pocas calorias hay ya va en tu elecci\u00f3n del sabor o marca , yo debes en cuando los uso y compro Trident Twist o chicle bubbaloo", "date": "2020-04-28 07:34:24"}, {"id_message": 40166499329, "message": "bienvenida \ud83e\udd8b", "date": "2020-04-28 07:34:56"}, {"id_message": 24177571940, "message": "yo soy de colombia \ud83c\udde8\ud83c\uddf4", "date": "2020-04-28 07:35:42"}, {"id_message": 18311045320, "message": "tienes que aprender a enga\u00f1arlos y a jugar con ellos mientras estas comiendo , ( jaks sono feo \ud83d\ude05 )", "date": "2020-04-28 07:40:33"}, {"id_message": 665437388, "message": "todo es con practica linda , puedes usar servilletas , papel , excusas de que estas enferme etc ... hay muchas cosas que son utiles si tienes mascotas las puedes usar \ud83d\udc36 para que se coman la comida", "date": "2020-04-28 07:45:10"}, {"id_message": 64039821819, "message": "si tus papas ya estan sospechando utiliza a alisa , si ven que no comes , comes frente a ellos y si aun sospechan hay que subir la apuesta , mantenerlos ;", "date": "2020-04-28 07:46:51"}, {"id_message": 32293859944, "message": "mantenerlos contentos ayuda bastante", "date": "2020-04-28 07:47:17"}, {"id_message": 35192693852, "message": "Amig @s , padres , familia , novio etc ...", "date": "2020-04-28 07:52:40"}, {"id_message": 57959144318, "message": "solo puedes hablar de todo esto , con chic @s que sean ana rex , mia , bill o alisa", "date": "2020-04-28 07:55:15"}, {"id_message": 95263520078, "message": "ya que para nosotr @s es un estilo de vida \u2665 \ufe0f \ud83d\udc51", "date": "2020-04-28 07:55:38"}, {"id_message": 40604105310, "message": "\" se que todo esto es una enfermedad \" eso lo tengo claro no soy ignorante con los temas , a mi me ayuda leer sobre anorexia y bulimia y como identificarla etc me ayuda a evitar errores que pueda para que sospechen \ud83d\udc51", "date": "2020-04-28 08:07:30"}, {"id_message": 59083568964, "message": "y no terminar descubierta por mi mama", "date": "2020-04-28 08:09:03"}, {"id_message": 95753838348, "message": "los errores que pueda cometer para que sospechen", "date": "2020-04-28 08:11:15"}, {"id_message": 86272146224, "message": "bien linda con pereza \ud83d\udc51", "date": "2020-04-30 18:15:33"}, {"id_message": 61522564585, "message": "hola \u26a1 \ufe0f buenos dias", "date": "2020-05-02 16:24:42"}, {"id_message": 58219147451, "message": "bienvenida \ud83d\udc51 \ud83d\udc51 \u2665 \ufe0f", "date": "2020-05-04 00:13:41"}, {"id_message": 96728169822, "message": "en kg o en lib \u2665 \ufe0f", "date": "2020-05-07 18:35:36"}, {"id_message": 61221558530, "message": "qu e necesitas linda ? ? \u2764 \ufe0f", "date": "2020-05-07 18:35:54"}, {"id_message": 54431373561, "message": "ana mia o alisa \ud83d\udc51", "date": "2020-05-07 18:36:56"}, {"id_message": 28987394945, "message": "para iniciar en ana si \u2764 \ufe0f", "date": "2020-05-07 18:38:35"}, {"id_message": 66868188253, "message": "inicia bajando la cantidad de calorias que comes de apoco , inicia eliminando dulces luego azucar , pan , harinas , despues le bajas las poriciones a lo que comes en lo que queda que son carnes y verduras", "date": "2020-05-07 18:43:02"}, {"id_message": 59603522281, "message": "toma muchisima agua minimo 2 litros para haci no sentir hambre", "date": "2020-05-07 18:43:58"}, {"id_message": 96632997898, "message": "y hacer ejercicio \u2665 \ufe0f", "date": "2020-05-07 18:44:41"}, {"id_message": 31619519704, "message": "baja las cantidades de calorias de apoco para evitar los atracones y el efecto revote \u2728", "date": "2020-05-07 18:45:55"}, {"id_message": 87810759815, "message": "con gusto linda para eso estamos para ayudarnos y apoyarnos", "date": "2020-05-07 18:46:25"}, {"id_message": 67827429735, "message": "yo llevo ya 2 a\u00f1os en esto desde que lo volvi a retomar \ud83d\udc51", "date": "2020-05-07 18:48:42"}, {"id_message": 85096176517, "message": "no , con el tiempo aprendes trucos para que no sospechen \ud83d\udc4d \ud83d\udc95", "date": "2020-05-07 18:50:28"}, {"id_message": 11070123876, "message": "claro que si linda \ud83d\udcaa \ud83d\udcaa \u2665 \ufe0f \u2665 \ufe0f", "date": "2020-05-07 18:53:30"}, {"id_message": 90749209005, "message": "ponte rubor para que no te vean tan palida o con n labial te untas un poquito en los dedos ( jkasal rojo o rasado \ud83e\udd23 ) y te lo colocas de forma que se vea natural , \u2665 \ufe0f tu cancion de fondo \ud83d\udc4d", "date": "2020-05-10 01:44:56"}, {"id_message": 96213349824, "message": "Hola y bienvenid @ xD", "date": "2020-05-10 23:19:53"}, {"id_message": 51241049594, "message": "kaslks eres chica o chico prin \ud83d\udc9b \ud83d\udc9b \ud83d\ude05", "date": "2020-05-10 23:20:16"}, {"id_message": 89400949092, "message": "sjakl \ud83d\udc4d \ud83d\udc4d", "date": "2020-05-10 23:24:35"}, {"id_message": 88583593578, "message": "Hola \ud83d\udc51 s\u00f3lo cuando es absolutamente necesario", "date": "2020-05-19 20:50:14"}, {"id_message": 60120974745, "message": "\u2764 \ufe0f \ud83d\ude05 les puedo pedir un favor \ud83e\udd7a me pueden ayudar a escoger alguna de las im\u00e1genes , no me decido por cual tono de rosado , me pueden mandar el numero del que mas les gusta \u2665 \ufe0f \u2665 \ufe0f las voy a mandar una a una , me di cuenta que a anorexia no le gustaron \ud83d\ude02 \ud83d\ude02 y me silencio \ud83e\udd23 \ud83e\udd23 \ud83e\udd23 \ud83d\ude02 \ud83d\ude02", "date": "2020-06-06 06:13:17"}, {"id_message": 93386605315, "message": "me dio miedo volverlas a enviar \ud83d\ude02 \ud83d\ude02 \ud83d\ude02", "date": "2020-06-06 06:15:14"}, {"id_message": 16682089648, "message": "hi \ud83d\udc95", "date": "2020-06-29 05:14:39"}, {"id_message": 77642135182, "message": "yo las e usado sirven para ganar fuerza en los tobillos muy \u00fatil si usas tacones o zapatos altos \ud83d\udc4d", "date": "2020-06-29 05:23:47"}, {"id_message": 77616269643, "message": "tambi\u00e9n para estirar y pode bajar mas", "date": "2020-06-29 05:24:38"}, {"id_message": 71791371229, "message": "es principal mente para ganar fuerza , las gimnastas ritmicas lo usan para eso y tambi\u00e9n algunas bailarinas para las puntas \u2665 \ufe0f", "date": "2020-06-29 05:27:12"}]