[{"id_message": 48312518429, "message": "Chicas las que est\u00e1is en el otro pod\u00e9is quedaros all\u00ed , este ser\u00e1 para checar a los nuevos miembros antes de invitarlos al otro", "date": "2022-04-12 01:43:01"}, {"id_message": 90494593696, "message": "Otro grupo se vio comprometido por gente infiltrada que quiso denunciar asi que de momento se entrar\u00e1 en este", "date": "2022-04-12 01:51:26"}, {"id_message": 68070163225, "message": "Debido a los acontecimientos recientes se proceder\u00e1 a la eliminaci\u00f3n de los miembros inactivos en los pr\u00f3ximos d\u00edas . Todo esto se hace para garantizar la seguridad", "date": "2022-04-12 13:55:24"}, {"id_message": 7738232878, "message": "Creo que de momento borr\u00e9 inactivos", "date": "2022-04-12 17:04:13"}, {"id_message": 54036812168, "message": "El resto espero se activen y sigamos en el grupo o sino pues hasta la siguiente limpieza", "date": "2022-04-12 17:04:44"}, {"id_message": 41390474406, "message": "\ud83e\udd8b \u263a \ufe0f", "date": "2022-04-12 17:05:12"}, {"id_message": 11291093541, "message": "Si van a compartir el grupo que sea en sitios seguros por si acaso , lo dem\u00e1s creo que ya todo bien", "date": "2022-04-12 17:05:52"}, {"id_message": 9662952510, "message": "Bueno si la gente no se conecta es normal que nadie hable", "date": "2022-04-12 21:58:43"}, {"id_message": 21935189651, "message": "Imagino que muchos no entrar\u00e1n por lo del programa de la tv del otro d\u00eda", "date": "2022-04-12 21:59:22"}, {"id_message": 38025980817, "message": "En un programa creo que de Colombia expusieron los grupos de Ana y Mia", "date": "2022-04-12 22:00:10"}, {"id_message": 4813122132, "message": "En redes , con gente que hab\u00eda entrado como infiltrados", "date": "2022-04-12 22:00:30"}, {"id_message": 44936429423, "message": "Y lo sacaron en TV y muchos se alteraron", "date": "2022-04-12 22:00:41"}, {"id_message": 81369043209, "message": "Por eso se activ\u00f3 este grupo", "date": "2022-04-12 22:00:57"}, {"id_message": 66160371333, "message": "Porque al ser m\u00e1s peque\u00f1o es m\u00e1s seguro", "date": "2022-04-12 22:01:05"}, {"id_message": 93385110909, "message": "Ya , pero al grupo entraron supuestas reporteras m\u00e1s ese v\u00eddeo pues eso fue lo que pas\u00f3", "date": "2022-04-13 09:10:23"}, {"id_message": 59148946705, "message": "Todo eso creo que lo puso Rulo en su canal para avisar de los perfiles por si quieres checar", "date": "2022-04-13 09:16:04"}, {"id_message": 60954387500, "message": "De momento se est\u00e1 usando este , el otro se cerr\u00f3 y tienen que hacer limpieza", "date": "2022-04-13 10:36:54"}, {"id_message": 77861075867, "message": "Al final hay demasiada gente y con lo que pas\u00f3 hay inseguridad", "date": "2022-04-13 10:37:47"}, {"id_message": 7694201607, "message": "As\u00ed que por eso se activ\u00f3 este y que los nuevos vengan aqu\u00ed", "date": "2022-04-13 10:38:02"}, {"id_message": 3375412284, "message": "All\u00ed se har\u00e1 limpieza en los pr\u00f3ximos d\u00edas y cuando se queden solo los activos y confiables pasaremos a gente de aqu\u00ed para all\u00ed", "date": "2022-04-13 10:38:47"}, {"id_message": 53402824826, "message": "No es nada personal \ud83d\ude13", "date": "2022-04-13 10:39:06"}, {"id_message": 11395741546, "message": "Por eso y con lo de las supuestas reporteras la gente tiene miedo", "date": "2022-04-13 10:39:26"}, {"id_message": 99874477673, "message": "Casi nadie habla hasta que se haga limpieza", "date": "2022-04-13 10:39:42"}, {"id_message": 82149729564, "message": "Es una pena todo esto", "date": "2022-04-13 10:39:47"}, {"id_message": 39685763715, "message": "Yo s\u00ed que lo vi y aunque no hablan de Telegram mucha gente que son menores tienen miedo que les revisen el tel\u00e9fono", "date": "2022-04-13 10:40:25"}, {"id_message": 4075238922, "message": "Por eso ahora voy tratando de ir un poco mejor cada d\u00eda", "date": "2022-05-24 19:10:06"}, {"id_message": 61466135305, "message": "Por la ansiedad y m\u00e1s cosas me acabaron reconociendo una discapacidad as\u00ed que no lo tengo f\u00e1cil", "date": "2022-05-24 19:10:52"}, {"id_message": 49349233483, "message": "Solo trato de ir un d\u00eda a la vez", "date": "2022-05-24 19:11:18"}, {"id_message": 46422895534, "message": "Pues fr\u00e9nalo porque sinceramente el sobrepeso se quita pero esto no", "date": "2022-05-24 19:22:14"}, {"id_message": 36297678617, "message": "Si pudiera elegir entre estar estable y gorda o flaca y viviendo al l\u00edmite mentalmente escoger\u00eda estar gorda", "date": "2022-05-24 19:23:02"}, {"id_message": 43435194365, "message": "Y bajar de peso con el tiempo teniendo la mente sana", "date": "2022-05-24 19:23:15"}, {"id_message": 23707631140, "message": "S\u00ed , es que cuesta mucho mantenerte estable aunque sea para centrarte en tu TCA y adelgazar cuando sientes que todo a tu alrededor se derrumba", "date": "2022-05-24 19:30:08"}, {"id_message": 94368806497, "message": "Y quieren volver a darme antidepresivos pero me niego porque no estoy deprimida y lo que me falta es engordar a\u00fan m\u00e1s", "date": "2022-05-24 19:30:47"}, {"id_message": 7083936549, "message": "Lo que necesito es una terapia que me funcione , no miles de pastillas", "date": "2022-05-24 19:31:05"}, {"id_message": 72620305349, "message": "No es que me frustre ver a la gente adelgazar , es ver que yo no lo hago", "date": "2022-05-24 19:32:44"}, {"id_message": 38326044795, "message": "Yo estuve en 53 , pesar ahora tanto me deja en la mierda", "date": "2022-05-24 19:34:33"}, {"id_message": 8557046173, "message": "Y a\u00fan as\u00ed estaba en 98 y baj\u00e9 pero sigue siendo mucho peso", "date": "2022-05-24 19:35:00"}, {"id_message": 93896965081, "message": "Yo no tengo que poner excusas para no comer , vivo sola", "date": "2022-05-24 19:36:05"}, {"id_message": 74204033795, "message": "Pero para estabilizarme psicol\u00f3gicamente y para poder trabajar bien procuro comer", "date": "2022-05-24 19:36:52"}, {"id_message": 70667819559, "message": "As\u00ed que es un continuo quiero y no puedo", "date": "2022-05-24 19:37:02"}, {"id_message": 13703462172, "message": "Retweet , se usa en Twitter", "date": "2022-05-24 19:40:24"}, {"id_message": 4762045200, "message": "No s\u00e9 , depende de cada uno", "date": "2022-05-24 19:40:59"}, {"id_message": 23884350336, "message": "Hay muchos que ponen \" + 1 \"", "date": "2022-05-24 19:41:12"}, {"id_message": 66462599369, "message": "Es lo mismo al final", "date": "2022-05-24 19:41:17"}, {"id_message": 13321032152, "message": "Claro , por qu\u00e9 no se iba a poder ? Jajaj", "date": "2022-05-24 19:41:55"}, {"id_message": 99897335061, "message": "Solo que en Twitter tienes un bot\u00f3n para eso en espec\u00edfico", "date": "2022-05-24 19:42:10"}, {"id_message": 28752868031, "message": "Bueno , me voy , si acaso vuelvo m\u00e1s tarde", "date": "2022-05-24 19:48:58"}, {"id_message": 11793824985, "message": "\ud83d\udc99 \ud83e\udd8b", "date": "2022-05-24 19:49:01"}, {"id_message": 14129340266, "message": "\ud83d\udc4d \ud83d\udc4d \ud83d\udc4d", "date": "2022-05-25 09:46:43"}, {"id_message": 77899094942, "message": "S\u00ed , posiblemente pero siempre alegra ver menos n\u00famero", "date": "2022-05-25 09:46:58"}]