[{"id_message": 55746097883, "message": "Este grupo es para presentar dudas de lo que sea que vean en el canal", "date": "2020-10-13 05:07:32"}, {"id_message": 81707079021, "message": "Depende las pastillas que sean tipo si son respetadas por un m\u00e9dico especializado . Serian esas pastillas del apetito puede que funcionen , a lo que voy depende de las pastillas por que no existen productos que te adelgace por si solos , existen los que te quitan el apetito y tal pero eso solo se consiguen con reseta m\u00e9dica ya que se los da a personas con obesidad y tal", "date": "2020-11-03 18:06:26"}, {"id_message": 9803368621, "message": "Omega 3 es una simple vitamina que por si sola no te va hacer bajar de peso", "date": "2020-11-03 18:06:45"}, {"id_message": 60509688569, "message": "No se , depende de la cantidad que hagas", "date": "2020-11-10 13:40:22"}, {"id_message": 684566022, "message": "Depende de la cantidad que le pongas", "date": "2020-11-11 18:02:59"}, {"id_message": 69091954332, "message": "Cuestiones personales \ud83d\ude0a \u2764 \ufe0f", "date": "2020-11-13 13:28:16"}, {"id_message": 17273411060, "message": "Yo a la dieta la saque de otro grupo", "date": "2020-11-18 02:37:46"}, {"id_message": 62591772269, "message": "Este grupo es para preguntas , tenes razon", "date": "2020-11-18 22:08:04"}, {"id_message": 35428967012, "message": "Este grupo es para preguntas", "date": "2020-11-25 19:11:28"}, {"id_message": 12273209780, "message": "El oficial es otro", "date": "2020-11-25 19:11:34"}, {"id_message": 59674827024, "message": "Eres un pervertido infiltrado ?", "date": "2020-11-28 01:17:08"}, {"id_message": 50912739876, "message": "Si claro y yo nac\u00ed ayer gil", "date": "2020-11-28 18:47:56"}, {"id_message": 22659619549, "message": "Pelo en los huevos ya tenes", "date": "2020-11-28 18:48:06"}, {"id_message": 81889631635, "message": "Cual el batido verde ? ?", "date": "2020-12-07 05:36:48"}, {"id_message": 7874023639, "message": "Puede tener apio pepino hasta lechuga busca en Internet y salen un monton", "date": "2020-12-07 05:37:28"}, {"id_message": 42963857534, "message": "Ya no hay grupo de WhatsApp", "date": "2020-12-08 19:58:19"}, {"id_message": 82212193288, "message": "Si en la foto no dice es que es una dieta nueva", "date": "2021-01-05 14:02:40"}, {"id_message": 64534063207, "message": "Jaja ya lo pase", "date": "2021-01-12 00:05:02"}, {"id_message": 77304042961, "message": "No jaja es un grupo al pedo", "date": "2021-01-21 02:21:19"}, {"id_message": 90972667663, "message": "El verdadero grupo no es este", "date": "2021-01-21 02:21:38"}, {"id_message": 42578501183, "message": "\ud83d\ude05 \u2764", "date": "2021-02-21 23:16:24"}, {"id_message": 37822576912, "message": "El IMC es el conjunto de todo", "date": "2021-03-23 15:35:52"}, {"id_message": 48756042917, "message": "Si vos bajas de peso baja el IMC", "date": "2021-03-23 15:36:06"}, {"id_message": 22659221719, "message": "Tipo las calorias de la fruta", "date": "2021-03-30 17:45:37"}, {"id_message": 81761622236, "message": "Hay un monton de tips en el canal , anda a Los fields", "date": "2021-04-07 19:01:51"}, {"id_message": 63241275032, "message": "en el blog hay una categporia de caloria o tabla de alimentos tambien puedes descargarte una app para contar calorias saludos", "date": "2022-04-19 01:17:42"}, {"id_message": 82843619080, "message": "cada persona tiene requerimientos distintos pueden buscar recetas en mi blog o internert , saludos", "date": "2022-04-19 01:18:22"}, {"id_message": 72665484009, "message": "Una persona promedio requiere de unas 2500 a 3000 , es poco cr\u00e9eme la dieta que hice algunas son para reiniciar el ciclo de bajar de peso por ende las calor\u00edas aumentan y bajan de golpe , saludos", "date": "2022-04-20 02:10:59"}, {"id_message": 61234788558, "message": "En mi blog proseas encontrar m\u00e1s cositas capas te sirve", "date": "2022-04-27 21:30:12"}, {"id_message": 38014637092, "message": "La saque de internet no sabia q eras vos l a foto no tiene marca", "date": "2022-04-28 04:06:09"}, {"id_message": 91252225471, "message": "Todo lo saco de otros canales , Pinterest y Twitter", "date": "2022-04-28 23:13:21"}, {"id_message": 44397729897, "message": "Pero si es el procesado con az\u00facar agregado ya si", "date": "2022-04-29 18:34:07"}, {"id_message": 42633043805, "message": "As\u00ed es pero bueno la culpa es m\u00eda", "date": "2022-05-06 02:10:43"}, {"id_message": 7563547081, "message": "Es que planeo ayunar y cada vez que coma vomitar pero necesito consejos los que tengo en mi blog siento que mucho no me sirven por que son para personas que ya saben hacerlo", "date": "2022-05-08 07:31:13"}, {"id_message": 88898900760, "message": "Y como se si vomite todo ?", "date": "2022-05-08 22:46:55"}, {"id_message": 13850166252, "message": "Pero eso no significa que esta jodido el organismo ?", "date": "2022-05-08 22:48:19"}, {"id_message": 54553733726, "message": "No hay ning\u00fan c\u00f3digo amor no se qu\u00e9 onda", "date": "2022-05-11 03:01:08"}, {"id_message": 69873408943, "message": "No doy trucos de ese tipo no estoy a favor de lo \u201c r\u00e1pido \u201c", "date": "2022-05-11 03:01:34"}, {"id_message": 54820332293, "message": "En mi blog est\u00e1n", "date": "2022-05-11 23:50:44"}, {"id_message": 50543292842, "message": "Si un mont\u00f3n jaja", "date": "2022-05-13 02:19:23"}, {"id_message": 55034247203, "message": "Que bueno , espero que todo salga bien y te puedas recuperar ! ! !", "date": "2022-05-14 20:48:16"}, {"id_message": 50520517740, "message": "Ve a un nutricionista", "date": "2022-05-17 13:32:33"}, {"id_message": 57297571072, "message": "No puedo administrarlos y son demasiados obvios para que los infiltrados se unan , ademas Telegram tiene m\u00e1s herramientas para ver quien est\u00e1 y eliminarlo si es inactivo bots entre otras cosas por ende si quiero hacer un grupo de whats tiene que ser muy peque as\u00ed est\u00e1 bien controlado y tendr\u00eda que tener 500 como para que todos est\u00e9n y no quiero dejar a nadie a fuera", "date": "2022-05-25 23:16:22"}, {"id_message": 18850849948, "message": "Simple reducci\u00f3n de comidas con el tiempo", "date": "2022-05-26 02:59:50"}, {"id_message": 39810430616, "message": "Qu\u00e9 tipo de energizares ? ? ? gatetored y esos ?", "date": "2022-05-26 03:01:39"}, {"id_message": 55014625483, "message": "En Wattpad hay much\u00edsimos busca anorexia o tca o Ana y m\u00eda y aparecen", "date": "2022-05-26 04:12:21"}, {"id_message": 17140810822, "message": "Hay amor probaste con ir a un nutr\u00ed ?", "date": "2022-05-26 05:05:53"}, {"id_message": 87404321722, "message": "Lo se pero si puedo ayudar en algo lo voy hacer", "date": "2022-05-26 05:06:17"}, {"id_message": 23694011083, "message": "Jajajaja bueno no lo s\u00e9 pero por las dudas si puedo aportar algo lo hago", "date": "2022-05-26 05:08:07"}, {"id_message": 23842640149, "message": "Para eso voy a cerrar links por un tiempo . Est\u00e1 todo protegido tu tranquila", "date": "2022-05-26 05:08:33"}]