[{"id_message": 24304636695, "message": "Quiero empezar a trabajar mi cuerpo", "date": "2018-06-28 18:02:58"}, {"id_message": 20939176919, "message": "( s\u00ed somos amigos y vamos a empezar a ir al gym juntos jajajajaja )", "date": "2018-06-28 18:03:12"}, {"id_message": 42034942640, "message": "Hombre eso claro jajajaj", "date": "2018-06-28 18:05:02"}, {"id_message": 21165052199, "message": "No nos hemos apuntado", "date": "2018-06-28 18:05:51"}, {"id_message": 27243753153, "message": "Simplemente queremos estar en forma", "date": "2018-06-28 18:05:57"}, {"id_message": 8525686747, "message": "Nos apuntaremos para este mes", "date": "2018-06-28 18:06:03"}, {"id_message": 38878711533, "message": "Por eso hemos buscado un grupo as\u00ed", "date": "2018-06-28 18:06:34"}, {"id_message": 70376375406, "message": "De gente que sepa \u2764 \ufe0f \u2764 \ufe0f", "date": "2018-06-28 18:06:39"}, {"id_message": 2543126415, "message": "Mi contador de deporte ahora mismo est\u00e1 a 0", "date": "2018-06-28 18:07:23"}, {"id_message": 66913893188, "message": "Eso lo llevo sobrao jajajajaj", "date": "2018-06-28 18:07:41"}, {"id_message": 45740809105, "message": "M\u00e1s que en ocasiones muy se\u00f1aladas", "date": "2018-06-28 18:08:10"}, {"id_message": 35887551013, "message": "Es buena gente , tranqui", "date": "2018-06-28 18:54:49"}, {"id_message": 48873681149, "message": "Me guardo el link , pinta muy interesante", "date": "2018-06-28 19:02:35"}, {"id_message": 47801013273, "message": "No no , me he equivocao de grupo", "date": "2018-06-30 21:52:11"}, {"id_message": 10060880280, "message": "\u00daltimamente le estoy dando al Gmod", "date": "2018-06-30 22:30:29"}, {"id_message": 46520490993, "message": "Jorge hijo mio my son ...", "date": "2018-07-02 00:09:38"}, {"id_message": 9149517181, "message": "Mira que eres bestia macho ...", "date": "2018-07-02 00:09:44"}, {"id_message": 59581231599, "message": "Viene de no hacer absolutamente nada", "date": "2018-07-02 00:14:34"}, {"id_message": 19028257641, "message": "Le conozco , por si no era obvio xD", "date": "2018-07-02 00:14:41"}, {"id_message": 94068178836, "message": "Qu\u00e9 guapo el pack", "date": "2018-07-02 00:20:24"}, {"id_message": 62735775535, "message": "Qui\u00e9n lo pillase \ud83d\ude0d", "date": "2018-07-03 14:10:28"}, {"id_message": 81967857202, "message": "Como pille esos donuts ...", "date": "2018-07-03 14:11:10"}, {"id_message": 77004849806, "message": "Y lam\u00e6 ese chocolate ...", "date": "2018-07-03 14:11:17"}, {"id_message": 34030094208, "message": "Ay dios que me da algo", "date": "2018-07-03 14:11:24"}, {"id_message": 32823589963, "message": "Tengo que ser fuerte , hombre ya", "date": "2018-07-03 14:11:36"}, {"id_message": 97641104853, "message": "\ud83d\ude06 \ud83d\ude06", "date": "2018-07-03 14:15:14"}, {"id_message": 3515256724, "message": "No me gusta publicarlo por ah\u00ed , pero gracias por el inter\u00e9s \u263a \ufe0f", "date": "2018-07-04 22:53:23"}, {"id_message": 46324319178, "message": "Al principio me dedicaba al gaming pero luego comenc\u00e9 a subir cosas m\u00e1s trabajadas", "date": "2018-07-04 22:54:50"}, {"id_message": 34795408450, "message": "M\u00e1s enfocado a dar el 100 % de m\u00ed", "date": "2018-07-04 22:55:02"}, {"id_message": 20372987479, "message": "De mis habilidades de edici\u00f3n y montaje", "date": "2018-07-04 22:55:10"}, {"id_message": 53229122730, "message": "Todav\u00eda sobre videojuegos , s\u00ed", "date": "2018-07-04 22:55:26"}, {"id_message": 86229244600, "message": "Pero tambi\u00e9n tengo m\u00e1s suscriptores", "date": "2018-07-04 22:56:08"}, {"id_message": 88923711223, "message": "As\u00ed que no sabr\u00eda decirte", "date": "2018-07-04 22:56:13"}, {"id_message": 92049716706, "message": "Y no , no lo tengo monetizado", "date": "2018-07-04 23:15:24"}, {"id_message": 18728822388, "message": "Lo hago por gusto y amor a ello", "date": "2018-07-04 23:15:37"}, {"id_message": 24753110854, "message": "Ojal\u00e1 alg\u00fan d\u00eda me de para poder dedicarme a esto", "date": "2018-07-04 23:15:56"}, {"id_message": 60126610564, "message": "Por ahora soy estudiante", "date": "2018-07-04 23:16:00"}, {"id_message": 94284243033, "message": "Tengo much\u00edsima verg\u00fcenza con este tema", "date": "2018-07-04 23:22:49"}, {"id_message": 9910582853, "message": "Que se he movido el chat", "date": "2018-07-05 00:44:50"}, {"id_message": 74427236975, "message": "A estas horas el toti canalla", "date": "2018-07-06 23:16:29"}]