[{"id_message": 52314450282, "message": "Buenos d\u00edas a todos . Mi uno a este grupo para aprender con ustedes . Soy de Montevideo - Uruguay", "date": "2019-06-14 10:24:16"}, {"id_message": 72398338093, "message": "Gracias \u2757 \ufe0f", "date": "2019-06-14 10:44:12"}, {"id_message": 83442171409, "message": "Les env\u00edo algunos v\u00eddeos", "date": "2019-06-14 11:18:38"}, {"id_message": 28954604066, "message": "Gracias \u2757 \ufe0f \u2757 \ufe0f \u2757 \ufe0f", "date": "2019-06-14 11:29:44"}, {"id_message": 39696986413, "message": "Perfecto \ud83d\udcaa \ud83d\udcaa \ud83d\udcaa", "date": "2019-06-14 11:30:01"}, {"id_message": 10466278588, "message": "Y como puedo mejorar \u2753", "date": "2019-06-14 11:39:19"}, {"id_message": 68421662829, "message": "Es posible encontrar alg\u00fan tutorial en Youtube ? Visualizando ser\u00e1 m\u00e1s f\u00e1cil de entender \ud83d\ude05 \ud83d\ude05 \ud83d\ude05", "date": "2019-06-14 12:01:09"}, {"id_message": 82644675640, "message": "Buenos d\u00edas y buena semana a todos . Creo que en este fin de semana he exagerado en la comida , he salido de la dieta \ud83d\ude31 \ud83d\ude31 \ud83d\ude31 , bueno a recuperarme en esta semana \ud83d\udcaa \ud83d\udcaa \ud83d\udcaa", "date": "2019-06-17 07:24:08"}, {"id_message": 93326993571, "message": "Yo no estaba tomando alcohol hace mucho tiempo , tom\u00e9 una cerveza el viernes , una s\u00e1bado y una ayer \u2757 \ufe0f he comido chorizos y dulces \ud83d\ude05 \ud83d\ude05 \ud83d\ude05 , es verdad que he disfrutado con amigos pero tengo miedo de volver atr\u00e1s y esto yo no quiero \u2757 \ufe0f", "date": "2019-06-17 07:33:18"}, {"id_message": 76583755220, "message": "Qu\u00e9 opin\u00e1is de la t\u00e9cnica \u2753", "date": "2019-06-18 18:26:42"}, {"id_message": 62767402904, "message": "Lo tendr\u00e9 en cuenta", "date": "2019-06-18 18:57:05"}, {"id_message": 69724205230, "message": "Buen d\u00eda guerrier @s \ud83d\udcaa \ud83d\udcaa \ud83d\udcaa", "date": "2019-06-19 08:31:27"}, {"id_message": 41034700841, "message": "Y esto es m\u00ed almuerzo", "date": "2019-06-19 13:31:04"}, {"id_message": 79701033883, "message": "Esto de hacer dieta mi mata", "date": "2019-06-19 13:32:14"}, {"id_message": 28557377792, "message": "Yo s\u00ed lo necesito \u2757 \ufe0f", "date": "2019-06-19 13:32:56"}, {"id_message": 54009354372, "message": "Gracias hermosa \u2757 \ufe0f", "date": "2019-06-20 14:46:21"}]