[{"id_message": 75928345788, "message": "Feliz comienzo de a\u00f1o para todos ! ! !", "date": "2019-01-01 14:26:00"}, {"id_message": 47243252620, "message": "B0rb0Zit4 \ud83d\ude18 : Buenas noches ! ! ! Una consulta siempre tuve dudas de como respirar mientras hago los ejercicios ? Exhalo cuando hago la fuerza ? O al revez ?", "date": "2019-01-02 02:44:28"}, {"id_message": 2880061234, "message": "Bueno gracias x la ayuda \ud83d\ude1e", "date": "2019-01-02 08:43:29"}, {"id_message": 95179596833, "message": "Si escribi pero m ignoraron \ud83d\ude1e \ud83d\ude1e \ud83d\ude2d", "date": "2019-01-02 08:44:58"}, {"id_message": 45099632071, "message": "No pasa nada . No hay problema . Gracias \ud83d\ude01 \u2764 \ufe0f", "date": "2019-01-02 08:46:34"}, {"id_message": 78364236540, "message": "Gracias ! ! ! Voy a intentarlo . Me cuesta", "date": "2019-01-02 08:55:50"}, {"id_message": 19919822239, "message": "2 x dia esta bien pero depende lo q quieras bajar y calorias q consumas pueden ser mas . Nueces tambien puede incorporat . Siempre son buenos los frutos secos", "date": "2019-01-02 08:58:03"}, {"id_message": 89454432130, "message": "Siempre es preferible la avena o cosas no procesadas pero la avena en su justa cantidad xq es calorica", "date": "2019-01-02 08:59:11"}, {"id_message": 34558894669, "message": "Si tal cual . Depende de cada uno", "date": "2019-01-02 09:00:39"}, {"id_message": 11520144513, "message": "2 cucharadas esta bien . Te da mas saciedad podes combinar con frutas y yoghurt . Es preferible", "date": "2019-01-02 09:04:52"}, {"id_message": 72050802493, "message": "Quinoa inflada tmb esta bueno y tiene pocas kcal . Vienen de algarroba tmb", "date": "2019-01-02 09:06:35"}, {"id_message": 82309594956, "message": "Entonces hay q probarlos jajaj", "date": "2019-01-03 12:27:15"}, {"id_message": 28493913700, "message": "Ya me lo estoy creyendo", "date": "2019-01-03 12:29:03"}, {"id_message": 63665984017, "message": "Igual ni en pedo t como eso", "date": "2019-01-03 12:30:49"}, {"id_message": 76709906554, "message": "Nooooo . Jaj aca todavia no llego", "date": "2019-01-03 12:32:16"}, {"id_message": 57056575176, "message": "Es tipo te y barritas ?", "date": "2019-01-03 12:33:09"}, {"id_message": 75041119596, "message": "Me voy a poner a entrenar ! ! Necesito fuerzas jajaja hace 2 dias q no hago nada", "date": "2019-01-03 12:42:03"}, {"id_message": 86804953080, "message": "Lastrados ? Si a mi m r sirve me ayuda un monton a tonificar", "date": "2019-01-03 14:53:52"}, {"id_message": 41401909870, "message": "Lo hice con tobi de 2kgs en cada pierna si t referis a eso", "date": "2019-01-03 14:54:21"}, {"id_message": 90801364068, "message": "A mi m ayuda a tonificar voy subiendo el peso de a poco pero a vos q sos hombre quizas no t sirva xq queres sacar musculo seguro", "date": "2019-01-03 14:55:27"}, {"id_message": 74051762977, "message": "Gracias ! ! me cuesta . Me ayudo mucho el hacer soga y plancha", "date": "2019-01-03 14:57:58"}, {"id_message": 49635093516, "message": "Gracias ! ! ! Me motivan \ud83d\ude01 \ud83d\ude01 \ud83d\ude01", "date": "2019-01-03 14:58:20"}, {"id_message": 31686950055, "message": "Nunca use bandas elasticas . Son buenas ? Queria probar", "date": "2019-01-03 14:58:52"}, {"id_message": 51798003670, "message": "Nunca hice yoga . Pero si sirve empiezo jajaja", "date": "2019-01-03 14:59:09"}, {"id_message": 51089491152, "message": "Para trabajar piernas las usas ?", "date": "2019-01-03 14:59:27"}, {"id_message": 7976974466, "message": "Esta genial ! ! M encanto", "date": "2019-01-03 15:00:46"}, {"id_message": 87968773447, "message": "Sos de espa\u00f1a ? Hace poco lo descubri x insta y me r ayuda", "date": "2019-01-03 15:07:56"}, {"id_message": 64006835116, "message": "A sergio espinar no lo conozco", "date": "2019-01-03 15:08:05"}, {"id_message": 27076474877, "message": "Buen dia ! ! ! Muy bueno", "date": "2019-01-08 09:53:22"}]