[{"id_message": 74417861372, "message": "Hola ! Soy Yolanda encantada Ana 85 50 27 :(", "date": "2021-10-08 17:36:16"}, {"id_message": 81968788752, "message": "\u2665 \ufe0f bienvenida", "date": "2021-11-10 19:41:44"}, {"id_message": 62018323346, "message": "Pero la sal retiene l\u00edquidos ( ? )", "date": "2022-04-14 18:47:17"}, {"id_message": 56802943544, "message": "No sab\u00eda de eso", "date": "2022-04-14 18:48:29"}, {"id_message": 2540388965, "message": "Valeria coraz\u00f3n eso es muy peligroso", "date": "2022-04-14 18:58:56"}, {"id_message": 13953257961, "message": "Por mi parte bien", "date": "2022-04-14 19:20:34"}, {"id_message": 69147047315, "message": "Por muy raro que parezca hay chicas que han pasado de pesar 43 kilos a pesar casi 100 y son Ana Pero como todo son rachas , y circunstancias que pueden pasar", "date": "2022-04-14 20:49:09"}, {"id_message": 598601621, "message": "Si \u2026 \ud83d\ude1e", "date": "2022-04-15 16:33:07"}, {"id_message": 18710364816, "message": "Yo no quiero comer . Quiero ayunar hasta ma\u00f1ana y me cuesta much\u00edsimo", "date": "2022-04-21 19:54:58"}, {"id_message": 31847148995, "message": "La ansiedad con la comida es lo peor", "date": "2022-04-21 19:54:59"}, {"id_message": 23589152455, "message": "Me gustar\u00eda poder controlarlos pero \u00faltimamente me cuesta much\u00edsimo", "date": "2022-04-21 20:01:06"}, {"id_message": 16955486923, "message": "Intento beber agua cuando tengo hambre pero no hace mucho efecto", "date": "2022-04-21 20:01:51"}, {"id_message": 76705237781, "message": "A partir de los 3dias sin apenas comer el cuerpo entraba en modo cetosis para quemar grasa no ?", "date": "2022-04-21 20:03:19"}, {"id_message": 2204599107, "message": "Hola ! S\u00e9 que debo mantenerme activa pero \u00faltimamente me cuesta mucho y me siento m\u00e1s cansada de lo habitual . Adem\u00e1s de caminar me recomend\u00e1is alguna actividad f\u00edsica que no requiera de mucho esfuerzo ? Es mi segundo d\u00eda de ayuno y trato de mentalizarme con la ansiedad y la comida", "date": "2022-04-22 12:40:42"}, {"id_message": 75901018693, "message": "He echado a perder 2 d\u00edas de ayuno", "date": "2022-04-24 00:21:49"}, {"id_message": 56613987026, "message": "Intento vomitar pero no puedo", "date": "2022-04-24 00:22:43"}, {"id_message": 85836766369, "message": "Quiero vomitar sin hacer ruido", "date": "2022-04-24 00:23:49"}, {"id_message": 31169681996, "message": "Gracias voy a probar", "date": "2022-04-24 00:38:08"}, {"id_message": 28694914349, "message": "Chicas por fin llevo un d\u00eda sin comer nada", "date": "2022-05-04 19:50:50"}, {"id_message": 70207943822, "message": "El problema va a venir cuando tenga que contenerme las ganas", "date": "2022-05-04 19:51:13"}, {"id_message": 76962556599, "message": "Yo llevo 3 d\u00edas en ayuno ya . Me siento bien pero los bajones depresivos me ayudaron con la ansiedad", "date": "2022-05-05 23:53:21"}, {"id_message": 49537527241, "message": "Mi madre se queja por y para todo", "date": "2022-05-05 23:55:10"}, {"id_message": 17441084356, "message": "Y me machaca dici\u00e9ndome que no hago las cosas suficientemente bien", "date": "2022-05-05 23:55:27"}, {"id_message": 74560770748, "message": "Me mira mal , de arriba a abajo con odio", "date": "2022-05-05 23:55:37"}, {"id_message": 32210250921, "message": "Y manipula las situaciones", "date": "2022-05-05 23:55:49"}, {"id_message": 89355613188, "message": "\u00daltimamente mentalmente estoy agotada", "date": "2022-05-05 23:55:55"}, {"id_message": 97649304835, "message": "Si . Su opini\u00f3n es la que debe valer", "date": "2022-05-05 23:56:31"}, {"id_message": 18498769614, "message": "Y encima utiliza a mi hermana peque\u00f1a . Se ponen de acuerdo y me tiran por tierra las dos", "date": "2022-05-05 23:56:45"}, {"id_message": 26384645926, "message": "Y hoy burl\u00e1ndose porque dije que no me encontraba bien , quer\u00eda que me ayudaran", "date": "2022-05-05 23:57:17"}, {"id_message": 72679566635, "message": "Si , yo lo hago pero me busca para cualquier tonter\u00eda y minarme", "date": "2022-05-05 23:57:35"}, {"id_message": 35286846529, "message": "No s\u00e9 c\u00f3mo explicarlo . Yo ya soy adulta . Pero soy una chica muy introvertida y reservaba . Suelo estar en casa o estudiando", "date": "2022-05-06 00:01:07"}, {"id_message": 68919276757, "message": "Pues si alguien me invita a salir , me lo echa en cara", "date": "2022-05-06 00:01:17"}, {"id_message": 73408096596, "message": "O al regresar me echa la bronca de que no \u201c hice nada \u201d con tal de tenerla conmigo", "date": "2022-05-06 00:01:38"}, {"id_message": 94833507536, "message": "Me tiene controlada para todo y si no opino igual en situaciones se pone por las nubes", "date": "2022-05-06 00:02:07"}, {"id_message": 80897496507, "message": "Hoy me dijo va , que te pasa , y le coment\u00e9 que no me encontraba emocionalmente bien ( me siento muy vac\u00eda y con ganas de tomar carretera y viento ) y empez\u00f3 a burlarse", "date": "2022-05-06 00:03:05"}, {"id_message": 79120788923, "message": "Que sus situaciones son peores y ella si que est\u00e1 mal", "date": "2022-05-06 00:03:29"}, {"id_message": 40409075548, "message": "A lo mejor he sido invitada a casa de amistades que cuando veo sus familias se tratan bien , se motivan y se cuidan", "date": "2022-05-06 00:04:21"}, {"id_message": 64971063269, "message": "Y me dan envidia porque pueden contarse de todo . No son t\u00f3xicas y se cuidan", "date": "2022-05-06 00:04:47"}, {"id_message": 91783293288, "message": "Gracias por los consejos", "date": "2022-05-06 00:56:33"}, {"id_message": 3470663373, "message": "Muchas gracias por los consejos", "date": "2022-05-06 03:43:44"}, {"id_message": 5126585462, "message": "Lo dif\u00edcil es sobrellevarlo pero lo intentar", "date": "2022-05-06 03:43:56"}, {"id_message": 30060384528, "message": "Gracias \u2665 \ufe0f", "date": "2022-05-06 03:44:03"}, {"id_message": 988291553, "message": "Chicas alguien me hablo , no s\u00e9 si es fiable", "date": "2022-05-07 12:33:22"}, {"id_message": 27198897042, "message": "Quer\u00eda que lo supierais", "date": "2022-05-07 12:50:20"}, {"id_message": 4455151798, "message": "Si pues yo me estoy despachando a gusto", "date": "2022-05-15 15:15:12"}, {"id_message": 70916261625, "message": "Ahora ese se va a enterar porque le voy a acosar con audios", "date": "2022-05-15 15:19:20"}, {"id_message": 91089373477, "message": "Me ha tocado las narices", "date": "2022-05-15 15:20:13"}, {"id_message": 43595643366, "message": "Y yo ya no estoy para aguantar subnormal es", "date": "2022-05-15 15:20:27"}, {"id_message": 29111919602, "message": "En serio , no quer\u00edas tocar los cojones ? Pues los has tocado , ahora te vas a enterar", "date": "2022-05-15 15:20:54"}, {"id_message": 83434779463, "message": "Puteeen al cerdo este que se mete con todas", "date": "2022-05-15 15:22:55"}]