[{"id_message": 17184461731, "message": "Yo descargue telegram ayer", "date": "2018-11-23 12:45:23"}, {"id_message": 81484818090, "message": "Ya tienen el audio", "date": "2018-11-23 12:46:35"}, {"id_message": 3866922578, "message": "Me la tome ayer", "date": "2018-11-23 12:49:50"}, {"id_message": 8589351327, "message": "Te la pasar ahora", "date": "2018-11-23 12:50:46"}, {"id_message": 95336242252, "message": "Manda tu un audio", "date": "2018-11-23 12:51:26"}, {"id_message": 68008518239, "message": "M\u00e1ndalo como te creeremos", "date": "2018-11-23 12:52:16"}, {"id_message": 68040554244, "message": "Pero yo quiero un audio", "date": "2018-11-23 12:53:00"}, {"id_message": 57674090145, "message": "Te dije que ahora", "date": "2018-11-23 12:53:51"}, {"id_message": 80612042870, "message": "Me gusta tu voz", "date": "2018-11-23 12:56:32"}, {"id_message": 15262090330, "message": "Jajaja ok \ud83d\ude04", "date": "2018-11-23 12:57:28"}, {"id_message": 41992224934, "message": "Me duele que no me crean soy yo \ud83d\ude22 \ud83d\ude22 y nadie me cree", "date": "2018-11-23 12:57:58"}, {"id_message": 27703264981, "message": "Voy pss espera y me la tomo", "date": "2018-11-23 12:58:43"}, {"id_message": 71874443574, "message": "\ud83d\ude10 \ud83d\ude10", "date": "2018-11-23 13:04:16"}, {"id_message": 24243579641, "message": "Pero si no entiendo", "date": "2018-11-23 13:04:24"}, {"id_message": 25833507653, "message": "Que otra foto me tom\u00f3 pss", "date": "2018-11-23 13:10:55"}, {"id_message": 81839961736, "message": "Esa es con una amiga", "date": "2018-11-23 13:11:53"}, {"id_message": 93289137995, "message": "Si lo voy a hacer", "date": "2018-11-23 13:13:07"}, {"id_message": 98828347926, "message": "Ahh y karol sevilla es mi nombre profecional", "date": "2018-11-23 13:13:07"}, {"id_message": 20806312494, "message": "No estoy en Espa\u00f1a yo nac\u00ed en mexoco", "date": "2018-11-23 13:13:44"}, {"id_message": 64084357768, "message": "Perd\u00f3n iva a escribir de", "date": "2018-11-23 13:15:52"}, {"id_message": 63716174880, "message": "Nadie me crea yo estoy segura que soy yo y no me importa lo que piensen", "date": "2018-11-23 13:16:50"}, {"id_message": 32879013212, "message": "Parezco una tonta mandando les unas fotos sabiendo que soy yo", "date": "2018-11-23 13:18:11"}, {"id_message": 24505071357, "message": "Vagyedab tu me crees ? ?", "date": "2018-11-23 13:19:36"}, {"id_message": 2220271971, "message": "Bienvenido \ud83d\ude18 \ud83d\ude18", "date": "2018-11-23 13:20:12"}, {"id_message": 7563929933, "message": "Tu me sacaras pens\u00e9 que eras mi amiga \ud83d\ude2d \ud83d\ude2d", "date": "2018-11-23 13:20:59"}, {"id_message": 82072210784, "message": "Gracias eso s\u00ed es ser un verdadero amigo", "date": "2018-11-23 13:21:16"}, {"id_message": 20778814438, "message": "Yo estoy respetando o q groser\u00eda dije", "date": "2018-11-23 13:22:03"}, {"id_message": 48248455256, "message": "E dicho algo malo", "date": "2018-11-23 13:22:44"}, {"id_message": 6758542404, "message": "Hago musculo y Quisiera sacar trisepses", "date": "2018-11-23 13:25:28"}, {"id_message": 83684625094, "message": "Lo t\u00edpico levanto pesas", "date": "2018-11-23 13:26:01"}, {"id_message": 17356886906, "message": "Ahogo en mi casa muchos abdominales flexiones", "date": "2018-11-23 13:26:25"}, {"id_message": 86547606185, "message": "Emmm creo que 3 a\u00f1os", "date": "2018-11-23 13:27:34"}, {"id_message": 66414083093, "message": "Y cu\u00e9ntame que haces tu ? ?", "date": "2018-11-23 13:28:02"}, {"id_message": 60184864087, "message": "Martes jueves y s\u00e1bados", "date": "2018-11-23 13:28:23"}, {"id_message": 70058390233, "message": "No m\u00e1ximo 4 para hacer mucho ejercicio", "date": "2018-11-23 13:29:18"}, {"id_message": 61580531078, "message": "Si para que me rinda como los otros d\u00edas no puedo", "date": "2018-11-23 13:30:05"}, {"id_message": 5786876900, "message": "Emmmm 1 semana m\u00e1s bien tengo una semana sin ir a el gimnasio", "date": "2018-11-23 13:31:30"}, {"id_message": 55418536315, "message": "Noooo yo no tengo un lugar estable", "date": "2018-11-23 13:33:09"}, {"id_message": 30303944749, "message": "Fue un error mi tlf esta un poco pegado", "date": "2018-11-23 13:34:09"}, {"id_message": 42223151785, "message": "Me confund\u00ed mi tel\u00e9fono no escribe esdoy escribe soy", "date": "2018-11-23 13:35:03"}, {"id_message": 65865476743, "message": "Todos an sido duros con migo excepto tu \u2764 \ufe0f \u2764 \ufe0f \ud83d\ude18 \ud83d\ude18", "date": "2018-11-23 13:35:52"}, {"id_message": 93250248086, "message": "Lo que pasa es que no es . Tel\u00e9fono es el teclado que lo estoy desintalando", "date": "2018-11-23 13:38:38"}, {"id_message": 1751855027, "message": "\ud83e\uddd0 \ud83e\uddd0", "date": "2018-11-23 13:39:00"}, {"id_message": 57755702898, "message": "Voy a hacer ejercicio me mato haci\u00e9ndolo o o\u00edr que crees que tengo esa hermana figura", "date": "2018-11-23 13:41:20"}, {"id_message": 42406626873, "message": "Pero yo no soy haci yo quiero tambi\u00e9n ser normal eso es lo que nadie entiende", "date": "2018-11-23 13:42:19"}, {"id_message": 48612667032, "message": "No te e mentido nunca", "date": "2018-11-23 13:42:40"}, {"id_message": 42218159351, "message": "\ud83d\ude14 \ud83d\ude14 \ud83d\ude14 To quiero ser normal como todos", "date": "2018-11-23 13:43:33"}, {"id_message": 82779667176, "message": "Y como me voy a salir", "date": "2018-11-23 13:48:23"}, {"id_message": 87545098658, "message": "Tu y yo seguiremos siendo amigos pero por aqu\u00ed np", "date": "2018-11-23 13:49:00"}, {"id_message": 99793458585, "message": "Quieres que me quede despu\u00e9s de que has sido uno de tantos que me han fatidiado", "date": "2018-11-23 13:49:24"}]