[{"id_message": 75969416631, "message": "Me pueden dar consejos ? Llevo 3 d\u00edas sin comer , ay\u00fadenme a adelgazar", "date": "2022-03-26 14:29:37"}, {"id_message": 55906835315, "message": "Cualquier tip me vale :)", "date": "2022-03-26 14:29:47"}, {"id_message": 13628248978, "message": "Para no decir que no quieres comer frente a tu mama", "date": "2022-03-26 22:19:22"}, {"id_message": 55139922201, "message": "Podr\u00edas escupir la comida en una servilleta", "date": "2022-03-26 22:45:54"}, {"id_message": 50843588151, "message": "Me podr\u00edan dar consejos de c\u00f3mo tapar mi panza ?", "date": "2022-03-26 22:54:04"}, {"id_message": 59442001341, "message": "A mi me encanto una que se llama hasta los huesos es muy buena", "date": "2022-03-27 10:39:50"}, {"id_message": 81292289357, "message": "La pueden ver gratis en una app q se llama \" Zona Play \"", "date": "2022-03-27 10:40:10"}, {"id_message": 63055836982, "message": "Yo mido 1.68 peso 60 y quiero unos 45", "date": "2022-03-28 15:04:38"}, {"id_message": 34478252845, "message": "\ud83d\ude22", "date": "2022-03-28 15:04:46"}, {"id_message": 5360743469, "message": "Esta en el blog te pas\u00f3 enlace ?", "date": "2022-03-29 08:33:01"}, {"id_message": 98250907033, "message": "Hoy es Ramad\u00e1n en mi religi\u00f3n as\u00ed q tengo ventaja y no puedo comer jaja", "date": "2022-04-02 12:18:03"}, {"id_message": 38172183345, "message": "Es una carrera de quien pierde m\u00e1s kilos . A lo mejor hacen otra nose", "date": "2022-04-02 19:52:17"}, {"id_message": 30398186841, "message": "Podr\u00edas hacer mucho ejercicio pero es menos efectivo que purgarse : c", "date": "2022-04-16 10:18:45"}, {"id_message": 74485022305, "message": "Si buscan una rutina de ejercicio , esta es muy buena , yo perd\u00ed m\u00e1s de 8kg", "date": "2022-05-06 19:48:28"}, {"id_message": 83590446186, "message": "Cuando se escupe sangre", "date": "2022-05-08 22:47:14"}, {"id_message": 9675937631, "message": "All\u00ed sabes que te sali\u00f3 todo", "date": "2022-05-08 22:47:21"}, {"id_message": 46087735669, "message": "Realmente no lo s\u00e9 , hablo desinformada pero creo que no porq escupes sangre porque ya no hay nada m\u00e1s que vomitar", "date": "2022-05-09 20:17:55"}, {"id_message": 81836927343, "message": "Creo q ten\u00e9s q dejar tu n\u00famero y pedirle a Rulo que te a\u00f1ada", "date": "2022-05-09 22:20:40"}]