[{"id_message": 10521666222, "message": "Entre semana no tanto", "date": "2019-03-11 20:17:58"}, {"id_message": 94814985158, "message": "Aunque cuando mi madre hace comida que me gusta repito 2 veces", "date": "2019-03-11 20:18:15"}, {"id_message": 12788724618, "message": "Yo lo m\u00e1s importante que quiero", "date": "2019-03-11 20:19:07"}, {"id_message": 36248909586, "message": "Brazo y dem\u00e1s es secundario", "date": "2019-03-11 20:19:20"}, {"id_message": 33524279072, "message": "Pero correr se tarda mucho no en tener resultados", "date": "2019-03-11 20:19:56"}, {"id_message": 27581590422, "message": "Pero en la foto se te ve en forma", "date": "2019-03-11 20:22:09"}, {"id_message": 62801609150, "message": "Que eres mexicana o que", "date": "2019-03-11 20:22:25"}, {"id_message": 4776941012, "message": "Yo soy de Zaragoza", "date": "2019-03-11 20:22:53"}, {"id_message": 14789450726, "message": "Por cierto me llamo Marcos", "date": "2019-03-11 20:29:58"}, {"id_message": 16625411495, "message": "Naj no os preocup\u00e9is", "date": "2019-03-11 20:31:16"}, {"id_message": 97508155363, "message": "Ya os dir\u00e9 si pierdo", "date": "2019-03-11 20:31:25"}, {"id_message": 75724421493, "message": "Que me ayuda mucho la colegi Madrile\u00f1a", "date": "2019-03-11 20:31:40"}, {"id_message": 57966191593, "message": "Los negros son as\u00ed sin ir al gimnasio", "date": "2019-03-11 20:37:30"}, {"id_message": 49195676174, "message": "Est\u00e1n la mayor\u00eda cuadraos", "date": "2019-03-11 20:37:41"}, {"id_message": 50815890220, "message": "Y sab\u00e9is lo que pone en forma r\u00e1pido y tiene que ser constante", "date": "2019-03-11 20:37:58"}, {"id_message": 83511313989, "message": "La calistenia en barras", "date": "2019-03-11 20:38:11"}, {"id_message": 52553647939, "message": "Te petas con eso de los parques", "date": "2019-03-11 20:38:23"}, {"id_message": 49163052791, "message": "A m\u00ed tan petao no me gustar\u00eda", "date": "2019-03-11 20:39:56"}, {"id_message": 43432419548, "message": "Yo s\u00ed fuera a un gym ser\u00eda delgado pero definido y fuerte", "date": "2019-03-11 20:40:15"}, {"id_message": 32406877472, "message": "Yo siempre he sido ancho de espalda y algo fuerte pero me he ido engordando y me dec\u00edan Marcos si bajas escaleras y subes te pondr\u00e1s como un toro que tienes constituci\u00f3n fuerte y no tardar\u00edas en ganar fuerza u masa muscular", "date": "2019-03-11 20:43:08"}, {"id_message": 62298871346, "message": "Pero me he ido engordando", "date": "2019-03-11 20:43:14"}, {"id_message": 98894728749, "message": "Y con el trabajo que soy ayudante de panadero", "date": "2019-03-11 20:43:22"}, {"id_message": 61977273969, "message": "Levantando sacos y dem\u00e1s", "date": "2019-03-11 20:43:29"}, {"id_message": 11045594166, "message": "Gan\u00e9 algo m\u00e1s de brazo", "date": "2019-03-11 20:43:35"}, {"id_message": 83654560753, "message": "Y tengo m\u00e1s resistencia al hacer pesas en casa", "date": "2019-03-11 20:43:47"}, {"id_message": 13976307995, "message": "Ni napolitana ni nah", "date": "2019-03-11 20:45:26"}, {"id_message": 58061382787, "message": "Hay que tener fuerza jaja", "date": "2019-03-11 20:45:34"}, {"id_message": 6459416548, "message": "No estoy tan gordete", "date": "2019-03-11 20:49:49"}, {"id_message": 1524897517, "message": "Pero quiero bajar tripa", "date": "2019-03-11 20:49:59"}, {"id_message": 32639926387, "message": "Pues aver si lo conseguimos bro", "date": "2019-03-11 20:55:15"}, {"id_message": 98195166892, "message": "Tu un poco menos que yo", "date": "2019-03-11 20:55:40"}, {"id_message": 30838526767, "message": "Y eso porque es t\u00edo", "date": "2019-03-11 21:14:32"}, {"id_message": 77597813918, "message": "Que es eso marron", "date": "2019-03-11 22:08:37"}, {"id_message": 68103893344, "message": "Ya vi espero que no te molestar\u00e1", "date": "2019-03-11 22:10:44"}, {"id_message": 31987807685, "message": "Y estas to cuadrao t\u00edo", "date": "2019-03-11 22:11:01"}, {"id_message": 51846093177, "message": "Y quiero perder peso", "date": "2019-03-11 22:12:10"}, {"id_message": 69061021444, "message": "Eso intentar\u00e9 a partir de ahora t\u00edo", "date": "2019-03-11 22:13:14"}, {"id_message": 65441025021, "message": "Y ej\u00e9rcicios para hacer en casa", "date": "2019-03-11 22:13:49"}, {"id_message": 11173537157, "message": "En cada tengo pesas y una especie de tensador que supongo que ser\u00e1 para brazos", "date": "2019-03-11 22:16:46"}, {"id_message": 19378104387, "message": "Ya te dir\u00e9 si progreso si quieres", "date": "2019-03-11 22:17:26"}, {"id_message": 40136644805, "message": "Te paso foto aqu\u00ed espera", "date": "2019-03-11 22:18:03"}, {"id_message": 70001129497, "message": "Y a veces hago triceps en silla", "date": "2019-03-11 22:19:41"}, {"id_message": 7408336541, "message": "Bueno me voy a dormir", "date": "2019-03-11 22:22:51"}, {"id_message": 97915344396, "message": "C\u00f3mo va la tarde gente", "date": "2019-03-12 17:38:51"}, {"id_message": 18049968046, "message": "Que tal va el jueves", "date": "2019-03-14 13:21:59"}, {"id_message": 1274609101, "message": "Buenos d\u00edas desde valencia", "date": "2019-03-17 09:21:37"}, {"id_message": 53361557369, "message": "Que en 6 horas o as\u00ed vuelta a m\u00ed city", "date": "2019-03-17 09:22:03"}, {"id_message": 5369433594, "message": "T\u00fa de valencia o que", "date": "2019-03-17 20:10:06"}, {"id_message": 23659271919, "message": "Buenas tardes desde Zaragoza", "date": "2019-03-20 18:06:57"}, {"id_message": 70967014526, "message": "Que tal va la semana", "date": "2019-03-20 18:07:01"}]