[{"id_message": 75545411469, "message": "Buenos d\u00edas Hoy he dormido a lo bobo , 9:30 h ! ! !", "date": "2019-03-30 11:29:25"}, {"id_message": 1882268394, "message": "Si , normalmente duermo 6 horas", "date": "2019-03-30 20:49:50"}, {"id_message": 34033944898, "message": "\u00c1nimo que ya queda menos para el fin de semana ! ! !", "date": "2019-04-01 06:31:42"}, {"id_message": 55833401764, "message": "Con el cambio de hora , otra vez de noche ... Con lo que presta levantarse pronto y que sea de d\u00eda o este amaneciendo", "date": "2019-04-01 06:32:44"}, {"id_message": 22201226489, "message": "Gusta ! ! ! Si no me equivoco en Asturias se utiliza mucho el presta", "date": "2019-04-01 09:23:53"}, {"id_message": 78621953511, "message": "Si se puede preguntar ...", "date": "2019-04-01 09:24:58"}, {"id_message": 75409574210, "message": "Buenos d\u00edas Sesi\u00f3n de pierna y hombros finalizada", "date": "2019-04-03 09:34:53"}, {"id_message": 28138012665, "message": "Y yo todo contento ayer porque lo hice con 80kg \ud83d\ude2e Que suspense en la subida ...", "date": "2019-04-04 13:24:45"}, {"id_message": 76402176309, "message": "Yo llevo unos d\u00edas con agujetas en los brazos ... He cambiado de rutina y ahora entreno un solo grupo muscular cada d\u00eda", "date": "2019-04-13 12:28:24"}, {"id_message": 19897831582, "message": "Hoy ya no entrenes", "date": "2019-04-13 12:53:21"}, {"id_message": 96439760335, "message": "Yo me he metido una fuente de alubias , arroz , zanahoria y pechugas de pollo que he dudado para terminar", "date": "2019-04-13 15:26:01"}, {"id_message": 94894711152, "message": "Sin rodeos , directo al grano", "date": "2019-04-13 19:18:40"}, {"id_message": 95915509696, "message": "Yo esta semana entreno de lunes y mi\u00e9rcoles y tambi\u00e9n voy al pueblo as\u00ed que hasta el lunes siguiente no podr\u00e9 entrenar , 4 d\u00edas sin ir al gimnasio", "date": "2019-04-14 16:20:27"}, {"id_message": 67396173511, "message": "No pens\u00e9 que pudiera echar en falta tanto ir a entrenar", "date": "2019-04-14 16:21:09"}, {"id_message": 95262684135, "message": "Har\u00e9 en casa flexiones como dec\u00eds y sentadillas y abdominales", "date": "2019-04-14 16:21:32"}, {"id_message": 877841549, "message": "Yo descanso s\u00e1bado y domingo y no lo vais a creer o sonar\u00e1 de loco pero tengo ganas que llegue el lunes para ir a entrenar a las 7 de la ma\u00f1ana", "date": "2019-04-14 16:33:51"}, {"id_message": 8270871463, "message": "Y me encuentro m\u00e1s espeso y cansado que entre semana", "date": "2019-04-14 16:35:08"}, {"id_message": 51533380881, "message": "Pregunta para los m\u00e1s expertos del grupo Que os parece una rutina dividida en cada d\u00eda un grupo muscular haciendo la siguiente divisi\u00f3n : pierna-espalda-pecho-biceps-hombros-triceps", "date": "2019-04-15 15:33:50"}, {"id_message": 4648940481, "message": "No si yo entreno 5 d\u00edas de lunes a viernes y descanso el fin de semana . Si empiezo la rutina hoy , por ejemplo el viernes terminar\u00eda con hombros y el lunes continuar\u00eda con el tr\u00edceps y \u00faltimo grupo muscular para el martes empezar de nuevo con piernas", "date": "2019-04-15 15:43:30"}, {"id_message": 77678596699, "message": "El d\u00eda de pierna es el m\u00e1s ca\u00f1ero", "date": "2019-04-15 17:05:48"}, {"id_message": 69046077579, "message": "Luego cuando tenga wifi lo veo . Creo que ya ten\u00edamos todos ganas de ver este v\u00eddeo", "date": "2019-04-16 19:21:14"}, {"id_message": 18198061320, "message": "Conoc\u00e9is alguna app para iPhone para planificar tu rutina y llevar un diario de entrenamiento ? ?", "date": "2019-04-16 23:24:50"}, {"id_message": 25255722362, "message": "Si hasta ahora apunto en un cuaderno", "date": "2019-04-16 23:45:31"}, {"id_message": 75529991752, "message": "Era por tenerlo siempre m\u00e1s a mano", "date": "2019-04-16 23:45:50"}, {"id_message": 76748606903, "message": "Entrenamiento de pierna hecho ! ! ! Ahora a desayunar que me lo he ganado y estoy roto", "date": "2019-04-17 08:28:47"}, {"id_message": 79153601601, "message": "Yo en las \u00faltimas 3 semanas he ganado 500 gramos de masa muscular", "date": "2019-04-17 08:29:37"}, {"id_message": 64150021657, "message": "Pues este est\u00e1 de vicio", "date": "2019-04-17 23:04:06"}, {"id_message": 3510563952, "message": "Y pr\u00e1cticamente se puede decir que puro", "date": "2019-04-17 23:04:27"}, {"id_message": 40222533540, "message": "Hay que controlarse , dos onzas al d\u00eda", "date": "2019-04-17 23:05:12"}, {"id_message": 30007382950, "message": "Yo a media ma\u00f1ana", "date": "2019-04-17 23:06:58"}, {"id_message": 8187767950, "message": "Nada , es como leche , tiene un sabor l\u00e1cteo", "date": "2019-04-20 17:09:24"}, {"id_message": 77725896387, "message": "Se acab\u00f3 la semana santa", "date": "2019-04-21 19:35:53"}, {"id_message": 80215508704, "message": "4 d\u00edas sin poder ir al gimnasio", "date": "2019-04-21 19:36:28"}, {"id_message": 85305607841, "message": "Ma\u00f1ana vuelta a la rutina", "date": "2019-04-21 19:36:34"}, {"id_message": 55035989885, "message": "Una pel\u00edcula que es un cl\u00e1sico y cumple 40 a\u00f1os y creo que hasta la han repuesto en los cines : La vida de Brian", "date": "2019-04-21 23:24:22"}, {"id_message": 8412444423, "message": "Creo recordar que hab\u00eda una escena que iban hacer huelga", "date": "2019-04-21 23:24:48"}, {"id_message": 20382533826, "message": "Buenos d\u00edas Pues aprovechando que aqu\u00ed es fiesta , ya hemos entrenado . Ahora a disfrutar del d\u00eda", "date": "2019-04-23 11:06:18"}, {"id_message": 88788401305, "message": "No siento las piernas", "date": "2019-04-25 08:54:51"}, {"id_message": 68172582105, "message": "Creo que voy a vomitar \ud83e\udd22", "date": "2019-04-25 08:55:11"}, {"id_message": 27293173552, "message": "Que ya es viernes", "date": "2019-04-26 06:27:39"}, {"id_message": 64209095039, "message": "Mi entrenamiento de ayer y mismas sensaciones al final pero sin llegar a vomitar", "date": "2019-04-26 14:36:56"}, {"id_message": 86528421259, "message": "Hace much\u00edsimo que no tomo cuajada y me est\u00e1 entrando antojo ... Compr\u00e1is sobres de cuajo y la hac\u00e9is o compr\u00e1is alguna ya hecha ?", "date": "2019-04-26 23:05:22"}, {"id_message": 77711391937, "message": "@USER probar\u00e9 la cuajada de oveja que dices , gracias . @USER supongo que el cuajo es como las levaduras , qu\u00edmicas y m\u00e1s naturales . De momento probar\u00e9 las compradas porque soy un poco vago para hacerlo yo . Gracias", "date": "2019-04-27 08:49:51"}, {"id_message": 59169489698, "message": "De camino al gym a volver a darle duro a la pierna 50 horas despu\u00e9s del \u00faltimo d\u00eda", "date": "2019-04-27 08:56:56"}, {"id_message": 24271294902, "message": "A\u00fan me duran las agujetas", "date": "2019-04-27 08:58:11"}, {"id_message": 87823767263, "message": "Esres realmente el de la foto de perfil ? ? ?", "date": "2019-04-27 15:50:34"}, {"id_message": 24072022602, "message": "Seguro que es alguien famoso del mundo del culturismo pero no tengo ni zorra", "date": "2019-04-27 15:53:28"}, {"id_message": 48421455933, "message": "Me llegas a decir que s\u00ed , y me hundes la moral ... Vaya bestia ! ! !", "date": "2019-04-27 15:54:43"}, {"id_message": 80269441999, "message": "Tomate unos d\u00edas de descarga ver\u00e1s como desaparecen las molestias", "date": "2019-04-27 16:22:42"}, {"id_message": 29729746641, "message": "Pues yo entr\u00e9 piernasel jueves , ayer s\u00e1bado y ma\u00f1ana lunes de nuevo . He cambiado la distribuci\u00f3n de la rutina para distribuir mejor los descansos de los grupos de entrenamiento y me ha coincidido el solape as\u00ed ... El viernes tuve agujetas del entrenamiento del jueves pero hoy estoy como nuevo", "date": "2019-04-28 13:11:42"}]