[{"id_message": 65417120172, "message": "No puedo ni salir a correr con lo que me gusta ... osea que excusas cero \ud83d\ude02", "date": "2019-05-07 15:31:15"}, {"id_message": 66672711723, "message": "Se quedan bien ? En plan de sabor y eso ?", "date": "2019-05-11 11:30:34"}, {"id_message": 47284935802, "message": "Me pregunto lo mismo \u2639 \ufe0f", "date": "2019-05-12 13:56:34"}, {"id_message": 78119638893, "message": "Que suerte t\u00edo \ud83d\ude02", "date": "2019-05-12 13:57:24"}, {"id_message": 90396641997, "message": "Ahora este mes con los ex\u00e1menes no hay fiestas de nada \ud83d\ude02 \ud83d\ude02 \ud83d\ude02", "date": "2019-05-12 13:58:40"}, {"id_message": 37066057548, "message": "\ud83d\udcaa \ud83d\udcaa \u2764 \ufe0f", "date": "2019-05-12 14:01:46"}, {"id_message": 36967206361, "message": "sipi \ud83d\ude07", "date": "2019-05-16 14:32:47"}, {"id_message": 12211365690, "message": "Que mona \ud83d\ude0a", "date": "2019-05-17 15:46:55"}, {"id_message": 26002203173, "message": "Ya no me duele , al final no fui al m\u00e9dico pero ahora puedo salir a correr tan normal \ud83d\ude07 \ud83d\udcaa", "date": "2019-05-17 15:47:27"}, {"id_message": 98160643104, "message": "Ojal\u00e1 jajajaj \u2764 \ufe0f", "date": "2019-05-17 15:48:10"}, {"id_message": 44764906838, "message": "Por obligaci\u00f3n \ud83d\ude02", "date": "2019-05-17 15:48:55"}, {"id_message": 49055516066, "message": "Confesiones \ud83d\ude02", "date": "2019-05-17 15:49:06"}, {"id_message": 1060404922, "message": "Eso es bueno jajajaj", "date": "2019-05-17 15:49:33"}, {"id_message": 71771546796, "message": "Yo apenas hablo por este grupo \ud83d\ude02", "date": "2019-05-17 15:49:42"}, {"id_message": 99562017571, "message": "Es algo normal jajaja", "date": "2019-05-17 15:50:27"}, {"id_message": 92090591042, "message": "A ver por qu\u00e9 una persona sea de tu mismo sexo no significa que no puedas opinar y decir joder qu\u00e9 buena que est\u00e1 esta chica", "date": "2019-05-17 15:51:14"}, {"id_message": 81571673790, "message": "Al igual que los chicos tambi\u00e9n pueden opinar sobre otros chicos \ud83d\ude02", "date": "2019-05-17 15:51:41"}, {"id_message": 21007085742, "message": "Ya se est\u00e1n dando por aludidos \ud83d\ude02 \ud83d\ude44", "date": "2019-05-17 15:52:44"}, {"id_message": 46546153676, "message": "A ver ya eso es l\u00f3gico , eso ya es pasarse un poco , pero bueno \ud83d\ude02", "date": "2019-05-17 15:53:16"}, {"id_message": 96426485230, "message": "Mucho mucho \ud83d\ude02", "date": "2019-05-17 15:53:34"}, {"id_message": 42790130733, "message": "Yo me quiero mucho mucho \ud83d\ude07", "date": "2019-05-17 15:54:55"}, {"id_message": 29780422252, "message": "Quererte a ti mismo es lo m\u00ednimo que debes de hacer", "date": "2019-05-17 15:56:16"}, {"id_message": 96770238241, "message": "Cierto , y eso que apenas conozco a la mayor\u00eda de aqu\u00ed jajajaj", "date": "2019-05-17 16:05:59"}, {"id_message": 88185596172, "message": "Eeeh siii \ud83d\ude0d", "date": "2019-05-17 16:16:33"}, {"id_message": 25282702767, "message": "Pero es muy caro ! Que el otro d\u00eda lo vi y dios ... \ud83d\ude02", "date": "2019-05-17 23:47:17"}, {"id_message": 62880395137, "message": "Si lo miras as\u00ed es verdad", "date": "2019-05-17 23:48:15"}, {"id_message": 5911406589, "message": "Que pintaza \ud83d\ude0d", "date": "2019-05-20 22:11:04"}, {"id_message": 28050002912, "message": "Muy ya genial , no me duele nada jajajaja", "date": "2019-05-21 13:34:17"}, {"id_message": 99917486982, "message": "Ahora apenas puedo hacer ejercicio por los ex\u00e1menes y tal , pero cuando salgo a correr y eso no me duele", "date": "2019-05-21 13:34:43"}, {"id_message": 4060745896, "message": "Muchas gracias ! A ver qu\u00e9 tal cuando me apunte al gimnasio \ud83d\udcaa", "date": "2019-05-21 13:38:14"}, {"id_message": 71548213256, "message": "Pero echar a la gente sin saber si entrena o no ...", "date": "2019-05-21 23:30:28"}, {"id_message": 109904421, "message": "Pero y si quer\u00edamos estar por qu\u00e9 entrenamos ? Es que vamos", "date": "2019-05-21 23:31:25"}, {"id_message": 31908672443, "message": "Buah me alegro mucho de que ahora est\u00e9s mejor ! Ahora a tope ! Has conseguido salir de algo muy dif\u00edcil \ud83d\udcaa \ud83d\udcaa", "date": "2019-05-23 20:53:17"}, {"id_message": 70998910692, "message": "Exacto ! Ahora a seguir hacia delante ! \ud83d\udcaa", "date": "2019-05-23 21:24:19"}, {"id_message": 25323501240, "message": "Vaya hombre , chaval \ud83d\ude02", "date": "2019-05-26 23:23:22"}, {"id_message": 40448461095, "message": "Y yo quiero un hombre as\u00ed \ud83d\ude02 \ud83d\ude02 \ud83d\ude02", "date": "2019-05-26 23:26:53"}, {"id_message": 54356198959, "message": "No te jode \ud83d\ude02", "date": "2019-05-26 23:26:58"}, {"id_message": 71791860827, "message": "Obvio \ud83d\ude02 \ud83d\ude07", "date": "2019-05-26 23:27:19"}, {"id_message": 27226257973, "message": "Yo te invito jajajaja", "date": "2019-05-27 14:10:32"}, {"id_message": 77920974558, "message": "Todita \ud83d\ude07 \ud83d\ude0b", "date": "2019-05-27 14:15:11"}, {"id_message": 40519683917, "message": "En verdad soy una desastre en la cocina , lo \u00fanico que me sale decentemente son las tortillas de patata \ud83d\ude02", "date": "2019-05-27 14:15:42"}, {"id_message": 28786903393, "message": "Riqu\u00edsima \ud83d\ude0d \u2764 \ufe0f", "date": "2019-05-27 15:03:29"}, {"id_message": 61537703159, "message": "No , al micro \ud83d\ude07", "date": "2019-05-27 15:03:44"}, {"id_message": 48516112746, "message": "Si es super f\u00e1cil , solo tienes que poner las patatas cortadas finitas al micro hasta que est\u00e9n blanditas , luego las machacas un poco y las mezclas con los huevos ya batidos y todo mezclado lo pones en una sart\u00e9n con un poco de aove y ya \ud83d\ude02", "date": "2019-05-27 15:06:16"}, {"id_message": 80730385866, "message": "Yo la verdura tampoco la peso nunca", "date": "2019-05-27 15:11:05"}, {"id_message": 71368238997, "message": "No pasa nada por comer algo m\u00e1s de verdura !", "date": "2019-05-27 15:14:45"}, {"id_message": 65856919226, "message": "Uufff , as\u00ed estoy yo ahora mismo tambi\u00e9n JAJAJAJ , mucho \u00e1nimo ! \ud83d\udcaa", "date": "2019-05-30 22:53:39"}, {"id_message": 31783281029, "message": "Tiene pinta de tener muchos dibujos , si \ud83d\ude02 \ud83d\ude02 \ud83d\ude02", "date": "2019-05-30 22:58:25"}, {"id_message": 49518390236, "message": "A tope ! ! Mucho \u00e1nimo \ud83d\udcaa \ud83d\udcaa", "date": "2019-05-30 23:03:53"}, {"id_message": 61727427104, "message": "La chavala es un pivonazo eh", "date": "2019-06-05 10:19:41"}]