[{"id_message": 86846779673, "message": "Quer\u00eda que me dierais alg\u00fan consejo .. He estado 3 semanas de par\u00f3n , 2 por falta de tiempo y 1 por el star malo . He bajado 3 kg sin hacer nada , as\u00ed que me he vuelto a ver las calor\u00edas y debo consumir 2500 , de las cuales les he bajado 500 y se quedan en 2000kcal .", "date": "2018-12-03 11:36:37"}, {"id_message": 23322226315, "message": "El entrenamiento es el siguiente Sentadillas 15 repesx 2 Remo en barra 15rep x2 ( P.muerto \u00faltimo d\u00eda ) Press militar 15 rep x2 Press banca 15 repes x2 Curl barra 15 repes x2 Fondos peso corporal 2 x 3 Tengo planeado hacer 2 semanas esto 3 veces por semana y a\u00f1adirle cardio poco a poco .", "date": "2018-12-03 11:38:10"}, {"id_message": 56804494901, "message": "No se si meterse lo directamente esta semana ya", "date": "2018-12-03 11:38:18"}, {"id_message": 17831760701, "message": "Haciendo 3 d\u00edas musculacion y 3 cardio . Obvio que intento perder grasa jajaja", "date": "2018-12-03 11:38:44"}, {"id_message": 86026307916, "message": "La dieta es Vegana . 200g de lentejas , 126g de macarrones , 100g de avena m\u00e1s toda la verdura que vaya comiendo ( br\u00f3coli , tomate , etc ) no la contar\u00e9", "date": "2018-12-03 11:41:49"}, {"id_message": 42224185765, "message": "Ah bueno , y las grasas mantequilla de cacahuete y aceite de oliva", "date": "2018-12-03 11:42:22"}, {"id_message": 72454729441, "message": "Perdonad por el tocho xd", "date": "2018-12-03 11:42:39"}, {"id_message": 51350328614, "message": "Porque estoy gordo XDDDD y quiero hacer una etapa de volumen en condiciones", "date": "2018-12-03 12:24:45"}, {"id_message": 3113785712, "message": "Muy bien dicho Mart\u00edn ! ! Vamoooooossss \ud83d\udcaa\ud83c\udffb \ud83d\udcaa\ud83c\udffb", "date": "2018-12-03 12:25:33"}, {"id_message": 26331531268, "message": "Entonces el entrenamiento lo enfoco mejor a fuerza y cardio en la misma sesi\u00f3n no ?", "date": "2018-12-03 13:02:26"}, {"id_message": 83897447159, "message": "Vaguedab la rutina de b\u00e1sicos con auxiliares aque te refieres , a que haga por ejemplo pierna espalda y pecho y le meta un poco de b\u00edceps , tr\u00edceps y femorales ?", "date": "2018-12-03 13:08:45"}, {"id_message": 92256451409, "message": "Aaaah ya se que tipo de rutina dices", "date": "2018-12-03 13:24:31"}, {"id_message": 5765448137, "message": "Te voy a hacer casl", "date": "2018-12-03 13:24:43"}, {"id_message": 90243076143, "message": "As\u00ed de gordo estoy", "date": "2018-12-03 15:45:33"}, {"id_message": 80519394657, "message": "Ya s\u00e9 que no es tanto , pero esque no me gusta nada de nada , y nunca he estado con tanta grasa xD", "date": "2018-12-03 15:46:21"}, {"id_message": 71045758131, "message": "No estamos vagos , estamos descansando JAJAJAJA", "date": "2018-12-03 16:47:33"}, {"id_message": 94262300801, "message": "La verdad que lo de la creatina me est\u00e1 rondando por la cabeza , me la voy a acabar pillando xD aprovechar\u00e9 a comprarla ya que tengo que pillar B12 . Gracias por el consejo de subir de volumen @USER , pero ahora mismo prefiero definir todo lo que pueda y hacer un volumen lento y bien hecho , que se me ha metido en la cabeza y no me lo saco jajaja tambi\u00e9n es verdad que la autoestima la he tenido siempre un poco baja en cuanto a mi cuerpo , pero as\u00ed llevo desde los 13/14 y ahora tengo 23", "date": "2018-12-03 16:52:49"}, {"id_message": 69759731533, "message": "Lu que no luuu que te equivocas , que estas descansando JAJAJAJAJAJA", "date": "2018-12-03 16:53:23"}, {"id_message": 84851335477, "message": "Mart\u00edn estas obsesionado con el asado", "date": "2018-12-03 20:54:15"}, {"id_message": 97342654794, "message": "Siempre que te leo se escapa un asado jajajajaa", "date": "2018-12-03 20:54:35"}, {"id_message": 3361388085, "message": "No me seas carajote", "date": "2018-12-04 00:15:04"}, {"id_message": 55507190963, "message": "Que as\u00ed te quedas lleno", "date": "2018-12-04 00:15:11"}, {"id_message": 76665621188, "message": "No Le pegues otro bicao", "date": "2018-12-04 00:15:24"}, {"id_message": 84043163539, "message": "Po entonces da m\u00e1s igual lo ?", "date": "2018-12-04 00:15:38"}, {"id_message": 95352078738, "message": "Ere un m\u00e1quina t\u00edo", "date": "2018-12-04 00:17:09"}, {"id_message": 37110531082, "message": "En serio donde lo echas ?", "date": "2018-12-04 00:30:07"}, {"id_message": 31676747628, "message": "Me voy de la vida ya", "date": "2018-12-04 00:35:14"}, {"id_message": 60407837758, "message": "Tampoco seas as\u00ed hombre", "date": "2018-12-04 00:35:50"}, {"id_message": 9933920172, "message": "T\u00edo pero eso tampoco es", "date": "2018-12-04 00:36:42"}, {"id_message": 2457791881, "message": "Me recuerdas in poco a nereuni", "date": "2018-12-04 00:37:11"}, {"id_message": 68787957320, "message": "Creo que no es youtuber", "date": "2018-12-04 00:38:44"}, {"id_message": 62338774590, "message": "Jajajaja no sab\u00eda na", "date": "2018-12-04 00:39:01"}, {"id_message": 71909675118, "message": "Estwrwoides no s\u00e9 , pero operada seguro", "date": "2018-12-04 00:39:31"}, {"id_message": 5873135458, "message": "Oye t\u00edo , me piro a sobar", "date": "2018-12-04 00:39:41"}, {"id_message": 11861262230, "message": "Encantado de hablar contigo", "date": "2018-12-04 00:39:53"}, {"id_message": 95672772332, "message": "Apl\u00edcate lo tu tambi\u00e9n que te veo nocturno !", "date": "2018-12-04 00:40:11"}, {"id_message": 5350722177, "message": "@USER Yo sigo este que Dan de vez en cuando cuentas de Netflix , Spotify y dem\u00e1s .. Alguna vez he cogido la cuenta jajaja no se si te servir\u00e1 @USER", "date": "2018-12-04 09:59:33"}, {"id_message": 21462678929, "message": "Yo tengo entendido que lo saludable est\u00e1 entre el 10-12 %", "date": "2018-12-04 11:07:25"}, {"id_message": 90224497686, "message": "Y el 8 a lo sumo , que ser\u00eda lo natural en competici\u00f3n", "date": "2018-12-04 11:07:51"}, {"id_message": 52020733186, "message": "No se si me explicado bien , porque por regla general me suelo explicar como el culo xD", "date": "2018-12-04 11:08:31"}, {"id_message": 246361553, "message": "@USER como era el suplemento que me recomendabas", "date": "2018-12-07 12:03:35"}, {"id_message": 12977128352, "message": "Esa no es no ?", "date": "2018-12-07 12:11:42"}, {"id_message": 95668802374, "message": "La primera foto es la de la derecha no ?", "date": "2018-12-07 12:16:15"}, {"id_message": 50612300172, "message": "Venga voy a pillar esa", "date": "2018-12-07 12:16:51"}, {"id_message": 51255199481, "message": "A ver como lo . Noto , ya te contar\u00e9 ! !", "date": "2018-12-07 12:17:42"}, {"id_message": 61122792911, "message": "Que hay mucho loco por ah\u00ed", "date": "2018-12-07 12:18:21"}, {"id_message": 99216031694, "message": "Gente .. 531 mensaje ... Desde ayer ! ! ! Jajajajahha", "date": "2018-12-08 14:06:09"}, {"id_message": 76916604299, "message": "Oye la creatina que la tomo una vez al d\u00eda no ? O es mejor solo los d\u00edas que entrene ?", "date": "2018-12-08 14:07:47"}, {"id_message": 22520247351, "message": "Hola kaske perdona por contestar , llevo todo el fin de semana liado sin parar .. Creo que os ir\u00e9 diciendo ... Mi padre tambi\u00e9n la quiere tomar a ver ! \ud83e\udd23 \ud83e\udd23", "date": "2018-12-08 20:50:32"}, {"id_message": 30371317737, "message": "Hostias , se lo podr\u00edan haber currado un poquito m\u00e1s no ? Jajajaa", "date": "2018-12-08 20:50:58"}]