[{"id_message": 6355176401, "message": "Hola chicas tengo una duda y quer\u00eda saber si pod\u00edan ayudarme ! !", "date": "2021-11-14 01:09:11"}, {"id_message": 2694845120, "message": "Yoo Quero bajar 5 kilos ^ ^", "date": "2022-01-10 01:43:29"}, {"id_message": 73430825121, "message": "Holaa chicas una pregunta , alguna de ustedes sabe alg\u00fan t\u00edp para v\u00f3mitar todo ? Es que yo v\u00f3mito , pero estos d\u00edas me ha costado mucho trabajo", "date": "2022-02-17 04:05:09"}, {"id_message": 83294181605, "message": "Y justo hoy me obligaron a ir a una fiesta y tuve que comer me dieron 4 tacos un plato de sopa y pastel al final \ud83d\ude2d \ud83d\ude2d pero despu\u00e9s mi familia pas\u00f3 por pizza y me dieron una rebanada \ud83d\ude2d \ud83d\ude2d \ud83d\ude2d \ud83d\ude4f\ud83c\udffb porfis ayuda ! ! Ya intente v\u00f3mitar y solo vomite la pizza pero los tacos todav\u00eda no salen y me tarde casi 40 minutos intentando prob\u00f3car el v\u00f3mito pero solo sal\u00ed poquito muy poquita comida", "date": "2022-02-17 04:05:22"}, {"id_message": 75398113591, "message": "En serio chicas alguna sabe que puedo hacer ?", "date": "2022-02-17 04:05:34"}, {"id_message": 29029168701, "message": ":( supongo que los tacos ya no saldr\u00e1n entonces , pero las otras veces v\u00f3mito en los primeros 20 minutos pero a\u00fan as\u00ed no quiere salir mi comida , llevo con bulimia como 6 a\u00f1os y nunca me hab\u00eda pasado esto", "date": "2022-02-17 04:18:59"}, {"id_message": 64272754188, "message": "Cada quien se mata como quiere , saquenla del grupo", "date": "2022-03-06 18:18:51"}, {"id_message": 61422808947, "message": "Chicas vengo a pedirles un consejo ! ! Me van a hacer unos an\u00e1lisis de sangre \ud83d\ude28 porque se dieron cuenta que estoy bajando mucho de peso y quiero que salgan bien para poder seguir bajando", "date": "2022-05-09 00:19:43"}, {"id_message": 19332588803, "message": "Para que mis estudios salgan bien ! !", "date": "2022-05-09 00:20:04"}, {"id_message": 60708932766, "message": "Ayudaaa \ud83d\ude4f\ud83c\udffb", "date": "2022-05-09 00:20:11"}, {"id_message": 96577446173, "message": "Gracias , mis estudios se atrasaron as\u00ed que puedo seguir tu consejo ^ ^", "date": "2022-05-13 06:10:14"}]