[{"id_message": 78572881000, "message": "Hola , alguien me ayuda a aprender a vomitar ? No lo consigo \u2026", "date": "2022-04-20 15:09:41"}, {"id_message": 10790918239, "message": "Ya pero mis padres me obligan a cenar cada d\u00eda y no tengo otra escapatoria \u2026", "date": "2022-04-20 15:36:09"}, {"id_message": 23509685927, "message": "Es una mierda , no dejan de controlarme y no puedo hacer nada \ud83d\ude2d \ud83d\ude2d", "date": "2022-04-20 15:39:43"}, {"id_message": 99337065729, "message": "Paola much\u00edsimas gracias , no eres entrometida , agradezco tu consejo . Mi situaci\u00f3n con mis padres es complicada \u2026 ellos no me dejar\u00edan comer ensaladas y pimpollo a la plancha \u2026 quieren que suba de peso \ud83e\udd7a de todas formas gracias \u2764 \ufe0f \u2764 \ufe0f", "date": "2022-04-20 21:59:24"}, {"id_message": 26932811649, "message": "Alguien sabe como me puedo meter en mas grupos ?", "date": "2022-04-20 22:07:33"}, {"id_message": 44014571128, "message": "O distraerte , sal de casa , camina haz lo q sea q te distraiga", "date": "2022-04-22 17:54:00"}, {"id_message": 15488347253, "message": "Si est\u00e1s aburrida comer\u00e1s lo m\u00e1s seguro", "date": "2022-04-22 17:54:11"}, {"id_message": 23260333631, "message": "Q paso con este grupo ?", "date": "2022-04-24 13:30:18"}, {"id_message": 79651759517, "message": "Pero si no he puesto nada raro ?", "date": "2022-04-24 13:30:34"}, {"id_message": 16919932547, "message": "A alguien m\u00e1s le ha abierto este t\u00edo ?", "date": "2022-05-07 16:07:04"}, {"id_message": 50313614300, "message": "Q va , yo lo prob\u00e9 y no me funciono \u2026 y me tragu\u00e9 much\u00edsima sal para nada \u2026 luego me sent\u00ed fatal y tuve q ayunar mucho para compensar toda la sal", "date": "2022-05-08 14:26:59"}, {"id_message": 81159582578, "message": "Porque vomitas agua o bilis", "date": "2022-05-10 12:54:33"}, {"id_message": 28132585662, "message": "Hola gente ! ! Me voy del grupo ! ! He decidido que quiero ser feliz y estar m\u00e1s delgada no me va a hacer m\u00e1s feliz . Quiero una vida libre de castigarme y restringirme y sentirme tan culpable y tensa cada d\u00eda de mi vida \u2026 llevo as\u00ed dos a\u00f1os y he decidido que hasta aqu\u00ed se acabo . No voy a dejar que la anorexia me robe mi felicidad porque aunque baje de peso nunca es suficiente siempre acabas vi\u00e9ndote mal y quieres bajar m\u00e1s y m\u00e1s hasta que toda tu vida gira entorno a la comida y el peso \u2026 Os deseo lo mejor ! Mucho animo y espero que este mensaje os haga reflexionar para elegir VIVIR y no \u201c sobrevivir \u201d con el tca \u2764 \ufe0f \u2764 \ufe0f \u2764 \ufe0f", "date": "2022-05-14 20:07:31"}]