[{"id_message": 35802349315, "message": "Bien gracias.Si practico y me encanta el deporte", "date": "2018-09-17 16:41:37"}, {"id_message": 66046752830, "message": "Claro \ud83d\udcaa \ud83d\udcaa", "date": "2018-09-17 16:45:43"}, {"id_message": 84616258049, "message": "Hola Juli\u00e1n si soy to\u00f1i \ud83d\ude0a", "date": "2018-09-17 18:14:10"}, {"id_message": 84838508654, "message": "\ud83d\ude0a Gracias por acortarte estuve un tiempo desconectada ahora vuelvo a estar operativa", "date": "2018-09-17 20:33:55"}, {"id_message": 71989462047, "message": "Gracias , no y no creo que retome los estudios me es complicado con el trabajo quedara en vocaci\u00f3n \ud83d\ude25", "date": "2018-09-17 20:36:59"}, {"id_message": 17412130078, "message": "La verdad me da mucha pena pero no tengo tiempo as\u00ed que nada aunque sida leyendo etc ... No quedara en nada m\u00e1s", "date": "2018-09-17 20:41:26"}, {"id_message": 23387832736, "message": "Si ya cuando tenga una hija le dar\u00e9 esa vocaci\u00f3n m\u00eda \ud83d\ude1c me encanta sinceramente", "date": "2018-09-17 20:44:22"}, {"id_message": 28272469031, "message": "Buenos d\u00edas family comenzamos el d\u00eda . Tal vez ser\u00eda bueno que me presentar\u00e1 un poco", "date": "2018-09-18 06:31:41"}, {"id_message": 90678191339, "message": "Me llamo to\u00f1i actualmente resido en Almer\u00eda tengo 28 y me encanta el deporte y todo lo relacionado con el . Practico danza y entreno en casa ya que no tengo mucho tiempo para el gym \ud83d\ude0a disculpar por no presentarme antes", "date": "2018-09-18 08:13:56"}, {"id_message": 23800255586, "message": "Vale encantada lu \ud83d\ude0a", "date": "2018-09-18 08:41:49"}, {"id_message": 96801174518, "message": "Hola buenas tardes a tod @s una pregunta dietas para definici\u00f3n ? ? Sab\u00e9is ? ? \ud83e\udd14", "date": "2018-09-18 15:32:11"}, {"id_message": 46126304810, "message": "O se si me equivoco corregirme porfa", "date": "2018-09-18 15:32:31"}, {"id_message": 73737118104, "message": "Gracias \ud83d\udcaa", "date": "2018-09-18 20:45:51"}, {"id_message": 74358952503, "message": "Perfecto lo voy a probar gracias", "date": "2018-09-18 20:48:49"}, {"id_message": 39669167349, "message": "Eso est\u00e1 muy bien \ud83d\udc4f", "date": "2018-09-20 14:52:51"}, {"id_message": 3196654125, "message": "Que chulo mucho \u00e1nimo", "date": "2018-09-20 14:54:17"}, {"id_message": 52461390140, "message": "\ud83d\udcaa \ud83d\udcaa Vamossssss", "date": "2018-09-20 14:57:18"}, {"id_message": 76217490756, "message": "\ud83d\ude02 \ud83d\ude02 Para que me partan soy m\u00e1s de verlo", "date": "2018-09-20 14:58:14"}, {"id_message": 82692272963, "message": "Si pero con precauci\u00f3n siempre \ud83d\ude02 \ud83d\ude02 na estar\u00eda guay pero me dar\u00eda miedo la verdad", "date": "2018-09-20 14:59:08"}, {"id_message": 40124850723, "message": "De peque\u00f1a era portera y siempre acababa fatal \ud83d\ude02 \ud83d\ude02 \ud83d\ude02", "date": "2018-09-20 15:03:44"}, {"id_message": 69657754311, "message": "No todo el mundo nace sabiendo pero aprend\u00ed mucho \ud83d\ude0a", "date": "2018-09-20 15:14:08"}, {"id_message": 42949816509, "message": "Buenos d\u00edas buena motivaci\u00f3n para seguir \ud83d\udcaa", "date": "2018-09-21 07:43:50"}, {"id_message": 44294737601, "message": "Buenos d\u00edas \ud83d\ude0a Encantada guardiana , yo ya termine de entrenar ahora desayuno que me dio hambre jjj", "date": "2018-09-22 09:41:20"}, {"id_message": 12704857176, "message": "Que te mejores lu abrazo grande", "date": "2018-09-22 12:33:13"}, {"id_message": 94583716892, "message": "Que guay me encanta la piscina nadar es muy bueno . Yo sal\u00ed a correr por la playa , cardio m\u00e1s Abdominales piernas har\u00e9 ma\u00f1ana por zona de monta\u00f1a , a tope", "date": "2018-09-22 17:16:26"}, {"id_message": 91229983396, "message": "Pasar un feliz domingo \ud83d\ude0a", "date": "2018-09-23 18:01:27"}, {"id_message": 85587966784, "message": "Buenos d\u00edas family empezamos semana feliz d\u00eda \ud83d\ude18", "date": "2018-09-24 07:19:00"}, {"id_message": 93380586636, "message": "Cierto d\u00eda de la merced creo", "date": "2018-09-24 08:34:45"}, {"id_message": 17716047330, "message": "Felicitare a mi t\u00eda \ud83d\ude0a", "date": "2018-09-24 08:36:08"}, {"id_message": 55061522935, "message": "\ud83d\udcaa Vamos ! ! ! Pasar buena tarde yo entrene esta ma\u00f1ana ahora en el trabajo", "date": "2018-09-24 19:47:10"}, {"id_message": 51934240265, "message": "Igualmente pasar una feliz noche", "date": "2018-09-26 22:47:40"}, {"id_message": 13704141827, "message": "Hola grupito como va este d\u00eda ? Ya estamos a viernes un \u00faltimo empuj\u00f3n", "date": "2018-09-28 18:31:44"}, {"id_message": 51360316142, "message": "Buenos d\u00edas , feliz fin de semana family", "date": "2018-09-29 07:38:50"}, {"id_message": 22038272158, "message": "\ud83e\udd17 \ud83e\udd17", "date": "2018-09-29 17:19:35"}, {"id_message": 58394336375, "message": "Buenos d\u00edas bienvenido \ud83e\udd17 , feliz d\u00eda", "date": "2018-10-01 06:13:30"}, {"id_message": 89615130881, "message": "Hola buenas noches grupo \ud83d\ude0a que chulo @USER", "date": "2018-10-02 22:14:59"}, {"id_message": 76139429054, "message": "Esta muy bien \ud83d\udc4c yo algo tengo pensado en mi casa pero poco a poco", "date": "2018-10-02 22:18:28"}, {"id_message": 14819595791, "message": "Hola grupo , pasar un buen d\u00eda queda poco ya para el finde un abrazo", "date": "2018-10-04 14:43:13"}, {"id_message": 60148800935, "message": "Buenos d\u00edas feliz finde . Bienvenido V", "date": "2018-10-06 09:54:10"}, {"id_message": 9960320767, "message": "Buenos d\u00edas familia disculpar mi ausencia estoy bastante liada con el trabajo . Pero os leo en cuanto puedo . A seguir as\u00ed guerreros / as", "date": "2018-10-09 07:06:28"}, {"id_message": 86612875902, "message": "Me da verguenza \ud83d\ude00 \ud83d\ude0b", "date": "2018-10-09 07:40:43"}, {"id_message": 32431841078, "message": "Que chulos lu \ud83d\ude0a", "date": "2018-10-09 19:35:29"}, {"id_message": 14674369701, "message": "Buenos d\u00edas grupo . Me alegro que est\u00e9s mejor MJ . Pasar un buen domingo hoy yo descanso que me hace falta", "date": "2018-10-14 08:26:52"}, {"id_message": 24937316431, "message": "Hola a tod @s disculpar mi ausencia . Bienvenido", "date": "2018-10-17 13:10:34"}, {"id_message": 48589239433, "message": "Bienvenid @s a los nuevos \ud83d\udc4b", "date": "2018-10-18 20:33:51"}, {"id_message": 94773568157, "message": "Claro que si \u263a", "date": "2018-10-18 20:35:18"}]