[{"id_message": 29107665015, "message": "A la que pueda ayudar", "date": "2022-01-31 14:24:07"}, {"id_message": 86038153163, "message": "Vamos jn m\u00e9dico que os ayude a lo que quer\u00e1is", "date": "2022-01-31 14:28:17"}, {"id_message": 47405214802, "message": "Gente que quiera bajar", "date": "2022-01-31 14:39:24"}, {"id_message": 91284808669, "message": "No es as\u00ed pero bueno como veais", "date": "2022-02-05 17:44:09"}, {"id_message": 82851258646, "message": "Soy medico y mujer y Ana", "date": "2022-02-05 18:04:39"}, {"id_message": 88214568038, "message": "Pero ya estoy acostumbrada a que me hechan por decir que soy m\u00e9dica", "date": "2022-02-05 18:04:59"}, {"id_message": 67571603811, "message": "Y solo quiero ayudar", "date": "2022-02-05 18:20:43"}, {"id_message": 48228698792, "message": "Rafael no soy yo eh", "date": "2022-02-05 18:21:14"}, {"id_message": 17914237196, "message": "Siempre he cre\u00eddo en las personas , en la sociedad humana", "date": "2022-02-05 18:27:38"}, {"id_message": 13510361102, "message": "Siempre he ido ayudando se lo que es ser ana", "date": "2022-02-05 18:27:51"}, {"id_message": 78829058698, "message": "Nada m\u00e1s has insultado faltando el respeto perdiste toda la raz\u00f3n", "date": "2022-02-05 18:31:38"}, {"id_message": 70621458263, "message": "La quieres como . M\u00e9dica con el traje ?", "date": "2022-02-05 18:33:48"}, {"id_message": 61455621195, "message": "Que no que soy de los vuestros", "date": "2022-02-05 18:34:26"}, {"id_message": 50501927234, "message": "En Madrid mi ciudad", "date": "2022-02-05 18:38:04"}, {"id_message": 50688411494, "message": "Al lado del Paseo del Prado", "date": "2022-02-05 18:38:13"}, {"id_message": 72532802787, "message": "Voy a seguir que estoy de Guardia en 3 jotas les muestro un v\u00eddeo o lo que quieran", "date": "2022-02-05 18:39:05"}, {"id_message": 35445225317, "message": "Arta de que de me cuestione primero por ser de mi especialidad siendo mujer , luego por ser Ana no se", "date": "2022-02-05 18:39:27"}, {"id_message": 71882109419, "message": "Bueno es que no es recomendable pesarse cada d\u00eda , de un d\u00eda a otro no significa nada el cambio de peso , mejor cada 5 d\u00edas y siempre a la misma hora , muchos recomiendan que sea por la ma\u00f1ana pero no hay un consenso", "date": "2022-02-05 22:43:52"}, {"id_message": 40064038347, "message": "Bajar de un d\u00eda para otro es posible no te confundas pero el organismo de una persona no tiene relaci\u00f3n al de otra , es decir que hay personas que pueden bajar a diario , y hay otras donde el resultado se ve a los 4 d\u00edas por ejemplo", "date": "2022-02-05 22:46:21"}, {"id_message": 719687720, "message": "S me permites el Consejo digo", "date": "2022-02-05 22:46:39"}]