[{"id_message": 49864189840, "message": "Ay , muchas gracias \ud83d\udc95", "date": "2022-03-27 04:25:34"}, {"id_message": 12380776636, "message": "Jo , pues de verdad que eres toda una inspiraci\u00f3n", "date": "2022-03-30 16:37:17"}, {"id_message": 72350999806, "message": "A ti por ser tan bonita \ud83d\ude0a \u2728", "date": "2022-03-31 01:56:39"}, {"id_message": 10941197875, "message": "Yo estoy haciendo ayuno cenando pronto y salt\u00e1ndome el desayuno / desayunando tarde Tambi\u00e9n estoy haciendo media hora de baile al d\u00eda con Just Dance , si no me da tiempo , lo divido en dos sesiones de 15 min", "date": "2022-03-31 15:31:06"}, {"id_message": 26837330390, "message": "Si es verdad , moverte es la clave", "date": "2022-03-31 15:31:22"}, {"id_message": 13458849593, "message": "Jo , gracias , estos v\u00eddeos me animan mucho \ud83e\udd7a \ud83d\udc95", "date": "2022-04-11 00:51:20"}, {"id_message": 72594771456, "message": "Aparte , dudo que le fueras a decir a alguien con depresi\u00f3n que tan solo no est\u00e9 triste , o a alguien con Alzheimer que simplemente recuerde", "date": "2022-04-11 16:19:34"}, {"id_message": 96202550012, "message": "Por qu\u00e9 se meter\u00edan psic\u00f3logos de repente ? Se supone que si estudian eso , deber\u00edan estar atentos ( o no atentos ) siempre , no ?", "date": "2022-04-13 12:51:02"}, {"id_message": 18821483045, "message": "Yo creo que m\u00e1s bien se meten reporteros y cotillas", "date": "2022-04-13 12:51:38"}, {"id_message": 43799810342, "message": "De verdad que me encantan estos v\u00eddeos , me ayudan a aguantar el hambre ; - ;", "date": "2022-04-16 02:58:30"}, {"id_message": 47438982333, "message": "Much\u00edsimas gracias \ud83d\udc95", "date": "2022-04-17 17:23:04"}, {"id_message": 27236235623, "message": "Exacto , estoy de acuerdo con todas . Uno no decide tener un TCA , pero los que estamos aqu\u00ed lo hacemos por decisi\u00f3n propia . Una persona sana no va a buscar est\u00e1 clase de grupos , y si esa chica busc\u00f3 estos grupos , no es culpa de la comunidad , ni mucho menos de Rulo en concreto , ser\u00e1 culpa de su entorno y su familia que la han hecho sentir as\u00ed y caer en un TCA .", "date": "2022-05-07 02:13:08"}, {"id_message": 39871632258, "message": "Aparte , tanto rollo con dar clases de integridad moral sobre qu\u00e9 est\u00e1 bien o mal , pero luego le habla as\u00ed de mal a alguien que ella asume que es menor de edad ? Literalmente est\u00e1 demonizando a Rulo , poco menos que llam\u00e1ndola asesina lavacerebros y diciendo que su familia no la quiere y blablabla", "date": "2022-05-07 02:14:32"}, {"id_message": 5525850049, "message": "Asumo que se dio cuenta de lo mala madre que hab\u00eda sido como para descuidar de esa forma a su hija y lo descarg\u00f3 con Rulo \ud83e\udd37\ud83c\udffb\u200d\u2640", "date": "2022-05-07 02:16:42"}, {"id_message": 25028346985, "message": "Es verdad , yo siempre me aceler\u00f3 much\u00edsimo y luego me duele demasiado la garganta", "date": "2022-05-08 20:04:02"}, {"id_message": 88747409529, "message": "De hecho creo que la \u00faltima vez deb\u00ed hacerme alguna herida , porque ahora llevo 3 d\u00edas o as\u00ed con dolor , sin parar de toser", "date": "2022-05-08 20:04:35"}, {"id_message": 81000137717, "message": "Hoy escup\u00ed sangre y me dio miedo", "date": "2022-05-08 20:04:54"}, {"id_message": 70582294833, "message": "Yo voy a intentar comer menos y ya", "date": "2022-05-08 20:05:24"}, {"id_message": 70035828068, "message": "Si tienes que fingir que comer , es mejor masticar y escupir en una servilleta , o usar trucos para llenarte antes y luego compensar con ejercicio", "date": "2022-05-08 20:05:59"}, {"id_message": 59778577892, "message": "Y si lo que pasa es que tienes ansiedad y te apetece mucho comer algo , tanto que no puedes distraerte y te vas a dar un atrac\u00f3n , lo que puedes hacer es masticar y escupir en un vaso y luego tirarlo al vater", "date": "2022-05-08 20:06:53"}, {"id_message": 37009034014, "message": "A m\u00ed me hace sentir s\u00faper bien eso , porque mastico las cosas y me quita la ansiedad , pero no estoy tratando pr\u00e1cticamente nada , y cuando veo el vaso o la taza llena de galletas , chocolate o lo que sea es como \" Madre m\u00eda , todo lo que he evitado zamparme \"", "date": "2022-05-08 20:08:18"}]