[{"id_message": 48904038233, "message": "Hola , soy nuevo por aqu\u00ed", "date": "2022-02-27 15:10:42"}, {"id_message": 75891803578, "message": "Me pasan m\u00e1s canales donde se hable mucho y eso ?", "date": "2022-02-27 15:11:12"}, {"id_message": 79976670288, "message": "Adem\u00e1s donde pueda hacer amigos", "date": "2022-02-27 15:12:57"}, {"id_message": 34307336960, "message": "Parece que no hay mucha gente ...", "date": "2022-02-27 18:02:37"}, {"id_message": 27056846107, "message": "Creo que es cuando m\u00e1s ayuda he necesitado , estoy destrozado", "date": "2022-02-27 18:04:00"}, {"id_message": 60681617262, "message": "Yo necesito hablar porque la tristeza me est\u00e1 ganando", "date": "2022-02-27 22:22:17"}, {"id_message": 79541699317, "message": "Pero bueno , creo que s\u00ed me veo bonito por una vez en la vida almenos me animar\u00eda un poco", "date": "2022-02-27 22:22:51"}, {"id_message": 74573528958, "message": "Llevo toda la semana que no paro de llorar", "date": "2022-02-27 22:27:53"}, {"id_message": 47955039462, "message": "Ahora estoy llorando y de verdad que no s\u00e9 c\u00f3mo voy ya a afrontar el d\u00eda de ma\u00f1ana", "date": "2022-02-27 22:28:14"}, {"id_message": 87310446457, "message": "Imagino que no sirve de nada escribirlo aqu\u00ed y que igual me banean pero necesitaba decirlo ya que no tengo a nadie", "date": "2022-02-27 22:28:48"}, {"id_message": 67755855520, "message": "Vivo solo con dos gatos y nadie quiere saber nada de m\u00ed ni de mis gatos . Adem\u00e1s mi gato est\u00e1 enfermo y ahora tengo que cuidarlo yo solo y cuidarme a mi y no s\u00e9 hacer nada de eso", "date": "2022-02-27 22:29:46"}, {"id_message": 50459102562, "message": "La vida es demasiado dura en este momento", "date": "2022-02-27 22:30:14"}, {"id_message": 29877891027, "message": "Y no quiero volver a la asociaci\u00f3n de autismo , me ayud\u00f3 mucho tiempo pero no puedo volver", "date": "2022-02-27 22:30:56"}]