[{"id_message": 10198296103, "message": "Yo no pude estar muy activa por las clases , \u00bf Podr\u00eda entrar de nuevo ? : c", "date": "2022-04-07 02:47:28"}, {"id_message": 42925389921, "message": "De qu\u00e9 pa\u00eds es ?", "date": "2022-04-11 21:43:55"}, {"id_message": 98426654455, "message": "\u00bf D\u00f3nde est\u00e1n ? \u00bf En Telegram o WhatsApp ?", "date": "2022-04-11 21:46:41"}, {"id_message": 2332065383, "message": "\u00bf Alguien sabe cu\u00e1ntas calor\u00edas tiene medio pan con mantequilla ?", "date": "2022-04-16 17:11:15"}, {"id_message": 29756141186, "message": "Hay com\u00ed como 800 calor\u00edas y tengo hambre", "date": "2022-04-17 06:57:19"}, {"id_message": 36825501507, "message": "Me siento tan gorda", "date": "2022-04-17 06:57:23"}, {"id_message": 60602984073, "message": "Los alimentos como el pan , el az\u00facar , las harinas , los fideos , los procesados , los que tengan mucha sal , como embutidos .", "date": "2022-04-18 19:56:38"}, {"id_message": 50313864020, "message": "Cu\u00e1ntos kilos bajas con esta dieta ?", "date": "2022-04-18 20:58:48"}, {"id_message": 78867840675, "message": "Creo que me lastim\u00e9 la garganta \ud83d\ude25", "date": "2022-04-20 02:03:19"}, {"id_message": 40980121803, "message": "Empec\u00e9 a vomitar con un poco de sangre", "date": "2022-04-20 02:03:27"}, {"id_message": 56666954435, "message": "Pero no cuesta nada hacerlo", "date": "2022-04-21 03:47:19"}, {"id_message": 83217753931, "message": "H\u00e1ganlo al menos para conocernos un poco", "date": "2022-04-21 03:47:31"}, {"id_message": 89576042809, "message": "Odio como mi mam\u00e1 les dice a todos que estoy delgada", "date": "2022-04-22 23:21:27"}, {"id_message": 43753505589, "message": "Yo me sigo viendo gord\u00edsima", "date": "2022-04-22 23:21:35"}, {"id_message": 28850125201, "message": "Ser\u00e1 que antes estaba peor ? : c", "date": "2022-04-22 23:21:47"}, {"id_message": 72978561260, "message": "Tienes que comer cosas m\u00e1s sustanciosas", "date": "2022-04-24 04:54:36"}, {"id_message": 78714026720, "message": "Tal vez no tienes hambre , solo necesitas prote\u00edna , idk .", "date": "2022-04-24 04:54:45"}, {"id_message": 99121392616, "message": "O simplemente pasa hambre y ya", "date": "2022-04-24 04:54:58"}, {"id_message": 51884837472, "message": "Qu\u00e9 alimentos podr\u00eda comer solo para el d\u00eda 6 ?", "date": "2022-04-26 15:47:35"}, {"id_message": 72469779885, "message": "Bell\u00edsima , quisiera tener tu cintura", "date": "2022-04-28 15:34:27"}, {"id_message": 85870491570, "message": "Yo tengo como 75 , parezco una bola :(", "date": "2022-04-30 18:08:21"}, {"id_message": 61083173141, "message": "Busca masajes para achicar la cintura", "date": "2022-04-30 19:37:17"}, {"id_message": 21900264484, "message": "Hay muchos de esos", "date": "2022-04-30 19:37:21"}, {"id_message": 13965219796, "message": "Quiero estar as\u00ed \ud83d\ude3f", "date": "2022-04-30 21:22:22"}, {"id_message": 43387370183, "message": "La insultaba y le contaba media vida y un par d traumas , qu\u00e9 tipa m\u00e1s extra\u00f1a", "date": "2022-05-06 02:44:02"}, {"id_message": 33442831135, "message": "No te preocupes , en 4 semanas bajas lo suficiente , mientras tengas suficiente motivaci\u00f3n", "date": "2022-05-17 17:34:08"}, {"id_message": 14187513519, "message": "Apenas vuelva al colegio , las hago , en mi casa no me puedo controlar", "date": "2022-05-19 03:58:58"}, {"id_message": 72983815823, "message": "As\u00ed que si lo vas a hacer , come poco pero que te llene", "date": "2022-05-19 03:59:50"}, {"id_message": 76169595121, "message": "Yo baj\u00e9 como 5 kilos en un mes", "date": "2022-05-19 17:32:04"}, {"id_message": 65886656224, "message": "Pero no hice ejercicio , as\u00ed que tal vez t\u00fa puedes bajar m\u00e1s", "date": "2022-05-19 17:32:22"}, {"id_message": 97188662099, "message": "Yo baj\u00e9 como 5-6 kilos en un mes", "date": "2022-05-21 03:43:33"}, {"id_message": 55923734887, "message": "Pero si quieres que no se te da\u00f1en tanto los dientes luego de vomitar , te enjuagas la boca con bicarbonato de sodio", "date": "2022-05-21 03:44:01"}, {"id_message": 99584784087, "message": "O con agua sola", "date": "2022-05-21 03:44:05"}, {"id_message": 5897353563, "message": "Yo me iba a pesar pero no encontr\u00e9 a nadie con balanza", "date": "2022-05-24 17:22:44"}, {"id_message": 64280900245, "message": "Ser\u00e1 f\u00e1cil que bajes", "date": "2022-05-24 19:38:11"}, {"id_message": 29679951742, "message": "Ya que est\u00e1s en sobrepeso", "date": "2022-05-24 19:38:16"}, {"id_message": 71098090620, "message": "Pero cuando vayas bajando , m\u00e1s dif\u00edcil se va a poner , tambi\u00e9n por las reservas de calor\u00edas", "date": "2022-05-24 19:38:38"}, {"id_message": 50292836674, "message": "Toma agua mientras comes", "date": "2022-05-24 19:38:48"}, {"id_message": 84854797049, "message": "O sino no sale .", "date": "2022-05-24 19:38:56"}, {"id_message": 84387916255, "message": "Pero te puede salir por la nariz , ya que estar\u00eda muy l\u00edquido", "date": "2022-05-24 20:01:45"}, {"id_message": 89433167717, "message": "Si vomitas , procura que sea mucho y si usas tus dedos , ten cuidado con las u\u00f1as , te puedes ara\u00f1ar", "date": "2022-05-24 20:02:25"}, {"id_message": 42890329361, "message": "Arroz y pasta ? Papa ?", "date": "2022-05-25 02:36:02"}, {"id_message": 46832087500, "message": "Esos tienen mucho almid\u00f3n y harinas , carbohidratos .", "date": "2022-05-25 02:36:15"}, {"id_message": 16686089389, "message": "Todo eso tienen que dejar", "date": "2022-05-25 02:36:20"}, {"id_message": 44871543861, "message": "Esa dieta , en mi opini\u00f3n , tiene muchas calor\u00edas", "date": "2022-05-25 15:09:59"}, {"id_message": 76897383051, "message": "Supongo que tu cuerpo ya no est\u00e1 acostumbrado a tantas calor\u00edas", "date": "2022-05-26 23:47:58"}, {"id_message": 12624018430, "message": "Qu\u00e9 tipo de ejercicio est\u00e1s haciendo ?", "date": "2022-05-27 01:50:10"}, {"id_message": 10538946344, "message": "Puede que est\u00e9s desarrollando masa muscular , y por eso no bajes", "date": "2022-05-27 01:50:26"}, {"id_message": 58883602447, "message": "Tal vez es por la masa muscular", "date": "2022-05-27 02:19:54"}, {"id_message": 25662973004, "message": "Pero si est\u00e1s m\u00e1s delgada , est\u00e1 bien", "date": "2022-05-27 02:20:03"}]