[{"id_message": 51112379768, "message": "Claro el novio de Lu te puede orientar m\u00e1s en un gigante .", "date": "2018-12-13 17:26:52"}, {"id_message": 62919068346, "message": "Espero te de la mano .", "date": "2018-12-13 17:27:02"}, {"id_message": 89313497467, "message": "La peque le dir\u00e9 yo .", "date": "2018-12-13 17:30:04"}, {"id_message": 47939784349, "message": "Cuando se enfada s\u00ed jeje", "date": "2018-12-13 17:32:12"}, {"id_message": 23523063769, "message": "Nah se te acepta tal cual colega .", "date": "2018-12-13 17:33:13"}, {"id_message": 92768799404, "message": "Por eso te dice t\u00fa ve adelante lu", "date": "2018-12-13 17:36:30"}, {"id_message": 21525317624, "message": "Ya te moriste entonces eres un bot", "date": "2018-12-13 17:36:46"}, {"id_message": 97877408632, "message": "Miguel consultale en privado tip bestiales . Es un crack", "date": "2018-12-13 17:37:21"}, {"id_message": 30387961030, "message": "Quien no alguna vez en su vida eso jejej", "date": "2018-12-13 17:37:41"}, {"id_message": 36212342035, "message": "Se supone q eres una bestia del culturismo por los tips y tu tama\u00f1o .", "date": "2018-12-13 17:54:47"}, {"id_message": 61969713262, "message": "Pensaba q eras como la Roca .", "date": "2018-12-13 17:56:04"}, {"id_message": 15862809702, "message": "Gracias por las clases de jergonom\u00eda jejejej como somos de diferentes continentes cuesta un poco", "date": "2018-12-13 18:05:01"}, {"id_message": 75345781736, "message": "Jejeje . Cristo hac\u00eda calistenia", "date": "2018-12-13 18:06:55"}, {"id_message": 22310252490, "message": "Y por qu\u00e9 lo usas jaja ?", "date": "2018-12-13 18:18:02"}, {"id_message": 85750924727, "message": "Jajaja q excusa m\u00e1s barata .", "date": "2018-12-13 18:20:37"}, {"id_message": 62069959334, "message": "Qu\u00e9 opinan de telegram x ?", "date": "2018-12-13 18:21:38"}, {"id_message": 64395926312, "message": "O sea si no te gusta no la usas y borrar tu cuenta jejej no tienes q usar algo q odias", "date": "2018-12-13 18:22:07"}, {"id_message": 85269522460, "message": "Clientes de qu\u00e9 pdtos . ?", "date": "2018-12-13 18:22:22"}, {"id_message": 77485280210, "message": "Jajaja eres como un gur\u00fa de las apuestas .", "date": "2018-12-13 18:26:15"}, {"id_message": 47235398485, "message": "No apuesto . No son lo m\u00edo .", "date": "2018-12-13 18:26:37"}, {"id_message": 6344807484, "message": "Jajaja eso s\u00ed . De ley .", "date": "2018-12-13 18:30:34"}, {"id_message": 5483259013, "message": "Ah ok . Entiendo . Llevas mucho ek telegram ?", "date": "2018-12-13 18:31:02"}, {"id_message": 91088459452, "message": "Que fue primero telegram o whatsapp ?", "date": "2018-12-13 18:33:50"}, {"id_message": 17632856150, "message": "O no lo tienen o ellas no ponen suele pasar . T\u00fa usas foto de perfil en whats Lu ?", "date": "2018-12-13 18:37:16"}, {"id_message": 27280044536, "message": "No te quiere en wsap", "date": "2018-12-13 18:39:28"}, {"id_message": 21052677925, "message": "Ya te agreg\u00f3 o te dio permiso de verla . Pens\u00e9 que te odiaba jejej", "date": "2018-12-13 18:40:08"}, {"id_message": 45533625413, "message": "Jajaja ponte al d\u00eda", "date": "2018-12-13 18:55:17"}, {"id_message": 40637612964, "message": "Por tu futura familia . Para mantener bien los genes .", "date": "2018-12-13 19:11:31"}, {"id_message": 72498918123, "message": "No mercy con las m\u00e1quinas !", "date": "2018-12-13 19:14:48"}, {"id_message": 98999943939, "message": "Pues pero se mantienen en mejor forma con ejercicio .", "date": "2018-12-13 19:15:13"}, {"id_message": 67176749333, "message": "Manos a la obra campe\u00f3n .", "date": "2018-12-13 21:07:02"}, {"id_message": 63928554941, "message": "Apague el celu y dele a los fierros .", "date": "2018-12-13 21:19:10"}, {"id_message": 32157996294, "message": "Vale man . \ud83d\udc4d", "date": "2018-12-13 21:23:36"}, {"id_message": 30171949134, "message": "A veces entreno con el celu pero por la m\u00fasica electr\u00f3nica .", "date": "2018-12-13 21:24:02"}, {"id_message": 24453524957, "message": "Que mente para sucia la de la peque .", "date": "2018-12-13 21:26:55"}, {"id_message": 7308484688, "message": "S\u00ed por eso lo dec\u00eda jejeje tienes una mente voladora .", "date": "2018-12-13 21:29:25"}, {"id_message": 5948921466, "message": "\ud83d\ude0f \ud83d\ude09", "date": "2018-12-13 21:32:19"}, {"id_message": 52507918657, "message": "Luu las bromas dependen de como las mires . T\u00fa viste algo . Otros otras cosas . Re\u00edr es la cardio del alma \ud83d\udc4d", "date": "2018-12-13 21:34:04"}, {"id_message": 10679565684, "message": "En media hora voy ac\u00e1 no es la hora de all\u00e1 chavala .", "date": "2018-12-13 21:35:40"}, {"id_message": 15040622595, "message": "Ve por ella pero ma\u00f1ana mucha ca\u00f1a en el gym", "date": "2018-12-13 21:36:45"}, {"id_message": 95167602175, "message": "Yo reci\u00e9n termino de almorzar \ud83d\ude01", "date": "2018-12-13 21:40:30"}, {"id_message": 67118134213, "message": "Provecho con sus pizzas .", "date": "2018-12-13 21:40:41"}, {"id_message": 86885487049, "message": "Buen dato \ud83d\udcaa \ud83d\udc4d", "date": "2018-12-13 21:55:49"}, {"id_message": 52140257175, "message": "Y t\u00fa que llevo llevas con las pesas ? De grande quiero ser como t\u00fa .", "date": "2018-12-13 21:59:25"}, {"id_message": 67028972801, "message": "Es la mejor forma . Igual yo .", "date": "2018-12-13 22:08:18"}, {"id_message": 61011118684, "message": "Ac\u00e1 33 grados y subiendo . Lo bieno del invierno para los que se hayan en esa \u00e9poca del a\u00f1o es que se pueden quemar m\u00e1s calor\u00edas .", "date": "2018-12-13 22:09:54"}, {"id_message": 37001527548, "message": "Ahora s\u00ed me voy a los fierros", "date": "2018-12-13 22:12:49"}, {"id_message": 65227883295, "message": "Gracias por la bienvenida .", "date": "2018-12-14 01:30:15"}, {"id_message": 13735345659, "message": "Que nalgona . \ud83d\ude09", "date": "2018-12-14 23:08:43"}, {"id_message": 41113506149, "message": "Provecho con el ma\u00f1anero .", "date": "2018-12-15 01:55:46"}]