[{"id_message": 295918348, "message": "Escribo poco pero siempre os leo", "date": "2022-10-11 23:01:38"}, {"id_message": 79685846076, "message": "Wow , es justo lo que estaba buscando , muchas gracias", "date": "2022-10-11 23:15:33"}, {"id_message": 36473446134, "message": "Cuidado con darle a ese enlace , quiz\u00e1s explote el m\u00f3vil", "date": "2022-10-11 23:24:43"}, {"id_message": 40800026534, "message": "Yo tambi\u00e9n . Para no ver a nadie haciendo piruetas ni movimientos rid\u00edculos , miro el telefono", "date": "2022-10-12 22:37:02"}, {"id_message": 24454444575, "message": "El fin de las macro granjas", "date": "2022-10-18 23:02:15"}, {"id_message": 1368406898, "message": "Pecho izquierdo es m\u00e1s grande que el derecho", "date": "2022-10-19 16:52:21"}, {"id_message": 18066605363, "message": "Ser\u00e1 que le meto entrenamiento unilateral ?", "date": "2022-10-19 16:52:48"}, {"id_message": 49102222383, "message": "Ya por eso entreno como si nada , pero al estar bombeado es mucho m\u00e1s evidente", "date": "2022-10-19 16:55:51"}, {"id_message": 56864477957, "message": "Si bajo la barra me toca primero en uno que en el otro", "date": "2022-10-19 16:56:22"}, {"id_message": 75780201108, "message": "Buen\u00edsimo \ud83d\ude02", "date": "2022-11-08 22:18:33"}, {"id_message": 90513764097, "message": "Yo me lo tom\u00e9 a co\u00f1a", "date": "2022-11-19 20:38:51"}, {"id_message": 34786845740, "message": "Como no hay un \u00e1rbol de whey entonces no es natural y es pura qu\u00edmica . Quiz\u00e1s es vegano", "date": "2022-11-19 20:41:50"}, {"id_message": 91824435711, "message": "Estoy usando straps y estoy batiendo nuevos r\u00e9cords", "date": "2022-11-20 00:54:22"}, {"id_message": 82161710868, "message": "Siento que es trampa", "date": "2022-11-20 00:54:30"}, {"id_message": 81733425329, "message": "Roberto del amo \ud83e\udd14 no ser\u00e1 primo de Roberto Amorosi ? Y el pana que les hace publicidad fue el que dijo ayer lo de las prote\u00ednas qu\u00edmicas .", "date": "2022-11-20 15:29:09"}, {"id_message": 96364650591, "message": "Hay un ciclo en este grupo , en el que un d\u00eda aparece alguien y comienza a decir teor\u00edas del fitness y luego termina recomendando a alguie . Con el tiempo Lu termina hechandolo o se van jajaja", "date": "2022-11-20 15:32:27"}, {"id_message": 82565788632, "message": "Ni idea qui\u00e9n es , perd\u00f3n", "date": "2022-11-20 15:33:33"}, {"id_message": 22198807867, "message": "Pero dime si no ? Jaja y anterior a ese fue el de Herbalife", "date": "2022-11-20 15:34:26"}, {"id_message": 52484934534, "message": "Si siempre terminan haciendo algo asi", "date": "2022-11-20 15:35:25"}, {"id_message": 89161912916, "message": "Pero si no le falte ni nada , ya te dije que ni idea de quien sea . Sorry", "date": "2022-11-20 15:37:46"}, {"id_message": 14383121741, "message": "Nose como explicarlo pero me gusta usar la polea baja .", "date": "2022-11-20 19:52:57"}, {"id_message": 27587925040, "message": "No la he probado pero se ve bien . Uso barra alg\u00fan que otro d\u00eda para usar un poco m\u00e1s los lumbares", "date": "2022-11-20 19:54:42"}, {"id_message": 88223640324, "message": "Lo hago pero sentado , inclinado un poco adelante .", "date": "2022-11-21 23:03:13"}, {"id_message": 2390040738, "message": "Yo 1,60 y lo m\u00e1ximo que he llegado a pesar son 62kilos", "date": "2022-11-30 22:07:25"}, {"id_message": 83699522246, "message": "Los tengo de hace unos 3 a\u00f1os , muy recomendados , aunque no los uso para ir al gym \ud83d\ude02", "date": "2022-12-01 13:59:51"}]