[{"id_message": 32059858722, "message": "Acho , os veo en fotos y pienso : madre , estoy a a\u00f1os luz \ud83e\udd7a", "date": "2019-06-06 08:14:41"}, {"id_message": 87835166425, "message": "Ya , lo decia de broma , encima no se que leches me pasa pero no me sientan bien las proteinas , y eso que no tengo alergias . NO SE QUE HCER YA", "date": "2019-06-06 09:08:11"}, {"id_message": 6273071085, "message": "Hace a\u00f1os no tenia problemas , pero despues empece a tenerlos , me hacian coml repetir , no se , y las he probado de 10 marcas , con agua , leche , zumo ... mas de una cucharada de cafe y ando eructando como un viejo ! !", "date": "2019-06-06 09:10:15"}, {"id_message": 30882172628, "message": "Ahora uso amix , y no se con que tomarlas , uso zumo de melocoton , pero no se si tomarme un almax antes ya", "date": "2019-06-06 09:10:55"}, {"id_message": 84337104785, "message": "Uso bcaa , glutamina y creatina , las proteinas porque soy un vago en la cocina ! ! \ud83d\ude02", "date": "2019-06-06 09:47:53"}, {"id_message": 80274617656, "message": "Una elefante que es hembra \ud83d\ude02", "date": "2019-06-06 09:48:29"}, {"id_message": 65957869520, "message": "He probado bulk , muscletech ... desde las de decathlon hasta las que uso ahora que son amix", "date": "2019-06-06 09:49:13"}, {"id_message": 28545302547, "message": "Madre mia , casi no la traga el retrete , como para que me sienten bien ! \ud83e\udd14", "date": "2019-06-06 09:50:22"}, {"id_message": 92210269222, "message": "Llevo 3 meses sin pizzas ( mi comida favorita ) ni hamburguesas ! Pero nutella y lacasitos una vez al mes me doy un atracon del copon", "date": "2019-06-06 11:11:17"}, {"id_message": 96338734532, "message": "Lo suyo es de vez en cuando ...", "date": "2019-06-06 11:11:38"}, {"id_message": 80896403994, "message": "Para mi ahora es el 70 % ! Antes que podia correr me permitia mas \" lujos \" ahora solo me queda recortar alpiste", "date": "2019-06-06 11:16:23"}, {"id_message": 11516047190, "message": "Yo peso muerto no hago por las rodillas , pero voy a pesos que pueda hacer entre 8-10 repeticiones en las 4 series", "date": "2019-06-06 12:30:35"}, {"id_message": 46180658250, "message": "Yo para verme al espejo aun no estoy ! ! \ud83d\ude22", "date": "2019-06-06 12:39:24"}, {"id_message": 39579456896, "message": "El postureo ! Pero se nota los que van al postureo del que lo hace para corregir postura , tecnica ...", "date": "2019-06-06 13:04:44"}, {"id_message": 22199030942, "message": "Y los que andan como si estuviesen posando en el arnold classics ? ? Que se parecen a terminator recien salido de la depilacion laser", "date": "2019-06-06 13:23:10"}, {"id_message": 35489691358, "message": "Mira a ver si te gusta esta", "date": "2019-06-06 14:19:40"}, {"id_message": 38600505666, "message": "Yo entreno 3 veces por semana y las tres veces hago abs , pero solo dos series y dos ejercicios , no les enchufo demasiado", "date": "2019-06-06 20:46:07"}, {"id_message": 30939953666, "message": "Y como se diferencian ? ? Yo hago siempre no los ejercicios pero si las formas", "date": "2019-06-06 23:40:53"}, {"id_message": 84716597746, "message": "Ufff y te va a suplementar ? ?", "date": "2019-06-07 08:09:19"}, {"id_message": 30837101159, "message": "Mi musculo favorito y el que mas me gusta repetir es hombros , pero a peso libre no me la juego porque es el que mas castigo da si lo lesionas .", "date": "2019-06-07 13:02:41"}, {"id_message": 51767053625, "message": "Laterales visten mucho a los hombros , y unos buenos frontales para unas cabezas amplias . Pero sigo pensando que es mejor asistido que libre para no lesionarse", "date": "2019-06-07 13:07:53"}, {"id_message": 49669039107, "message": "No no , los de hombros hablo , son musculos mas peque\u00f1os y sufren bastante , para el resto a jierro ! Pero lo decia porque una forma de ejecutarlos bien es en asistido . Laterales por ejemplo no , ahi mancuernas , o frontales , pero los press ... esos son jodidos", "date": "2019-06-07 13:14:47"}, {"id_message": 66032699418, "message": "Te juro que pense que era el video ese de uno haciendo press de piernas y que se le va la rodilla para atras ! ! Que grima joder", "date": "2019-06-07 16:12:02"}, {"id_message": 27058478634, "message": "El terraplanismo no es ni psudociencia ni proteoria", "date": "2019-06-07 19:13:42"}, {"id_message": 37182891265, "message": "Es como la homeopatia", "date": "2019-06-07 19:13:59"}, {"id_message": 40733034734, "message": "Si si , si pa echar el rato ... pero es ver 1 min de video y dices : los padres son hermanos fijo", "date": "2019-06-07 19:20:20"}, {"id_message": 86267841424, "message": "Yo el quemagrasas que uso es el ak , que no me espabile mucho . Pero del animal cut hablan maravillas", "date": "2019-06-08 12:14:07"}]