[{"id_message": 87525401165, "message": "Chavales alg\u00fan lugar online barato y de fiar para comprar prote\u00ednas ?", "date": "2019-07-22 14:43:01"}, {"id_message": 932643056, "message": "Puedes comentarme por privado ? \ud83d\ude09", "date": "2019-07-22 14:48:33"}, {"id_message": 47447870189, "message": "Tengo una duda importante", "date": "2019-07-22 16:12:48"}, {"id_message": 1994340889, "message": "Como puedes tenerme bloqueado si no te conozco", "date": "2019-07-22 16:12:56"}, {"id_message": 53727391653, "message": "Debo ser el \u00fanico aqu\u00ed con 19 a\u00f1os", "date": "2019-07-24 11:53:13"}, {"id_message": 16440521439, "message": "Me suelen hablar bien de mi voz , pero chicas de mi edad , no sab\u00eda que era para todos los p\u00fablicos \ud83d\ude02", "date": "2019-07-24 12:29:44"}, {"id_message": 8390667783, "message": "Yo hasta hace nada por temas de ansiedad ( natural ) y dem\u00e1s , com\u00eda mucho , sin control y sin importar qu\u00e9 , y gracias a especialistas y a un mayor control ahora como exclusivamente lo necesario", "date": "2019-07-25 13:23:43"}, {"id_message": 32247341248, "message": "La mente te supera f\u00e1cil", "date": "2019-07-25 13:34:15"}, {"id_message": 82639666896, "message": "Hasta que te vuelves m\u00e1s fuerte", "date": "2019-07-25 13:34:18"}, {"id_message": 56111576380, "message": "Y eso se consigue intentando serlo sin parar jeje", "date": "2019-07-25 13:34:31"}, {"id_message": 8147928358, "message": "Jajajaja \ud83d\udcaa\ud83c\udffd", "date": "2019-07-28 16:17:12"}, {"id_message": 7424710063, "message": "Nunca beban m\u00e1s de lo que puedan soportar", "date": "2019-07-28 16:36:12"}, {"id_message": 21908238874, "message": "Buena carga llevo , menuda locura", "date": "2019-07-28 16:36:20"}, {"id_message": 80881696063, "message": "Es lo q hab\u00eda", "date": "2019-08-03 20:35:44"}, {"id_message": 9725893309, "message": "Que digas t\u00fa , que los milagros no existen ...", "date": "2019-08-05 06:37:36"}, {"id_message": 49741145914, "message": "No te enfades . Creo que todos opinamos como lo haces t\u00fa", "date": "2019-08-05 09:35:10"}]