[{"id_message": 14252786424, "message": "Y lo comodo k es", "date": "2018-07-05 00:41:44"}, {"id_message": 46688237806, "message": "No me las tengo k hacer a la plancha", "date": "2018-07-05 00:41:55"}, {"id_message": 52824049421, "message": "Yo pa la cocina era un poco malo pero aora me gusta mucho", "date": "2018-07-05 00:43:13"}, {"id_message": 42348505514, "message": "Me gusta hacerme mi comida la psta el arroz las ensaladas", "date": "2018-07-05 00:43:39"}, {"id_message": 33532402211, "message": "Yo suelo hacer 6 conidas", "date": "2018-07-05 00:44:33"}, {"id_message": 88202983746, "message": "Las hago x la ma\u00f1ana toadas y las voy repartiendo", "date": "2018-07-05 00:44:49"}, {"id_message": 30595877892, "message": "X eso es que meto las proteinas en polvo", "date": "2018-07-05 00:45:35"}, {"id_message": 85157170727, "message": "X el tiempo k es mas facil", "date": "2018-07-05 00:45:45"}, {"id_message": 49520307681, "message": "Bueno os dejo voy a so\u00f1ar con los angelitos", "date": "2018-07-05 00:47:15"}, {"id_message": 10570433073, "message": "K rico lu ya pudiera poder comer eso yo aora jejeje", "date": "2018-07-05 19:04:43"}, {"id_message": 24910047442, "message": "Hulian yo en mi opinion no la compraria", "date": "2018-07-06 14:20:45"}, {"id_message": 96406200112, "message": "Claro tu puedes hacer lo que quieras para eso desides tu", "date": "2018-07-06 14:21:10"}, {"id_message": 20438310032, "message": "Ya te digo intenta aguanta 1 minuto", "date": "2018-07-06 14:49:00"}, {"id_message": 98694710304, "message": "Yo suelo hacer eso un minuto x lado", "date": "2018-07-06 14:49:47"}, {"id_message": 54847033782, "message": "Claro 45 segundo 30 poco a poco", "date": "2018-07-06 14:51:31"}, {"id_message": 29508843568, "message": "Si esas son pero simples esas son muy avanzadas", "date": "2018-07-06 19:58:23"}, {"id_message": 24643472369, "message": "Si las haces bien an otro dis tienes una ajugetas k no veas", "date": "2018-07-06 20:07:55"}, {"id_message": 70993625906, "message": "Esas esa decia yo", "date": "2018-07-06 20:12:03"}, {"id_message": 81377598114, "message": "Son las mejores k hay en abs", "date": "2018-07-06 20:12:17"}, {"id_message": 31996122332, "message": "Junto con otras k las combino como el rodillo y elavaciones colgado de piernas", "date": "2018-07-06 20:12:48"}, {"id_message": 42887783502, "message": "Mira los ingredientes y dependiendo el tipo de harina k lleva los porcentajes etc y si lleva aceite de palma", "date": "2018-07-06 22:49:43"}, {"id_message": 411901654, "message": "Hola hay alguin x aki", "date": "2018-07-06 23:16:02"}, {"id_message": 6463752283, "message": "O ya estas de fiesta", "date": "2018-07-06 23:16:11"}, {"id_message": 18105645191, "message": "\ud83d\ude4b\u200d\u2642 \ufe0f \ud83d\ude4b\u200d\u2642 \ufe0f \ud83d\ude4b\u200d\u2642 \ufe0f", "date": "2018-07-06 23:47:31"}, {"id_message": 19005005076, "message": "Como se nota k hoy es viernes y no tiene ganas de hablar hoy jejeje", "date": "2018-07-07 00:05:22"}, {"id_message": 34015096089, "message": "Eso es bueno lu", "date": "2018-07-07 12:57:54"}, {"id_message": 34188670321, "message": "Hay k disfrutar lu", "date": "2018-07-07 13:06:59"}, {"id_message": 17022420416, "message": "Vale x todo el grupo", "date": "2018-07-07 13:08:50"}, {"id_message": 9880337911, "message": "Hay k meterle mas ca\u00f1a a las patitas de pollo", "date": "2018-07-07 13:09:51"}, {"id_message": 75059693855, "message": "Ya ya pero hay k darle mas ca\u00f1a", "date": "2018-07-07 13:12:43"}, {"id_message": 13943592108, "message": "Despies te quejas lu", "date": "2018-07-07 13:28:55"}, {"id_message": 84896817874, "message": "Si estas mejor k yo jeje", "date": "2018-07-07 13:29:02"}, {"id_message": 87209744408, "message": "Hay jente no soy el unico k esta desvelado", "date": "2018-07-08 02:07:47"}, {"id_message": 97145027834, "message": "Y yo sin poder pegar ojo", "date": "2018-07-08 02:09:26"}, {"id_message": 24293498017, "message": "Eso lo dejamos para el lunes los finde relx", "date": "2018-07-08 02:10:50"}, {"id_message": 7329497857, "message": "Y mucho el ron motiiva mucho", "date": "2018-07-08 02:13:13"}, {"id_message": 41107975020, "message": "Como serian las flexion k habras exo", "date": "2018-07-08 02:14:09"}, {"id_message": 5473897471, "message": "A estas horas ya nose ni lo k digo", "date": "2018-07-08 02:15:18"}, {"id_message": 8205521139, "message": "Colacao \ud83d\ude31 \ud83d\ude31 \ud83d\ude31", "date": "2018-07-08 02:17:27"}, {"id_message": 43400438635, "message": "Po si eso si", "date": "2018-07-08 02:19:01"}, {"id_message": 29490070001, "message": "Sienta bien a estas horas", "date": "2018-07-08 02:19:07"}, {"id_message": 9508024577, "message": "O ron lo k tu estas bebiendo", "date": "2018-07-08 02:20:11"}, {"id_message": 16301462362, "message": "Tu como te lo estas tomando xd", "date": "2018-07-08 02:22:32"}, {"id_message": 94453813558, "message": "K loca estas exa", "date": "2018-07-08 02:27:05"}, {"id_message": 43562090367, "message": "\ud83d\ude34 \ud83d\ude34 \ud83d\ude34 la verdad k no jejej", "date": "2018-07-08 02:28:50"}, {"id_message": 66952986505, "message": "\ud83e\udd2b \ud83e\udd2b \ud83e\udd2b", "date": "2018-07-08 02:29:50"}, {"id_message": 71852445189, "message": "Muy bien disfruatando de labplaya jejeje", "date": "2018-07-08 12:31:14"}, {"id_message": 65692463370, "message": "De la juerga seguro", "date": "2018-07-08 12:34:48"}, {"id_message": 4879056865, "message": "\ud83d\ude34 \ud83d\ude34 \ud83d\ude34", "date": "2018-07-08 12:37:35"}, {"id_message": 85962725177, "message": "Yo kiero lu me fascinan", "date": "2018-07-09 13:19:30"}]