[{"id_message": 79865009803, "message": "hace cuanto lo crearon ?", "date": "2020-04-07 05:00:02"}, {"id_message": 8852423172, "message": "aa es re nuevito", "date": "2020-04-07 05:01:03"}, {"id_message": 50378212065, "message": "soy sofia , tengo 18 a\u00f1os mido 157cm y peso 41kg", "date": "2020-04-07 05:01:37"}, {"id_message": 48872995616, "message": "es el primer grupo que me meto asique no se como se manejan jskdsk perdon", "date": "2020-04-07 05:02:04"}, {"id_message": 32592069485, "message": "soy ana y mi meta son 38kg", "date": "2020-04-07 05:03:14"}, {"id_message": 69948713319, "message": "aa sisi por wpp me parece mas peligroso", "date": "2020-04-07 05:03:44"}, {"id_message": 13254260671, "message": "ultimamente no pero hoy empece y llegue a 800kcals", "date": "2020-04-07 05:12:01"}, {"id_message": 52595084760, "message": "a partir de ma\u00f1ana hasta 500calorias como hacia hace unos meses", "date": "2020-04-07 05:12:30"}, {"id_message": 22429111441, "message": "no les paso que durante la cuarentena se les dificulta restringir ?", "date": "2020-04-07 05:13:06"}, {"id_message": 60721881026, "message": "si se me hace mas dificil a la tarde porque viven haciendo postres y eso en mi casa", "date": "2020-04-07 05:27:01"}, {"id_message": 69041686665, "message": "y bueno caigo en la tentaci\u00f3n", "date": "2020-04-07 05:27:17"}, {"id_message": 5328300640, "message": "perdon que no hable mucho jskjs", "date": "2020-04-09 05:37:33"}, {"id_message": 1868605122, "message": "yo cene y empece un ayuno de por lo menos 16horas", "date": "2020-04-09 05:37:51"}, {"id_message": 7589619966, "message": "a mi me re sirve tomar agua tibia para calmar el hambre", "date": "2020-04-09 05:38:19"}, {"id_message": 4446502422, "message": "y chicles para sacarme el antojo de algo", "date": "2020-04-09 05:38:28"}, {"id_message": 76880047019, "message": "yo lo lei por Twitter y la verdad me re funcionan", "date": "2020-04-09 05:39:01"}, {"id_message": 44365973861, "message": "con la cuarentena se les hace mas f\u00e1cil o mas dificil restringir ?", "date": "2020-04-09 05:40:23"}, {"id_message": 95868261137, "message": "creo que no sirve mucho", "date": "2020-04-09 07:32:20"}]