[{"id_message": 51101660665, "message": "Hola buen d\u00eda , me podr\u00edan pasar alguna rutina para el abdomen y para lo bajo del gl\u00fateo", "date": "2022-10-20 21:33:37"}, {"id_message": 6949952464, "message": "He estado haciendo ejercicios y he visto cambios en mis muslos , se han vuelto un poco m\u00e1s duro por as\u00ed decirlo hago sentadillas", "date": "2022-10-20 21:34:02"}, {"id_message": 4157714590, "message": "Hago plancha 33 segundos 3 repeticiones", "date": "2022-10-20 21:34:21"}, {"id_message": 48055497829, "message": "Ese lo hago y me ha servido mucho", "date": "2022-10-20 21:37:10"}, {"id_message": 67779184041, "message": "\u00bf eso qu\u00e9 significa ?", "date": "2022-10-20 21:39:46"}, {"id_message": 69229326697, "message": "U . u creo que no se me nota el abdomen porque como mucho pan con Coca-Cola", "date": "2022-10-20 21:41:30"}, {"id_message": 29113964490, "message": "Que tipo de comida me recomiendan que sea comida pa pobre porfi u . u", "date": "2022-10-20 21:44:00"}, {"id_message": 37237189956, "message": "Y eso que es ?", "date": "2022-10-20 21:46:27"}, {"id_message": 43398061687, "message": ": V soy de Colombia dea que es eso ?", "date": "2022-10-20 21:47:54"}, {"id_message": 9864916336, "message": "Pack de que o que", "date": "2022-10-20 21:49:50"}, {"id_message": 82015512136, "message": "Con la verdura me conformo parce porque aqu\u00ed un pescado me cuesta un ri\u00f1\u00f3n", "date": "2022-10-20 21:51:27"}, {"id_message": 49442503877, "message": "Pues energ\u00eda tengo para hacer ejercicio es mas creo que ya hasta me acostumbre a hacerlo diario xd pero en cuanto al comer no se si como bien o no", "date": "2022-10-20 21:52:23"}, {"id_message": 90333551561, "message": "Carne si esta mas o menos uwu", "date": "2022-10-20 21:53:04"}, {"id_message": 71919635963, "message": "Pues vi tutoriales en YouTube y tengo una app para hacer ejercicios y cada ejercicio dura 30 segundos pero yo le pongo 1 minuto 30 segundos y lo hago dos veces", "date": "2022-10-20 21:54:12"}, {"id_message": 15038221730, "message": "Pues yo nunca me he pesado pero mi mom dice que tengo buen cuerpo u . u pero yo quiero estar mamadisima", "date": "2022-10-20 21:54:38"}, {"id_message": 82615891528, "message": "As\u00ed quiero estar yo u . u", "date": "2022-10-20 21:57:50"}, {"id_message": 30067743615, "message": "Toca dejar el pan y la Coca-Cola u . u", "date": "2022-10-20 21:59:36"}, {"id_message": 85103801124, "message": "Ay con raz\u00f3n 7n7 yo le echo un mont\u00f3n de aceita hasta pa fre\u00edr un huevito", "date": "2022-10-20 22:00:35"}, {"id_message": 20616339077, "message": "Me tome un energizante y dos galletas de man\u00ed", "date": "2022-10-20 22:00:58"}, {"id_message": 32820148208, "message": "En esta casa huevos es lo que m\u00e1s comemos", "date": "2022-10-20 22:04:19"}, {"id_message": 61919236826, "message": "Esa do\u00f1a me putea u . u", "date": "2022-10-20 22:04:39"}, {"id_message": 82132486381, "message": "Cuantos huevos me tengo que comer ? 7u7", "date": "2022-10-20 22:04:59"}, {"id_message": 22703899828, "message": "Ac\u00e1 comemos mucho tortilla de maseca", "date": "2022-10-20 22:05:14"}, {"id_message": 82373466000, "message": "Es pa llenarnos m\u00e1s", "date": "2022-10-20 22:05:24"}, {"id_message": 91171655666, "message": ": V opino que Shakira god", "date": "2022-10-20 22:14:48"}, {"id_message": 37897063265, "message": "Pues fui 1 mes al gym pero me quedaba muy lejos de aqu\u00ed", "date": "2022-10-20 22:17:55"}, {"id_message": 96527907170, "message": "Bueno de mi casita : V", "date": "2022-10-20 22:18:02"}, {"id_message": 60665946713, "message": "Pues si s\u00e9 tocar el piano : V no tengo pero a veces voy a la iglesia a que me lo presten", "date": "2022-10-20 22:19:34"}, {"id_message": 91716686756, "message": "Pues hice unas pesas con cemento y compre una cuerda de salgar y tambi\u00e9n tengo un el\u00e1stico lo compre online uwu", "date": "2022-10-20 22:20:26"}, {"id_message": 17835545796, "message": ": V est\u00e1n en el patio perame", "date": "2022-10-20 22:21:24"}, {"id_message": 53264009616, "message": "Pero pesan como 10 libras cada una", "date": "2022-10-20 22:21:47"}, {"id_message": 51821072393, "message": "Se me hab\u00eda olvidado : V", "date": "2022-10-21 00:21:22"}, {"id_message": 17968993068, "message": "Casi no suelo entrar a telegram", "date": "2022-10-21 00:21:30"}, {"id_message": 23569731256, "message": "De d\u00f3nde son : V ?", "date": "2022-11-23 17:08:48"}, {"id_message": 57463098906, "message": "Ah xd soy de Colombia", "date": "2022-11-23 17:10:28"}, {"id_message": 9655535665, "message": "Llevo mucho en este grupo xd solo que no suelo hablar casi nl paso activa en telegram xd", "date": "2022-11-23 17:21:35"}]