[{"id_message": 72613778906, "message": "Que directamente pas\u00f3 de hacerla", "date": "2019-03-04 20:52:53"}, {"id_message": 6113433964, "message": "Pero yo k se", "date": "2019-03-04 21:02:40"}, {"id_message": 2614758153, "message": "En otros gym me han dado rutinas buenas", "date": "2019-03-04 21:02:49"}, {"id_message": 27132278483, "message": "Con eso hable con johni", "date": "2019-03-04 21:05:07"}, {"id_message": 39695772369, "message": "Y esta todo finiquitado", "date": "2019-03-04 21:05:16"}, {"id_message": 17373332292, "message": "Pero lo que me talla es eso creo", "date": "2019-03-04 21:08:57"}, {"id_message": 3306436903, "message": "Es mi primerito dia", "date": "2019-03-04 21:22:55"}, {"id_message": 30151781430, "message": "Quiero ahora mismo adelgazar y tonificar", "date": "2019-03-04 21:23:28"}, {"id_message": 75736997071, "message": "Pero ganado un poco de m\u00fasculo ( que todo junto no se puede pero ustedes me entienden )", "date": "2019-03-04 21:23:51"}, {"id_message": 49360674680, "message": "Me pondr\u00e9 a mirarlo", "date": "2019-03-04 22:03:55"}, {"id_message": 88560228626, "message": "Y os enviar\u00e9 la fotico con la rutina", "date": "2019-03-04 22:04:01"}, {"id_message": 63211067995, "message": "A ver si tiene el aprobado de ustedes", "date": "2019-03-04 22:04:07"}, {"id_message": 78192806405, "message": "Aunque me cuesta un poco", "date": "2019-03-04 22:25:48"}, {"id_message": 23069463551, "message": "Es que soy vegetariano", "date": "2019-03-04 22:25:54"}, {"id_message": 57890570844, "message": "Pero el johni me ha guiado y me ha dicho algo parecido", "date": "2019-03-04 22:26:08"}, {"id_message": 74960011919, "message": "Pero nunca he sabido tomarla", "date": "2019-03-04 22:27:48"}, {"id_message": 67924672784, "message": "Cu\u00e1nto la dosis pero el doble", "date": "2019-03-04 22:53:46"}, {"id_message": 3439660113, "message": "Lo del mosto es de pro eeh", "date": "2019-03-04 22:59:27"}, {"id_message": 46380643134, "message": "Nunca se me hubiera ocurrido", "date": "2019-03-04 22:59:33"}, {"id_message": 21453856880, "message": "Pero me la apunto", "date": "2019-03-04 22:59:37"}, {"id_message": 60335018083, "message": "Me pillare un mosto para la ma\u00f1ana", "date": "2019-03-04 22:59:49"}, {"id_message": 12259894529, "message": "Da igual la marca no ?", "date": "2019-03-04 22:59:59"}, {"id_message": 39655074111, "message": "La creatina es para fuerza no", "date": "2019-03-04 23:00:58"}, {"id_message": 66653810982, "message": "O eso tengo entendido", "date": "2019-03-04 23:01:04"}, {"id_message": 72319869141, "message": "Y pillo un mosto", "date": "2019-03-04 23:01:28"}, {"id_message": 87563526781, "message": "Pero agua con az\u00facar ser\u00eda lo mismo no ?", "date": "2019-03-04 23:01:35"}, {"id_message": 36986221587, "message": "Tiene fructosa y az\u00facar", "date": "2019-03-04 23:02:04"}, {"id_message": 1847994525, "message": "Yo lo que tengo es un preentreno", "date": "2019-03-04 23:04:21"}, {"id_message": 19919611016, "message": "Pero eso no vale para nada", "date": "2019-03-04 23:04:26"}, {"id_message": 40549434688, "message": "Pero vamos leyendo lo que has puesto", "date": "2019-03-04 23:04:36"}, {"id_message": 51494509811, "message": "Voy a comprar un si o si", "date": "2019-03-04 23:04:53"}, {"id_message": 79715931017, "message": "No lo s\u00e9 bro", "date": "2019-03-04 23:07:17"}, {"id_message": 16038030050, "message": "Creo que la marca es el diablo", "date": "2019-03-04 23:07:24"}, {"id_message": 5695546458, "message": "Noto que estoy m\u00e1s achispado", "date": "2019-03-04 23:08:01"}, {"id_message": 41475949095, "message": "Pero son compatibles con la crea no", "date": "2019-03-04 23:08:09"}, {"id_message": 31572521803, "message": "Viva el gofio Sa\u00fal", "date": "2019-03-04 23:08:52"}, {"id_message": 79708058901, "message": "Lo que yo ahora vivo en la pen\u00ednsula", "date": "2019-03-04 23:08:56"}, {"id_message": 85236969456, "message": "Ahora busco que las tengo en un tupper \ud83d\ude02", "date": "2019-03-04 23:09:15"}, {"id_message": 65321224946, "message": "Yo quiero esa espalda mene\u00f1o", "date": "2019-03-04 23:10:27"}, {"id_message": 32820596755, "message": "El chaleco hace eso ?", "date": "2019-03-04 23:10:48"}, {"id_message": 77828328229, "message": "Yo es que resulta que pesaba casi 150 kilos", "date": "2019-03-04 23:11:30"}, {"id_message": 36484935698, "message": "Y digamos que si tuviera esa espalda", "date": "2019-03-04 23:11:37"}, {"id_message": 45780089710, "message": "Me arregla medio cuerpo", "date": "2019-03-04 23:11:41"}, {"id_message": 79299719701, "message": "Y si consiguiera rellenar el pecho y la espalda un poco", "date": "2019-03-04 23:12:00"}, {"id_message": 60498358595, "message": "Ser\u00eda el t\u00edo m\u00e1s feliz del mundo", "date": "2019-03-04 23:12:07"}, {"id_message": 66988110178, "message": "Si quer\u00e9is algo m\u00edo", "date": "2019-03-04 23:19:11"}, {"id_message": 2588453555, "message": "Os paso el link del AliExpress", "date": "2019-03-04 23:19:16"}, {"id_message": 56605554783, "message": "Al final os he hecho caso y he comprado creatina x )", "date": "2019-03-09 10:17:37"}, {"id_message": 17595911852, "message": "Pero como se tomaba", "date": "2019-03-09 10:17:50"}, {"id_message": 75685173575, "message": "Teniendo en cuenta que sigo una dieta vegetariana ? :(", "date": "2019-03-09 10:17:59"}]