[{"id_message": 58145919603, "message": "S\u00ed , es de intern\u00e9 . \u00bf Y ?", "date": "2019-02-26 16:01:45"}, {"id_message": 46110941448, "message": "Buscar en Google . \u00bf Eso se aprende en primero de Detective ?", "date": "2019-02-26 16:03:01"}, {"id_message": 14919944950, "message": "No me he picado , hombre .", "date": "2019-02-26 16:04:23"}, {"id_message": 6625783602, "message": "Nada , soy un flacucho . Entr\u00e9 con la esperanza de leerlos y aprender un par de cosas .", "date": "2019-02-26 16:04:57"}, {"id_message": 71888494305, "message": "Quisiera mejorar mi f\u00edsico , pero no s\u00e9 por d\u00f3nde empezar . Estoy muy perdido .", "date": "2019-02-26 16:05:24"}, {"id_message": 96526266839, "message": "Costumbre . Si te molesta , no lo pongo .", "date": "2019-02-26 16:08:26"}, {"id_message": 35587939986, "message": "\u00bf Soy troll porque pongo puntos al final de las frases ?", "date": "2019-02-26 16:09:55"}, {"id_message": 20985573464, "message": "No juego ya , desde hace mucho . Ahora mismo no practico ning\u00fan deporte . Pero quiero ponerme las pilas .", "date": "2019-02-26 16:11:13"}, {"id_message": 15697447649, "message": "Central , no s\u00e9 . No ten\u00eda una posici\u00f3n fija . A veces tambi\u00e9n era portero .", "date": "2019-02-26 16:12:57"}, {"id_message": 81249928988, "message": "Gracias por el consejo .", "date": "2019-02-26 16:13:17"}, {"id_message": 75818165302, "message": "\u00bf Alguien practica calistenia ?", "date": "2019-02-26 16:15:09"}, {"id_message": 39704937716, "message": "Solo quer\u00eda conocer gente que sabe del tema y tal .", "date": "2019-02-26 16:16:04"}, {"id_message": 82071546415, "message": "Voy a dejar de usar el punto , para no cabrear a Liz \ud83d\ude02", "date": "2019-02-26 16:17:35"}, {"id_message": 36420918690, "message": "Por d\u00f3nde podr\u00eda comenzar ? En la calistenia , digo", "date": "2019-02-26 16:17:55"}, {"id_message": 17541057338, "message": "Y volteretas en plan Jackie Chan , ya que estamos", "date": "2019-02-26 16:20:24"}, {"id_message": 76731626041, "message": "Empezar\u00e9 por lo b\u00e1sico", "date": "2019-02-26 16:21:26"}, {"id_message": 9375678020, "message": "Te importa si te pregunto de vez en cuando alguna que otra cosa ?", "date": "2019-02-26 16:21:44"}, {"id_message": 56455652211, "message": "Ya empec\u00e9 con los ejercicios , con la aplicaci\u00f3n que me recomend\u00f3 Liz y de puta madre \ud83d\udc4d", "date": "2019-02-27 11:14:50"}, {"id_message": 39892183113, "message": "Gracias por los consejos y dem\u00e1s ! ;)", "date": "2019-02-27 11:36:45"}]