[{"id_message": 11434190012, "message": "Hola soy nueva en este grupo , espero encontrar muchos tips . Yo deseo bajar 9k y mi fuerza de voluntad no es tan buena . Espero que aqu\u00ed encuentre esto . Saludos \ud83c\udf38", "date": "2022-04-11 14:14:10"}, {"id_message": 14558044901, "message": "Para el mal aliento tambi\u00e9n puedes tomar agua con gas", "date": "2022-04-11 14:14:33"}, {"id_message": 41599515546, "message": "Yo quiero estar , gracias", "date": "2022-04-11 22:25:22"}, {"id_message": 53059660999, "message": "Y yo que quer\u00eda aprender de ustedes \ud83d\ude14", "date": "2022-04-13 02:18:47"}, {"id_message": 5126421550, "message": "\ud83d\udc4f\ud83c\udffb \ud83d\udc4f\ud83c\udffb \ud83d\udc4f\ud83c\udffb te felicito . Podr\u00edas darme tips . Porfis \ud83d\ude4f\ud83c\udffb \ud83d\ude4f\ud83c\udffb \ud83d\ude4f\ud83c\udffb", "date": "2022-04-14 01:10:35"}, {"id_message": 54611693870, "message": "Gracias ya te envi\u00e9 la solicitud a ig \ud83d\ude0a", "date": "2022-04-15 04:07:01"}, {"id_message": 9906655500, "message": "Hola , que pas\u00f3 con el chat nuevo ?", "date": "2022-04-15 20:16:09"}, {"id_message": 70141313616, "message": "Hola , eliminaste el grupo ? \ud83d\ude2a", "date": "2022-04-15 20:56:29"}, {"id_message": 55858442832, "message": "Ya no lo tengo en mi telegram", "date": "2022-04-15 23:28:52"}, {"id_message": 56386130895, "message": "Me sacaste ? \ud83d\ude14", "date": "2022-04-15 23:28:59"}, {"id_message": 86746129670, "message": "No me aparece el chat \ud83d\ude14", "date": "2022-04-16 03:36:37"}, {"id_message": 81508327856, "message": "Mi ig es dianap_dc para que porfis me aceptes", "date": "2022-04-16 03:38:40"}, {"id_message": 32331242657, "message": "No pongo que soy M\u00eda porqu\u00e9 mi familia toda esta all\u00ed y no saben de mi desorden alimenticio", "date": "2022-04-16 03:41:19"}, {"id_message": 74554540420, "message": "Enviada \ud83d\ude0a", "date": "2022-04-16 03:42:39"}, {"id_message": 63930441771, "message": "Voy a abrir otra cuenta", "date": "2022-04-16 04:09:45"}, {"id_message": 43789320343, "message": "Listo ya abr\u00ed la cuenta \ud83d\ude0a es miaidentidad y ya te envi\u00e9 solicitud", "date": "2022-04-16 04:33:59"}, {"id_message": 19931315778, "message": "Es verdad , cuando uno lleva vomitando mucho tiempo ya el cuerpo lo hace f\u00e1cilmente . La comida se me devuelve rapidito", "date": "2022-04-16 15:48:49"}, {"id_message": 2800008166, "message": "Pero vomitar es demasiado da\u00f1ino , yo por ejemplo sufro de gastritis , se me inflama la garganta y am\u00edgdalas , mi cara se pone con puntitos rojos . Estoy en proceso ana . Contando calor\u00edas . Comiendo menos , tomando agua con gas y caf\u00e9 cuando siento hambre", "date": "2022-04-16 15:56:55"}, {"id_message": 28483277672, "message": "Gracias por estar pendiente y avisarnos", "date": "2022-04-17 12:53:44"}, {"id_message": 18936801467, "message": "Si porfis , bajitas en calorias sin carbs", "date": "2022-04-18 15:39:33"}, {"id_message": 57908510339, "message": "Esta buena tu idea", "date": "2022-04-18 15:40:10"}, {"id_message": 41812246918, "message": "Excelentes , podr\u00edas poner opciones de comidas ? Nos ayudar\u00eda mucho", "date": "2022-04-19 00:28:34"}, {"id_message": 25919722006, "message": "Toma un poquitin de miel o s\u00e1bila", "date": "2022-04-20 14:20:22"}, {"id_message": 74202470324, "message": "Hola , a ni lo que me funcion\u00f3 cuando comenc\u00e9 fue tomar agua con gas antes durantey despu\u00e9sde comer , es mucho m\u00e1s f\u00e1cil .", "date": "2022-04-20 15:34:31"}, {"id_message": 15865393385, "message": "Igualmente no te lo recomiendo yo llevo a\u00f1os en esto y mi garganta , am\u00edgdalas y aparato gastrointestinal se han visto afectados", "date": "2022-04-20 15:35:33"}, {"id_message": 22407124040, "message": "Comprendo , no es f\u00e1cil cuando ellos est\u00e1n atentos a todo", "date": "2022-04-20 15:39:05"}, {"id_message": 68301311580, "message": "Pero toma mucha agua para qu\u00e9 as\u00ed no te lastimes", "date": "2022-04-20 15:39:25"}, {"id_message": 38303944565, "message": "Come m\u00e1s ensalada que lo dem\u00e1s , eso tiene pocas calorias", "date": "2022-04-20 15:40:04"}, {"id_message": 40012662904, "message": "Y no le dijiste nada ? Yo le hubiese dicho que se concentre en su vida no en la de los dem\u00e1s", "date": "2022-04-22 19:36:05"}, {"id_message": 89472351785, "message": "Como si uno no tuviera espejo ... que rabia", "date": "2022-04-22 19:36:27"}, {"id_message": 30484718300, "message": "Tu se una princesa al contestar pero no te dejes , es tu cuerpo y NADIE debe jusgarte", "date": "2022-04-22 23:03:31"}, {"id_message": 15380963750, "message": "Lo importante es como tu te sientas", "date": "2022-04-23 00:10:08"}, {"id_message": 8685663108, "message": "Yo ya estoy en el grupo , no puedo participar mucho all\u00ed en WhatsApp porque mi familia est\u00e1 m\u00e1s pendiente de esa aplicaci\u00f3n", "date": "2022-04-25 03:23:22"}, {"id_message": 83138137333, "message": "Chicas que hacen cuando no pueden dormir por el hambre ?", "date": "2022-05-11 04:20:57"}, {"id_message": 64235730884, "message": "Te ves bien \ud83c\udf38", "date": "2022-05-22 04:02:15"}, {"id_message": 39548285447, "message": "Estas bella de verdad", "date": "2022-05-22 04:02:51"}, {"id_message": 73004553852, "message": "Yo si ni me tomo una foto as\u00ed ajajaja estoy en proceso de bajar de peso \ud83e\udd26\ud83c\udffc\u200d\u2640 \ufe0f", "date": "2022-05-22 04:03:24"}, {"id_message": 95633217101, "message": "Ya en dos semanas he bajado 4kg", "date": "2022-05-22 04:03:41"}, {"id_message": 41619258163, "message": "No es mucho pero poco a poco lo voy a lograr . Mi tca se complica con mi hipotiroidismo", "date": "2022-05-22 04:04:12"}, {"id_message": 63428510719, "message": "Dice que no existe", "date": "2022-05-23 20:07:04"}, {"id_message": 27773554379, "message": "Hola , entonces ya no vas a volver al grupo del WhatsApp ?", "date": "2022-05-26 15:00:25"}, {"id_message": 81344285104, "message": "Yo chat contigo soy M\u00eda \ud83d\ude0a", "date": "2022-05-26 15:00:49"}]