[{"id_message": 19947622837, "message": "Y que me falta antebrazo ?", "date": "2018-05-26 13:20:49"}, {"id_message": 56053140816, "message": "Para dar validas opiniones asi yo considero necesaria foto", "date": "2018-05-26 13:21:08"}, {"id_message": 26365117380, "message": "Lo siento pero no veo minimo para decir esas cosas", "date": "2018-05-26 13:27:29"}, {"id_message": 53633844484, "message": "A vale eso bien", "date": "2018-05-26 13:29:32"}, {"id_message": 71799059596, "message": "Si quiero ya he llegao ma\u00f1ana mismo", "date": "2018-05-26 13:30:16"}, {"id_message": 96361914292, "message": "En cuanto a lo que se considera punto piscinero", "date": "2018-05-26 13:30:46"}, {"id_message": 87353815587, "message": "Tampoco es tan asi", "date": "2018-05-26 13:31:06"}, {"id_message": 12853736373, "message": "No entiendo lo de la chicha es que no estuve muy puesto en ese caso", "date": "2018-05-26 13:32:20"}, {"id_message": 47898227243, "message": "Pero bueno que gentuza hay como en todos lados", "date": "2018-05-26 13:32:33"}, {"id_message": 96507001639, "message": "Ninguno de los dos", "date": "2018-05-26 13:33:14"}, {"id_message": 60894068001, "message": "Me vas a decir a mi lo que me hace falta", "date": "2018-05-26 13:33:25"}, {"id_message": 37328616759, "message": "Objetivamente hablando lo que mas me falta es detoides y piernas", "date": "2018-05-26 13:33:49"}, {"id_message": 52036221627, "message": "Y a vivir la vida", "date": "2018-05-26 13:34:04"}, {"id_message": 16497926312, "message": "Para tener un desarrollo equilibrado", "date": "2018-05-26 13:34:16"}, {"id_message": 6091035382, "message": "Si es lo que pienso hacer", "date": "2018-05-26 13:34:33"}, {"id_message": 19328415265, "message": "Alguien de radio no ?", "date": "2018-05-26 13:36:42"}, {"id_message": 53179901786, "message": "Que me pases un doble biceps", "date": "2018-05-26 13:37:48"}, {"id_message": 71197418541, "message": "Lo de ponerlo pegado al espejo ayuda", "date": "2018-05-26 13:40:42"}, {"id_message": 40488141770, "message": "Donde quedan las poses como dios manda y las fotos directas", "date": "2018-05-26 13:41:11"}, {"id_message": 36486922464, "message": "Yo es que no tengo ninguna asi adelantando tanto el brazo", "date": "2018-05-26 13:42:57"}, {"id_message": 19429807194, "message": "Esa tiene ya un poquito de tiempo", "date": "2018-05-26 13:43:57"}, {"id_message": 84084087480, "message": "Pero estoy mas fuerte que tu", "date": "2018-05-26 13:44:31"}, {"id_message": 82030760759, "message": "Lo de los superpoderes de momento no lo llevo muy bien", "date": "2018-05-26 13:45:26"}, {"id_message": 69745611921, "message": "Ahora el que se calla soy up", "date": "2018-05-26 13:45:49"}, {"id_message": 72354595220, "message": "Eres de coco fino", "date": "2018-05-26 13:55:41"}, {"id_message": 68046460859, "message": "Pero si dices que te apretaba", "date": "2018-05-26 13:56:01"}, {"id_message": 64601384726, "message": "Si por ti fuera usarias mas peque\u00f1a", "date": "2018-05-26 13:56:25"}, {"id_message": 56966565886, "message": "Xxs es la mas peque\u00f1a que hay no ?", "date": "2018-05-26 13:56:46"}, {"id_message": 58447273937, "message": "Pues xs ya hay no", "date": "2018-05-26 13:59:09"}, {"id_message": 1811157160, "message": "Que vas a comer lu", "date": "2018-05-26 14:13:03"}, {"id_message": 27086425839, "message": "Pues nada no lo cuentes", "date": "2018-05-26 14:16:53"}, {"id_message": 27679023700, "message": "Trapecios tambien a\u00f1adiria a lo que he dicho que tengo que meter ca\u00f1a que se me ha olvidao", "date": "2018-05-26 14:23:59"}, {"id_message": 45378400805, "message": "Solo si tu quieres que valga", "date": "2018-05-26 19:05:23"}, {"id_message": 64763842403, "message": "El puto roelly winklaar del grupo", "date": "2018-05-27 00:08:13"}, {"id_message": 7875249909, "message": "Quien me da algo de antebrazo", "date": "2018-05-27 00:09:01"}, {"id_message": 3702876388, "message": "Vaya bazofia de sistema", "date": "2018-05-27 00:23:59"}, {"id_message": 43326327326, "message": "En IG se ven los videos enteros", "date": "2018-05-27 00:23:59"}, {"id_message": 13545747401, "message": "Vaya basura lo de los videos", "date": "2018-05-27 01:15:55"}, {"id_message": 60347349829, "message": "Ya ha visto a uno y ha dicho pa que", "date": "2018-05-27 01:34:55"}, {"id_message": 45069657471, "message": "Que toca prensa chaval", "date": "2018-05-30 09:13:23"}, {"id_message": 37058161138, "message": "Igual de una buena prensa", "date": "2018-06-02 10:30:43"}, {"id_message": 9074393691, "message": "No lo son siempre ?", "date": "2018-06-02 11:00:48"}, {"id_message": 92505952046, "message": "Si a un ritmo mm no muy activo", "date": "2018-06-02 11:02:06"}, {"id_message": 56161962452, "message": "Pero quien quiere GH cuando tienes insomnia gains", "date": "2018-06-04 14:06:17"}, {"id_message": 21054833326, "message": "Los platanos y las pollas se parecen", "date": "2018-06-04 14:15:58"}, {"id_message": 65499118847, "message": "Comete tu uno de cada", "date": "2018-06-04 14:16:03"}, {"id_message": 63832510687, "message": "Bueno la verdad es que se parecen", "date": "2018-06-04 14:17:41"}, {"id_message": 51658682256, "message": "No es de las cosas mas dispares que se me vengan a la cabeza", "date": "2018-06-04 14:18:02"}, {"id_message": 25284428754, "message": "Foto antes de cheatmeal foto despues", "date": "2018-06-04 14:19:45"}, {"id_message": 95889422999, "message": "Anda que no se hace eso", "date": "2018-06-04 14:52:17"}]