[{"id_message": 52039504716, "message": "La \u00fanica receta que encontr\u00e9 para adelgazar 13 kilos y eso que prob\u00e9 la dieta del agua y los ayunos de dos d\u00edas ... Les comparto mi plan", "date": "2022-02-24 17:48:40"}, {"id_message": 94837320381, "message": "Baje mucho sin matarme tanto de no comer carbohidratos ahora peso 38 kilos de los que pesaba 57 kg", "date": "2022-02-24 17:49:33"}, {"id_message": 88825476991, "message": "Lo puse en la p\u00e1gina de hormart para poder hacerlo publico", "date": "2022-02-24 17:49:58"}, {"id_message": 65018895679, "message": "Est\u00e1 siete d\u00f3lares o 24 soles en mi pais", "date": "2022-02-24 17:50:53"}, {"id_message": 89817034754, "message": "\u2764 \ufe0f \u2764 \ufe0f \u2764 \ufe0f \u2764 \ufe0f \u2764 \ufe0fel m\u00e9todo que me sirvi\u00f3 \ud83d\ude18 \ud83d\ude18 \ud83d\ude18", "date": "2022-02-24 17:52:18"}, {"id_message": 17178464956, "message": "De 56 a 38 kilos sin mucho matarme con los ayunos de 2 d\u00edas ni tanta agua", "date": "2022-02-24 17:52:56"}, {"id_message": 32097611678, "message": "Es en una semana a dos", "date": "2022-02-25 01:56:28"}, {"id_message": 25984159422, "message": "Chicas real este m\u00e9todo es real yo estaba as\u00ed vomitaba y dieta de agua llega al hospital con 28 kg mal desque que dewcobri esa dieta me pude recupera con la ayuda psicologica", "date": "2022-02-25 02:03:09"}, {"id_message": 88195658131, "message": "Ahora esta dieta es la que como", "date": "2022-02-25 02:03:16"}, {"id_message": 91754235769, "message": "Con una buena acogenqfion y ejercicios de cardio", "date": "2022-02-25 02:04:42"}, {"id_message": 89486746033, "message": "Les dejo el enlace es de hormat solo cuesta 7 dolares", "date": "2022-02-25 02:05:03"}, {"id_message": 83710079351, "message": "Y sigues desde el primer d\u00eda", "date": "2022-02-25 02:05:14"}, {"id_message": 74789392765, "message": "Aparte de la comida balanceada la tanda de ejercicios acu\u00e9rdate que sin comida en el est\u00f3mago no podr\u00e1s hacer un buen cardio", "date": "2022-02-25 02:05:47"}, {"id_message": 43838704553, "message": "La verdad amiga si tomas agua demasiado se te van a inchar las piernas o te vas a desmayar yo lo he sufrido y te lo cuento lo que podr\u00edas hacer comer y tomar agua pero hablo de comer algunas calor\u00edas necesarias", "date": "2022-02-26 00:59:25"}]