[{"id_message": 31284861724, "message": "Ana diagnosticada desde hace 2 a\u00f1os", "date": "2022-05-24 16:34:19"}, {"id_message": 5659277112, "message": "Ahora he pasado por una fase de efecto rebote y quiero volver a los 60 kilos", "date": "2022-05-24 16:34:45"}, {"id_message": 56367545925, "message": "Hoy llevo todo el d\u00eda sin comer . \u00danicamente he tomado caf\u00e9 y un t\u00e9 verde", "date": "2022-05-24 16:35:36"}, {"id_message": 73104636299, "message": "Cuantas calor\u00edas tiene un sobre de 1gr de edulcorante", "date": "2022-05-24 18:34:13"}, {"id_message": 43967043838, "message": "Es que le he echado dos sobres a un capuccino de 200ml", "date": "2022-05-24 18:36:28"}, {"id_message": 43988463630, "message": "Eso cu\u00e1nto tiene aprox ? ? ?", "date": "2022-05-24 18:37:18"}, {"id_message": 48648265807, "message": "Calculo que unas 200 cals", "date": "2022-05-24 18:38:31"}, {"id_message": 56630380044, "message": "Llevaba muy poca leche como 50ml", "date": "2022-05-24 18:39:08"}, {"id_message": 21387858429, "message": "Lo dem\u00e1s era caf\u00e9", "date": "2022-05-24 18:39:18"}, {"id_message": 9050559106, "message": "Es lo \u00fanico que he tomado en todo el d\u00eda m\u00e1s un t\u00e9 verde sin nada", "date": "2022-05-24 18:39:54"}, {"id_message": 23471303756, "message": "Ma\u00f1ana quiero estar en 68 kilos", "date": "2022-05-24 18:41:32"}, {"id_message": 12632676322, "message": "200 abdominales y correr 5 min porque no pod\u00eda m\u00e1s", "date": "2022-05-24 18:42:32"}, {"id_message": 93952613233, "message": "Me he tomado el t\u00e9 para la retenci\u00f3n de l\u00edquidos", "date": "2022-05-24 18:43:01"}, {"id_message": 38374976617, "message": "Me est\u00e1s deprimiendo m\u00e1s de lo que estoy", "date": "2022-05-24 18:44:45"}, {"id_message": 81159443362, "message": "\ud83d\ude22", "date": "2022-05-24 18:44:47"}, {"id_message": 17705047538, "message": "Ma\u00f1ana me volver\u00e9 a pesar", "date": "2022-05-24 18:46:08"}, {"id_message": 9570656498, "message": "A ver qu\u00e9 dice la b\u00e1scula", "date": "2022-05-24 18:46:14"}, {"id_message": 94043380292, "message": "Siii yo suelo pesarme por la ma\u00f1ana", "date": "2022-05-24 18:50:49"}, {"id_message": 89093165183, "message": "Se todas esas cosas", "date": "2022-05-24 18:51:04"}, {"id_message": 31379286654, "message": "Por eso hago ejercicio , para hacer d\u00e9ficit", "date": "2022-05-24 18:51:30"}, {"id_message": 70796702069, "message": "La semana pasada me dijo la nutricionista que he bajado 1 kilo de grasa \u00f3sea que estoy contento porque se que si sigo as\u00ed conseguir\u00e9 los 60 kilos", "date": "2022-05-24 18:52:40"}, {"id_message": 24675346610, "message": "1 kilo de grasa en 1 semana y media desde la \u00faltima visita", "date": "2022-05-24 18:53:12"}, {"id_message": 51420913744, "message": "Seguir\u00e9 haciendo ayunos intermitentes y tomando pocas calor\u00edas cuando coma", "date": "2022-05-24 18:54:14"}, {"id_message": 29534671659, "message": "Son los datos que me da ella", "date": "2022-05-24 18:55:23"}, {"id_message": 25825928427, "message": "No me los invento", "date": "2022-05-24 18:55:31"}, {"id_message": 21023942495, "message": "Me est\u00e1n sudando las manos solo de leerte", "date": "2022-05-24 19:03:47"}, {"id_message": 19521323563, "message": "Me agobia tu situaci\u00f3n", "date": "2022-05-24 19:03:56"}, {"id_message": 65792316696, "message": "Tienes pastillas o no tienes nada ? ? ?", "date": "2022-05-24 19:05:26"}, {"id_message": 33030029537, "message": "A mi la ansiedad me la controlan las pastillas", "date": "2022-05-24 19:05:44"}, {"id_message": 59584231109, "message": "Yo cambi\u00e9 de psiquiatra", "date": "2022-05-24 19:05:55"}, {"id_message": 78649573437, "message": "Por qu\u00e9 no me ayudaba", "date": "2022-05-24 19:06:07"}, {"id_message": 38788146883, "message": "Si eres de Extremadura te puedo recomendar la m\u00eda", "date": "2022-05-24 19:06:34"}, {"id_message": 31726194317, "message": "A mi me quisieron ingresar en ITA", "date": "2022-05-24 19:08:08"}, {"id_message": 21051659192, "message": "Yo es que todo es privado", "date": "2022-05-24 19:09:12"}, {"id_message": 11408661650, "message": "Yo tambn porque me vi desbordado", "date": "2022-05-24 19:09:47"}, {"id_message": 96481022300, "message": "Pero lo pens\u00e9 tranquilamente", "date": "2022-05-24 19:09:55"}, {"id_message": 81847711786, "message": "Jooo \ud83e\udd72 \ud83e\udd72 \ud83e\udd72", "date": "2022-05-24 19:10:07"}, {"id_message": 96776882647, "message": "Yo tengo suerte de que mucha gente me apoya y me preguntan todos los d\u00edas . Aunque no valoro bien los consejos que me dan", "date": "2022-05-24 19:10:59"}, {"id_message": 98855767928, "message": "Te has explicado bien , a m\u00ed en mi \u00faltima consulta con mi psic\u00f3loga me dijo que si segu\u00eda as\u00ed pod\u00eda derivar en lo tuyo . Quiero decir a nivel emocional puedo tener consecuencias graves como una depresi\u00f3n de por vida", "date": "2022-05-24 19:20:37"}, {"id_message": 40279470216, "message": "Porque a nivel de f\u00edsico es f\u00e1cil mejorar porque \u00fanicamente es comiendo . Pero si destrozas tu mente es muy dif\u00edcil recuperarse", "date": "2022-05-24 19:21:45"}, {"id_message": 52852668186, "message": "Yo sinceramente no sab\u00eda las consecuencias psicol\u00f3gicas", "date": "2022-05-24 19:22:51"}, {"id_message": 13576989100, "message": "Porque he tenido varios mareos y un s\u00edncope vasovagal", "date": "2022-05-24 19:23:51"}, {"id_message": 73015789050, "message": "Un s\u00edncope vasovagal que dur\u00f3 unos 10 min", "date": "2022-05-24 19:24:50"}, {"id_message": 83961631201, "message": "Que suelen durar de 3 a 5 mim", "date": "2022-05-24 19:25:19"}, {"id_message": 86915589586, "message": "Joder \ud83e\udd72 \ud83e\udd72", "date": "2022-05-24 19:27:00"}, {"id_message": 85749185046, "message": "Incluso menos tiempo . Lo que pasa que al caerme perd\u00ed el conocimiento", "date": "2022-05-24 19:28:03"}, {"id_message": 69395581864, "message": "Pues lo siento Olatz si te frustramos con las bajadas de peso que tenemos", "date": "2022-05-24 19:32:10"}, {"id_message": 67963472928, "message": "Yo es que os veo bajar de peso , y lo veo como algo que me anima a mi tambn", "date": "2022-05-24 19:32:41"}, {"id_message": 39201281529, "message": "Ser\u00eda todo l\u00edquido lo que t\u00fa dec\u00edas", "date": "2022-05-25 09:46:34"}, {"id_message": 71422918288, "message": "Pero ayer hice ejercicio", "date": "2022-05-25 09:46:46"}]