[{"id_message": 96407671234, "message": "Hola , soy nueva en \u00e9ste grupo , me pueden explicar bien , para ver si estoy en el lugar correcto , por fi ?", "date": "2022-01-30 23:19:56"}, {"id_message": 46350330247, "message": "Disculpa , sabes c\u00f3mo hacer para vomitar f\u00e1cil o esconder la comida sin que se den cuenta ? . - .", "date": "2022-01-31 02:05:15"}, {"id_message": 86751411502, "message": "Hola , yo reci\u00e9n ped\u00ed consejos pero no me dijeron nada : c", "date": "2022-01-31 07:14:39"}, {"id_message": 22102787282, "message": "Igual te puedo decir algunos que se", "date": "2022-01-31 07:14:47"}, {"id_message": 23620527382, "message": "Mira el topiramato yo lo tome , el efecto no es inmediato de hecho se tarda bastante , y no hace que bajes de peso as\u00ed c\u00f3mo as\u00ed , te quita el apetito y hace que te de asco la comida , aparte no te lo recomiendo ya que es un medicamento neurol\u00f3gico , yo lo us\u00e9 para las convulsiones", "date": "2022-01-31 07:27:01"}, {"id_message": 39679380696, "message": "Lo que yo hago es esto guardo fotos de chicas o personas muy delgadas o el estereotipo c\u00f3mo quiero estar , las veo en la ma\u00f1ana y en la noche . Consumo lo menos posible de alimento y si como de m\u00e1s vomito ( me hago vomitar con agua caliente con sal y aceite , o con un trago de aceite lo mantengo en la boca y me dan ganas de vomitar ) Luego de vomitar hago mucho ejercicio . Si como m\u00e1s de lo establecido me golpeo , una cachetada o un pu\u00f1etazo . Y si como y no vomito me corto", "date": "2022-01-31 07:31:59"}, {"id_message": 35071603446, "message": "Eso es porque con el dolor recuerdas la debilidad y eso hace que recuerde mi meta", "date": "2022-01-31 07:32:36"}, {"id_message": 65583015627, "message": "Muchas gracias , si por favor", "date": "2022-01-31 07:48:22"}, {"id_message": 68960428452, "message": "Ahh yo tambi\u00e9n quiero saber", "date": "2022-02-01 03:05:16"}, {"id_message": 80167535323, "message": "Agua caliente con sal", "date": "2022-02-01 20:49:05"}, {"id_message": 18796027363, "message": "Toma todo de un trago y muy r\u00e1pido", "date": "2022-02-01 20:49:12"}, {"id_message": 81049240649, "message": "O un trago de aceite mantenlo en la boca y te har\u00e1 vomitar", "date": "2022-02-01 20:49:30"}, {"id_message": 40801866804, "message": "Lo puedes volver a enviar por fa ? Me quiero meter", "date": "2022-02-04 03:41:51"}, {"id_message": 70324999268, "message": "Alguien tiene el link del grupo t\u00f3xico de Ana y m\u00eda ?", "date": "2022-02-07 07:49:58"}, {"id_message": 24895129075, "message": "Me lo puedes enviar por fi", "date": "2022-02-08 19:10:43"}, {"id_message": 9804569396, "message": "Ahhhh muchas gracias nena", "date": "2022-02-10 16:34:37"}, {"id_message": 77531326073, "message": "Yo quiero saber si hay un grupo t\u00f3xico de anorexia", "date": "2022-02-20 03:58:24"}]