[{"id_message": 5174130610, "message": "Buenos d\u00edas a todos los del grupo", "date": "2019-02-16 09:19:01"}, {"id_message": 44276408989, "message": "Pues no ser\u00e9 yo , yo soy de tarragona", "date": "2019-02-16 10:11:43"}, {"id_message": 5127133047, "message": "Por lo menos di las marcas fiables", "date": "2019-02-17 00:49:43"}, {"id_message": 53369626958, "message": "O las que tu tomas", "date": "2019-02-17 00:49:59"}, {"id_message": 89324343898, "message": "As\u00ed no sale nadie perjudicado", "date": "2019-02-17 00:50:07"}, {"id_message": 89804630150, "message": "Yo soy miembro desde hoy", "date": "2019-02-17 00:52:55"}, {"id_message": 49896405455, "message": "Yo tomo esta y no ve va mal", "date": "2019-02-17 00:53:36"}, {"id_message": 25883519968, "message": "Pero entiendo lo m\u00ednimo en tema proteina", "date": "2019-02-17 00:54:00"}, {"id_message": 84561092, "message": "Bueno de no tomar nada a tomar esto hay una peque\u00f1a mejora", "date": "2019-02-17 00:54:43"}, {"id_message": 79405637531, "message": "Creo que hasta con la m\u00e1s mala notar\u00eda algo", "date": "2019-02-17 00:54:58"}, {"id_message": 20164352509, "message": "Yo hablo tema apetito", "date": "2019-02-17 00:55:13"}, {"id_message": 3899695465, "message": "Que me quita el apetito", "date": "2019-02-17 00:55:24"}, {"id_message": 2702052964, "message": "Y en principio 00 grasas", "date": "2019-02-17 00:55:33"}, {"id_message": 82503885178, "message": "La primera vez que lo escucho", "date": "2019-02-17 00:56:26"}, {"id_message": 31905133994, "message": "Ya te digo que no entiendo ni papa de proteinas", "date": "2019-02-17 00:56:42"}, {"id_message": 39768488944, "message": "Pero la venden como si fuera avena ?", "date": "2019-02-17 00:57:14"}, {"id_message": 47122721196, "message": "Entiendo que es mucho m\u00e1s natural", "date": "2019-02-17 01:01:40"}, {"id_message": 95579646863, "message": "Y al igual m\u00e1s economico", "date": "2019-02-17 01:02:03"}, {"id_message": 40898381875, "message": "Otro tema , que multivitaminico es m\u00e1s potente", "date": "2019-02-17 01:03:39"}, {"id_message": 37410564281, "message": "El \u00faltimo que me tome es de la casa amix", "date": "2019-02-17 01:08:50"}, {"id_message": 77228939326, "message": "Para lo que entendeis", "date": "2019-02-17 16:25:15"}, {"id_message": 79376570847, "message": "Que os parece esto", "date": "2019-02-17 16:25:23"}, {"id_message": 59755910236, "message": "35 a\u00f1os 190 de altura y 105 kl", "date": "2019-02-17 21:52:14"}, {"id_message": 1289373641, "message": "Alguien de aqu\u00ed ha pasado por pericarditis ?", "date": "2019-02-17 21:54:01"}, {"id_message": 96417195938, "message": "Ami me dio hace un par de a\u00f1os y me acojone , pensaba que me daba un infarto", "date": "2019-02-17 21:54:23"}, {"id_message": 13791847808, "message": "Por eso antes de tomar nada pregunto opiniones", "date": "2019-02-17 21:54:40"}, {"id_message": 70770198075, "message": "Buenas a todos , me gustar\u00eda saber hoy por hoy cual es el quema grasa m\u00e1s potente y el multivitaminico m\u00e1s potente . Yo tomaba el de la casa Grenade y multivitaminico amix . Pero eso fue hace tiempo . y seguro que han sacado algo mejor . Gracias", "date": "2019-06-08 12:04:46"}, {"id_message": 92025924397, "message": "Y que pens\u00e1is del spiropent ?", "date": "2019-06-08 12:08:15"}, {"id_message": 10546304984, "message": "El animal cuts se compaginan s\u00f3los el multi y quema grasas ?", "date": "2019-06-08 12:14:09"}, {"id_message": 23044852719, "message": "Si no recuerdo mal el animal son 9 pastillas ?", "date": "2019-06-08 12:14:28"}, {"id_message": 55610196794, "message": "Necesitar\u00eda algo potente ya que soy muy grande", "date": "2019-06-08 12:15:44"}, {"id_message": 52794459880, "message": "No busco milagritos , soy jugador profesional de squash y voy sobre pasado de peso , necesitar\u00eda un multi para llegar al final del d\u00eda y un poco de lcarletina para llegar a las bolas y as\u00ed bajar de peso , se lo que necesito para mi cuerpo , conozco mi cuerpo .", "date": "2019-06-08 12:18:33"}, {"id_message": 75110669376, "message": "Veo que eres farmaceoptica y seguro que vas por lo sano , pero cuando est\u00e1s metido en un nivel de juego hay que doparse si o si . Es como el ciclismo el tenis etc ...", "date": "2019-06-08 12:20:31"}, {"id_message": 24629355092, "message": "Durisimo , y contra m\u00e1s mayor m\u00e1s duro , pero sigo dando mucha guerra y me quiero preparer para septiembre jugar liga catalana .", "date": "2019-06-08 12:24:50"}, {"id_message": 95782407907, "message": "Ya se soy catal\u00e1n , no se si hay alg\u00fan catal\u00e1n o jugador de squash .", "date": "2019-06-08 12:25:24"}, {"id_message": 61116727535, "message": "Cuidado , comprendo las dos visiones . Pero la respeto que cada uno haga lo que ellos quieran , cada uno es due\u00f1o de su cuerpo y de su tiempo .", "date": "2019-06-08 12:27:40"}, {"id_message": 93289419834, "message": "OK , agradezco tu sinceridad .", "date": "2019-06-08 12:28:35"}, {"id_message": 45970333988, "message": "Todos se dopan , cr\u00e9eme hasta los futbolistas . Todos pero hay cosas que se pueden esconder .", "date": "2019-06-08 12:29:49"}, {"id_message": 52156992747, "message": "Cuando dices pala es raqueta ?", "date": "2019-06-08 12:30:49"}, {"id_message": 56019591212, "message": "Ahora tengo tecnifibre que es el que me patrocina .", "date": "2019-06-08 12:32:22"}, {"id_message": 67578623926, "message": "Al igual cambio a dumlop ya que me han puesto encima de la mesa contrato de fiabilidad .", "date": "2019-06-08 12:33:47"}, {"id_message": 42514400178, "message": "Y el multivitaminico cual recomendais", "date": "2019-06-08 12:47:23"}, {"id_message": 74929239667, "message": "Hola compa\u00f1eros , estoy buscando una bolsa nevera para llevar los tupers y batidos , cual me recomend\u00e1is , yo he visto que en prozis tienen una chula , pero hablan muy mal del material que est\u00e1 hecha", "date": "2019-08-03 14:33:45"}]