[{"id_message": 6819134920, "message": "Y no todos respondemos igual", "date": "2019-03-09 20:49:59"}, {"id_message": 65470090368, "message": "Yo veo personas con unos gemelos impresionantes", "date": "2019-03-09 20:51:02"}, {"id_message": 4609059745, "message": "Todo en exceso malo", "date": "2019-03-09 20:51:57"}, {"id_message": 42906932010, "message": "Come la mitad de lo que comes", "date": "2019-03-11 20:06:44"}, {"id_message": 46584314832, "message": "De un solo sitio", "date": "2019-03-11 20:07:16"}, {"id_message": 48335737603, "message": "Dominadas en un parque", "date": "2019-03-11 20:07:39"}, {"id_message": 80912349535, "message": "Pierdes peso se gastas m\u00e1s de lo metes en tu comida", "date": "2019-03-11 20:08:22"}, {"id_message": 82514277608, "message": "Es decir si comes 2000 calor\u00edas y gastas 2400", "date": "2019-03-11 20:08:42"}, {"id_message": 17092739627, "message": "Si solo quieres perder peso", "date": "2019-03-11 20:09:31"}, {"id_message": 53803338545, "message": "? ? ? Repito come la mitad", "date": "2019-03-11 20:10:05"}, {"id_message": 45012001013, "message": "No se puede crecer muscularmente", "date": "2019-03-11 20:10:37"}, {"id_message": 15071901334, "message": "Y trata de comer bien", "date": "2019-03-11 20:10:59"}, {"id_message": 19986403639, "message": "Pues ya sabes por d\u00f3nde empezar", "date": "2019-03-11 20:12:20"}, {"id_message": 51297274923, "message": "Yo de patatas fritas", "date": "2019-03-11 20:14:19"}, {"id_message": 39058741391, "message": "Pod\u00eda comerme una en 10 minutos", "date": "2019-03-11 20:14:32"}, {"id_message": 17545312671, "message": "Una pregunta y perdonad mi ignorancia", "date": "2019-03-21 15:29:46"}, {"id_message": 3111085249, "message": "C\u00f3mo alguien puede saber que ha ganado 300 gramos de masa y 500 de grasa ?", "date": "2019-03-21 15:30:09"}, {"id_message": 9844357585, "message": "C\u00f3mo sabemos cu\u00e1les son nuestras ganancias", "date": "2019-03-21 15:30:22"}, {"id_message": 14255263291, "message": "Se elimina r\u00e1pido con la orina", "date": "2019-03-27 22:36:37"}, {"id_message": 42497391635, "message": "Y funciona muy bien", "date": "2019-03-27 22:36:43"}, {"id_message": 22348582709, "message": "Con 2 gramos suficiente un vaso de agua grande", "date": "2019-03-27 22:37:00"}, {"id_message": 23958869290, "message": "Funciona bien y es suave se suele tomar como ansiol\u00edtico suave", "date": "2019-03-27 22:39:55"}, {"id_message": 58261321607, "message": "Perd\u00f3n por los jajaja", "date": "2019-04-26 12:29:27"}, {"id_message": 43585699024, "message": "Pero hacer repeticiones sin m\u00e1s", "date": "2019-04-26 12:29:35"}, {"id_message": 63362810008, "message": "Yo te dir\u00eda planifica tu entrenamiento", "date": "2019-04-26 12:30:04"}, {"id_message": 63320746594, "message": "Depende de los objetivos", "date": "2019-04-26 12:30:49"}, {"id_message": 48536917351, "message": "La recuperaci\u00f3n ser\u00e1 mayor", "date": "2019-04-26 12:30:57"}, {"id_message": 33319570937, "message": "Hay ejercicios muy buenos", "date": "2019-04-26 12:31:41"}, {"id_message": 51117448784, "message": "Pero es que todo depende de los objetivos", "date": "2019-04-26 12:31:50"}, {"id_message": 70266328696, "message": "El futbolista por ejemplo remata de cabeza entrena con la cabeza", "date": "2019-04-26 12:32:13"}, {"id_message": 83705953354, "message": "Son ej\u00e9rcitos muy malos", "date": "2019-04-26 12:32:22"}, {"id_message": 31568736979, "message": "Ejercicios para el cuello el cerebro etc", "date": "2019-04-26 12:32:37"}, {"id_message": 69849448676, "message": "Es un ejemplo simple", "date": "2019-04-26 12:32:45"}, {"id_message": 49576732403, "message": "Muy bueno para las rodillas no debe ser", "date": "2019-04-26 12:33:01"}, {"id_message": 84106908136, "message": "Cabeza objetivos y menos riesgo de lesi\u00f3n", "date": "2019-04-26 12:33:13"}, {"id_message": 90421361768, "message": "Acordaros de los famosos crunch ...", "date": "2019-04-26 12:33:27"}, {"id_message": 19100591071, "message": "Totalmente de acuerdo yo llevo m\u00e1s de 25 a\u00f1os entrenando y otros a nivel profesional , cada uno es un mundo y cada gen\u00e9tica otro . Hay que saber aceptarse y mejorar sin comparar , sino sabiendo tus limitaciones y tus fortalezas .", "date": "2019-04-26 13:03:07"}, {"id_message": 70146851683, "message": "Y todo mi c\u00edrculo ni uno tiene tatuajes", "date": "2019-04-29 23:53:21"}, {"id_message": 45466678625, "message": "Y en el.gim muchos", "date": "2019-04-29 23:53:42"}, {"id_message": 5250397460, "message": "Pero muchos otros nada", "date": "2019-04-29 23:53:48"}, {"id_message": 50102366265, "message": "Yo recomiendo empezar , crear adherencia al entrenador", "date": "2019-04-29 23:54:25"}, {"id_message": 67012320845, "message": "Que % de grasa tienes ?", "date": "2019-04-29 23:55:22"}, {"id_message": 42333769897, "message": "Pues para ganar masa muscular lo ideal es bajar el.porcentaje de farsa y luego crecer", "date": "2019-04-29 23:56:51"}, {"id_message": 12775391294, "message": "Pero es un proceso muy lento", "date": "2019-04-29 23:56:59"}, {"id_message": 89938905249, "message": "Alguien me puedo recomendar que prote\u00edna comprar de myprotein ?", "date": "2019-05-08 11:33:14"}, {"id_message": 71510294032, "message": "Que pens\u00e1is ? Es cierto ? Reduce el stress el ? cortisol", "date": "2019-05-22 13:13:04"}, {"id_message": 68227831320, "message": "Le\u00ed algo de ti ayer", "date": "2019-05-27 15:16:30"}, {"id_message": 21858935642, "message": "C\u00f3mo dijiste pica c\u00f3digo ?", "date": "2019-05-27 15:16:51"}, {"id_message": 26665666399, "message": "Si quieres ayuda come menos haz m\u00e1s ejercicio", "date": "2019-06-09 21:18:02"}, {"id_message": 60943206754, "message": "Opini\u00f3n : hazte una eco y listo saldr\u00e1s de dudas , si te molesta no entrenes . Haz otras cosas cardio", "date": "2019-06-25 14:18:06"}]