[{"id_message": 28597168816, "message": "Woww , muy bien lo que decis", "date": "2020-04-15 08:46:47"}, {"id_message": 7830914471, "message": "Gracias por la info", "date": "2020-04-15 08:48:16"}, {"id_message": 7904325010, "message": "Ayy yo soy m\u00e1s chiquita :( mido 1,51", "date": "2020-04-15 08:50:06"}, {"id_message": 75018631142, "message": "Yo una vez le\u00ed que para bajar hay que consumir 500 calor\u00edas , se lo dije a una amiga y me dijo que estaba mal que andar\u00eda sin nada en el est\u00f3mago .", "date": "2020-04-15 08:52:32"}, {"id_message": 86120559789, "message": "Yo si com\u00ed : c pero hoy no me paso de las 225 calor\u00edas , esta bien ?", "date": "2020-04-15 21:00:45"}, {"id_message": 41603667744, "message": "Gracias , me da m\u00e1s \u00e1nimos , crei que estaba mal", "date": "2020-04-15 21:03:03"}, {"id_message": 32955473719, "message": "Igual ayer com\u00ed 452 calor\u00edas", "date": "2020-04-15 21:04:12"}, {"id_message": 48900981666, "message": "Podes hacerte panqueques de avena", "date": "2020-04-15 21:04:58"}, {"id_message": 13398170627, "message": "No les pasa que aveces tienen las manos como secas ? O p\u00e1lidas ?", "date": "2020-04-15 22:32:13"}, {"id_message": 16408025067, "message": "Ahhh bueno , no pasa nada jsjs", "date": "2020-04-15 22:40:56"}, {"id_message": 80102756966, "message": "A la hora de la merienda , mi mam\u00e1 saco galletas dulces y no me pude contener :(", "date": "2020-04-16 01:52:40"}, {"id_message": 40814095658, "message": "Como es el ayuno intermitente", "date": "2020-04-16 21:06:12"}, {"id_message": 46418943021, "message": "Yo ya lo hice jsjs", "date": "2020-04-16 21:08:48"}, {"id_message": 70307892149, "message": "Esta bien , entiendo a lo que me meto y es algo que lo decid\u00ed pensando bien", "date": "2020-04-16 22:22:08"}, {"id_message": 33200518171, "message": "Yo quiero un cambio , ya me canse de que siempre mi amiga que sube fotos de ella mostrando su abdomen plano , yo al ver me sienta mal .", "date": "2020-04-16 22:26:31"}, {"id_message": 84596446542, "message": "Es feo ser la rellenita del grupo", "date": "2020-04-16 22:26:44"}, {"id_message": 43000254398, "message": "Si , te entiendo , tengo una amiga que todos los d\u00edas sube foto de ella mostrando su abdomen plano . Yo tambi\u00e9n lo har\u00eda si lo tuviera :(", "date": "2020-04-16 22:40:40"}, {"id_message": 80140321333, "message": "Me llam\u00f3 Florencia pero pueden decirme flor Soy Ana . Mi peso es de 53 kilos . ( No se si sub\u00ed de peso xk hace un mes no me peso ) El peso que quiero es de 40 . Tengo 16 a\u00f1os .", "date": "2020-04-16 22:43:42"}, {"id_message": 47723345675, "message": "Algo dif\u00edcil pero intentando", "date": "2020-04-16 22:49:28"}, {"id_message": 22550152615, "message": "Ayy si , es como que con la cuarentena da la ansiedad de atacar , cuando hacia cosas no me daba nada de eso", "date": "2020-04-16 22:51:57"}, {"id_message": 54764618902, "message": "Que bien , yo ni puedo hacer deporte no hay espacio en mi casa : \" c", "date": "2020-04-16 23:06:58"}, {"id_message": 45039557969, "message": "No : c hace un mes deje de hacer ejercicio , antes iba al gym pero como esta todo no se puede ahah", "date": "2020-04-16 23:10:16"}, {"id_message": 30349691587, "message": "Por lo menos tu si haces , muy bien", "date": "2020-04-16 23:16:12"}]