[{"id_message": 63873601457, "message": "Como se es flaca ? La gente que vemos flaca . Es asi por naturaleza ? Yo creo que no ... es todo verso eso . Ayyy como de todo y no engordo . No les creo nada . Se matan de hambre o dieta . Ustedes que opinan ?", "date": "2022-04-14 18:51:06"}, {"id_message": 9926294201, "message": "A mi todo esto me agobia . Hay dias que no quiero mas vivir con esta obsesi\u00f3n . Pero se que engordaria y seria peor .", "date": "2022-04-14 18:53:51"}, {"id_message": 95220203606, "message": "Me pasa ... me siento un poco sola a veces con esto .", "date": "2022-04-14 18:58:15"}, {"id_message": 80001419357, "message": "Lavarse los dientes . Comer chicle", "date": "2022-04-15 20:31:26"}, {"id_message": 89676263842, "message": "Meditar . Respirar . Leer algo que te guste lejos de las fuentes de comida .", "date": "2022-04-15 20:31:59"}, {"id_message": 8151303553, "message": "Holaaa en mi pais es pascua . Todos comiendo huevos de pascua de chocolate . Tengo en mi casa que nos regalaron . Como hago para no comerlos . ? ? ?", "date": "2022-04-18 23:46:39"}, {"id_message": 99029515796, "message": "Hay que controlar la mente", "date": "2022-04-18 23:54:43"}, {"id_message": 33575755259, "message": "Pq el chocolate es muy adictivo", "date": "2022-04-19 00:31:08"}, {"id_message": 3217279482, "message": "Me compr\u00e9 te verde en hebras . Se lo pongo al mate . Dicen q regula el metabolismo", "date": "2022-04-19 00:31:37"}, {"id_message": 96890395422, "message": "Es el t\u00e9 como infusion . Pero en vez de venir en saquito . Viene en hebras . Osea lo de adentro del saquito en un paquete .", "date": "2022-04-19 00:34:31"}, {"id_message": 28250219395, "message": "Hola . Alguna de Argentina . Que app usa para contar las cal de los alimentos ?", "date": "2022-04-20 13:36:29"}]