[{"id_message": 72370910110, "message": "Hola , buenas tardes , soy nuevo en este mundillo.soy bienvenido ?", "date": "2018-10-18 19:02:41"}, {"id_message": 64127163633, "message": "Hace un mes y medio que me apunt\u00e9 al gym , despu\u00e9s de 22 a\u00f1os sin hacer nada \ud83d\ude02", "date": "2018-10-18 19:11:42"}, {"id_message": 52723896703, "message": "Me sali\u00f3 este grupo en el telegram . y seguro que aprendo algo", "date": "2018-10-18 19:12:25"}, {"id_message": 53242271436, "message": "Si , y sin hacer nada desde entonces.demasiado bien estoy", "date": "2018-10-18 19:20:08"}, {"id_message": 60538023622, "message": "De momento estoy 5 d\u00edas a la semnas , intento hago cardio.minimo 20min en la bici . y luego una tabla", "date": "2018-10-18 19:25:08"}, {"id_message": 41023719603, "message": "Ya e conseguido bajarme de la bici sin que me duela el culojiji", "date": "2018-10-18 19:25:36"}, {"id_message": 23356704254, "message": "Y u culotte . Tambi\u00e9n . y nada me bajaba roto jeje", "date": "2018-10-18 22:36:05"}, {"id_message": 30424983859, "message": "Eso es.trngo condromalacia grado 2 y voy con cuidado", "date": "2018-10-18 22:59:02"}, {"id_message": 7209419157, "message": "De momento bici y pesas , a ver si cojo la costumbre de ir al gym", "date": "2018-10-18 22:59:22"}, {"id_message": 33188865650, "message": "Solo en la derecha", "date": "2018-10-18 23:16:22"}, {"id_message": 91620160761, "message": "No s\u00e9 lo que es.al principio tomaba un producto de Mercadona que tiene magnesio y 2 cosas maspensnado que se pasar\u00eda el dolor.luego masajistas y al final donde Mikel snachez ( con su equipo ) y con el director del servicio de ( plasma ) de la cl\u00ednica Quir\u00f3n y me dijeron lo mismo , que si quiero gastar mil euros sin garant\u00edas de nada", "date": "2018-10-18 23:19:09"}, {"id_message": 91258642220, "message": "As\u00ed que estoy en modo gym on a ver si gano calidad de vida", "date": "2018-10-18 23:19:24"}, {"id_message": 23563507740, "message": "Si , tengo que bajar peso.ahora mido 1.78 y peso 88kg", "date": "2018-10-18 23:23:49"}, {"id_message": 17159110995, "message": "Pesaba 92.bueno ahora ame toca ir dise\u00f1ando una forma de comer diferente", "date": "2018-10-18 23:24:28"}, {"id_message": 807942259, "message": "No como mal , como mucho \ud83d\ude02", "date": "2018-10-18 23:24:37"}, {"id_message": 78936474015, "message": "Ah , tambi\u00e9n me dieron condrosan o condrosuf y nada.como quien oye llover .", "date": "2018-10-18 23:25:15"}, {"id_message": 93049449761, "message": "El tema de operarme me dijeron que me olvid\u00e9 , que soy demasiado joven", "date": "2018-10-18 23:25:35"}, {"id_message": 37649170144, "message": "Menuda faena lo tuyo tambien", "date": "2018-10-18 23:27:02"}, {"id_message": 82920766271, "message": "Yo si no subo escaleras ni me agach\u00f3 estoy decente", "date": "2018-10-18 23:27:16"}, {"id_message": 48150958330, "message": "Pero el dedo gordo ...", "date": "2018-10-18 23:27:25"}, {"id_message": 56491414670, "message": "Si , si estoy sentado se encaja la rodilla y cruje", "date": "2018-10-18 23:27:55"}, {"id_message": 20313190773, "message": "Con alg\u00fan tipo de calzado notas mejoro ?", "date": "2018-10-18 23:28:39"}, {"id_message": 10174056138, "message": "Yo nada , estuve unos meses en el gym a los 16 , y ya esta", "date": "2018-10-18 23:33:00"}, {"id_message": 28374372733, "message": "Siempre e tenido curros intensos", "date": "2018-10-18 23:33:08"}, {"id_message": 57570795051, "message": "Esa es la intencion", "date": "2018-10-18 23:34:47"}, {"id_message": 68862260244, "message": "2 semnas m\u00e1s a 5 d\u00edas . pero luego 3 . Ala semanan", "date": "2018-10-18 23:35:01"}, {"id_message": 13785410631, "message": "Ya empiezo a notar cansancio", "date": "2018-10-18 23:35:07"}, {"id_message": 90459395184, "message": "Si , 2 de los 3 d\u00edas son todo bici", "date": "2018-10-18 23:36:42"}, {"id_message": 3031091088, "message": "Pero tambi\u00e9n hago abdominales , lumbares y alguna cosita m\u00e1s que me apetece", "date": "2018-10-18 23:37:03"}, {"id_message": 47184533584, "message": "Esta y no esta", "date": "2018-10-18 23:37:23"}, {"id_message": 16220319395, "message": "Si , veo muchos v\u00eddeos y leo mucho.antes de hacer las cosas.para coger buenas posturas", "date": "2018-10-18 23:37:51"}, {"id_message": 74163963527, "message": "Y lo que no , lo pregunto a alg\u00fan paisano", "date": "2018-10-18 23:38:06"}, {"id_message": 42350385254, "message": "Si , la que mejor me viene , el remo , el\u00edptica , olvadadas", "date": "2018-10-18 23:38:56"}, {"id_message": 91481635840, "message": "Lo justo jejeje . a ver si hago caja y mejoro en resistencia .", "date": "2018-10-18 23:40:09"}, {"id_message": 49347041480, "message": "Con eso , y fortalecer bien la piernas ... y bajar peso claro", "date": "2018-10-18 23:40:29"}, {"id_message": 32897121802, "message": "La verdad que en 6 semanas haya cambios importantes ya ,", "date": "2018-10-18 23:40:58"}, {"id_message": 34760024467, "message": "Al principio era imposible hacer ciertas m\u00e1quinas . de parte inferior . y ahora ya levant\u00f3 peso", "date": "2018-10-18 23:41:51"}, {"id_message": 92722335121, "message": "Hola , que os parecen las rutinas de gym fitness ?", "date": "2018-10-21 00:31:38"}, {"id_message": 96134505461, "message": "Es una app de android", "date": "2018-10-21 00:32:31"}, {"id_message": 49146408268, "message": "Pero si solo tienes 44 no ?", "date": "2018-10-21 00:34:26"}, {"id_message": 29896324394, "message": "Hicieron bien.hay que estar al d\u00eda de las nuevas tecnologias", "date": "2018-10-21 00:36:37"}, {"id_message": 31906991870, "message": "Eso es moderno eh", "date": "2018-10-21 00:37:49"}, {"id_message": 87188748275, "message": "Ahora es muy f\u00e1cil grabar m\u00fasica antes era m\u00e1s compicado", "date": "2018-10-21 00:40:12"}, {"id_message": 18507871026, "message": "Eso es importante si.donde yo voy hay d\u00edas que ponen m\u00fasica de la de cortarte las venas", "date": "2018-10-21 00:41:00"}, {"id_message": 11952835186, "message": "Menos mal que me regalaron unos cascos par aoir mi musica", "date": "2018-10-21 00:41:18"}, {"id_message": 20812457046, "message": "Se ve que la monitora de cierto relevo est\u00e1 depre ..", "date": "2018-10-21 00:41:32"}, {"id_message": 29649533602, "message": "Por qu\u00e9 si no no me lo explico", "date": "2018-10-21 00:41:40"}, {"id_message": 55678973321, "message": "Ufff , yo necesito a alguien para ajoderle y que me joda un poco", "date": "2018-10-21 00:43:55"}, {"id_message": 9438512482, "message": "Bueno , voy a ver si duermo un rato . que ayer no fui al gym pero hoy estuve todo el d\u00eda preparando la furgo y estoy cansadete", "date": "2018-10-21 00:45:54"}, {"id_message": 83356268927, "message": "\u270c \ufe0f \u270c \ufe0f \u270c \ufe0f", "date": "2018-11-07 19:19:48"}]