[{"id_message": 26778207219, "message": "Buenos triceps hacen as\u00ed jajaajajajajaja", "date": "2019-05-22 11:10:47"}, {"id_message": 88283921256, "message": "Lo utilizas para que exactamente ?", "date": "2019-05-22 11:11:32"}, {"id_message": 39478630510, "message": "Mmmmm tarta de queso fit ... Yo estoy ahora en dieta bajas en grasas y eso bff imposible jajaja", "date": "2019-05-22 11:27:25"}, {"id_message": 72057417448, "message": "Expulsarlo es lo m\u00ednimo q le har\u00eda yo", "date": "2019-05-28 12:42:25"}, {"id_message": 17739570236, "message": "Medio zombie pero aqu\u00ed estoy", "date": "2019-05-28 12:42:48"}, {"id_message": 16744805372, "message": "Porque en el fondo te gusta que ten por culo \ud83d\ude02", "date": "2019-05-28 12:45:40"}, {"id_message": 50789078094, "message": "Jajaja perd\u00f3n ha sonao un poco mal", "date": "2019-05-28 12:45:56"}, {"id_message": 86120409677, "message": "Cada vez que habla lo leo dos veces", "date": "2019-06-05 20:27:05"}, {"id_message": 31780196442, "message": "\ud83d\ude4a \ud83d\ude4a", "date": "2019-06-05 21:13:25"}, {"id_message": 86910386213, "message": "Si no soy lo suficientemente hater pa q me hablas", "date": "2019-06-05 21:14:24"}, {"id_message": 89914177713, "message": "A Leticia no le gusta esta foto \ud83d\ude02", "date": "2019-06-06 09:09:43"}, {"id_message": 95599549424, "message": "Bon d\u00eda baby's \u2600 \ufe0f \u2600 \ufe0f \u2600 \ufe0f \u2600 \ufe0f", "date": "2019-06-06 09:09:53"}, {"id_message": 19631447229, "message": "La de la otra noche era m\u00e1s anima \ud83e\udd23 m\u00e1s bailable", "date": "2019-06-09 00:09:01"}, {"id_message": 51080879238, "message": "Esta es bailar pegados es bailar", "date": "2019-06-09 00:09:15"}, {"id_message": 34583959208, "message": "Pero porque estoy metida yo aqu\u00ed en medio \ud83d\ude05 \ud83d\ude48", "date": "2019-06-11 16:12:32"}, {"id_message": 60895583307, "message": "Q alguien me lo explique \ud83e\udd23 \ud83e\udd23 \ud83e\udd23", "date": "2019-06-11 16:12:39"}, {"id_message": 66850756942, "message": "Pero explicarme no me dej\u00e9is con la duda", "date": "2019-06-11 16:14:18"}, {"id_message": 87745272465, "message": "Me met\u00e9is en unos embolaos sin yo estar aqu\u00ed", "date": "2019-06-11 16:15:10"}, {"id_message": 94341581093, "message": "No me acuerdo de haberme juntado con nadie \ud83d\ude48", "date": "2019-06-11 16:16:54"}, {"id_message": 82029233532, "message": "Adem\u00e1s a ti te pega m\u00e1s", "date": "2019-06-11 16:17:01"}, {"id_message": 61746338136, "message": "Que es el complejo Pok\u00e9mon ?", "date": "2019-06-11 16:18:19"}, {"id_message": 23667854217, "message": "Eres nuestro Pok\u00e9mon preferido", "date": "2019-06-11 16:19:17"}, {"id_message": 36815530036, "message": "Solo te puedo decir eso \ud83e\udd37\ud83c\udffb\u200d\u2640", "date": "2019-06-11 16:19:25"}, {"id_message": 11164135067, "message": "Con esos ojazos y ese cuerpo quien puede decir q no \ud83d\ude0d \ud83d\ude0d \ud83d\ude0d", "date": "2019-06-11 16:20:11"}, {"id_message": 74487549819, "message": "Te cambio el culo y soy feliz", "date": "2019-06-11 16:23:08"}, {"id_message": 4061858639, "message": "Voy a ver si como algo amores", "date": "2019-06-11 16:27:42"}, {"id_message": 94304741911, "message": "Si hay algo de salseo llamarme", "date": "2019-06-11 16:27:50"}, {"id_message": 88177638258, "message": "Porq es la de juanmanue \ud83e\udd23", "date": "2019-06-19 13:15:13"}, {"id_message": 71411601754, "message": "Tenemos un buen ejemplo", "date": "2019-06-25 18:05:35"}, {"id_message": 92902548274, "message": "Dios mio quiero probar eso", "date": "2019-07-10 18:01:29"}, {"id_message": 40470791378, "message": "Te dan comisi\u00f3n no ? \ud83d\ude02", "date": "2019-07-10 18:02:37"}, {"id_message": 63374614155, "message": "Cuando dec\u00eds mete volumen que significa que haga super\u00e1vit de calor\u00edas y que coja peso y ese peso con el entreno se convierta en musculo ?", "date": "2019-07-10 19:39:41"}, {"id_message": 5464170356, "message": "Buenos d\u00edas \u2600 \ufe0f \u2600 \ufe0f \u2764 \ufe0f", "date": "2019-07-11 09:14:47"}, {"id_message": 796221244, "message": "A que rutina vuelves ?", "date": "2019-07-11 09:20:00"}, {"id_message": 52543037496, "message": "Pero tampoco creo que diario 7 d\u00edas a la semana sea necesario", "date": "2019-07-11 09:23:10"}, {"id_message": 41296797186, "message": "Jajaja bueno creas el h\u00e1bito que es lo importante \ud83d\udcaa", "date": "2019-07-11 09:29:37"}, {"id_message": 46121693527, "message": "Yo ahora tampoco puedo ir no puedo coger peso en 3 semanas as\u00ed que ...", "date": "2019-07-11 09:30:01"}, {"id_message": 99450053302, "message": "Intento hacer un poco de cardio suave cada d\u00eda \ud83d\ude2d", "date": "2019-07-11 09:30:16"}, {"id_message": 41128872142, "message": "Me dijeron q era recomendable q no \ud83e\udd37\ud83c\udffb\u200d\u2640 hasta q no suturara y cerraran las heridas del ojo", "date": "2019-07-11 09:38:59"}, {"id_message": 30778001978, "message": "Aunq sentadillas y zancadas y algunas cosas suaves hago \ud83d\ude05", "date": "2019-07-11 09:39:18"}, {"id_message": 89305304347, "message": "Gracias \u2764 \ufe0f", "date": "2019-07-11 09:44:40"}, {"id_message": 77653852739, "message": "Y tu a darlo todo ! ! !", "date": "2019-07-11 09:44:44"}, {"id_message": 88138991258, "message": "Buenos d\u00edas \u2600 \ufe0f \ud83e\udd70", "date": "2019-07-15 09:16:31"}, {"id_message": 70402833929, "message": "Que precioso \ud83e\udd70", "date": "2019-07-16 23:34:58"}, {"id_message": 12696856255, "message": "Yo hago el bautismo el mes que viene AMO BUCEAR \ud83d\ude0d pero no lo echo hasta ahora porq me daba un poco de telele", "date": "2019-07-16 23:36:39"}, {"id_message": 90588661668, "message": "Genial gracias \ud83d\ude0d", "date": "2019-07-16 23:43:43"}, {"id_message": 63403433987, "message": "Estoy deseando hacerlo pero la cosa de respirar por el ox\u00edgeno y tal es lo q me paraba los pies", "date": "2019-07-16 23:44:57"}, {"id_message": 83130424788, "message": "Ai que ganas \ud83e\udd29 gracias por los consejitos ya te contar\u00e9 \ud83d\ude4a", "date": "2019-07-17 00:03:33"}, {"id_message": 65101442615, "message": "Oye que a lo mejor estaba bueno y has descubierto un caf\u00e9 innovador \ud83e\udd23 \ud83e\udd23 \ud83e\udd23", "date": "2019-07-17 09:08:01"}, {"id_message": 79851085669, "message": "Ainara se cuida mucho no hay m\u00e1s q ver sus historias de comida \ud83e\udd24 \ud83e\udd24 \ud83e\udd24", "date": "2019-07-22 13:40:32"}]